2026-04-15 09:53:38,031 - SessionLogger - INFO - [sim_Baseline_P1_M-ELE-001_6a9a61] Starting session
2026-04-15 09:53:38,031 - SessionLogger - INFO - Initialized Session sim_Baseline_P1_M-ELE-001_6a9a61 on Unknown for Unknown with version FSM+Guardrail
2026-04-15 09:53:41,600 - SessionLogger - INFO - [sim_Baseline_P1_M-ELE-001_6a9a61] Student Opening: 老师，我觉得串联电路里，第一个灯泡肯定比第二个亮，因为电流流过第一个灯泡的时候已经被“用掉”了一部分，剩下的电流不够第二个灯泡用了。
2026-04-15 09:53:41,601 - SessionLogger - INFO - [sim_FSM_P1_M-ELE-001_ac38ac] Starting session
2026-04-15 09:53:41,601 - SessionLogger - INFO - Initialized Session sim_FSM_P1_M-ELE-001_ac38ac on Unknown for Unknown with version FSM+Guardrail
2026-04-15 09:53:43,440 - SessionLogger - INFO - [sim_FSM_P1_M-ELE-001_ac38ac] Student Opening: 老师，我觉得串联电路里，电流流过第一个灯泡肯定被消耗掉一部分，所以第二个灯泡分到的电流肯定比第一个少，它才会暗一点嘛。
2026-04-15 09:53:43,441 - SessionLogger - INFO - [sim_FSM+Guardrail_P1_M-ELE-001_0ead61] Starting session
2026-04-15 09:53:43,441 - SessionLogger - INFO - Initialized Session sim_FSM+Guardrail_P1_M-ELE-001_0ead61 on Unknown for Unknown with version FSM+Guardrail
2026-04-15 09:53:44,795 - SessionLogger - INFO - [sim_FSM+Guardrail_P1_M-ELE-001_0ead61] Student Opening: 老师，串联电路里第二个灯泡肯定比第一个暗吧，因为电流流过第一个灯泡的时候已经被消耗掉一部分了呀。
2026-04-15 09:53:44,796 - SessionLogger - INFO - [sim_Baseline_P2_M-ELE-001_f3474e] Starting session
2026-04-15 09:53:44,796 - SessionLogger - INFO - Initialized Session sim_Baseline_P2_M-ELE-001_f3474e on Unknown for Unknown with version FSM+Guardrail
2026-04-15 09:53:46,185 - SessionLogger - INFO - [sim_Baseline_P2_M-ELE-001_f3474e] Student Opening: 老师，我觉得串联电路里，电流流过第一个灯泡后肯定变小了，毕竟灯泡发光是要“吃”掉一部分电流的吧？
2026-04-15 09:53:46,186 - SessionLogger - INFO - [sim_FSM_P2_M-ELE-001_0e3157] Starting session
2026-04-15 09:53:46,186 - SessionLogger - INFO - Initialized Session sim_FSM_P2_M-ELE-001_0e3157 on Unknown for Unknown with version FSM+Guardrail
2026-04-15 09:53:48,479 - SessionLogger - INFO - [sim_FSM_P2_M-ELE-001_0e3157] Student Opening: 老师，串联电路里第二个灯泡是不是比第一个暗呀？因为电流流过第一个灯泡时被“用掉”了一部分，剩下的流到第二个灯泡的电流就变少了嘛。
2026-04-15 09:53:48,480 - SessionLogger - INFO - [sim_FSM+Guardrail_P2_M-ELE-001_3138bf] Starting session
2026-04-15 09:53:48,480 - SessionLogger - INFO - Initialized Session sim_FSM+Guardrail_P2_M-ELE-001_3138bf on Unknown for Unknown with version FSM+Guardrail
2026-04-15 09:53:50,555 - SessionLogger - INFO - [sim_FSM+Guardrail_P2_M-ELE-001_3138bf] Student Opening: 老师，我觉得串联电路里，电流流过第一个灯泡被消耗掉一部分后，流到第二个灯泡的电流肯定就变小了，所以第二个灯泡应该更暗才对吧？
2026-04-15 09:53:59,053 - SessionLogger - INFO - [sim_Baseline_P1_M-ELE-001_6a9a61] Teacher: 想象一下水管里的水流，如果第一处用水龙头放掉了一些水，后面的水流速度会突然变慢吗？电荷如果在灯泡里被“用掉”消失了，它们去哪儿了呢？
2026-04-15 09:54:02,546 - SessionLogger - INFO - [sim_Baseline_P1_M-ELE-001_6a9a61] Student: 水不一样，电是被灯泡“烧”掉了变成光和热，所以电流肯定变小了。你别老拿水管瞎比喻，反正我觉得前面的灯泡把电用完了，后面的自然就暗。
2026-04-15 09:54:03,429 - SessionLogger - INFO - [sim_FSM_P1_M-ELE-001_ac38ac] Teacher: 这听起来很符合直觉，但我们可以做个思想实验：如果电流真的被第一个灯泡“吃掉”了一部分，那当我们把两个完全一模一样的灯泡串联时，你觉得它们的亮度会是一样亮，还是前面的那个明显比后面的更亮？
2026-04-15 09:54:03,669 - SessionLogger - INFO - [sim_Baseline_P2_M-ELE-001_f3474e] Teacher: 灯泡发光确实需要能量，但你觉得是“电流”本身被吃掉了，还是电流携带的“能量”被转化了呢？

想象一下封闭的水管，水流过水轮机推动它转动后，流出来的水量会变少吗？
2026-04-15 09:54:04,457 - SessionLogger - INFO - [sim_FSM_P1_M-ELE-001_ac38ac] Student: 那肯定是前面的更亮啊，因为电流先经过它，被它“用”掉了一些，剩下的才流到后面那个灯泡去。
2026-04-15 09:54:07,674 - SessionLogger - INFO - [sim_FSM+Guardrail_P2_M-ELE-001_3138bf] Teacher: “按你的想法，前面的灯泡‘吃’掉了部分电流，那串联的两个相同灯泡，第一个应该明显比第二个亮才对。可你在实验中看到的真实情况是这样的吗？”


按你的想法，前面的灯泡“吃”掉了部分电流，那串联的两个相同灯泡，第一个应该明显比第二个亮才对。可你在实验中看到的真实情况是这样的吗？
2026-04-15 09:54:07,973 - SessionLogger - INFO - [sim_Baseline_P2_M-ELE-001_f3474e] Student: 水量应该是一样的吧……但我还是觉得电不一样，灯泡亮起来不就是把电“用”没了吗？
2026-04-15 09:54:07,995 - SessionLogger - INFO - [sim_Baseline_P1_M-ELE-001_6a9a61] Teacher: 能量确实变成了光和热，但推动电荷流动的“电流”本身并没有消失。

如果第一个灯泡真的“吃掉”了一部分电荷，那流回去的电荷比流出来的少，电路里岂不是会不断堆积或短缺电荷？
2026-04-15 09:54:08,702 - SessionLogger - INFO - [sim_FSM_P2_M-ELE-001_0e3157] Teacher: 如果按照你的想法，电流每经过一个灯泡就会被“用掉”一部分而减少，那假如我们在这条线路上串联几十个小灯泡，你觉得最后那几个灯泡还会亮吗？
2026-04-15 09:54:08,842 - SessionLogger - INFO - [sim_FSM+Guardrail_P2_M-ELE-001_3138bf] Student: 呃……好像确实是一样亮的。那是不是电流其实没被消耗？可如果不被消耗，灯泡是怎么发光的呢？
2026-04-15 09:54:09,353 - SessionLogger - INFO - [sim_Baseline_P1_M-ELE-001_6a9a61] Student: 电荷又不会堆积，反正灯泡就是要用电才能亮，不用电哪来的光？我觉得就是电流变小了，你别老跟我扯那些看不见的电荷堆不堆积。
2026-04-15 09:54:12,165 - SessionLogger - INFO - [sim_FSM_P2_M-ELE-001_0e3157] Student: 嗯……那最后几个灯泡应该会变得特别暗，甚至可能完全不亮吧？毕竟电流都被前面的灯泡“吃”光了呀。
2026-04-15 09:54:12,287 - SessionLogger - INFO - [sim_Baseline_P2_M-ELE-001_f3474e] Teacher: 那如果电流真的被“用”没了，剩下的电荷堆积在灯泡里，灯泡岂不是会越来越带电？

你可以把导线里的自由电子想象成传送带上的货物，灯泡只是让货物“卸货”（释放能量），货物本身会消失吗？
2026-04-15 09:54:12,323 - SessionLogger - INFO - [sim_FSM_P1_M-ELE-001_ac38ac] Teacher: 这听起来很符合直觉，但如果我们真的在实验室里把两个完全一样的灯泡串联起来，你猜实际观察到的现象，是前面的明显更亮，还是两个灯泡亮度几乎一模一样？
2026-04-15 09:54:13,561 - SessionLogger - INFO - [sim_FSM_P1_M-ELE-001_ac38ac] Student: 那……可能是差不多亮吧？但这肯定是因为第二个灯泡比较“饿”，把剩下的电流全抢光了，或者是它们分到的电压不一样，反正电流肯定是变少了。
2026-04-15 09:54:13,810 - SessionLogger - INFO - [sim_Baseline_P2_M-ELE-001_f3474e] Student: 诶？好像有道理……如果电荷真的消失了，那电路不就断了吗？
可是老师，如果电流大小没变，那灯泡到底是靠什么变暗或者消耗能量的呢？
2026-04-15 09:54:16,030 - SessionLogger - INFO - [sim_FSM+Guardrail_P1_M-ELE-001_0ead61] Teacher: 如果电流真的像燃料一样被第一个灯泡“消耗”掉了，那当两个完全相同的灯泡串联时，第一个灯泡应该明显比第二个更亮才对。

你在实验中观察到这种“前亮后暗”的现象了吗？
2026-04-15 09:54:16,707 - SessionLogger - INFO - [sim_Baseline_P1_M-ELE-001_6a9a61] Teacher: 灯泡发光消耗的是电荷携带的“能量”，而不是电荷本身，就像水车转动消耗的是水的势能，水流本身并没有减少。

如果电流真的在第一个灯泡处变小了，那多出来的电荷在两个灯泡之间的导线上会怎样？
2026-04-15 09:54:17,652 - SessionLogger - INFO - [sim_FSM+Guardrail_P1_M-ELE-001_0ead61] Student: 可是电流流过去肯定会被用掉一点啊，不然能量从哪来发光？我觉得肯定是前面的更亮，只是差别太小你看不出来而已。
2026-04-15 09:54:17,700 - SessionLogger - INFO - [sim_FSM+Guardrail_P2_M-ELE-001_3138bf] Teacher: 这个现象确实反直觉，因为我们常把“电”看作一种会被用光的燃料。其实灯泡发光消耗的是电荷携带的**能量**，而不是电荷本身。你可以想象一下，就像水流过水车推动它转动，流过去的水量变少了吗？
2026-04-15 09:54:17,968 - SessionLogger - INFO - [sim_Baseline_P1_M-ELE-001_6a9a61] Student: 水车那个比喻太牵强了，电又不是水。反正我就是觉得电流流过去肯定变少，导线里怎么可能堆积电荷，那不就爆炸了吗？
2026-04-15 09:54:18,844 - SessionLogger - INFO - [sim_FSM+Guardrail_P2_M-ELE-001_3138bf] Student: 哦！水推动水车后，流走的水量确实没变，只是能量给了水车。所以电流就像水流，电荷没少，只是把能量留给灯泡了？
2026-04-15 09:54:19,415 - SessionLogger - INFO - [sim_Baseline_P2_M-ELE-001_f3474e] Teacher: 没错，电荷只是“路过”灯泡，并没有消失。

你可以把电流想象成推磨的驴，把电压想象成驴使的劲儿。如果驴的数量（电流）没变，但每头驴出的力气（电压/电势差）变小了，磨转得还会那么快吗？
2026-04-15 09:54:21,541 - SessionLogger - INFO - [sim_Baseline_P2_M-ELE-001_f3474e] Student: 哦！所以我之前搞混了，电流是“驴的数量”，而灯泡消耗的是每头驴出的“力气”（电压）？
那也就是说，流过第一个灯泡后，驴还是那些驴，只是它们累得没劲儿了？
2026-04-15 09:54:21,662 - SessionLogger - INFO - [sim_Baseline_P1_M-ELE-001_6a9a61] Teacher: 你说得对，电荷确实不会堆积爆炸。

既然电荷既没消失也没堆积，那流进灯泡的电荷数量和流出来的数量，应该是什么关系？
2026-04-15 09:54:22,227 - SessionLogger - INFO - [sim_FSM_P1_M-ELE-001_ac38ac] Teacher: 如果电流真的像水流一样，流过一个灯泡就少了一部分，那我们在电路的不同位置接上电流表，测出来的数值应该是不一样的吧？
2026-04-15 09:54:22,397 - SessionLogger - INFO - [sim_FSM_P2_M-ELE-001_0e3157] Teacher: 这听起来很符合直觉，但如果你观察过老式圣诞树上那种串联的小彩灯，会发现无论在第几个位置，灯泡的亮度其实几乎是一样的。既然现象和你的推论矛盾，你觉得“电流被消耗”这个假设哪里可能出了问题？
2026-04-15 09:54:23,092 - SessionLogger - INFO - [sim_Baseline_P1_M-ELE-001_6a9a61] Student: 那……可能是一样多？但这说不通啊，如果电流没变小，那灯泡到底是怎么把电“用”掉发光的？我还是觉得电流肯定被消耗了。
2026-04-15 09:54:23,509 - SessionLogger - INFO - [sim_FSM_P1_M-ELE-001_ac38ac] Student: 那肯定是不一样的啊，前面的电流表测的是还没被用掉的电流，后面的测的是剩下的，数值肯定变小了。
2026-04-15 09:54:25,363 - SessionLogger - INFO - [sim_FSM_P2_M-ELE-001_0e3157] Student: 啊？真的吗？如果亮度都一样，那说明电流并没有变少……难道电流其实没有被灯泡“吃掉”？
2026-04-15 09:54:25,540 - SessionLogger - INFO - [sim_Baseline_P2_M-ELE-001_f3474e] Teacher: 这个比喻很生动！“驴”的数量（电流）确实没变，但它们每经过一个灯泡，就会把一部分“力气”（电能）留下来变成光和热。

那你想想，如果串联两个完全一样的灯泡，剩下的“力气”够不够让第二个灯泡像第一个那么亮呢？
2026-04-15 09:54:27,039 - SessionLogger - INFO - [sim_Baseline_P2_M-ELE-001_f3474e] Student: 既然“力气”被第一个灯泡分走了一半，那剩下的肯定不够第二个灯泡使了呀。
所以第二个灯泡应该会比第一个暗很多吧？
2026-04-15 09:54:27,231 - SessionLogger - INFO - [sim_FSM+Guardrail_P1_M-ELE-001_0ead61] Teacher: 这听起来很直觉，但我们可以看看这个实验：如果把两个完全相同的灯泡串联，无论怎么交换它们的前后位置，它们的亮度始终是一模一样的。

如果电流真的在途中被“消耗”变少了，为什么交换位置后，原本在后面的灯泡并没有因为“吃”到了更多电流而变亮呢？
2026-04-15 09:54:28,467 - SessionLogger - INFO - [sim_Baseline_P1_M-ELE-001_6a9a61] Teacher: 灯泡“用”掉的是电荷携带的能量，就像送快递，快递员（电荷）把货（能量）送到后，人还是得原路返回或继续流动。

如果快递员把货卸下了，但他本人并没有消失，那这一路段的快递员数量（电流）会变少吗？
2026-04-15 09:54:28,488 - SessionLogger - INFO - [sim_FSM+Guardrail_P2_M-ELE-001_3138bf] Teacher: 这个类比非常到位！既然电荷（就像水流）没有减少，那你能推测一下，在串联电路的不同位置测得的电流大小会有什么关系吗？
2026-04-15 09:54:29,765 - SessionLogger - INFO - [sim_FSM+Guardrail_P2_M-ELE-001_3138bf] Student: 那既然电荷没少，电流在串联电路里应该处处相等吧？看来我之前以为电流会被“用掉”是完全想错了。
2026-04-15 09:54:30,325 - SessionLogger - INFO - [sim_FSM+Guardrail_P1_M-ELE-001_0ead61] Student: 那可能是因为两个灯泡都一样，所以分到的电流刚好平均了？反正电流流过去肯定是被用掉了，不可能一点不少。
2026-04-15 09:54:30,619 - SessionLogger - INFO - [sim_Baseline_P1_M-ELE-001_6a9a61] Student: 可是快递员送完货不就空手了吗？空手的快递员和送货的能一样吗？我觉得电流肯定还是变小了，毕竟能量都没了。
2026-04-15 09:54:31,558 - SessionLogger - INFO - [sim_Baseline_P2_M-ELE-001_f3474e] Teacher: 别急着下结论，如果两个灯泡完全一样，它们“分力气”的机会是均等的吗？

既然流过它们的“驴”数量一样，阻力也一样，你觉得它们分到的“力气”会不同吗？
2026-04-15 09:54:32,668 - SessionLogger - INFO - [sim_FSM_P1_M-ELE-001_ac38ac] Teacher: 如果电流真的被“用掉”变少了，那电荷岂不是堆积在灯泡里出不来了？你觉得电荷是像煤炭一样烧完就没了，还是像水管里的水一样，流进去多少就得流出来多少？
2026-04-15 09:54:33,651 - SessionLogger - INFO - [sim_FSM_P2_M-ELE-001_0e3157] Teacher: 没错，电流并没有被“吃掉”，它依然保持连续流动。那既然流进和流出的电流一样多，你觉得灯泡发光发热时，真正被转化或消耗掉的究竟是什么？
2026-04-15 09:54:34,396 - SessionLogger - INFO - [sim_Baseline_P1_M-ELE-001_6a9a61] Teacher: 快递员空手还是满载，都不影响他作为“一个人”占据道路的空间，对吧？

电流衡量的是每秒通过的人数（电荷量），而不是他们手里拿了多少东西（能量）。既然人没少，你觉得电流数值会变吗？
2026-04-15 09:54:34,396 - SessionLogger - INFO - [sim_Baseline_P1_M-ELE-001_6a9a61] Extending max_turns by 3 because cognitive_state is '新概念探索'
2026-04-15 09:54:34,628 - SessionLogger - INFO - [sim_Baseline_P2_M-ELE-001_f3474e] Student: 呃……既然它们完全一样，那应该是一人分一半“力气”吧？
可是老师，如果第一个灯泡已经用掉了一半的力气，第二个灯泡得到的只有一半，那它不应该比第一个暗吗？我还是有点绕不过来。
2026-04-15 09:54:34,679 - SessionLogger - INFO - [sim_FSM_P1_M-ELE-001_ac38ac] Student: 电荷当然不会消失，但是电流是电荷流动的快慢或者能量啊。灯泡把电里的“劲儿”用掉了，所以流出来的电流自然就弱了嘛，这跟电荷堆不堆积没关系。
2026-04-15 09:54:35,064 - SessionLogger - INFO - [sim_FSM_P2_M-ELE-001_0e3157] Student: 既然电流没少，那是不是……被消耗掉的是电的能量？就像水流过水轮机，水还是那么多，但水的劲儿（能量）被用掉了？
2026-04-15 09:54:45,050 - SessionLogger - INFO - [sim_FSM+Guardrail_P2_M-ELE-001_3138bf] Teacher: 没错，电荷只是把能量“卸”在了灯泡里，自己并没有消失。既然电流处处相等，你觉得如果我把电路中的导线换得更细一些，会对电流的大小产生影响吗？
2026-04-15 09:54:45,052 - SessionLogger - INFO - [sim_FSM+Guardrail_P2_M-ELE-001_3138bf] Session finished. Reason: resolved
2026-04-15 09:54:45,052 - SessionLogger - INFO - [sim_Baseline_P3_M-ELE-001_0e80ef] Starting session
2026-04-15 09:54:45,052 - SessionLogger - INFO - Initialized Session sim_Baseline_P3_M-ELE-001_0e80ef on Unknown for Unknown with version FSM+Guardrail
2026-04-15 09:54:46,093 - SessionLogger - INFO - [sim_Baseline_P3_M-ELE-001_0e80ef] Student Opening: 老师，如果两个灯泡串联，第一个灯泡把电流“用”掉了一部分，那流到第二个灯泡里的电流是不是就变小了呀？
2026-04-15 09:54:46,108 - SessionLogger - INFO - [sim_Baseline_P1_M-ELE-001_6a9a61] Student: 人数是没少，但我觉得“劲儿”小了呀。反正我看灯泡变暗了，就觉得肯定是电流变小了，光说人数不变我不信。
2026-04-15 09:54:46,129 - SessionLogger - INFO - [sim_FSM+Guardrail_P1_M-ELE-001_0ead61] Teacher: 我们可以把电流想象成封闭水管里的水流，灯泡就像是水轮。

如果水流流过第一个水轮后真的“变少”了，那流回水泵的水是不是也变少了？既然水管是封闭且充满水的，前面的水流得慢，后面的水怎么可能流得快或者保持原样呢？
2026-04-15 09:54:47,691 - SessionLogger - INFO - [sim_FSM+Guardrail_P1_M-ELE-001_0ead61] Student: 水轮转动确实要消耗水的能量啊，水流过去肯定变弱了。你别老拿水比喻，电和水又不一样，电是会被灯泡“吃掉”的。
2026-04-15 09:54:50,091 - SessionLogger - INFO - [sim_Baseline_P2_M-ELE-001_f3474e] Teacher: 亮度其实取决于灯泡“拿走”了多少力气，而不是它手里还“剩”多少。

既然俩灯泡一模一样，它们“抢”力气的本事也一样，你觉得它们各自拿走的份量会不同吗？
2026-04-15 09:54:50,093 - SessionLogger - INFO - [sim_Baseline_P2_M-ELE-001_f3474e] Extending max_turns by 3 because cognitive_state is '新概念探索'
2026-04-15 09:54:51,466 - SessionLogger - INFO - [sim_FSM_P2_M-ELE-001_0e3157] Teacher: 这个类比非常精准！水流（电流）本身没有减少，但推动水流的“劲儿”（能量/电势）确实被转化了。那么，既然串联电路中各处的电流大小其实是一样的，你觉得我们在电路不同位置测得的电流读数会有什么特点？
2026-04-15 09:54:52,159 - SessionLogger - INFO - [sim_Baseline_P3_M-ELE-001_0e80ef] Teacher: 想象一下水管里的水流，如果流进第一个灯泡的水没有全部流出来，那多出来的水都去哪儿了呢？
2026-04-15 09:54:52,215 - SessionLogger - INFO - [sim_Baseline_P2_M-ELE-001_f3474e] Student: 既然它们“抢”力气的本事一样，那应该是一人分一半吧？
可是……如果第一个灯泡先“抢”走了一半，第二个灯泡不就只剩下一半可抢了吗？这样它拿到的份量不还是比第一个少吗？
2026-04-15 09:54:54,751 - SessionLogger - INFO - [sim_FSM_P2_M-ELE-001_0e3157] Student: 原来是这样！那既然电流没被消耗，不管在电路的哪个位置测，电流表的读数应该都是一样大的吧？
2026-04-15 09:54:55,752 - SessionLogger - INFO - [sim_Baseline_P3_M-ELE-001_0e80ef] Student: 呃……变成光或者热散掉了吧？就像水被花洒喷出去消耗掉了一样，所以剩下的水（电流）就变少了呀。
2026-04-15 09:55:00,493 - SessionLogger - INFO - [sim_FSM+Guardrail_P1_M-ELE-001_0ead61] Teacher: 这个现象确实反直觉，因为我们在生活中很少注意到“流动”和“被消耗的东西”其实是两回事。

既然你觉得电流（电荷）被灯泡“吃掉”了，那流回电源负极的电流，应该比从正极流出来的少很多才对。如果我们在电路的不同位置分别接入电流表，你觉得测出来的数值会不一样吗？
2026-04-15 09:55:01,974 - SessionLogger - INFO - [sim_FSM_P1_M-ELE-001_ac38ac] Teacher: 我们可以打个比方：假设电荷是送快递的小哥，电流是小哥骑车的流量，而电能是他们车上的包裹。

当小哥在第一个灯泡处把包裹（能量）卸货后，你觉得是小哥本人（电荷）变少了，还是只是他们车上的货变轻了？
2026-04-15 09:55:02,103 - SessionLogger - INFO - [sim_FSM+Guardrail_P1_M-ELE-001_0ead61] Student: 肯定不一样啊，流过第一个灯泡后电流变小了，后面的读数当然更小。这还用问吗？
2026-04-15 09:55:10,836 - SessionLogger - INFO - [sim_FSM_P2_M-ELE-001_0e3157] Teacher: 没错，实验数据也证实了这一点：串联电路中各处的电流确实相等。现在你能试着总结一下，为什么前面的灯泡并没有因为“截留”了电流而变得更亮吗？
2026-04-15 09:55:10,837 - SessionLogger - INFO - [sim_FSM_P2_M-ELE-001_0e3157] Session finished. Reason: resolved
2026-04-15 09:55:10,837 - SessionLogger - INFO - [sim_FSM_P3_M-ELE-001_676db8] Starting session
2026-04-15 09:55:10,837 - SessionLogger - INFO - Initialized Session sim_FSM_P3_M-ELE-001_676db8 on Unknown for Unknown with version FSM+Guardrail
2026-04-15 09:55:11,948 - SessionLogger - INFO - [sim_FSM_P3_M-ELE-001_676db8] Student Opening: 老师，串联电路里，电流流过第一个灯泡后，是不是就被消耗掉一部分，所以流到第二个灯泡的电流会变小呀？
2026-04-15 09:55:12,048 - SessionLogger - INFO - [sim_Baseline_P3_M-ELE-001_0e80ef] Teacher: 光 and 热确实是能量，但电荷（也就是形成电流的粒子）并没有消失哦。

如果流进去的电荷比流出来的多，你觉得灯泡里会发生什么奇怪的现象吗？
2026-04-15 09:55:13,828 - SessionLogger - INFO - [sim_Baseline_P1_M-ELE-001_6a9a61] Teacher: “劲儿”小了，其实是电压（电势差）降低了，就像水压变小了。

你可以想象一下，如果水管里的水流速度（电流）真的因为经过水轮机而变慢了，那后面的水管会不会因为“缺水”而瘪下去？
2026-04-15 09:55:13,908 - SessionLogger - INFO - [sim_FSM_P1_M-ELE-001_ac38ac] Student: 可是老师，如果货都卸完了，小哥骑着空车肯定就没那么卖力了啊，那后面的“流量”肯定就变小了。我觉得电流就是那个送货的劲儿，货没了，劲儿也就没了。
2026-04-15 09:55:17,064 - SessionLogger - INFO - [sim_Baseline_P1_M-ELE-001_6a9a61] Student: 水管瘪不瘪我哪知道，我又没拆过墙里的管子。反正我觉得电就是被灯泡“吃”掉了一部分，不然它怎么会亮？
2026-04-15 09:55:17,367 - SessionLogger - INFO - [sim_Baseline_P3_M-ELE-001_0e80ef] Student: 电荷……会堆积在灯泡里吗？可是灯泡看起来并没有鼓起来或者变大呀，这怎么可能呢？
2026-04-15 09:55:19,579 - SessionLogger - INFO - [sim_FSM_P3_M-ELE-001_676db8] Teacher: 这个想法很符合直觉，毕竟灯泡确实消耗了电能。但如果电流真的像“燃料”一样被第一个灯泡“吃掉”了一部分，那你觉得在两个完全相同的串联灯泡实验中，为什么我们观察到的现象并不是“前亮后暗”，而是两个灯泡亮度几乎一样呢？
2026-04-15 09:55:20,713 - SessionLogger - INFO - [sim_FSM_P3_M-ELE-001_676db8] Student: 可是……也许第一个灯泡虽然“吃”掉了一些，但剩下的还是够第二个灯泡亮得差不多呢？毕竟它们看起来确实是一样亮的，但这不代表电流没少呀。
2026-04-15 09:55:22,511 - SessionLogger - INFO - [sim_FSM_P1_M-ELE-001_ac38ac] Teacher: 这听起来很直觉，但我们可以看看这个实验：在串联电路的不同位置接入电流表，无论灯泡多少，测得的数值始终完全一致。

既然“劲儿”（能量）确实被消耗了，但“流量”（电流）却没变，你觉得是不是把“送货的劲儿”和“送货的人流”这两个概念搞混了？
2026-04-15 09:55:23,528 - SessionLogger - INFO - [sim_Baseline_P3_M-ELE-001_0e80ef] Teacher: 没错，电荷既不会凭空产生，也不会凭空消失。

既然灯泡里没有“仓库”来储存多余的电荷，那流进去的电荷数量和流出来的数量，应该是什么关系呢？
2026-04-15 09:55:23,575 - SessionLogger - INFO - [sim_Baseline_P1_M-ELE-001_6a9a61] Teacher: 灯泡确实“吃”掉了能量，就像水轮机消耗了水的动能来发电。

但你想，如果流进水管的水多，流出来的水少，那中间岂不是会“堵车”或者把管子撑爆？电荷也是同理，它们能堆积在灯泡里吗？
2026-04-15 09:55:23,580 - SessionLogger - INFO - [sim_FSM_P1_M-ELE-001_ac38ac] Student: 那肯定是电流表不够灵敏，测不出那么微小的差别。反正前面的灯泡先“吃”掉了一部分电，后面的肯定就少了，这是常识啊。
2026-04-15 09:55:26,571 - SessionLogger - INFO - [sim_Baseline_P3_M-ELE-001_0e80ef] Student: 那就是……一样多？可是如果电流没变少，灯泡是怎么把电“用”掉发光的呢？我还是有点晕。
2026-04-15 09:55:26,819 - SessionLogger - INFO - [sim_Baseline_P1_M-ELE-001_6a9a61] Student: 电荷那么小，挤一挤怎么了？我觉得它们就是变少了，不然前面的灯泡凭什么比后面的亮？
2026-04-15 09:55:30,936 - SessionLogger - INFO - [sim_Baseline_P3_M-ELE-001_0e80ef] Teacher: 我们可以把电流想象成送货的卡车，把电能想象成卡车上的货物。

如果卡车（电荷）的数量没变，但货物（能量）被卸下来了，你觉得卡车的“速度”或者“力气”会发生什么变化吗？
2026-04-15 09:55:31,609 - SessionLogger - INFO - [sim_Baseline_P1_M-ELE-001_6a9a61] Teacher: 如果电荷真的在第一个灯泡那里“挤”住了或者变少了，那后面的电路里岂不是很快就没电荷可流了？

这就好比传送带，如果前面的货物被拿走了，传送带本身会变慢或者断掉吗？
2026-04-15 09:55:32,069 - SessionLogger - INFO - [sim_Baseline_P3_M-ELE-001_0e80ef] Student: 哦……所以卡车还是那些卡车，只是变“空”了？那它们卸完货之后，是跑得更快了还是更慢了呀？
2026-04-15 09:55:33,329 - SessionLogger - INFO - [sim_Baseline_P1_M-ELE-001_6a9a61] Student: 传送带是机械，电是电，这能一样吗？我就觉得电流流过去肯定得少点，不然能量从哪来让灯泡发光？
2026-04-15 09:55:33,635 - SessionLogger - INFO - [sim_Baseline_P2_M-ELE-001_f3474e] Teacher: 想象一下，如果两个完全一样的人分一块蛋糕，第一个人先切走一半，第二个人再切剩下的一半。

你觉得最后这两个人手里拿到的蛋糕，谁的大，还是说其实一样大？
2026-04-15 09:55:35,703 - SessionLogger - INFO - [sim_Baseline_P2_M-ELE-001_f3474e] Student: 那肯定是一样大啊，一人一半嘛。
可是老师，电流不是像水流过水管一样吗？前面的灯泡把电“用”掉了，后面的水（电流）不就变少了吗？这和分蛋糕不太一样吧？
2026-04-15 09:55:36,092 - SessionLogger - INFO - [sim_FSM_P3_M-ELE-001_676db8] Teacher: 这听起来很有道理，但让我们做个思维实验：如果你把这两个灯泡的位置互换一下，按照你的逻辑，原来在后面的那个灯泡现在跑到了前面，它接收到的电流应该会变大还是变小呢？
2026-04-15 09:55:36,133 - SessionLogger - INFO - [sim_Baseline_P3_M-ELE-001_0e80ef] Teacher: 在串联电路这条“单行道”上，如果后面的车跑得快了，前面的车跑得慢，会发生什么？

所以，为了保持队伍不散开，所有位置的“车速”（电流）必须保持一致。你觉得能量是在哪里被“卸”下来的呢？
2026-04-15 09:55:36,414 - SessionLogger - INFO - [sim_FSM+Guardrail_P1_M-ELE-001_0ead61] Teacher: 这听起来很符合直觉，但实际的实验数据显示，无论你在电路的哪个位置测量，电流表的读数都是完全相同的。

如果电荷真的被灯泡“吃掉”而消失了，那些消失的电荷究竟去哪里了呢？它们难道堆积在灯泡里，让灯泡带上越来越多的电荷吗？
2026-04-15 09:55:37,398 - SessionLogger - INFO - [sim_Baseline_P3_M-ELE-001_0e80ef] Student: 啊，如果速度不一样车队就乱套了……所以电流其实一直没变？那能量是在灯泡里被“卸”掉变成光和热的吗？
2026-04-15 09:55:37,516 - SessionLogger - INFO - [sim_FSM_P3_M-ELE-001_676db8] Student: 嗯……如果换到前面，它应该能分到更多电流吧？所以它会变得更亮？可是老师，这样想好像有点乱，能不能打个比方，比如水流之类的？
2026-04-15 09:55:38,109 - SessionLogger - INFO - [sim_Baseline_P1_M-ELE-001_6a9a61] Teacher: 发光消耗的是电荷携带的“能量”，而不是电荷本身，就像快递员送货，货送出去了，人还在呀。

如果电流真的变小了，那你把两个灯泡换个位置，原本暗的那个会变亮吗？
2026-04-15 09:55:39,729 - SessionLogger - INFO - [sim_Baseline_P1_M-ELE-001_6a9a61] Student: 快递员那个比喻太牵强了，电又不是人。换了位置肯定还是第一个亮啊，因为它先“吃”掉了电流，后面的当然就少了。
2026-04-15 09:55:39,975 - SessionLogger - INFO - [sim_Baseline_P2_M-ELE-001_f3474e] Teacher: 电流确实像水流，但流过第一个灯泡后，水（电荷）并没有消失，只是“力气”变小了。

既然流进和流出第二个灯泡的水量是一样的，你觉得决定它亮度的，是水的“多少”，还是水剩下的“冲劲”？
2026-04-15 09:55:40,006 - SessionLogger - INFO - [sim_FSM+Guardrail_P1_M-ELE-001_0ead61] Student: 那……那可能是电流表不准，或者实验有误差吧。反正灯泡亮了就是消耗了东西，不可能一点都没少。
2026-04-15 09:55:41,609 - SessionLogger - INFO - [sim_Baseline_P3_M-ELE-001_0e80ef] Teacher: 没错，电流大小确实没变，能量就是在灯丝那里转化成了光和热。

既然电荷（卡车）的数量没少，但能量（货物）却减少了，你觉得这代表电荷在流过灯泡后，它的“电势能”是变高了还是变低了？
2026-04-15 09:55:41,610 - SessionLogger - INFO - [sim_Baseline_P3_M-ELE-001_0e80ef] Extending max_turns by 3 because cognitive_state is '新概念探索'
2026-04-15 09:55:42,157 - SessionLogger - INFO - [sim_Baseline_P2_M-ELE-001_f3474e] Student: 哦……如果水量没变，只是“冲劲”变小了，那是不是意味着亮度跟冲劲有关？
可是老师，我还是有点晕，既然第一个灯泡已经消耗了冲劲，那流到第二个灯泡的冲劲肯定比第一个小呀，那它为什么还能和第一个一样亮呢？
2026-04-15 09:55:42,917 - SessionLogger - INFO - [sim_Baseline_P3_M-ELE-001_0e80ef] Student: 既然货物被卸下来了，那剩下的“电势能”肯定是变低了吧？就像卡车空了之后没那么“重”或者没那么多“劲”了？
2026-04-15 09:55:44,655 - SessionLogger - INFO - [sim_Baseline_P1_M-ELE-001_6a9a61] Teacher: 既然你觉得位置决定亮度，那咱们做个思想实验：把两个灯泡的位置对调一下。

如果电流真的是被“先吃后少”，那原本暗的那个灯泡到了前面，它会变亮吗？
2026-04-15 09:55:45,770 - SessionLogger - INFO - [sim_FSM_P3_M-ELE-001_676db8] Teacher: 我们可以把导线想象成一根封闭的水管，电流就像管子里流动的水。如果水管里没有漏水，你觉得从水龙头流进去的水量，和流回下水道的水量，哪一个会更多呢？
2026-04-15 09:55:46,416 - SessionLogger - INFO - [sim_Baseline_P1_M-ELE-001_6a9a61] Student: 肯定还是原来的那个亮啊，跟位置没关系。我就觉得电流流过去就被消耗了，后面的自然就没电了，这有什么好争的？
2026-04-15 09:55:47,236 - SessionLogger - INFO - [sim_FSM_P3_M-ELE-001_676db8] Student: 那应该是一样多吧，毕竟水没地方漏出去……可是老师，灯泡发光不是消耗了能量吗？这跟水流完还回来有什么关系呀？我还是有点晕。
2026-04-15 09:55:48,635 - SessionLogger - INFO - [sim_Baseline_P2_M-ELE-001_f3474e] Teacher: 这里有个小误区：灯泡亮不亮，看的是它**消耗**了多少冲劲（电压降），而不是流进它时的冲劲有多大。

既然两个灯泡一模一样，它们对电流的阻碍也一样，你觉得它们各自“扣下”的冲劲会不同吗？
2026-04-15 09:55:50,648 - SessionLogger - INFO - [sim_Baseline_P2_M-ELE-001_f3474e] Student: 既然阻碍一样，那它们“扣下”的冲劲应该也是一样的吧？
所以我之前的想法错了？不是后面的电流变小了，而是每个灯泡都公平地分走了相同的“冲劲”？
2026-04-15 09:55:52,552 - SessionLogger - INFO - [sim_FSM+Guardrail_P1_M-ELE-001_0ead61] Teacher: 灯泡发光确实消耗了能量，但这不代表作为载体的电荷消失了。

如果电流真的像你说的那样“前大后小”，那么在两个灯泡之间的导线上，电荷就会不断堆积，导致那里电压无限升高甚至击穿空气，但现实中并没有发生这种情况。

既然电荷没有堆积也没有消失，你觉得“被消耗”的究竟是电荷本身，还是电荷所携带的能量？
2026-04-15 09:55:53,582 - SessionLogger - INFO - [sim_FSM+Guardrail_P1_M-ELE-001_0ead61] Student: 电荷怎么会堆积呢？它们明明都流过去了啊。我还是觉得电流就是变少了，不然灯泡怎么亮？
2026-04-15 09:55:55,372 - SessionLogger - INFO - [sim_Baseline_P2_M-ELE-001_f3474e] Teacher: 没错，因为“驴”的数量（电流）没变，且两个“磨盘”（灯泡）一样重，所以每头驴在两个地方出的力也是一样的。

既然每个灯泡分到的“力气”一样多，你觉得它们的亮度会有什么区别吗？
2026-04-15 09:55:55,996 - SessionLogger - INFO - [sim_FSM_P3_M-ELE-001_676db8] Teacher: 这正是最容易混淆的地方：灯泡消耗的是“能量”（好比水流推动水轮机做功），而不是“水流”本身。

为了理清这个区别，请你判断一下：当水流过水轮机让叶片转动后，流过去的水量是变少了，还是仅仅失去了推动叶片的“力气”？
2026-04-15 09:55:56,954 - SessionLogger - INFO - [sim_Baseline_P2_M-ELE-001_f3474e] Student: 啊，原来是这样！既然每个灯泡分到的“力气”一样，那它们应该是一样亮的。
我之前一直以为电流流过去就变少了，看来是我把“电流”和“能量”搞混了。
2026-04-15 09:55:58,757 - SessionLogger - INFO - [sim_FSM_P1_M-ELE-001_ac38ac] Teacher: 这是一个非常精密的数字电流表，它甚至能测出微安级别的差异，但读数依然完全相同。

更关键的事实是：如果你把这两个灯泡的位置互换，原本在后面的灯泡并不会因为“跑到了前面”就突然变亮。

既然位置互换不改变亮度，且各处电流读数严格一致，你觉得灯泡的亮度到底是由“流过的电荷数量”决定的，还是由“每个电荷卸下的能量”决定的？
2026-04-15 09:55:59,089 - SessionLogger - INFO - [sim_FSM_P3_M-ELE-001_676db8] Student: 哦……所以水还是那些水，只是没劲儿了？那是不是说，电流其实也没少，只是它把“力气”留给灯泡发光了？
2026-04-15 09:56:00,613 - SessionLogger - INFO - [sim_FSM_P1_M-ELE-001_ac38ac] Student: 互换位置亮度不变……这确实有点怪，难道电流真的没少？但我还是觉得电被用掉了，不然灯泡怎么会亮呢？
2026-04-15 09:56:02,007 - SessionLogger - INFO - [sim_Baseline_P2_M-ELE-001_f3474e] Teacher: 太棒了！能分清“流动的电荷”和“携带的能量”，你就跨过了最难的一道坎。

那如果现在把其中一个灯泡换成更费力的（电阻更大），你觉得这头“驴”在两处出的力还会平均分配吗？
2026-04-15 09:56:03,437 - SessionLogger - INFO - [sim_Baseline_P2_M-ELE-001_f3474e] Student: 那肯定不能平均分了呀，更费力的那个磨盘肯定会“扣下”更多的力气吧？
那是不是意味着，电阻大的地方，分到的电压（冲劲）就更多？
2026-04-15 09:56:06,974 - SessionLogger - INFO - [sim_FSM_P3_M-ELE-001_676db8] Teacher: 没错，这个比喻很到位！既然“水流”（电流）的大小在流过第一个灯泡后并没有减少，那你觉得流进第二个灯泡的电流，会比流进第一个灯泡时变小吗？
2026-04-15 09:56:08,128 - SessionLogger - INFO - [sim_FSM_P3_M-ELE-001_676db8] Student: 啊，原来是这样！既然水没少，那流进第二个灯泡的电流应该和第一个一样大吧？所以我之前觉得后面会变暗是因为电流变小，其实是错的？
2026-04-15 09:56:11,622 - SessionLogger - INFO - [sim_FSM_P1_M-ELE-001_ac38ac] Teacher: 灯泡亮确实是因为“电”被用掉了，但这里我们要区分清楚：被消耗的是电荷携带的**能量**，而不是电荷本身。

就像水流过水车，水的**冲击力**（能量）变小了，但流过去的水量（电流）并没有减少。

既然电荷没有被“吃掉”，而是带着剩下的能量继续流向下一个灯泡，你觉得这能解释为什么串联电路中各处的电流是一样大的吗？
2026-04-15 09:56:12,930 - SessionLogger - INFO - [sim_FSM_P1_M-ELE-001_ac38ac] Student: 可是水车那个例子，水流过去之后压力不是变小了吗？我觉得电流也是一样的，前面的灯泡把电“压”低了，后面的肯定就弱了。
2026-04-15 09:56:27,986 - SessionLogger - INFO - [sim_FSM_P3_M-ELE-001_676db8] Teacher: 你的推理很连贯。既然电流大小在串联电路中处处相等，那请你再回想一下我们之前提到的实验现象：两个完全相同的灯泡串联时，它们的亮度真的有前后之分吗？
2026-04-15 09:56:27,987 - SessionLogger - INFO - [sim_FSM_P3_M-ELE-001_676db8] Session finished. Reason: resolved
2026-04-15 09:56:27,987 - SessionLogger - INFO - [sim_FSM+Guardrail_P3_M-ELE-001_aec3de] Starting session
2026-04-15 09:56:27,987 - SessionLogger - INFO - Initialized Session sim_FSM+Guardrail_P3_M-ELE-001_aec3de on Unknown for Unknown with version FSM+Guardrail
2026-04-15 09:56:28,929 - SessionLogger - INFO - [sim_FSM+Guardrail_P3_M-ELE-001_aec3de] Student Opening: 老师，串联电路里，第一个灯泡把电流用掉了一部分，那流到第二个灯泡的电流是不是就变小了呀？
2026-04-15 09:56:28,932 - SessionLogger - INFO - [sim_Baseline_P3_M-ELE-001_0e80ef] Teacher: 没错，电势能确实降低了。

在物理里，我们把这种“卸货”前后的能量差叫做电压。你觉得，如果灯泡特别亮（卸下的货特别多），它两端的这个“落差”（电压）应该是更大还是更小呢？
2026-04-15 09:56:31,415 - SessionLogger - INFO - [sim_FSM_P1_M-ELE-001_ac38ac] Teacher: 你观察得很敏锐，水流过水车后“压力”（也就是推动水流动的力）确实会减小。

但请仔细想想：在一条没有分支、也没有漏水的封闭水管里，如果前面的水流得慢，后面的水流得快，水管里的水会发生什么奇怪的现象？
2026-04-15 09:56:31,862 - SessionLogger - INFO - [sim_Baseline_P3_M-ELE-001_0e80ef] Student: 卸的货越多，落差应该越大吧？所以灯泡越亮，它两端的电压就越高？
2026-04-15 09:56:34,549 - SessionLogger - INFO - [sim_FSM_P1_M-ELE-001_ac38ac] Student: 那……水管可能会爆掉？或者前面会积水？但这跟灯泡有什么关系，灯泡又不是水管。
2026-04-15 09:56:36,665 - SessionLogger - INFO - [sim_Baseline_P3_M-ELE-001_0e80ef] Teacher: 没错，电压确实反映了能量转化的多少。

那如果我们在电路里再串联一个一模一样的灯泡，总共有两份“货物”要卸，你觉得电源提供的总电压会怎么分配给这两个灯泡呢？
2026-04-15 09:56:37,116 - SessionLogger - INFO - [sim_FSM+Guardrail_P1_M-ELE-001_0ead61] Teacher: 灯泡发光确实需要消耗“能量”，但这和“电荷”的数量是两回事。

想象一下传送带上的货物：货物（能量）在终点被卸下了，但传送带本身（电荷）并没有变少，而是继续循环回到起点。

如果传送带上的货物被拿走了，传送带的速度（电流）会因此变慢或者断裂吗？
2026-04-15 09:56:37,734 - SessionLogger - INFO - [sim_Baseline_P3_M-ELE-001_0e80ef] Student: 既然两个灯泡一模一样，那它们“卸货”的能力应该也一样吧？所以电源的总电压是不是就平均分给它们俩了？
2026-04-15 09:56:38,671 - SessionLogger - INFO - [sim_FSM+Guardrail_P1_M-ELE-001_0ead61] Student: 传送带卸货肯定会有阻力啊，那后面的速度肯定会受影响变慢的。我觉得电流也是一样的，流过灯泡肯定会被“拖慢”或者消耗掉一部分。
2026-04-15 09:56:41,583 - SessionLogger - INFO - [sim_Baseline_P3_M-ELE-001_0e80ef] Teacher: 完全正确！既然两个灯泡“卸货”的能力一样，它们就会平分总电压。

那如果其中一个灯泡的电阻变大（比如灯丝更细、更难通过），你觉得它分到的电压（承担的“卸货量”）会比另一个多还是少呢？
2026-04-15 09:56:42,756 - SessionLogger - INFO - [sim_Baseline_P3_M-ELE-001_0e80ef] Student: 电阻大是不是意味着更难通过？那它分到的电压是更多还是更少呢？我有点拿不准，能举个例子吗？
2026-04-15 09:56:42,785 - SessionLogger - INFO - [sim_FSM+Guardrail_P3_M-ELE-001_aec3de] Teacher: 如果电流真的像水流过水车那样被“用掉”变少了，那你觉得串联在一起的两个完全相同的灯泡，它们的亮度应该是一样亮，还是前面的更亮、后面的更暗呢？
2026-04-15 09:56:44,016 - SessionLogger - INFO - [sim_FSM+Guardrail_P3_M-ELE-001_aec3de] Student: 那肯定是前面的更亮、后面的更暗啊。因为电流先经过第一个灯泡，被它“用”掉了一些，剩下的才流到第二个嘛。
2026-04-15 09:56:44,321 - SessionLogger - INFO - [sim_Baseline_P2_M-ELE-001_f3474e] Teacher: 没错，越难推的地方，驴就得使出更大的劲儿（电压降越大）。

既然总“力气”（电源电压）是固定的，如果一个灯泡分走了大部分，你觉得另一个灯泡剩下的“力气”还够它像原来那么亮吗？
2026-04-15 09:56:45,240 - SessionLogger - INFO - [sim_Baseline_P1_M-ELE-001_6a9a61] Teacher: 既然跟位置没关系，说明两个灯泡“吃”掉的东西是一样多的。

如果电流真的像水流一样被第一个灯泡“喝”掉了一半，那流到第二个灯泡里的“水”变少了，它凭什么还能和第一个一样亮呢？
2026-04-15 09:56:45,609 - SessionLogger - INFO - [sim_Baseline_P2_M-ELE-001_f3474e] Student: 那肯定不够了呀，剩下的“力气”变少了，另一个灯泡肯定会变暗。
所以我之前觉得电流被消耗导致变暗，其实是因为分到的“推力”（电压）不够了？
2026-04-15 09:56:47,282 - SessionLogger - INFO - [sim_FSM+Guardrail_P1_M-ELE-001_0ead61] Teacher: 我完全理解你的想法，这个点确实非常绕。咱们今天先不争论这个，下次找个真实的实验器材亲自试一试，怎么样？
2026-04-15 09:56:48,536 - SessionLogger - INFO - [sim_FSM+Guardrail_P1_M-ELE-001_0ead61] Student: 试就试，反正我觉得电流肯定会被灯泡用掉一部分。到时候数据出来你就知道了，前面的电流肯定比后面的大。
2026-04-15 09:56:48,794 - SessionLogger - INFO - [sim_Baseline_P1_M-ELE-001_6a9a61] Student: 它亮是因为还有剩下的电流啊，虽然比第一个少，但也够亮了。你别老拿水流打比方，电和水又不是一回事，电流肯定是被用掉的。
2026-04-15 09:56:52,991 - SessionLogger - INFO - [sim_Baseline_P2_M-ELE-001_f3474e] Teacher: 没错，亮度其实取决于它分到了多少“推力”（电压）。

不过别忘了，因为路变难走了（总电阻变大），整条路上跑的“驴”（电流）总数其实也变少了。你觉得这两个因素加起来，会让那个没换的灯泡变得更暗还是更亮呢？
2026-04-15 09:56:53,202 - SessionLogger - INFO - [sim_FSM_P1_M-ELE-001_ac38ac] Teacher: 你说得对，灯泡不是水管，但电荷在导线里的流动规则和水在封闭管子里是一样的：电荷既不会凭空产生，也不会堆积在某处。

如果前面的灯泡真的让电流“变弱”或“变慢”了，那么电荷就会在第一个灯泡后面大量堆积，就像你说的“积水”一样。

但在稳定的电路里，我们从未观察到电荷堆积的现象，这说明了流经前后两个灯泡的电荷速度（也就是电流）必须保持什么关系？
2026-04-15 09:56:54,058 - SessionLogger - INFO - [sim_Baseline_P3_M-ELE-001_0e80ef] Teacher: 咱们换个角度想：电阻大，说明电荷在这里受到的阻碍大，“摩擦”更剧烈。

你觉得在摩擦更剧烈的地方，电荷“卸下”的能量（比如变成光和热）是更多还是更少呢？
2026-04-15 09:56:54,258 - SessionLogger - INFO - [sim_FSM_P1_M-ELE-001_ac38ac] Student: 可是电荷看不见摸不着，你怎么知道它们没堆积？我觉得就是被灯泡“吃”掉了一部分，剩下的才流到后面去。
2026-04-15 09:56:54,258 - SessionLogger - INFO - [sim_FSM_P1_M-ELE-001_ac38ac] Session finished. Reason: max_turns_reached
2026-04-15 09:56:54,258 - SessionLogger - INFO - [sim_Baseline_P1_M-ELE-002_f43e11] Starting session
2026-04-15 09:56:54,258 - SessionLogger - INFO - Initialized Session sim_Baseline_P1_M-ELE-002_f43e11 on Unknown for Unknown with version FSM+Guardrail
2026-04-15 09:56:55,160 - SessionLogger - INFO - [sim_Baseline_P1_M-ELE-002_f43e11] Student Opening: 老师，我就把灯泡连在电池正极上，它为什么不亮？电不是从正极流出来就能用了吗？
2026-04-15 09:56:55,166 - SessionLogger - INFO - [sim_Baseline_P2_M-ELE-001_f3474e] Student: 两个因素都让它变暗？一个是分到的“推力”少了，另一个是跑的“驴”也少了……
天哪，那它肯定会变得超级暗，甚至可能都不怎么亮了吧？
2026-04-15 09:56:55,167 - SessionLogger - INFO - [sim_Baseline_P2_M-ELE-001_f3474e] Session finished. Reason: max_turns_reached
2026-04-15 09:56:55,168 - SessionLogger - INFO - [sim_FSM_P1_M-ELE-002_b7cb10] Starting session
2026-04-15 09:56:55,168 - SessionLogger - INFO - Initialized Session sim_FSM_P1_M-ELE-002_b7cb10 on Unknown for Unknown with version FSM+Guardrail
2026-04-15 09:56:56,206 - SessionLogger - INFO - [sim_FSM_P1_M-ELE-002_b7cb10] Student Opening: 老师，我就把灯泡的一头连在电池正极上，另一头悬空，为什么它不亮？电不是从正极流出来就能用了吗？
2026-04-15 09:56:56,211 - SessionLogger - INFO - [sim_FSM+Guardrail_P3_M-ELE-001_aec3de] Teacher: 这听起来很符合直觉，但如果你去实验室把两个完全一样的小灯泡串联起来，你会发现它们的亮度其实是一模一样的。既然现象和你的推测矛盾，你觉得“电流被用掉”这个想法哪里可能出了问题？
2026-04-15 09:56:56,222 - SessionLogger - INFO - [sim_FSM+Guardrail_P1_M-ELE-001_0ead61] Teacher: 好的，我理解你的坚持。咱们今天先聊到这里，这个问题先放一放，辛苦啦！
2026-04-15 09:56:56,223 - SessionLogger - INFO - [sim_FSM+Guardrail_P1_M-ELE-001_0ead61] Session finished. Reason: aborted
2026-04-15 09:56:56,223 - SessionLogger - INFO - [sim_FSM+Guardrail_P1_M-ELE-002_bdad39] Starting session
2026-04-15 09:56:56,223 - SessionLogger - INFO - Initialized Session sim_FSM+Guardrail_P1_M-ELE-002_bdad39 on Unknown for Unknown with version FSM+Guardrail
2026-04-15 09:56:57,390 - SessionLogger - INFO - [sim_FSM+Guardrail_P1_M-ELE-002_bdad39] Student Opening: 老师，我把电池正极连到灯泡上，灯泡怎么不亮？电不是从正极流出来就能用吗，干嘛非要接回负极啊？
2026-04-15 09:56:57,392 - SessionLogger - INFO - [sim_Baseline_P1_M-ELE-001_6a9a61] Teacher: 如果电流真的变少了，那咱们在电路不同位置串联三个电流表，读数会一样吗？

你可以回想一下，电荷是带能量的“搬运工”，它把能量留给灯泡发光后，自己是不是还得继续赶路回到电源负极？
2026-04-15 09:56:57,399 - SessionLogger - INFO - [sim_FSM+Guardrail_P3_M-ELE-001_aec3de] Student: 啊？真的一样亮吗……那我有点晕了。如果电流没变少，那灯泡发光用的“东西”到底是什么呀？
2026-04-15 09:56:58,369 - SessionLogger - INFO - [sim_Baseline_P3_M-ELE-001_0e80ef] Student: 摩擦更剧烈，那产生的热量和光应该更多吧？所以它分到的电压（卸下的能量）应该是更多的？
2026-04-15 09:57:00,809 - SessionLogger - INFO - [sim_Baseline_P1_M-ELE-001_6a9a61] Student: 电流表读数肯定不一样啊，越往后读数越小，因为电都被灯泡用掉了。电荷回不回去关我什么事，反正能量没了，电流肯定就少了。
2026-04-15 09:57:00,809 - SessionLogger - INFO - [sim_Baseline_P1_M-ELE-001_6a9a61] Session finished. Reason: max_turns_reached
2026-04-15 09:57:00,809 - SessionLogger - INFO - [sim_Baseline_P2_M-ELE-002_913519] Starting session
2026-04-15 09:57:00,809 - SessionLogger - INFO - Initialized Session sim_Baseline_P2_M-ELE-002_913519 on Unknown for Unknown with version FSM+Guardrail
2026-04-15 09:57:03,891 - SessionLogger - INFO - [sim_Baseline_P2_M-ELE-002_913519] Student Opening: 老师，我把电池正极用导线连到灯泡上，灯泡怎么不亮啊？电流不是从正极出来就能让灯泡发光吗？
2026-04-15 09:57:03,918 - SessionLogger - INFO - [sim_Baseline_P1_M-ELE-002_f43e11] Teacher: 想象一下，如果水流只从水管喷出来，却不流回下水道或水源，水能一直流吗？

你觉得电流从正极出来后，如果没有路回到负极，它能在灯泡里持续“干活”发光吗？
2026-04-15 09:57:03,919 - SessionLogger - INFO - [sim_Baseline_P3_M-ELE-001_0e80ef] Teacher: 没错，阻碍越大，“卸货”越多，分得的电压也就越高。

那如果其中一个灯泡坏了（断路），电路里还有电流吗？这时候坏掉的灯泡两端还能测到电压吗？
2026-04-15 09:57:04,874 - SessionLogger - INFO - [sim_Baseline_P3_M-ELE-001_0e80ef] Student: 没电流了吧？既然都没东西流过去了，那坏灯泡两端应该测不到电压了吧？
2026-04-15 09:57:07,475 - SessionLogger - INFO - [sim_Baseline_P1_M-ELE-002_f43e11] Student: 水跟电又不一样，电是电池里“装”着的能量，喷出来就发光了。只要正极有电送出来，灯泡就该亮，干嘛非得绕回去？
2026-04-15 09:57:07,906 - SessionLogger - INFO - [sim_FSM+Guardrail_P3_M-ELE-001_aec3de] Teacher: 这个困惑很正常，因为我们容易把“流动的载体”和“携带的能量”搞混。你可以想象一下，电流像是送货的卡车，你觉得灯泡发光消耗的是卡车本身，还是卡车上装的货物呢？
2026-04-15 09:57:08,693 - SessionLogger - INFO - [sim_Baseline_P2_M-ELE-002_913519] Teacher: 想象一下，如果水只从水管的一头流出来，另一头没接回水池，水能一直流吗？你再看看你的电路，电池的负极连到哪里去了呢？
2026-04-15 09:57:08,887 - SessionLogger - INFO - [sim_FSM+Guardrail_P3_M-ELE-001_aec3de] Student: 哦……好像是卸货？那就是说电流像卡车一样，把“能量”卸在灯泡里，但卡车自己还得开回去？
2026-04-15 09:57:09,945 - SessionLogger - INFO - [sim_Baseline_P2_M-ELE-002_913519] Student: 呃……负极好像确实悬空着。可是老师，电流只要从正极“射”出来碰到灯泡不就行了吗？为什么非得流回去呢？
2026-04-15 09:57:11,455 - SessionLogger - INFO - [sim_Baseline_P1_M-ELE-002_f43e11] Teacher: 那如果电流只从正极“喷”出来却不回去，电池里的电荷岂不是很快就堆在灯泡那里不动了？

一旦电荷堆积堵住，新的电荷还能继续挤过来让灯泡持续发光吗？
2026-04-15 09:57:12,597 - SessionLogger - INFO - [sim_Baseline_P1_M-ELE-002_f43e11] Student: 电荷怎么会堵住？电池一直在推啊，它有力气就能一直送。你别老说那些虚的，我就连了一根线，为什么事实就是不亮？
2026-04-15 09:57:15,382 - SessionLogger - INFO - [sim_Baseline_P2_M-ELE-002_913519] Teacher: 电流其实是电荷的定向移动，如果电荷只出不进，正极那边很快就会“堵”住，流动就停止了。

你觉得要想让电荷持续不断地流过灯丝，这条路应该是断头路，还是一个完整的圆圈呢？
2026-04-15 09:57:16,338 - SessionLogger - INFO - [sim_Baseline_P2_M-ELE-002_913519] Student: 啊？会堵住吗……那我好像有点明白了，是不是得像个圆圈一样，让电荷能转回来才行？
2026-04-15 09:57:17,439 - SessionLogger - INFO - [sim_Baseline_P1_M-ELE-002_f43e11] Teacher: 咱们做个小实验：你试着只把电池正极按在灯泡底部的金属点上，另一只手悬空不碰任何地方，灯泡亮了吗？

既然“力气”都使出来了，你觉得缺了哪一部分连接，才让这股“力气”没法真正推动电荷动起来？
2026-04-15 09:57:17,918 - SessionLogger - INFO - [sim_FSM+Guardrail_P3_M-ELE-001_aec3de] Teacher: 没错，卡车（电荷）必须保持数量不变地流回起点，才能维持持续的运输。既然“卡车”的数量没有减少，你觉得在串联电路的不同位置测量到的电流大小，应该是变化的还是相等的？
2026-04-15 09:57:18,787 - SessionLogger - INFO - [sim_Baseline_P1_M-ELE-002_f43e11] Student: 没亮啊，但这肯定是因为我手没拿稳或者接触不良。只要正极连上了，电就应该能过去，跟负极有什么关系？
2026-04-15 09:57:21,003 - SessionLogger - INFO - [sim_FSM+Guardrail_P3_M-ELE-001_aec3de] Student: 既然卡车没少，那电流应该是一样大的吧？但我还是有点别扭，感觉能量被拿走了，电流怎么可能完全不受影响呢？
2026-04-15 09:57:21,019 - SessionLogger - INFO - [sim_FSM_P1_M-ELE-002_b7cb10] Teacher: 这听起来很符合直觉，好像电只要“到达”灯泡就能工作。但你想过没有，如果电真的只从正极流进灯泡，而另一端悬空，这些流进去的电最后都去哪儿了呢？
2026-04-15 09:57:21,067 - SessionLogger - INFO - [sim_Baseline_P2_M-ELE-002_913519] Teacher: 没错，物理上我们管这个叫“闭合回路”。

那你想想看，现在该怎么动手，把那个悬空的负极也连进这个“圆圈”里呢？
2026-04-15 09:57:22,191 - SessionLogger - INFO - [sim_FSM_P1_M-ELE-002_b7cb10] Student: 电就在灯泡里被“用掉”了啊，变成光和热了。既然消耗掉了，当然就不需要再流回电池负极了。
2026-04-15 09:57:24,132 - SessionLogger - INFO - [sim_Baseline_P2_M-ELE-002_913519] Student: 哦！所以我得再拿根导线，把电池的负极和灯泡剩下的那个接线柱连起来？这样电就能转一圈回来了？
2026-04-15 09:57:24,167 - SessionLogger - INFO - [sim_Baseline_P1_M-ELE-002_f43e11] Teacher: 如果负极真的没关系，那你把电池负极剪掉，只留正极连灯泡，你觉得它还能亮吗？

电荷从正极出来进了灯泡，如果没有负极这条“出路”，它们挤在灯泡里出不去，后面的电荷还怎么进来？
2026-04-15 09:57:25,695 - SessionLogger - INFO - [sim_Baseline_P1_M-ELE-002_f43e11] Student: 剪掉负极电池就坏了，这根本没法比。我就问正常的电池，为什么非得连回去？电从正极出来不就行了吗？
2026-04-15 09:57:28,180 - SessionLogger - INFO - [sim_Baseline_P2_M-ELE-002_913519] Teacher: 对，这样路就通了。

那你觉得，这时候灯泡里的灯丝会有电流持续流过吗？
2026-04-15 09:57:29,967 - SessionLogger - INFO - [sim_Baseline_P2_M-ELE-002_913519] Student: 嗯……既然路通了，电荷能一直转圈，那应该会有电流持续流过吧？灯泡是不是就会亮了？
2026-04-15 09:57:30,469 - SessionLogger - INFO - [sim_Baseline_P1_M-ELE-002_f43e11] Teacher: 想象一下，如果电荷只从正极源源不断地涌向灯泡，却 nowhere to go（无处可去），灯泡那里的电荷会不会越积越多？

当那边挤满了同种电荷，它们产生的排斥力会不会抵消掉电池 pushing 的力气，让流动停下来？
2026-04-15 09:57:30,742 - SessionLogger - INFO - [sim_FSM+Guardrail_P3_M-ELE-001_aec3de] Teacher: 这种“别扭”感很正常，因为我们常误以为能量是电流的“一部分”。试着想一下：如果卡车卸货后变轻了（能量减少），它在单行道上行驶的速度或数量会因此突然变少吗？
2026-04-15 09:57:31,267 - SessionLogger - INFO - [sim_FSM+Guardrail_P1_M-ELE-002_bdad39] Teacher: 如果电流真的只要从正极“出来”就能工作，那我把一根导线只接在正极上，另一头悬空，导线里也应该有持续的电流才对。你觉得这时候导线里会有持续的电流流过吗？
2026-04-15 09:57:31,285 - SessionLogger - INFO - [sim_FSM_P1_M-ELE-002_b7cb10] Teacher: 如果电流像燃料一样被彻底“烧光”了，那电池里的电荷岂不是很快就会耗尽？可为什么同一个电池能让灯泡持续亮很久，而不是闪一下就没了呢？
2026-04-15 09:57:32,483 - SessionLogger - INFO - [sim_Baseline_P1_M-ELE-002_f43e11] Student: 电荷哪有那么容易挤住？电池力气大着呢，肯定能硬推过去。你别老假设它们会停，我就想知道为什么连上一头不行。
2026-04-15 09:57:34,116 - SessionLogger - INFO - [sim_FSM+Guardrail_P3_M-ELE-001_aec3de] Student: 呃……好像不会？因为路就这一条，后面的车还得跟着前面的走，不能凭空消失。所以我之前觉得电流变少，其实是把“能量”和“电流”搞混了？
2026-04-15 09:57:34,551 - SessionLogger - INFO - [sim_FSM_P1_M-ELE-002_b7cb10] Student: 电池里存的电本来就很多啊，当然能亮很久。这跟有没有回路没关系，只要它一直在往外送电就行了。
2026-04-15 09:57:34,857 - SessionLogger - INFO - [sim_FSM+Guardrail_P1_M-ELE-002_bdad39] Student: 肯定有啊，电都从电池里挤出来了，顺着导线流到头了嘛。虽然没回路，但电既然出来了，灯泡或者导线那头就应该有反应才对。
2026-04-15 09:57:34,998 - SessionLogger - INFO - [sim_Baseline_P2_M-ELE-002_913519] Teacher: 正是这样！电荷持续流过灯丝，电能转化为光能和热能，灯泡就亮了。

现在你成功点亮了灯泡，如果我想让这盏灯熄灭，但又不想拆掉任何导线，你觉得可以在电路的哪个位置动点手脚呢？
2026-04-15 09:57:36,244 - SessionLogger - INFO - [sim_Baseline_P2_M-ELE-002_913519] Student: 那是不是把其中一根导线拔掉就行了？或者……在导线中间剪断？只要那个“圆圈”有个地方断开了，电转不动了，灯就灭了吧？
2026-04-15 09:57:38,300 - SessionLogger - INFO - [sim_Baseline_P1_M-ELE-002_f43e11] Teacher: 那咱们换个角度：电池内部其实有个“搬运工”，它负责把电荷从负极搬回正极，维持两端的电压差。

如果外部电路没连回负极，这个“搬运工”就没法把送出去的电荷接回来继续干活，你觉得这趟“运输线”还能维持多久？
2026-04-15 09:57:38,300 - SessionLogger - INFO - [sim_Baseline_P1_M-ELE-002_f43e11] Extending max_turns by 3 because cognitive_state is '新概念探索'
2026-04-15 09:57:39,788 - SessionLogger - INFO - [sim_Baseline_P1_M-ELE-002_f43e11] Student: 电池里哪有搬运工？那是化学能直接变电能的。你别整这些虚的，我就连正极，电肯定能过去。
2026-04-15 09:57:40,388 - SessionLogger - INFO - [sim_Baseline_P2_M-ELE-002_913519] Teacher: 没错，只要“圆圈”断开，电流就断了。

那如果我不想每次都去拔线或剪线，有没有什么办法能让我们方便地控制这个“断开”和“连通”呢？
2026-04-15 09:57:40,388 - SessionLogger - INFO - [sim_Baseline_P2_M-ELE-002_913519] Extending max_turns by 3 because cognitive_state is '新概念探索'
2026-04-15 09:57:41,827 - SessionLogger - INFO - [sim_Baseline_P2_M-ELE-002_913519] Student: 是不是加个开关？就像家里墙上那种，按一下就断开，再按一下就连通？这样就不用每次都去动导线了。
2026-04-15 09:57:49,750 - SessionLogger - INFO - [sim_FSM+Guardrail_P3_M-ELE-001_aec3de] Teacher: 没错，你抓住了关键：电流是“车流量”，而灯泡消耗的是“货物”。既然在单行道上车的数量没有减少，你觉得如果在电路的不同位置分别接上电流表，读数会有什么不同吗？
2026-04-15 09:57:49,750 - SessionLogger - INFO - [sim_FSM+Guardrail_P3_M-ELE-001_aec3de] Session finished. Reason: resolved
2026-04-15 09:57:49,750 - SessionLogger - INFO - [sim_FSM_P2_M-ELE-002_9b0d57] Starting session
2026-04-15 09:57:49,750 - SessionLogger - INFO - Initialized Session sim_FSM_P2_M-ELE-002_9b0d57 on Unknown for Unknown with version FSM+Guardrail
2026-04-15 09:57:50,902 - SessionLogger - INFO - [sim_FSM_P2_M-ELE-002_9b0d57] Student Opening: 老师，我把电池正极用导线连到灯泡上，灯泡怎么不亮啊？电流不是从正极发出来就能用了吗？
2026-04-15 09:57:50,906 - SessionLogger - INFO - [sim_Baseline_P3_M-ELE-001_0e80ef] Teacher: 电流确实断了，但别忘了电源还在努力“推”电荷呀。

想象一下，如果水管中间有个关闭的阀门，虽然水不流了，但阀门两端的水压差还存在吗？
2026-04-15 09:57:50,927 - SessionLogger - INFO - [sim_FSM+Guardrail_P1_M-ELE-002_bdad39] Teacher: 如果电真的像挤牙膏一样源源不断地“挤”出来却回不去，那导线末端很快就会堆满电荷。

想象一下早高峰的地铁站，如果只让人进站台却不让人出站，你觉得后面的人还能持续不断地挤进去吗？
2026-04-15 09:57:50,933 - SessionLogger - INFO - [sim_FSM_P1_M-ELE-002_b7cb10] Teacher: 想象一下，如果电池是一个不断往外推人的传送带，而灯泡那头是死胡同（悬空），后面的人还能继续挤进去吗？
2026-04-15 09:57:53,984 - SessionLogger - INFO - [sim_Baseline_P3_M-ELE-001_0e80ef] Student: 水压差……应该还在吧？因为泵还在工作。所以你的意思是，虽然没电流，但坏灯泡两端其实还是有电压的？
2026-04-15 09:57:54,602 - SessionLogger - INFO - [sim_FSM+Guardrail_P1_M-ELE-002_bdad39] Student: 那不一样，电是能量，又不是真的排队的人，它流过去就消耗掉了。你别老拿人打比方，电只要从电池里出来就能让灯泡亮，这才是重点。
2026-04-15 09:57:54,680 - SessionLogger - INFO - [sim_FSM_P1_M-ELE-002_b7cb10] Student: 灯泡又不是墙，电进去就发光发热了，怎么会堵住？你非要说回路，但我看只要连上一头，电就能过去干活。
2026-04-15 09:58:00,426 - SessionLogger - INFO - [sim_Baseline_P3_M-ELE-001_0e80ef] Teacher: 没错，电源的“推力”还在。

既然电路断了，电荷流不过去，那这个“推力”主要作用在断开的地方（坏灯泡两端），还是作用在完好的导线上呢？
2026-04-15 09:58:04,281 - SessionLogger - INFO - [sim_Baseline_P3_M-ELE-001_0e80ef] Student: 应该是在断开的地方吧？因为那里堵住了，推力都积在那儿了。导线那么顺，应该没什么阻力，所以没电压？
2026-04-15 09:58:04,281 - SessionLogger - INFO - [sim_Baseline_P3_M-ELE-001_0e80ef] Session finished. Reason: max_turns_reached
2026-04-15 09:58:04,282 - SessionLogger - INFO - [sim_FSM+Guardrail_P2_M-ELE-002_8803d3] Starting session
2026-04-15 09:58:04,282 - SessionLogger - INFO - Initialized Session sim_FSM+Guardrail_P2_M-ELE-002_8803d3 on Unknown for Unknown with version FSM+Guardrail
2026-04-15 09:58:06,022 - SessionLogger - INFO - [sim_FSM+Guardrail_P2_M-ELE-002_8803d3] Student Opening: 老师，我把电池正极连到灯泡上，灯泡怎么不亮啊？电流不是从正极出来流进灯泡就行了吗，干嘛非得连回负极？
2026-04-15 09:58:08,911 - SessionLogger - INFO - [sim_FSM_P1_M-ELE-002_b7cb10] Teacher: 我们来做一个极端的假设：如果只连正极真的能让电流“过去干活”，那我拿一根普通铜导线，只接在电池正极上，另一头悬空，这根导线是不是也应该发热甚至发红？
2026-04-15 09:58:09,016 - SessionLogger - INFO - [sim_FSM+Guardrail_P1_M-ELE-002_bdad39] Teacher: 这个直觉很常见，但我们可以看一个实验事实：如果你把两个完全一样的灯泡串联，你会发现它们的亮度是一模一样的，并没有出现“前亮后暗”的现象。

如果电流真的像水流一样被第一个灯泡“消耗”掉了一部分，你觉得第二个灯泡接收到的电流会发生什么变化？
2026-04-15 09:58:10,112 - SessionLogger - INFO - [sim_FSM_P1_M-ELE-002_b7cb10] Student: 那肯定不热啊，因为导线没有灯泡那种“消耗”电的能力。你别拿导线跟灯泡比，灯泡是专门用来把电变成光的，当然得连上才能亮。
2026-04-15 09:58:12,584 - SessionLogger - INFO - [sim_FSM+Guardrail_P1_M-ELE-002_bdad39] Student: 那可能是第二个灯泡比较“省电”或者效率更高呗，反正电只要流过去就能亮。我觉得亮度一样是因为电池给力，跟回不回路没关系，你别想绕晕我。
2026-04-15 09:58:21,916 - SessionLogger - INFO - [sim_FSM_P2_M-ELE-002_9b0d57] Teacher: 这个直觉很自然。但试想一下，如果只要连上正极电流就能工作，那我们把电池的负极完全拆掉，灯泡按理说应该照样亮，可实际上它却灭了，你觉得缺少的这一步对电流的“流动”意味着什么？
2026-04-15 09:58:24,258 - SessionLogger - INFO - [sim_FSM_P1_M-ELE-002_b7cb10] Teacher: 如果电流真的像送货一样，只要到了灯泡那里“卸货”发光就算完成任务，那为什么我们非要费力把另一头也连回电池，多此一举地绕个大圈呢？
2026-04-15 09:58:24,582 - SessionLogger - INFO - [sim_Baseline_P1_M-ELE-002_f43e11] Teacher: 好，那咱们就顺着你的思路：电确实能瞬间“挤”过去一点，让导线带上正电。

但一旦导线和电池正极的电势变得一样高，就像水连通器两边水位持平了，你觉得电荷还会继续定向流动形成电流吗？
2026-04-15 09:58:25,190 - SessionLogger - INFO - [sim_FSM_P2_M-ELE-002_9b0d57] Student: 呃……好像是有点道理，没连负极确实不亮。但这只是说明负极是个“开关”或者“终点站”吗？电流从正极出来到了灯泡，任务不就完成了吗？
2026-04-15 09:58:26,612 - SessionLogger - INFO - [sim_FSM+Guardrail_P1_M-ELE-002_bdad39] Teacher: 我们先把“回路”放一边，只看你提到的“电被消耗”这一点。

如果电流真的在第一个灯泡那里被“吃掉”或“消耗”了大半，那流到第二个灯泡的电流应该少很多才对。

既然两个灯泡亮度完全一样，这是否说明流过它们的电流大小其实并没有减少？
2026-04-15 09:58:29,099 - SessionLogger - INFO - [sim_FSM_P1_M-ELE-002_b7cb10] Student: 那根线只是为了把剩下的电收回去，不让它浪费掉。只要电送到了灯泡那里，活儿干完了，灯就该亮，跟回不回去没关系。
2026-04-15 09:58:29,101 - SessionLogger - INFO - [sim_Baseline_P1_M-ELE-002_f43e11] Student: 电池是有劲儿的，它肯定能一直推着电往前走，怎么可能一下就平了？你别老拿水比，电跟水又不一样。
2026-04-15 09:58:29,286 - SessionLogger - INFO - [sim_FSM+Guardrail_P1_M-ELE-002_bdad39] Student: 亮度一样只能说明它们分到的能量差不多，不代表电流没少啊。我觉得电是一种“劲儿”，传过去的时候虽然没变弱，但也不一定非要流回来才能工作吧？
2026-04-15 09:58:29,860 - SessionLogger - INFO - [sim_Baseline_P2_M-ELE-002_913519] Teacher: 没错，开关就是专门用来控制电路通断的“守门员”。

那你想想，这个开关应该装在电路的哪个位置，才能最有效地控制灯泡的亮灭呢？是必须紧挨着电池，还是紧挨着灯泡，或者放在哪里都可以？
2026-04-15 09:58:31,472 - SessionLogger - INFO - [sim_Baseline_P2_M-ELE-002_913519] Student: 我觉得应该紧挨着电池吧？毕竟电是从电池“射”出来的，如果在源头就拦住，后面肯定就没电了。放在灯泡旁边万一前面漏掉了怎么办？
2026-04-15 09:58:33,985 - SessionLogger - INFO - [sim_FSM_P2_M-ELE-002_9b0d57] Teacher: 如果电流到了灯泡就“完成任务”停下来了，那灯丝里岂不是瞬间就塞满了电荷，后面的电流再也挤不进去了？
2026-04-15 09:58:34,209 - SessionLogger - INFO - [sim_Baseline_P1_M-ELE-002_f43e11] Teacher: 既然你觉得电和水不一样，那咱们看看电荷本身的性质：同种电荷之间可是有排斥力的。

如果电荷只进不出，全堆在灯泡这一头，这股越来越强的排斥力，会不会 eventually（最终）抵消掉电池推它的力气？
2026-04-15 09:58:35,812 - SessionLogger - INFO - [sim_FSM_P2_M-ELE-002_9b0d57] Student: 啊？会塞满吗……我没想到电荷还会堆积。那您的意思是，电流必须得有个地方“流走”，不能只进不出？
2026-04-15 09:58:36,072 - SessionLogger - INFO - [sim_FSM+Guardrail_P2_M-ELE-002_8803d3] Teacher: 这个现象确实容易让人误解，好像电源只是个“发射器”。但你想一想，如果电流像水管里的水，你只把水管的一头接在水龙头上，另一头悬空剪断，水能形成持续、稳定的流动吗？
2026-04-15 09:58:37,497 - SessionLogger - INFO - [sim_FSM_P1_M-ELE-002_b7cb10] Teacher: 让我们看一个真实的实验现象：如果你把电流表分别接在灯泡的“入口”和“出口”，你会发现两处的读数完全一样，并没有因为灯泡“干了活”而变小。

既然流进去的和流出来的一样多，你觉得灯泡真正“消耗”掉的，究竟是这股流动的电荷本身，还是它们携带的某种能量？
2026-04-15 09:58:37,670 - SessionLogger - INFO - [sim_FSM+Guardrail_P2_M-ELE-002_8803d3] Student: 呃……好像确实流不出来，水会堵在那儿。但电跟水不一样吧？电不是只要有个出口就能“射”出去吗？
2026-04-15 09:58:37,843 - SessionLogger - INFO - [sim_Baseline_P1_M-ELE-002_f43e11] Student: 电池劲儿大着呢，那点排斥力根本挡不住。我就连一头，灯泡就该亮，你别老扯那些没用的阻力。
2026-04-15 09:58:39,481 - SessionLogger - INFO - [sim_FSM+Guardrail_P1_M-ELE-002_bdad39] Teacher: 这个“劲儿”的比喻很有趣，但我们可以做一个极端的推想：如果电流不需要流回电池，而是像射箭一样射出去就没了，那电池里的电荷岂不是很快就会全部跑光，电路瞬间就断了？

既然灯泡能持续发光，说明电荷必须能在电路里持续循环，你觉得如果路不通（没有回路），这种“循环”还能维持吗？
2026-04-15 09:58:39,851 - SessionLogger - INFO - [sim_Baseline_P2_M-ELE-002_913519] Teacher: 你的直觉很敏锐，在源头切断确实能拦住电流。

不过，既然电流只能沿着这一根导线形成的“单行道”跑，你觉得如果把开关装在灯泡旁边，当开关断开时，电流还能绕过开关流到灯泡那里吗？
2026-04-15 09:58:40,534 - SessionLogger - INFO - [sim_FSM+Guardrail_P1_M-ELE-002_bdad39] Student: 电池里那么多电，怎么可能一下就跑光了？我觉得只要连着正极，电就能一直往外送，根本不需要什么循环，你别吓唬我。
2026-04-15 09:58:41,483 - SessionLogger - INFO - [sim_Baseline_P2_M-ELE-002_913519] Student: 呃……好像也不能？因为只有一条路，开关断了路就彻底堵死了。那这么说，装在哪里其实都一样？
2026-04-15 09:58:41,586 - SessionLogger - INFO - [sim_FSM_P1_M-ELE-002_b7cb10] Student: 读数一样是因为电太多了，灯泡只拿走了一点点发光用的部分，剩下的当然还在那儿流着。反正只要连上一头，电就能进去干活，你非说两边都得连太麻烦了。
2026-04-15 09:58:43,181 - SessionLogger - INFO - [sim_Baseline_P1_M-ELE-002_f43e11] Teacher: 那咱们做个思想实验：如果真像你说的，电荷能一直单向涌出却不回来，电池里的化学物质岂不是瞬间就耗尽了？

你觉得一节普通干电池，是靠什么机制让它能持续工作几十个小时，而不是在一秒钟内就把“劲儿”使完的？
2026-04-15 09:58:44,329 - SessionLogger - INFO - [sim_FSM_P2_M-ELE-002_9b0d57] Teacher: 没错，就像水管里的水，如果只进水不出水，水流很快就会停滞。既然电流需要从灯泡另一端“流走”，你觉得它最终得回到哪里，才能让电池持续不断地提供动力呢？
2026-04-15 09:58:44,395 - SessionLogger - INFO - [sim_Baseline_P1_M-ELE-002_f43e11] Student: 电池里的化学能多着呢，慢慢释放不行吗？反正我连上一头灯就亮了，你别老假设它瞬间耗尽。
2026-04-15 09:58:45,376 - SessionLogger - INFO - [sim_Baseline_P2_M-ELE-002_913519] Teacher: 没错，只要是在这唯一的“单行道”上，堵住哪里路都不通。

那现在电池、灯泡、开关都齐了，你能试着在脑海里把它们连成一个完整的圆圈吗？
2026-04-15 09:58:45,529 - SessionLogger - INFO - [sim_FSM_P2_M-ELE-002_9b0d57] Student: 水管那个比喻好像有点道理……如果水不流回源头，水泵确实没法一直抽。所以电流得流回电池的负极，形成一个圈？
2026-04-15 09:58:48,627 - SessionLogger - INFO - [sim_Baseline_P1_M-ELE-002_f43e11] Teacher: 好，那咱们先不谈耗尽，就谈“亮”这个现象。

灯泡发光是因为电流通过灯丝产生热效应，如果电荷只进不出，灯丝里的电荷岂不是越积越多？

你觉得这种“只进不出”的堆积状态，能维持住让灯丝持续发热发光吗？
2026-04-15 09:58:48,664 - SessionLogger - INFO - [sim_Baseline_P2_M-ELE-002_913519] Student: 圆圈？可是电池只有正负两个头，怎么连成圈啊？我觉得只要把灯泡接在正极上，电发出来灯泡就应该亮了呀，非要连回负极干嘛？
2026-04-15 09:58:48,881 - SessionLogger - INFO - [sim_FSM+Guardrail_P2_M-ELE-002_8803d3] Teacher: 如果电真的像子弹一样“射”出去就不回来了，那电池里储存的电荷岂不是瞬间就全部发射光了？你觉得一节普通的干电池，能支撑这种“一次性射击”让灯泡持续发光吗？
2026-04-15 09:58:49,975 - SessionLogger - INFO - [sim_Baseline_P1_M-ELE-002_f43e11] Student: 电荷进去了就能让灯丝发热，干嘛非得出来？只要电池一直推，灯就一直亮，这逻辑没毛病。
2026-04-15 09:58:50,712 - SessionLogger - INFO - [sim_FSM+Guardrail_P1_M-ELE-002_bdad39] Teacher: 我们来看一个真实的实验现象：如果你只把灯泡的一个接点连在电池正极，而另一个接点悬空（不连任何地方），无论电池电量多足，灯泡都**绝对不会**发光。

既然“连着正极”这个条件已经满足了，但灯却不亮，这是否说明单靠一端的连接，电流根本无法形成持续的流动？
2026-04-15 09:58:51,061 - SessionLogger - INFO - [sim_FSM+Guardrail_P2_M-ELE-002_8803d3] Student: 好像有点道理……如果电荷真的只出不进，电池确实很快就没电了。那是不是说，电流其实得在电路里“转圈圈”才能一直亮？
2026-04-15 09:58:52,337 - SessionLogger - INFO - [sim_FSM+Guardrail_P1_M-ELE-002_bdad39] Student: 那肯定是因为你没接好或者接触不良啊，只要连上了就该亮。我觉得是那个悬空的线有问题，不是回路的问题，你别拿这种失败的操作来反驳我。
2026-04-15 09:58:54,735 - SessionLogger - INFO - [sim_Baseline_P2_M-ELE-002_913519] Teacher: 还记得我们之前聊过的“水流”吗？如果水管只接在水泵出口，水喷出来后就散到空气里了，还能持续流动吗？

电荷也是一样，如果不流回负极，它们就会在灯泡那里“堆积”起来，你觉得这样还能形成持续的电流让灯泡一直亮着吗？
2026-04-15 09:58:55,188 - SessionLogger - INFO - [sim_Baseline_P1_M-ELE-002_f43e11] Teacher: 那咱们换个角度：如果电荷只进不出，灯泡另一端的电势会怎么变？

当它升高到和电池正极一样时，你觉得电池还能继续把电荷“推”进去吗？
2026-04-15 09:58:55,210 - SessionLogger - INFO - [sim_FSM_P2_M-ELE-002_9b0d57] Teacher: 正是如此。既然电流必须像水流一样回到“源头”才能持续流动，那你觉得如果这个“圈”在任何地方断开了（比如导线中间剪断），灯泡还会亮吗？
2026-04-15 09:58:56,404 - SessionLogger - INFO - [sim_Baseline_P1_M-ELE-002_f43e11] Student: 电池劲儿大着呢，肯定能硬推过去。你别老拿什么电势相等来吓唬我，反正连上一头灯就该亮。
2026-04-15 09:58:57,614 - SessionLogger - INFO - [sim_Baseline_P2_M-ELE-002_913519] Student: 呃……堆积起来？那确实好像就流不动了。所以你的意思是，电必须得有个“回去”的路，才能一直推着前面的电往前走？
2026-04-15 09:58:58,567 - SessionLogger - INFO - [sim_FSM_P2_M-ELE-002_9b0d57] Student: 哦……如果是个圈，那剪断肯定就断了，水流不过去了。所以我之前想的只接一头就能亮，其实是把路给堵死了？
2026-04-15 09:59:00,703 - SessionLogger - INFO - [sim_FSM+Guardrail_P2_M-ELE-002_8803d3] Teacher: 没错，这个“转圈圈”的直觉非常关键！既然电流需要形成这样的循环，那你觉得如果负极那端悬空没连上，这个“圈”还能闭合起来让电荷持续跑动吗？
2026-04-15 09:59:01,072 - SessionLogger - INFO - [sim_Baseline_P2_M-ELE-002_913519] Teacher: 没错，就像推箱子，后面没人推，前面也动不了。

那现在你打算怎么接线，才能让电流从正极出发，经过灯泡和开关，最后顺利“回家”回到负极呢？
2026-04-15 09:59:02,374 - SessionLogger - INFO - [sim_FSM+Guardrail_P2_M-ELE-002_8803d3] Student: 哦……如果路断了，电荷确实没法转回来，那圈就破了。所以我之前只连一头，其实是把路给堵死了？
2026-04-15 09:59:03,078 - SessionLogger - INFO - [sim_Baseline_P2_M-ELE-002_913519] Student: 哦……所以得用导线把灯泡的另一头也连回电池的负极，形成一个圈？我试试这样接，是不是只要是个圈，灯就能亮了？
2026-04-15 09:59:08,886 - SessionLogger - INFO - [sim_FSM_P2_M-ELE-002_9b0d57] Teacher: 没错，只接一头就像是把水管的出口堵死或者切断，水流无法形成循环。那么，为了让电流能顺利“流回”电池的另一端，灯泡底部的金属触点和侧面的金属螺纹，应该分别连接到电池的哪两个位置呢？
2026-04-15 09:59:09,704 - SessionLogger - INFO - [sim_FSM+Guardrail_P2_M-ELE-002_8803d3] Teacher: 正是如此，没有回路，电荷就无法持续定向移动。那么，为了让这个“圈”完整连通，除了连接电池的正极，灯泡的另一个连接点必须接到哪里去呢？
2026-04-15 09:59:12,388 - SessionLogger - INFO - [sim_FSM_P2_M-ELE-002_9b0d57] Student: 所以得一个接正极，另一个接负极，这样电流才能从一边进、另一边出，最后流回电池？我好像明白为什么必须两头都连上了。
2026-04-15 09:59:13,025 - SessionLogger - INFO - [sim_FSM+Guardrail_P2_M-ELE-002_8803d3] Student: 那肯定得接回电池的负极呀，这样电荷才能跑完一圈回到起点。原来必须两头都连上，路才算真正通了！
2026-04-15 09:59:28,871 - SessionLogger - INFO - [sim_FSM_P2_M-ELE-002_9b0d57] Teacher: 这个理解很到位。现在请你想象一下，如果我们将连接电池负极的那根导线剪断，虽然灯泡还连着正极，但“回路”断了，你觉得这时候灯泡还会亮吗？
2026-04-15 09:59:28,871 - SessionLogger - INFO - [sim_FSM_P2_M-ELE-002_9b0d57] Session finished. Reason: resolved
2026-04-15 09:59:35,989 - SessionLogger - INFO - [sim_FSM+Guardrail_P2_M-ELE-002_8803d3] Teacher: 没错，只有当电流能从一端流出，经过灯泡，再顺利回到另一端时，这个“圈”才算真正跑通了。现在请你观察一下小灯泡的结构，你觉得电流具体是从灯泡的哪个部位流进去，又是从哪个部位流出来的呢？
2026-04-15 09:59:35,989 - SessionLogger - INFO - [sim_FSM+Guardrail_P2_M-ELE-002_8803d3] Session finished. Reason: resolved
2026-04-15 09:59:35,989 - SessionLogger - INFO - [sim_Baseline_P3_M-ELE-002_403ae1] Starting session
2026-04-15 09:59:35,989 - SessionLogger - INFO - Initialized Session sim_Baseline_P3_M-ELE-002_403ae1 on Unknown for Unknown with version FSM+Guardrail
2026-04-15 09:59:37,128 - SessionLogger - INFO - [sim_Baseline_P3_M-ELE-002_403ae1] Student Opening: 老师，我把电池正极连到灯泡上，灯泡为啥不亮呀？电不是从正极流出来进灯泡就能发光吗？
2026-04-15 09:59:37,129 - SessionLogger - INFO - [sim_FSM_P3_M-ELE-002_f1ba82] Starting session
2026-04-15 09:59:37,129 - SessionLogger - INFO - Initialized Session sim_FSM_P3_M-ELE-002_f1ba82 on Unknown for Unknown with version FSM+Guardrail
2026-04-15 09:59:38,081 - SessionLogger - INFO - [sim_FSM_P3_M-ELE-002_f1ba82] Student Opening: 老师，我把电池正极连到灯泡上，灯泡怎么不亮啊？电不是从正极出来进灯泡就行了吗？
2026-04-15 09:59:38,085 - SessionLogger - INFO - [sim_FSM_P1_M-ELE-002_b7cb10] Teacher: 这听起来很直觉，但我们可以看看这个实验：如果只连电池正极，用灵敏电流计去测那根悬空的导线，读数始终是零，灯泡也绝对不会亮。

既然“送货”的动作完全没发生，你觉得是电荷根本进不去灯泡，还是进去了却没法形成持续的流动？
2026-04-15 09:59:41,693 - SessionLogger - INFO - [sim_FSM_P1_M-ELE-002_b7cb10] Student: 那肯定是因为电流计不够灵敏，或者电池电压太小推不动。只要我换个超级大的电池，电肯定能“射”进灯泡让它亮起来，根本不需要回路。
2026-04-15 09:59:44,573 - SessionLogger - INFO - [sim_Baseline_P3_M-ELE-002_403ae1] Teacher: 想象一下，如果只有一根管子把水引出来，却没有流回去的路，水能一直流吗？你看看电池的负极现在连在哪里了呢？
2026-04-15 09:59:45,708 - SessionLogger - INFO - [sim_Baseline_P3_M-ELE-002_403ae1] Student: 负极……好像悬空着没连？可是电只要从正极“喷”出来进到灯泡里，任务不就完成了吗，干嘛非得流回去呀？
2026-04-15 09:59:47,491 - SessionLogger - INFO - [sim_Baseline_P1_M-ELE-002_f43e11] Teacher: 行，那咱们别争理论，直接看事实：你手边有电池和灯泡吗？

只连一根线试试，如果真亮了，我立刻承认你是对的；如果不亮，咱们再一起找找那根“消失”的线去哪了，怎么样？
2026-04-15 09:59:48,684 - SessionLogger - INFO - [sim_Baseline_P1_M-ELE-002_f43e11] Student: 试就试，反正我觉得肯定能亮。要是没亮，那肯定是这灯泡坏了或者电池没电，跟回路没关系。
2026-04-15 09:59:49,546 - SessionLogger - INFO - [sim_Baseline_P2_M-ELE-002_913519] Teacher: 方向对了！不过要注意，这个“圈”里必须包含灯泡的灯丝。

你想想，如果导线直接连在灯泡的金属外壳上，没经过里面的灯丝，电流会怎么走？
2026-04-15 09:59:49,851 - SessionLogger - INFO - [sim_Baseline_P3_M-ELE-002_403ae1] Teacher: 电荷可不是消耗品，它们得在电路里“跑圈”才能持续推动灯丝发热。如果路断了，电荷堆积在灯泡一端，你觉得还能继续流动吗？
2026-04-15 09:59:51,289 - SessionLogger - INFO - [sim_FSM+Guardrail_P1_M-ELE-002_bdad39] Teacher: 我们来做一个更严谨的对比实验：

1. 用一根导线，直接把电池的正极和负极连起来（短路），你会发现导线瞬间变得非常烫，甚至能点燃火柴。
2. 还是这根导线，只连在电池的正极上，另一端悬空，无论等多久，导线都是冰凉的，没有任何发热迹象。

既然“接触”都已经实现了，为什么第一种情况有剧烈的能量释放（发热），而第二种情况却死一般的寂静？
2026-04-15 09:59:51,677 - SessionLogger - INFO - [sim_FSM_P1_M-ELE-002_b7cb10] Teacher: 我完全理解你的想法，这个点确实非常反直觉。咱们今天先不争论这个，下次找个真实的实验器材亲自试一试，怎么样？
2026-04-15 09:59:51,701 - SessionLogger - INFO - [sim_Baseline_P2_M-ELE-002_913519] Student: 啊？直接连外壳的话……电流是不是就直接顺着导线溜回负极了，根本不理灯丝？那灯泡岂不是又不亮了？
2026-04-15 09:59:53,063 - SessionLogger - INFO - [sim_Baseline_P3_M-ELE-002_403ae1] Student: 跑圈？可是电不是像子弹一样打出去就完事了吗……如果它不流回去，难道会堵在灯泡那里吗？我还是有点晕。
2026-04-15 09:59:55,153 - SessionLogger - INFO - [sim_FSM_P1_M-ELE-002_b7cb10] Student: 试就试，反正我觉得是你没接好或者电池不行。我坚持认为只要连上一头电就能进去，灯就该亮。
2026-04-15 09:59:55,163 - SessionLogger - INFO - [sim_FSM+Guardrail_P1_M-ELE-002_bdad39] Student: 短路那是特殊情况，电流太猛了才发热。只连正极的时候电流比较温和，所以不热，这只能说明两种情况电流大小不一样，不能证明必须得连回去。
2026-04-15 09:59:56,551 - SessionLogger - INFO - [sim_Baseline_P2_M-ELE-002_913519] Teacher: 太对了！电流可是很“懒”的，哪边阻力小它就爱走哪边。

这种现象在物理上叫“短路”。那你再仔细看看灯泡的结构，要想让电流乖乖流过灯丝，导线具体应该接在灯泡的哪两个部位上？
2026-04-15 09:59:56,815 - SessionLogger - INFO - [sim_FSM_P3_M-ELE-002_f1ba82] Teacher: 这个想法很直觉，但如果我们把电流想象成水流，水从水管流进灯泡后，如果没有另一根管子让它流回电池，这些“电”会堆积在灯泡里吗？
2026-04-15 09:59:57,818 - SessionLogger - INFO - [sim_FSM_P3_M-ELE-002_f1ba82] Student: 啊？电又不是水，它进去让灯丝发热发光不就行了吗？干嘛非得流回去呀，感觉有点多余。
2026-04-15 09:59:58,354 - SessionLogger - INFO - [sim_Baseline_P2_M-ELE-002_913519] Student: 原来是这样……那是不是得一个接在底部的锡点，另一个接在侧面的金属螺纹上？这样电流就被迫只能穿过里面的灯丝了？
2026-04-15 09:59:58,354 - SessionLogger - INFO - [sim_Baseline_P2_M-ELE-002_913519] Session finished. Reason: max_turns_reached
2026-04-15 09:59:58,354 - SessionLogger - INFO - [sim_FSM+Guardrail_P3_M-ELE-002_abd09a] Starting session
2026-04-15 09:59:58,354 - SessionLogger - INFO - Initialized Session sim_FSM+Guardrail_P3_M-ELE-002_abd09a on Unknown for Unknown with version FSM+Guardrail
2026-04-15 09:59:59,407 - SessionLogger - INFO - [sim_FSM+Guardrail_P3_M-ELE-002_abd09a] Student Opening: 老师，为什么我把导线只连在电池正极和灯泡上，灯却不亮呢？电不是从正极流出来就能用了吗？
2026-04-15 09:59:59,418 - SessionLogger - INFO - [sim_Baseline_P3_M-ELE-002_403ae1] Teacher: 如果电荷真的像子弹一样“打出去”就消失，那电池里的能量瞬间就耗尽了，灯泡只能闪一下。

你可以试着把电路想象成一个封闭的水管系统，如果出水口堵住了，水泵还能继续抽水吗？
2026-04-15 10:00:00,986 - SessionLogger - INFO - [sim_Baseline_P3_M-ELE-002_403ae1] Student: 啊……如果出口堵住了，水泵确实会憋住抽不动。所以你的意思是，负极那条线其实是让电“流回来”的路，而不是多余的？
2026-04-15 10:00:01,356 - SessionLogger - INFO - [sim_Baseline_P1_M-ELE-002_f43e11] Teacher: 那咱们先别急着下结论，你用这两样东西，试一个你确信“肯定能亮”的接法给我看看？

如果那个接法亮了，就说明电池和灯泡都是好的，这时候再回头看刚才那个只连一头的接法，你觉得问题出在哪？
2026-04-15 10:00:03,062 - SessionLogger - INFO - [sim_Baseline_P1_M-ELE-002_f43e11] Student: 行吧，那我接两头给你看……你看，亮了。但这只能说明电池没坏，不能证明刚才那个单头接法有问题，说不定是接触不良呢？
2026-04-15 10:00:03,063 - SessionLogger - INFO - [sim_Baseline_P1_M-ELE-002_f43e11] Session finished. Reason: max_turns_reached
2026-04-15 10:00:03,063 - SessionLogger - INFO - [sim_Baseline_P1_M-BUO-001_b0c096] Starting session
2026-04-15 10:00:03,063 - SessionLogger - INFO - Initialized Session sim_Baseline_P1_M-BUO-001_b0c096 on Unknown for Unknown with version FSM+Guardrail
2026-04-15 10:00:04,110 - SessionLogger - INFO - [sim_Baseline_P1_M-BUO-001_b0c096] Student Opening: 老师，我觉得重的东西肯定会沉下去，轻的东西才会浮起来，这不是很明显吗？
2026-04-15 10:00:04,176 - SessionLogger - INFO - [sim_FSM_P1_M-ELE-002_b7cb10] Teacher: 好的，我理解你的坚持。咱们今天先聊到这里，这个问题先放一放，辛苦啦！
2026-04-15 10:00:04,176 - SessionLogger - INFO - [sim_FSM_P1_M-ELE-002_b7cb10] Session finished. Reason: aborted
2026-04-15 10:00:04,176 - SessionLogger - INFO - [sim_FSM_P1_M-BUO-001_ede0c0] Starting session
2026-04-15 10:00:04,176 - SessionLogger - INFO - Initialized Session sim_FSM_P1_M-BUO-001_ede0c0 on Unknown for Unknown with version FSM+Guardrail
2026-04-15 10:00:04,954 - SessionLogger - INFO - [sim_FSM_P1_M-BUO-001_ede0c0] Student Opening: 老师，我觉得重的东西肯定沉，轻的东西肯定浮，这不是很明显吗？
2026-04-15 10:00:04,971 - SessionLogger - INFO - [sim_Baseline_P3_M-ELE-002_403ae1] Teacher: 没错，只有形成闭合的“圈”，电荷才能持续循环流动。那你现在打算怎么连接那根悬空的线，让电流能顺利“跑”回负极呢？
2026-04-15 10:00:05,910 - SessionLogger - INFO - [sim_FSM+Guardrail_P1_M-ELE-002_bdad39] Teacher: 我完全理解你的想法，这个点确实非常绕。咱们今天先不争论这个，下次找个真实的实验器材亲自试一试，怎么样？
2026-04-15 10:00:06,454 - SessionLogger - INFO - [sim_Baseline_P3_M-ELE-002_403ae1] Student: 噢！所以我得把灯泡另一头也连到电池负极，让它变成一个圆圈？这样电就能一直转圈圈不让它“堵车”了？
2026-04-15 10:00:07,416 - SessionLogger - INFO - [sim_FSM_P3_M-ELE-002_f1ba82] Teacher: 如果电只进不出，就像往一个没有出口的房间里不断塞人，你觉得灯泡里的“电”很快就会被塞满而停止流动，还是能一直源源不断地流进去？
2026-04-15 10:00:08,916 - SessionLogger - INFO - [sim_FSM_P3_M-ELE-002_f1ba82] Student: 呃……塞满？可是电看不见摸不着的，怎么会像人一样堵住呢？
我还是觉得只要连着正极，电就能一直供上去让灯亮着。
2026-04-15 10:00:10,052 - SessionLogger - INFO - [sim_FSM+Guardrail_P1_M-ELE-002_bdad39] Student: 试就试，反正我觉得是你没讲清楚原理。别想糊弄过去，我坚信只要连上一头电就能流出来。
2026-04-15 10:00:11,964 - SessionLogger - INFO - [sim_Baseline_P3_M-ELE-002_403ae1] Teacher: 对，这就是闭合回路。现在路通了，你觉得如果我把中间某处的导线剪断，灯泡还会亮吗？为什么？
2026-04-15 10:00:12,126 - SessionLogger - INFO - [sim_Baseline_P1_M-BUO-001_b0c096] Teacher: 那你看，一艘巨大的钢铁轮船重达几万吨，它能浮在海面上；可是一颗小小的铁钉才几克重，扔进水里却沉底了。这又该怎么解释呢？
2026-04-15 10:00:12,981 - SessionLogger - INFO - [sim_Baseline_P3_M-ELE-002_403ae1] Student: 肯定不亮了呀，因为路断了，电就没法“跑圈”回去了。就像水管被剪断，水流不过去，灯泡自然就灭了。
2026-04-15 10:00:14,307 - SessionLogger - INFO - [sim_Baseline_P1_M-BUO-001_b0c096] Student: 那肯定是因为轮船太大了，水把它托住了呗。反正铁钉那么轻都沉了，说明只要够重或者够实诚的东西就会沉，轮船那是特例。
2026-04-15 10:00:17,230 - SessionLogger - INFO - [sim_FSM_P1_M-BUO-001_ede0c0] Teacher: 那请你想想，一艘几万吨重的钢铁巨轮能浮在海面上，而一枚轻轻的回形针丢进水里却会沉底，这又该怎么解释呢？
2026-04-15 10:00:18,578 - SessionLogger - INFO - [sim_FSM+Guardrail_P1_M-ELE-002_bdad39] Teacher: 好的，我理解你的坚持。咱们今天先聊到这里，这个问题先放一放，辛苦啦！
2026-04-15 10:00:18,578 - SessionLogger - INFO - [sim_FSM+Guardrail_P1_M-ELE-002_bdad39] Session finished. Reason: aborted
2026-04-15 10:00:18,578 - SessionLogger - INFO - [sim_FSM+Guardrail_P1_M-BUO-001_a6fa43] Starting session
2026-04-15 10:00:18,578 - SessionLogger - INFO - Initialized Session sim_FSM+Guardrail_P1_M-BUO-001_a6fa43 on Unknown for Unknown with version FSM+Guardrail
2026-04-15 10:00:20,526 - SessionLogger - INFO - [sim_FSM+Guardrail_P1_M-BUO-001_a6fa43] Student Opening: 老师，我觉得重的东西肯定沉下去，轻的东西才会浮起来，这不是很明显吗？
2026-04-15 10:00:20,539 - SessionLogger - INFO - [sim_FSM_P1_M-BUO-001_ede0c0] Student: 那……那是船里面是空的嘛，跟实心的铁块不一样。回形针虽然轻，但它是实心的铁，所以肯定沉啊。
2026-04-15 10:00:20,543 - SessionLogger - INFO - [sim_Baseline_P3_M-ELE-002_403ae1] Teacher: 你说得很对，这就是我们常说的“断路”。

那如果我不想剪断电线，而是想随时控制灯泡的亮和灭，你觉得可以在电路里加个什么样的小装置来实现这个“开关”的功能呢？
2026-04-15 10:00:20,544 - SessionLogger - INFO - [sim_Baseline_P3_M-ELE-002_403ae1] Extending max_turns by 3 because cognitive_state is '新概念探索'
2026-04-15 10:00:20,562 - SessionLogger - INFO - [sim_Baseline_P1_M-BUO-001_b0c096] Teacher: 既然你说“大”是关键，那如果把这块能浮起来的钢铁揉成一个实心小铁球，它还会浮着吗？这时候它的重量可一点没变哦。
2026-04-15 10:00:21,426 - SessionLogger - INFO - [sim_FSM+Guardrail_P3_M-ELE-002_abd09a] Teacher: 这个想法很直觉，毕竟我们常说电流从正极出发。但你想过没有，如果电荷只从正极流到灯泡却 nowhere to go（无处可去），它们会不会在灯泡里越积越多？
2026-04-15 10:00:22,307 - SessionLogger - INFO - [sim_Baseline_P3_M-ELE-002_403ae1] Student: 是不是那种像桥一样的开关？把它放上去路就通了，拿开路就断了，这样我就能控制电能不能“跑圈”了？
2026-04-15 10:00:24,701 - SessionLogger - INFO - [sim_Baseline_P1_M-BUO-001_b0c096] Student: 那肯定会沉啊，变成实心球就挤在一起了嘛。我都说了重的会沉，揉成球虽然重量没变，但它变小变紧了，当然就沉下去了。
2026-04-15 10:00:24,939 - SessionLogger - INFO - [sim_FSM_P3_M-ELE-002_f1ba82] Teacher: 确实，电荷看不见，这很抽象。但你可以想想，如果电流真的只从正极“发射”出来却不回去，电池里的电是不是瞬间就“漏光”了，根本没法持续亮？
2026-04-15 10:00:25,251 - SessionLogger - INFO - [sim_FSM+Guardrail_P3_M-ELE-002_abd09a] Student: 啊？会积起来吗……可是电不是像光一样，照到了就亮了吗？我不太明白为什么会堵住。
2026-04-15 10:00:28,312 - SessionLogger - INFO - [sim_FSM_P3_M-ELE-002_f1ba82] Student: 漏光？可是电池里有好多电啊，应该够用一会儿吧……
而且它不回去，怎么就“漏”了呢？我还是不太明白这跟亮不亮有啥关系。
2026-04-15 10:00:32,528 - SessionLogger - INFO - [sim_Baseline_P1_M-BUO-001_b0c096] Teacher: 你看，重量明明完全没变，怎么刚才能浮，现在却沉了？这说明光看“重不重”够不够？
2026-04-15 10:00:33,053 - SessionLogger - INFO - [sim_FSM_P1_M-BUO-001_ede0c0] Teacher: 你说得对，船确实是空心的。但如果我们把这艘巨轮里的空气全部抽走，灌满水，让它变成和回形针一样“实心”的状态，你觉得它还会浮在水面上吗？
2026-04-15 10:00:34,352 - SessionLogger - INFO - [sim_Baseline_P1_M-BUO-001_b0c096] Student: 可是它形状变了呀，变成球就不一样了。我还是觉得重的东西容易沉，轮船能浮是因为它里面是空的，跟重量没关系吗？我不懂。
2026-04-15 10:00:35,286 - SessionLogger - INFO - [sim_FSM+Guardrail_P1_M-BUO-001_a6fa43] Teacher: 那我们来想个极端的例子：一艘巨大的钢铁轮船，它的重量比一枚小小的铁钉重成千上万倍。

按照“重的肯定沉”这个逻辑，这艘轮船是不是应该像石头一样瞬间沉到海底？
2026-04-15 10:00:35,383 - SessionLogger - INFO - [sim_FSM+Guardrail_P3_M-ELE-002_abd09a] Teacher: 这个类比很有趣，但光和电有一个关键区别：光是一种能量波，而电流其实是带电粒子的定向移动。

想象一下，如果有一条单行道，车子开进去后前面却是死胡同，后面的车还能继续开进来吗？
2026-04-15 10:00:36,994 - SessionLogger - INFO - [sim_FSM_P1_M-BUO-001_ede0c0] Student: 那肯定沉啊，灌了水它就变得超级重了嘛。我都说了，重的东西一定会沉下去的。
2026-04-15 10:00:37,536 - SessionLogger - INFO - [sim_FSM+Guardrail_P1_M-BUO-001_a6fa43] Student: 那肯定啊，钢铁那么重，轮船当然会沉。老师你是不是在逗我，船要是没漏气或者有什么特殊设计，光看重量它绝对沉底。
2026-04-15 10:00:39,535 - SessionLogger - INFO - [sim_FSM+Guardrail_P3_M-ELE-002_abd09a] Student: 嗯……如果前面堵死了，后面的车确实进不来。但是电池不是有“推力”吗？它不能把电硬塞进去让灯亮一下吗？
2026-04-15 10:00:40,907 - SessionLogger - INFO - [sim_Baseline_P1_M-BUO-001_b0c096] Teacher: 没错，形状确实变了。那你想想，同样是这块钢铁，做成空心的船和实心的球，它们占用的“空间大小”（也就是体积）一样吗？
2026-04-15 10:00:42,590 - SessionLogger - INFO - [sim_Baseline_P1_M-BUO-001_b0c096] Student: 当然不一样，船那么大，球那么小。但这跟沉浮有啥关系？反正铁就是重的，重的就该沉，体积大不就是占地方吗？
2026-04-15 10:00:43,860 - SessionLogger - INFO - [sim_FSM_P3_M-ELE-002_f1ba82] Teacher: 我们来做一个思想实验：如果电流真的像子弹一样，从正极“射”进灯泡就完成任务了，那为什么我们还需要用导线把灯泡的另一端连回电池的负极呢？
2026-04-15 10:00:45,797 - SessionLogger - INFO - [sim_FSM_P3_M-ELE-002_f1ba82] Student: 呃……那根线可能只是为了固定灯泡？或者是为了安全？
反正我觉得只要正极那边通电了，灯就应该亮啊，负极连不连好像没那么重要吧。
2026-04-15 10:00:48,549 - SessionLogger - INFO - [sim_Baseline_P1_M-BUO-001_b0c096] Teacher: 想象一下，当你把船按进水里时，是不是得把原本在那里的水“挤走”？

你觉得是那个巨大的空心船挤走的水多，还是那个小小的实心铁球挤走的水多？
2026-04-15 10:00:48,851 - SessionLogger - INFO - [sim_FSM+Guardrail_P1_M-BUO-001_a6fa43] Teacher: 可是，如果你去海边亲眼看看，那些由沉重钢铁制成的巨轮，明明是稳稳地浮在水面上的。

既然“重”必然导致“沉”，那为什么这艘比铁钉重无数倍的钢铁巨兽，反而没有像铁钉那样沉下去呢？
2026-04-15 10:00:49,549 - SessionLogger - INFO - [sim_FSM_P1_M-BUO-001_ede0c0] Teacher: 那我们换个角度想：如果把那枚轻飘飘的回形针捏成一个小碗的形状，让它能像船一样排开更多的水，你觉得它还能沉下去吗？
2026-04-15 10:00:51,476 - SessionLogger - INFO - [sim_Baseline_P1_M-BUO-001_b0c096] Student: 那肯定是船挤走的水多啊，因为它体积大嘛。但这又怎样？水被挤走了还是铁重啊，重的东西不管挤走多少水，最后不还是得沉底吗？
2026-04-15 10:00:52,704 - SessionLogger - INFO - [sim_FSM+Guardrail_P1_M-BUO-001_a6fa43] Student: 那……那肯定是因为船里面是空的，有空气撑着它。但这不代表我的观点错了，重的物体就是容易沉，只是船比较特殊而已。
2026-04-15 10:00:53,082 - SessionLogger - INFO - [sim_FSM_P1_M-BUO-001_ede0c0] Student: 回形针那么轻，捏成碗也还是轻啊，怎么可能浮起来？老师你别开玩笑了，轻的东西本来就该浮，重的才沉，跟形状有什么关系。
2026-04-15 10:00:55,315 - SessionLogger - INFO - [sim_FSM+Guardrail_P3_M-ELE-002_abd09a] Teacher: 电池的“推力”确实很大，但它推不动已经挤满的电荷。

既然你提到了“硬塞”，那我们来做个思想实验：如果电流真的能只进不出，你觉得灯泡里的电荷是应该像水流过水管那样“流过去”，还是像往一个密封瓶子里打气那样“堆起来”？
2026-04-15 10:00:55,557 - SessionLogger - INFO - [sim_FSM_P3_M-ELE-002_f1ba82] Teacher: 想象一下，如果电流真的像单行道上的车，只从正极开进灯泡就“消失”了，那电池里的电荷岂不是很快就会全部堆积在灯泡里，再也塞不进新的电荷了？
2026-04-15 10:00:56,736 - SessionLogger - INFO - [sim_FSM+Guardrail_P3_M-ELE-002_abd09a] Student: 应该是堆起来吧……可是如果堆起来，灯泡不是应该更亮吗？为什么反而不亮了？
2026-04-15 10:00:56,898 - SessionLogger - INFO - [sim_FSM_P3_M-ELE-002_f1ba82] Student: 堆积？可是电那么小，灯泡里应该能装下很多吧……
而且它们进去了不就干活发光了吗，干嘛还要挤在一起？
2026-04-15 10:00:59,972 - SessionLogger - INFO - [sim_Baseline_P1_M-BUO-001_b0c096] Teacher: 别急，水被挤走后并不会“认输”，它会反过来给物体一个向上的推力。

你想想，是那个小小的铁球排开的水重，还是巨大的轮船排开的水重？
2026-04-15 10:00:59,972 - SessionLogger - INFO - [sim_Baseline_P1_M-BUO-001_b0c096] Extending max_turns by 3 because cognitive_state is '新概念探索'
2026-04-15 10:01:01,709 - SessionLogger - INFO - [sim_Baseline_P1_M-BUO-001_b0c096] Student: 肯定是轮船排开的水重啊，毕竟它那么大。但这能说明什么？铁块本身的重量才是决定因素吧，水再重也是水，铁还是比水重啊。
2026-04-15 10:01:03,238 - SessionLogger - INFO - [sim_FSM_P1_M-BUO-001_ede0c0] Teacher: 这个现象确实很反直觉，因为我们习惯用“轻重”来预判沉浮。

我们先不谈回形针，只看那艘巨轮：如果它因为“太重”而注定要沉，那无论把它做成什么形状，它都应该沉底才对，可为什么做成空心就能浮起来呢？
2026-04-15 10:01:03,523 - SessionLogger - INFO - [sim_FSM+Guardrail_P1_M-BUO-001_a6fa43] Teacher: 这确实是个关键发现：船“空”的部分让它排开了更多的水。

那如果我们把这块实心的钢铁捏成一个小铁球，它比轮船轻得多，为什么这个小铁球反而会沉底，而重得多的空心轮船却能浮起来呢？
2026-04-15 10:01:04,752 - SessionLogger - INFO - [sim_FSM_P1_M-BUO-001_ede0c0] Student: 因为空心里面是空气啊，空气很轻，把整体重量拉低了嘛。只要够轻就能浮，这逻辑没毛病吧？
2026-04-15 10:01:06,019 - SessionLogger - INFO - [sim_FSM+Guardrail_P3_M-ELE-002_abd09a] Teacher: 如果电荷只是“堆”在灯丝里不流动，就像静止的水一样，你觉得它还能产生让灯丝发热的效果吗？
2026-04-15 10:01:06,942 - SessionLogger - INFO - [sim_FSM+Guardrail_P1_M-BUO-001_a6fa43] Student: 因为铁球是实心的啊，它没有空气帮忙。老师，你别老拿这种特例来说事，我就问你是不是重的东西更容易沉？
2026-04-15 10:01:08,034 - SessionLogger - INFO - [sim_FSM+Guardrail_P3_M-ELE-002_abd09a] Student: 呃……好像不行？摩擦才会生热，如果电荷都挤在那儿不动，确实没法“摩擦”灯丝。所以必须得让它们一直跑起来才行？
2026-04-15 10:01:12,570 - SessionLogger - INFO - [sim_Baseline_P3_M-ELE-002_403ae1] Teacher: 没错，开关就像一座可以随时搭建或拆除的“桥”。

那你想想，为了控制整个灯泡，这个“桥”应该架在电路的哪个位置才最有效呢？是必须紧挨着电池，还是放在灯泡旁边也可以？
2026-04-15 10:01:14,534 - SessionLogger - INFO - [sim_Baseline_P3_M-ELE-002_403ae1] Student: 应该放哪都行吧？反正只要这个“桥”断了，整个圈就断了，电在哪都过不去。
2026-04-15 10:01:14,775 - SessionLogger - INFO - [sim_FSM_P1_M-BUO-001_ede0c0] Teacher: 这听起来很有道理，但让我们做个极端的假设：如果我把那艘巨轮造得比一座山还大，里面依然充满空气，它的总重量肯定远超一枚小铁钉。按照“轻才浮、重必沉”的逻辑，这座“空气山”应该瞬间沉底，可现实中的超级油轮为什么能浮着？
2026-04-15 10:01:16,011 - SessionLogger - INFO - [sim_FSM+Guardrail_P1_M-BUO-001_a6fa43] Teacher: 这个现象确实反直觉，因为我们在生活中很少注意到“体积”对沉浮的影响，往往只盯着重量看。

那我们来做个对比：如果我把刚才那个会沉的小铁球，和一块比它轻得多的实心小木块同时放入水中，谁沉谁浮？
2026-04-15 10:01:16,395 - SessionLogger - INFO - [sim_FSM_P1_M-BUO-001_ede0c0] Student: 那……那可能是因为它太大了，水把它托住了？反正它肯定没有看起来那么重，不然早就沉了。
2026-04-15 10:01:16,848 - SessionLogger - INFO - [sim_FSM_P3_M-ELE-002_f1ba82] Teacher: 但在真实的物理实验中，如果你只把灯泡的一端按在电池正极，另一端完全悬空不碰任何东西，无论等多久，灯泡都**绝不会**发出一丝光亮。既然正极已经“通电”了，为什么它还是黑的？
2026-04-15 10:01:18,703 - SessionLogger - INFO - [sim_FSM_P3_M-ELE-002_f1ba82] Student: 啊？真的完全不亮吗……我还以为会稍微闪一下或者变暗呢。
那……是不是因为电“流”不动了？可是它为什么非要流回去才行啊？
2026-04-15 10:01:19,602 - SessionLogger - INFO - [sim_FSM+Guardrail_P1_M-BUO-001_a6fa43] Student: 木块轻，所以木块浮；铁球重，所以铁球沉。这正好证明了我的观点：重的沉，轻的浮，没毛病啊。
2026-04-15 10:01:20,768 - SessionLogger - INFO - [sim_FSM+Guardrail_P3_M-ELE-002_abd09a] Teacher: 没错，只有持续流动的电荷才能让灯丝发热发光。

那么，为了让这些电荷能“一直跑起来”而不是在半路堵住，电路的连接方式需要满足什么条件？
2026-04-15 10:01:21,050 - SessionLogger - INFO - [sim_Baseline_P3_M-ELE-002_403ae1] Teacher: 你的直觉很准！在这样一个简单的单回路里，开关确实放在哪都能控制全局。

那如果我把两个灯泡首尾相连串在一起（串联），你觉得这时候开关的位置还会影响它同时控制两个灯泡的效果吗？
2026-04-15 10:01:22,600 - SessionLogger - INFO - [sim_FSM+Guardrail_P3_M-ELE-002_abd09a] Student: 是不是得让电荷有个地方能“跑出去”？就像水管得有出口，水才能一直流？
2026-04-15 10:01:22,698 - SessionLogger - INFO - [sim_Baseline_P3_M-ELE-002_403ae1] Student: 应该也不影响吧？毕竟路还是只有一条，只要“桥”断了，后面的电肯定也都过不去了呀。
2026-04-15 10:01:26,612 - SessionLogger - INFO - [sim_FSM_P1_M-BUO-001_ede0c0] Teacher: “水把它托住”这个感觉很敏锐，但这股向上的托力（浮力）到底是由什么决定的呢？

试想一下，如果你把一个实心铁块和一个同样大小的空心铁盒分别按入水中，谁排开的水更多，谁感受到的向上托力会更大？
2026-04-15 10:01:26,612 - SessionLogger - INFO - [sim_FSM_P1_M-BUO-001_ede0c0] Extending max_turns by 3 because cognitive_state is '新概念探索'
2026-04-15 10:01:28,366 - SessionLogger - INFO - [sim_FSM_P1_M-BUO-001_ede0c0] Student: 体积一样大，排开的水肯定也一样多啊，那托力能有什么区别？
别绕圈子了，我就问您，实心铁块那么重都沉了，空心铁盒就算托力大点，它能抵消得了重量吗？
2026-04-15 10:01:28,651 - SessionLogger - INFO - [sim_Baseline_P3_M-ELE-002_403ae1] Teacher: 没错，串联电路就像一根绳子，剪断任何一处，整根绳子都断了。

那如果我把两个灯泡“并排”连在电池两端（并联），这时候开关的位置还像刚才那样“放哪都行”吗？
2026-04-15 10:01:30,463 - SessionLogger - INFO - [sim_Baseline_P3_M-ELE-002_403ae1] Student: 嗯……并联的话路变多了吧？那开关是不是得放在电池刚出来的地方才行？不然只断了一条路，另一条路电不还能过去吗？
2026-04-15 10:01:33,011 - SessionLogger - INFO - [sim_FSM+Guardrail_P1_M-BUO-001_a6fa43] Teacher: 这听起来很符合直觉，但如果“轻”就一定浮，那为什么一枚小小的、很轻的回形针扔进水里会立刻沉底，而一大块沉重的木头却能浮在水面上呢？
2026-04-15 10:01:34,402 - SessionLogger - INFO - [sim_FSM+Guardrail_P1_M-BUO-001_a6fa43] Student: 回形针那是太小了，而且它是金属做的，金属肯定沉。木头虽然大，但它轻啊，所以能浮。我还是觉得重量才是关键。
2026-04-15 10:01:35,791 - SessionLogger - INFO - [sim_Baseline_P3_M-ELE-002_403ae1] Teacher: 你说得很对，放在“总路口”确实能管住所有支路。

那如果我把开关移到其中一条支路上，你觉得这时候它还能控制另一个支路上的灯泡吗？
2026-04-15 10:01:35,854 - SessionLogger - INFO - [sim_FSM+Guardrail_P3_M-ELE-002_abd09a] Teacher: 这个类比很形象。如果电荷从电池一端出来，经过灯泡后没有路回到另一端，你觉得这条“水路”算是通的还是断的？
2026-04-15 10:01:35,855 - SessionLogger - INFO - [sim_FSM+Guardrail_P3_M-ELE-002_abd09a] Extending max_turns by 3 because cognitive_state is '新概念探索'
2026-04-15 10:01:37,149 - SessionLogger - INFO - [sim_Baseline_P3_M-ELE-002_403ae1] Student: 那肯定不行啊，那条路都断了，电怎么过去？但另一条路不是好好的吗，那边的灯泡应该还会亮吧？
2026-04-15 10:01:39,768 - SessionLogger - INFO - [sim_FSM+Guardrail_P3_M-ELE-002_abd09a] Student: 那应该是断的吧？就像水管只接了一头，水肯定流不动。所以……必须得把两头都连上，形成一个圈才行？
2026-04-15 10:01:41,774 - SessionLogger - INFO - [sim_Baseline_P3_M-ELE-002_403ae1] Teacher: 没错，支路开关只管自己那一“岔”。

那如果我想用一个开关同时控制这两条支路上的灯泡，这个开关应该装在电路的哪个位置呢？
2026-04-15 10:01:43,518 - SessionLogger - INFO - [sim_Baseline_P3_M-ELE-002_403ae1] Student: 那就是装在电池刚出来的地方呗？只要在那儿把电“截住”，后面分出去的路就都没电了，两个灯应该就都灭了。
2026-04-15 10:01:46,068 - SessionLogger - INFO - [sim_FSM+Guardrail_P1_M-BUO-001_a6fa43] Teacher: 你说金属肯定沉，但你看那艘巨大的钢铁轮船，它也是金属做的，重量更是回形针的亿万倍，为什么它却能稳稳地浮在水面上，而不是像回形针那样沉下去呢？
2026-04-15 10:01:48,632 - SessionLogger - INFO - [sim_Baseline_P1_M-BUO-001_b0c096] Teacher: 如果水给你的向上推力，比铁船自身的重力还要大，你觉得船还会往下沉吗？

试着比较一下：是“排开的水重”（也就是浮力）大，还是“船本身的重量”大？
2026-04-15 10:01:48,863 - SessionLogger - INFO - [sim_FSM+Guardrail_P1_M-BUO-001_a6fa43] Student: 那船里面是空的啊，里面有空气，空气轻所以能浮起来。回形针是实心的，没有空气帮它，当然就沉了。
2026-04-15 10:01:52,607 - SessionLogger - INFO - [sim_Baseline_P1_M-BUO-001_b0c096] Student: 那肯定是船本身的重量大啊，不然它怎么会停在水面上不飞起来？反正铁就是重，重的东西怎么可能被水托住，这不符合常识。
2026-04-15 10:01:58,304 - SessionLogger - INFO - [sim_Baseline_P1_M-BUO-001_b0c096] Teacher: 如果船真的比水给的推力重，它应该一直沉到海底才对，怎么会停在水面上呢？

既然它静止在水面没动，你觉得这时候“向下的重力”和“向上的浮力”到底是什么关系？
2026-04-15 10:02:02,207 - SessionLogger - INFO - [sim_Baseline_P1_M-BUO-001_b0c096] Student: 因为它没沉到底啊，水底有支持力托着它呢。反正铁就是重，重的东西肯定是要往下掉的，跟那个什么浮力没关系。
2026-04-15 10:02:05,981 - SessionLogger - INFO - [sim_FSM_P3_M-ELE-002_f1ba82] Teacher: 想象一下游乐场的环形过山车，如果轨道在终点前断开了，后面的车还能继续开出来吗？
2026-04-15 10:02:08,515 - SessionLogger - INFO - [sim_Baseline_P1_M-BUO-001_b0c096] Teacher: 轮船可是漂在海面上的，根本没碰到底部，哪来的支持力呢？

既然没沉底也没飞起来，说明它受力平衡了。这时候，是谁在向上托着这万吨巨轮？
2026-04-15 10:02:08,630 - SessionLogger - INFO - [sim_FSM_P3_M-ELE-002_f1ba82] Student: 哦……如果轨道断了，后面的车确实会被堵住，开不出来。
所以你的意思是，电池里的电也像过山车一样，必须得有个圈让它转回来，不然前面的也动不了？
2026-04-15 10:02:13,287 - SessionLogger - INFO - [sim_Baseline_P1_M-BUO-001_b0c096] Student: 没碰到底部？那肯定是水把它托住了呗。但水能托住那么重的铁，不还是因为船排开的水多吗？可归根结底，铁块本身那么重，这才是它想下沉的原因啊。
2026-04-15 10:02:18,397 - SessionLogger - INFO - [sim_Baseline_P1_M-BUO-001_b0c096] Teacher: 你说得对，重力确实是想把它往下拉。

但既然水能托住它，说明向上的力也不小。你觉得是“船排开的那部分水的重量”大，还是“船本身的重量”大，才能让它浮起来？
2026-04-15 10:02:22,216 - SessionLogger - INFO - [sim_Baseline_P1_M-BUO-001_b0c096] Student: 肯定是船本身的重量大啊，船是铁做的，水那么轻，排开的那点水怎么可能比整艘船还重？重的东西就是要沉，这是常识。
2026-04-15 10:02:34,487 - SessionLogger - INFO - [sim_FSM+Guardrail_P3_M-ELE-002_abd09a] Teacher: 没错，这个“圈”就是关键。

你能试着描述一下，在这个圈里，电荷具体是从电池的哪一端出发，经过哪些部件，最后又回到了哪里吗？
2026-04-15 10:02:34,488 - SessionLogger - INFO - [sim_FSM+Guardrail_P3_M-ELE-002_abd09a] Session finished. Reason: resolved
2026-04-15 10:02:34,488 - SessionLogger - INFO - [sim_Baseline_P2_M-BUO-001_d32093] Starting session
2026-04-15 10:02:34,488 - SessionLogger - INFO - Initialized Session sim_Baseline_P2_M-BUO-001_d32093 on Unknown for Unknown with version FSM+Guardrail
2026-04-15 10:02:35,903 - SessionLogger - INFO - [sim_Baseline_P2_M-BUO-001_d32093] Student Opening: 老师，我觉得重的东西肯定会沉下去，轻的东西才会浮起来，毕竟铁块那么重一下就沉底了，而羽毛那么轻就能漂在水面上嘛。
2026-04-15 10:02:35,907 - SessionLogger - INFO - [sim_FSM_P1_M-BUO-001_ede0c0] Teacher: 你说得对，如果把它们都完全按进水里，因为占据的空间（排开水的体积）一样，水给的向上托力确实是一样大的。

既然向上的托力没变，那把铁块做成空心后，是哪个力变小了，才让它有机会不再沉底呢？
2026-04-15 10:02:35,910 - SessionLogger - INFO - [sim_Baseline_P3_M-ELE-002_403ae1] Teacher: 没错，这就是“干路”开关的作用。

那如果我把这个总开关断开，你觉得此时两条支路上还有电流流过吗？
2026-04-15 10:02:35,930 - SessionLogger - INFO - [sim_Baseline_P1_M-BUO-001_b0c096] Teacher: 如果船比排开的水重，那合力应该是向下的，船就会一直加速下沉，根本停不住。

既然船稳稳地浮在水面，说明向上的力和向下的力必须相等。你再想想，这时候“排开的水重”和“船重”到底是什么关系？
2026-04-15 10:02:39,288 - SessionLogger - INFO - [sim_Baseline_P3_M-ELE-002_403ae1] Student: 没有了吧？开关都断开了，电都被挡在门口进不来，后面的路肯定就没电流了呀。
2026-04-15 10:02:39,595 - SessionLogger - INFO - [sim_Baseline_P1_M-BUO-001_b0c096] Student: 那肯定是相等的啊，不然船不就动了吗？但这只能说明水托住了它，不能改变铁比水重、重物必沉的事实吧。
2026-04-15 10:02:39,599 - SessionLogger - INFO - [sim_FSM_P1_M-BUO-001_ede0c0] Student: 做成空心也没把铁拿走啊，重量怎么可能变小？
您别忽悠我了，铁还是那些铁，重就是重，轻就是轻，这跟形状有什么关系？
2026-04-15 10:02:42,359 - SessionLogger - INFO - [sim_FSM_P3_M-ELE-002_f1ba82] Teacher: 没错，如果电荷只进不出，电池内部很快就会因为“拥堵”而无法再推出新的电荷。那么，为了让电流能持续不断地流动，电路在结构上必须满足什么条件？
2026-04-15 10:02:42,806 - SessionLogger - INFO - [sim_FSM+Guardrail_P1_M-BUO-001_a6fa43] Teacher: 确实，船的内部结构改变了它整体的性质。

那如果我们把这块能浮起来的实心木块，用刀切成只有回形针那么小的一小块，再把它放进水里，你觉得这一小块木头会沉下去吗？
2026-04-15 10:02:44,628 - SessionLogger - INFO - [sim_FSM+Guardrail_P1_M-BUO-001_a6fa43] Student: 肯定浮啊，木头就是轻嘛。不管切多小，它还是木头，还是轻的，轻的东西当然会浮。
2026-04-15 10:02:45,260 - SessionLogger - INFO - [sim_FSM_P3_M-ELE-002_f1ba82] Student: 所以……必须得是个圈？
也就是说，导线得把电池的正极和负极都连起来，让电有路可以“回家”，它才能一直跑？
2026-04-15 10:02:45,720 - SessionLogger - INFO - [sim_Baseline_P2_M-BUO-001_d32093] Teacher: 那艘几万吨重的钢铁轮船为什么能浮在海面上，而一颗小小的石子却会沉下去呢？
2026-04-15 10:02:47,672 - SessionLogger - INFO - [sim_Baseline_P2_M-BUO-001_d32093] Student: 呃……轮船虽然重，但它很大很空啊，跟实心的石子不一样吧？但这也不能说明轻的东西就一定浮呀，我还是觉得重量是关键。
2026-04-15 10:02:48,149 - SessionLogger - INFO - [sim_Baseline_P3_M-ELE-002_403ae1] Teacher: 没错，源头断了，后面自然都没电流。

那如果我把这个总开关重新闭合，你觉得这两条支路上的灯泡是同时亮，还是有先后顺序呢？
2026-04-15 10:02:49,273 - SessionLogger - INFO - [sim_Baseline_P3_M-ELE-002_403ae1] Student: 应该是同时亮吧？电从电池出来一下子就到了，难道还会先跑去远的地方再回来吗？
2026-04-15 10:02:49,273 - SessionLogger - INFO - [sim_Baseline_P3_M-ELE-002_403ae1] Session finished. Reason: max_turns_reached
2026-04-15 10:02:49,274 - SessionLogger - INFO - [sim_FSM_P2_M-BUO-001_5a14bb] Starting session
2026-04-15 10:02:49,274 - SessionLogger - INFO - Initialized Session sim_FSM_P2_M-BUO-001_5a14bb on Unknown for Unknown with version FSM+Guardrail
2026-04-15 10:02:50,356 - SessionLogger - INFO - [sim_FSM_P2_M-BUO-001_5a14bb] Student Opening: 老师，我觉得只要东西够重就肯定会沉底吧，毕竟轻的东西像泡沫才能浮起来呀。
2026-04-15 10:02:51,098 - SessionLogger - INFO - [sim_FSM_P1_M-BUO-001_ede0c0] Teacher: “做成空心”这个操作，恰恰意味着你从中间挖走了一部分铁，只留下了外壳。

如果铁的总量变少了，那这个空心盒子的总重量，比起原来的实心铁块，是变大了还是变小了？
2026-04-15 10:02:52,470 - SessionLogger - INFO - [sim_Baseline_P2_M-BUO-001_d32093] Teacher: 你说得对，轮船确实很“空”。那如果我们把那块能浮在水面的木头，切下指甲盖大小的一小块，它还会浮起来吗？
2026-04-15 10:02:53,929 - SessionLogger - INFO - [sim_FSM_P1_M-BUO-001_ede0c0] Student: 挖走了铁，重量肯定是变小了啊，这谁不知道。
但就算变轻了，它不还是铁做的吗？只要还够重，照样得沉底，跟是不是空心没关系。
2026-04-15 10:02:55,009 - SessionLogger - INFO - [sim_FSM+Guardrail_P1_M-BUO-001_a6fa43] Teacher: 我完全理解你的想法，这个点确实非常绕。咱们今天先不争论这个，下次找个真实的实验器材亲自试一试，怎么样？
2026-04-15 10:02:55,503 - SessionLogger - INFO - [sim_Baseline_P2_M-BUO-001_d32093] Student: 应该会浮吧……毕竟它还是木头做的，重量变轻了肯定更容易浮起来？
2026-04-15 10:03:03,791 - SessionLogger - INFO - [sim_FSM_P3_M-ELE-002_f1ba82] Teacher: 没错，这个“圈”就是关键。现在请你试着描述一下：为了让灯泡持续发光，电流具体是从电池的哪一端出发，经过哪些地方，最后又回到了哪里？
2026-04-15 10:03:03,791 - SessionLogger - INFO - [sim_FSM_P3_M-ELE-002_f1ba82] Session finished. Reason: resolved
2026-04-15 10:03:03,792 - SessionLogger - INFO - [sim_FSM+Guardrail_P2_M-BUO-001_690f5b] Starting session
2026-04-15 10:03:03,792 - SessionLogger - INFO - Initialized Session sim_FSM+Guardrail_P2_M-BUO-001_690f5b on Unknown for Unknown with version FSM+Guardrail
2026-04-15 10:03:05,173 - SessionLogger - INFO - [sim_FSM+Guardrail_P2_M-BUO-001_690f5b] Student Opening: 老师，我觉得判断物体沉浮很简单啊，只要看重量就行了，重的东西肯定沉底，轻的东西才会浮在水面上吧？
2026-04-15 10:03:05,176 - SessionLogger - INFO - [sim_FSM+Guardrail_P1_M-BUO-001_a6fa43] Student: 试就试，反正我觉得轻的肯定浮。你别想糊弄我，结果出来你就知道了。
2026-04-15 10:03:08,728 - SessionLogger - INFO - [sim_Baseline_P2_M-BUO-001_d32093] Teacher: 没错，小木块确实会浮。那如果我把一根很轻的缝衣针轻轻放在水面上，它比小木块轻多了，你觉得它会像木块一样稳稳地浮着，还是会沉下去？
2026-04-15 10:03:10,526 - SessionLogger - INFO - [sim_FSM_P2_M-BUO-001_5a14bb] Teacher: 那如果按照这个逻辑，一艘由钢铁制成、重达几万吨的巨型轮船，是不是应该瞬间沉到海底去呢？
2026-04-15 10:03:10,529 - SessionLogger - INFO - [sim_FSM_P1_M-BUO-001_ede0c0] Teacher: 这个质疑很有力，确实，只要比水“重”，铁似乎就该沉。

但请回想一下刚才的推论：当盒子完全浸没时，它受到的向上托力和实心铁块是一样大的。如果挖走铁之后，盒子的总重量变得**小于**这个向上的托力，你觉得它还会乖乖沉在底部吗？
2026-04-15 10:03:13,598 - SessionLogger - INFO - [sim_Baseline_P2_M-BUO-001_d32093] Student: 针那么轻，肯定也会浮着吧？毕竟它比刚才那个小木块还要轻很多呢。
2026-04-15 10:03:13,978 - SessionLogger - INFO - [sim_FSM_P2_M-BUO-001_5a14bb] Student: 呃……可是轮船确实浮在水面上啊。但这肯定是因为它里面是空的，所以实际上没那么“重”吧？
2026-04-15 10:03:14,742 - SessionLogger - INFO - [sim_FSM_P1_M-BUO-001_ede0c0] Student: 重量怎么可能小于那个托力？铁就是铁，再怎么挖也是沉甸甸的。
您这假设根本不成立，重物肯定比水的托力大，所以它必须沉。
2026-04-15 10:03:16,253 - SessionLogger - INFO - [sim_FSM+Guardrail_P1_M-BUO-001_a6fa43] Teacher: 好的，我理解你的坚持。咱们今天先聊到这里，这个问题先放一放，辛苦啦！
2026-04-15 10:03:16,253 - SessionLogger - INFO - [sim_FSM+Guardrail_P1_M-BUO-001_a6fa43] Session finished. Reason: aborted
2026-04-15 10:03:16,253 - SessionLogger - INFO - [sim_Baseline_P3_M-BUO-001_07bca5] Starting session
2026-04-15 10:03:16,253 - SessionLogger - INFO - Initialized Session sim_Baseline_P3_M-BUO-001_07bca5 on Unknown for Unknown with version FSM+Guardrail
2026-04-15 10:03:17,686 - SessionLogger - INFO - [sim_Baseline_P3_M-BUO-001_07bca5] Student Opening: 老师，为什么大轮船那么重都能浮在水面上，而我手里这块小石头明明轻得多，却一下子就沉底了？
2026-04-15 10:03:19,623 - SessionLogger - INFO - [sim_Baseline_P2_M-BUO-001_d32093] Teacher: 你可以试着在家做个小实验看看。如果针沉下去了，这就说明光看“轻不轻”好像不太够，你觉得除了重量，还可能跟什么有关？
2026-04-15 10:03:21,005 - SessionLogger - INFO - [sim_FSM+Guardrail_P2_M-BUO-001_690f5b] Teacher: 这听起来很符合直觉，但试想一下：一枚小小的铁钉很轻，却会沉入水底；而一艘由钢铁制成、重达几万吨的巨轮，却能稳稳地浮在海面上。

如果“越重越容易沉”是绝对真理，那你该如何解释这艘比铁钉重亿万倍的轮船反而浮起来了呢？
2026-04-15 10:03:21,687 - SessionLogger - INFO - [sim_Baseline_P2_M-BUO-001_d32093] Student: 啊？针真的会沉吗……那看来光看重量确实不对。是不是跟它的形状或者大小也有关系呀？
2026-04-15 10:03:24,570 - SessionLogger - INFO - [sim_FSM+Guardrail_P2_M-BUO-001_690f5b] Student: 呃……这确实有点奇怪，铁钉那么轻都沉了，轮船那么重反而浮着。难道是因为轮船特别大，所以水把它托住了？
2026-04-15 10:03:24,914 - SessionLogger - INFO - [sim_FSM_P2_M-BUO-001_5a14bb] Teacher: 这听起来很有道理，但我们要区分“轻”和“密度小”。

想象一下，如果把那艘几万吨的轮船里的空气全部抽走，换成同样体积的实心铁块，它的重量会增加几千倍。

按照你刚才“够重就肯定沉”的逻辑，这个实心的大铁块会怎么样？而现在的空心轮船又为什么能浮着呢？
2026-04-15 10:03:25,244 - SessionLogger - INFO - [sim_FSM_P1_M-BUO-001_ede0c0] Teacher: 这确实很反直觉，毕竟铁在我们印象里总是“沉甸甸”的。

但如果我们把这块铁压成一张极薄极薄的铁皮，做成一个很大的盒子，让它排开的水变得非常多，这时候水向上的托力也会跟着变大。

你觉得，是铁的重量增加得快，还是它排开水的体积（也就是获得的托力）增加得快？
2026-04-15 10:03:25,969 - SessionLogger - INFO - [sim_Baseline_P3_M-BUO-001_07bca5] Teacher: 你觉得如果把那块小石头捏成碗状或者做成空心的盒子，再轻轻放在水面上，结果会一样吗？
2026-04-15 10:03:26,819 - SessionLogger - INFO - [sim_FSM_P2_M-BUO-001_5a14bb] Student: 实心铁块肯定会沉，这我同意。但轮船能浮着……难道是因为它虽然重，但因为体积大，所以“平均”下来就没那么重了？
2026-04-15 10:03:27,196 - SessionLogger - INFO - [sim_FSM_P1_M-BUO-001_ede0c0] Student: 铁就是铁，压成薄片它还是那么重啊，重量根本没变。
您老说托力变大，可只要东西够重，它就肯定得沉下去，这道理怎么会变呢？
2026-04-15 10:03:28,723 - SessionLogger - INFO - [sim_Baseline_P2_M-BUO-001_d32093] Teacher: 没错，形状确实很关键。那如果把这块实心的铁块敲打成薄薄的铁皮，再做成一个碗的形状扣在水面上，你觉得它还会沉吗？
2026-04-15 10:03:29,396 - SessionLogger - INFO - [sim_Baseline_P1_M-BUO-001_b0c096] Teacher: 没错，受力平衡时两者确实相等。

但你想过没，实心铁块排开的水很少，根本“凑不够”和它自己一样重的水；而轮船把体积撑大后，排开的水变多了，是不是就能“凑够”那个重量了？
2026-04-15 10:03:29,603 - SessionLogger - INFO - [sim_Baseline_P3_M-BUO-001_07bca5] Student: 应该还是会沉吧？毕竟石头的重量一点都没变呀，重的东西不管什么形状不都应该往下掉吗？
2026-04-15 10:03:29,837 - SessionLogger - INFO - [sim_Baseline_P2_M-BUO-001_d32093] Student: 咦？可是铁还是很重啊，做成碗状难道就能改变它的重量吗？我还是觉得它应该会沉下去吧……
2026-04-15 10:03:30,993 - SessionLogger - INFO - [sim_Baseline_P1_M-BUO-001_b0c096] Student: 可是铁就是铁啊，把它弄成空心的它还是那么重。重的东西就是要沉，你把体积变大有什么用，重量又没变轻。
2026-04-15 10:03:33,758 - SessionLogger - INFO - [sim_Baseline_P2_M-BUO-001_d32093] Teacher: 重量确实没变，但你想过没有，做成碗状后，它排开的水的体积是变大了还是变小了？
2026-04-15 10:03:33,758 - SessionLogger - INFO - [sim_Baseline_P2_M-BUO-001_d32093] Extending max_turns by 3 because cognitive_state is '新概念探索'
2026-04-15 10:03:33,799 - SessionLogger - INFO - [sim_Baseline_P3_M-BUO-001_07bca5] Teacher: 重量确实没变，但形状改变后，它排开水的体积变大了还是变小了？

想想看，如果排开的水越多，水给它的向上托力（浮力）是会变大还是变小呢？
2026-04-15 10:03:35,338 - SessionLogger - INFO - [sim_Baseline_P3_M-BUO-001_07bca5] Student: 排开的水变多了……所以托力会变大？可是老师，光靠这点“托力”真的能抵消石头那么重的重量吗？我还是觉得有点悬。
2026-04-15 10:03:35,429 - SessionLogger - INFO - [sim_Baseline_P2_M-BUO-001_d32093] Student: 变成碗状的话……好像确实能“兜”住更多的水，排开的水变多了？
但这跟它浮起来有什么关系呢？我还是有点想不通。
2026-04-15 10:03:37,033 - SessionLogger - INFO - [sim_FSM_P1_M-BUO-001_ede0c0] Teacher: 你说得对，重量确实没变。

但既然重量不变，而水给的向上托力却随着体积变大而增加了，你觉得这时候“向下拉”的重力和“向上推”的托力，谁更有机会占上风？
2026-04-15 10:03:37,329 - SessionLogger - INFO - [sim_FSM+Guardrail_P2_M-BUO-001_690f5b] Teacher: 你的直觉很敏锐，确实和“大”有关，但这里的“大”具体是指它占据的空间（体积）大。

如果我们将那艘巨大的轮船压缩成一个实心的小铁块，它的重量完全没变，你觉得它还能浮在水面上吗？
2026-04-15 10:03:38,311 - SessionLogger - INFO - [sim_Baseline_P1_M-BUO-001_b0c096] Teacher: 重量确实没变，但“能排开的水的最大量”变了呀。

你试着把一块橡皮泥捏成实心球扔水里，再把它捏成碗状放水里，看看哪种情况它排开的水更多？
2026-04-15 10:03:39,683 - SessionLogger - INFO - [sim_FSM_P1_M-BUO-001_ede0c0] Student: 重力肯定占上风啊，因为它是铁做的，铁本来就比水重。
不管您怎么算托力，只要是重物，最后肯定还是得沉底，这是常识。
2026-04-15 10:03:40,145 - SessionLogger - INFO - [sim_Baseline_P3_M-BUO-001_07bca5] Teacher: 咱们换个角度想，如果这艘大轮船不是空心的，而是把同样的钢铁全部熔铸成一块实心的铁疙瘩，你觉得它还能浮起来吗？
2026-04-15 10:03:40,215 - SessionLogger - INFO - [sim_FSM+Guardrail_P2_M-BUO-001_690f5b] Student: 啊？如果压成实心小铁块，那肯定就沉下去了呀，毕竟铁比水重嘛。
所以……光看重量不行，还得看它占的地方有多大？
2026-04-15 10:03:41,677 - SessionLogger - INFO - [sim_FSM_P2_M-BUO-001_5a14bb] Teacher: 你提到的“平均下来没那么重”，其实就是在比较单位体积的重量（也就是密度）。

那我们可以做一个思想实验：如果把这块实心铁块敲打成一张极薄极薄的铁皮，做成一个碗的形状放进水里。

这时候它的重量完全没变，但因为它能排开更多的水，你觉得它还有可能浮起来吗？
2026-04-15 10:03:41,756 - SessionLogger - INFO - [sim_Baseline_P3_M-BUO-001_07bca5] Student: 那肯定沉了呀，实心铁块那么重，水哪托得住？所以……您的意思是，虽然重量没变，但因为它是空心的，所以“占的地方”大了，水给的力就变大了？
2026-04-15 10:03:41,854 - SessionLogger - INFO - [sim_Baseline_P1_M-BUO-001_b0c096] Student: 捏成碗状它确实浮起来了，但这肯定是因为形状变了运气好，跟排开多少水没关系。反正重的东西就是容易沉，轻的才浮，这道理没错。
2026-04-15 10:03:41,854 - SessionLogger - INFO - [sim_Baseline_P1_M-BUO-001_b0c096] Session finished. Reason: max_turns_reached
2026-04-15 10:03:41,854 - SessionLogger - INFO - [sim_FSM_P3_M-BUO-001_fd8284] Starting session
2026-04-15 10:03:41,854 - SessionLogger - INFO - Initialized Session sim_FSM_P3_M-BUO-001_fd8284 on Unknown for Unknown with version FSM+Guardrail
2026-04-15 10:03:43,298 - SessionLogger - INFO - [sim_FSM_P3_M-BUO-001_fd8284] Student Opening: 老师，为什么大轮船那么重还能浮在水面上，而我扔个小石子它就沉下去了，这不矛盾吗？
2026-04-15 10:03:43,302 - SessionLogger - INFO - [sim_FSM_P2_M-BUO-001_5a14bb] Student: 重量没变还能浮起来？这好像跟我之前想的“重了就会沉”有点矛盾……难道说，只要形状能排开足够多的水，重的东西也能浮？
2026-04-15 10:03:45,569 - SessionLogger - INFO - [sim_Baseline_P3_M-BUO-001_07bca5] Teacher: 没错，就是这个道理！

那你再想想，当这个“空心石头”排开的水的重量，刚好等于它自己的重量时，它会继续下沉，还是停在水面上呢？
2026-04-15 10:03:47,372 - SessionLogger - INFO - [sim_Baseline_P3_M-BUO-001_07bca5] Student: 既然水的托力已经等于它的重量了，那它应该就不会再往下沉了吧？感觉像是两边“扯平”了，所以它会停在那儿？
2026-04-15 10:03:49,210 - SessionLogger - INFO - [sim_FSM+Guardrail_P2_M-BUO-001_690f5b] Teacher: 没错，看来你发现了关键：不能只看总重量，还要看它“占据的空间”大小。

那么，如果我们要比较两个不同物体（比如一块木头和一个铁球）谁更容易浮起来，在比较它们的重量之前，你觉得我们应该先保证它们的什么条件相同，这样比较才公平？
2026-04-15 10:03:51,610 - SessionLogger - INFO - [sim_FSM+Guardrail_P2_M-BUO-001_690f5b] Student: 嗯……如果要公平比较的话，是不是得让它们体积一样大？
这样我就能看看，同样大小的东西，到底是重的沉还是轻的浮了。
2026-04-15 10:03:51,628 - SessionLogger - INFO - [sim_Baseline_P3_M-BUO-001_07bca5] Teacher: 没错，受力平衡时它就会静止。

那你观察一下停在水面上的船，它是完全浸没在水里，还是有一部分露在外面？这时候排开水的体积和船本身的总体积相比，哪个大？
2026-04-15 10:03:53,069 - SessionLogger - INFO - [sim_Baseline_P3_M-BUO-001_07bca5] Student: 我看船是有一部分露在水面上的，所以排开水的体积肯定比船本身的总体积小。但这……这跟我之前想的“重的就沉”好像有点对不上了？
2026-04-15 10:03:53,270 - SessionLogger - INFO - [sim_FSM_P2_M-BUO-001_5a14bb] Teacher: 没错，你抓住了关键！既然重量没变，那说明决定沉浮的不仅仅是向下的重力。

这时候，水对物体向上的托力（浮力）发生了什么变化，才让原本会沉的铁块“起死回生”了呢？
2026-04-15 10:03:54,840 - SessionLogger - INFO - [sim_FSM_P2_M-BUO-001_5a14bb] Student: 因为变成碗状后，它排开的水变多了，所以水给它的向上托力也变大了？那是不是只要这个向上的力大到能抵消重力，哪怕是很重的东西也能浮起来？
2026-04-15 10:03:57,304 - SessionLogger - INFO - [sim_Baseline_P3_M-BUO-001_07bca5] Teacher: 别急，咱们把“重”和“密度”区分开看看。

如果同样重的钢铁做成实心块，它排开的水的体积，会比现在这个空心大船排开的水的体积小还是大呢？
2026-04-15 10:03:57,304 - SessionLogger - INFO - [sim_Baseline_P3_M-BUO-001_07bca5] Extending max_turns by 3 because cognitive_state is '新概念探索'
2026-04-15 10:03:58,899 - SessionLogger - INFO - [sim_Baseline_P3_M-BUO-001_07bca5] Student: 实心的话体积小，那排开的水肯定也少啊。所以我之前觉得它沉，是因为实心时排开的水太少，托不住它？
2026-04-15 10:04:02,895 - SessionLogger - INFO - [sim_FSM+Guardrail_P2_M-BUO-001_690f5b] Teacher: 这个思路非常清晰。

那么，如果取一块和铁球**体积完全相同**的木块，把它们同时放入水中，你观察到谁会下沉，谁会上浮？这说明了在体积相同时，物体的轻重（或者说“实”的程度）对沉浮有什么影响？
2026-04-15 10:04:05,688 - SessionLogger - INFO - [sim_FSM+Guardrail_P2_M-BUO-001_690f5b] Student: 铁球会沉，木块会浮。
看来在体积一样的时候，确实是轻的（木头）浮，重的（铁）沉……但这不就是说“轻的浮”吗？那我之前的想法也没全错呀？
2026-04-15 10:04:08,114 - SessionLogger - WARNING - Structured NLU parsing failed, falling back to raw parsing: Failed to parse NLUOutput from completion {"intent": "Knowledge_Inquiry", "misconception_tag": "M-BUO-001", "cognitive_state": "困惑", "transition_approved": true, "reasoning": "学生提出了一个基于日常观察的疑问，隐含了‘重量决定沉浮’的错误概念（M-BUO-001）。虽然学生没有直接陈述错误观点，但其提问方式表明他正固守于‘重物应下沉’的直觉与‘大船浮起’的事实之间的矛盾中。在教学诊断阶段（S3），识别出学生持有的具体错误概念标签即可视为满足退出条件，以便进入后续的冲突构建或引导环节。", "sentiment": "困惑", "confidence": 0.9}. Got: 1 validation error for NLUOutput
cognitive_state
  Input should be '认知僵局', '固守错误概念', '认知冲突触发', '新概念探索' or '概念掌握验证' [type=literal_error, input_value='困惑', input_type=str]
    For further information visit https://errors.pydantic.dev/2.12/v/literal_error
For troubleshooting, visit: https://docs.langchain.com/oss/python/langchain/errors/OUTPUT_PARSING_FAILURE 
2026-04-15 10:04:15,385 - SessionLogger - INFO - [sim_FSM_P2_M-BUO-001_5a14bb] Teacher: 你的推导非常精彩！看来你已经发现，决定沉浮的不是“谁更重”，而是这场“拔河比赛”中谁的力量更大。

那么，如果这个铁碗因为进水或者被压扁，导致它排开的水变少了，向上的托力随之减小，当它小于重力时，会发生什么？
2026-04-15 10:04:15,385 - SessionLogger - INFO - [sim_FSM_P2_M-BUO-001_5a14bb] Session finished. Reason: resolved
2026-04-15 10:04:15,385 - SessionLogger - INFO - [sim_FSM+Guardrail_P3_M-BUO-001_3c001d] Starting session
2026-04-15 10:04:15,385 - SessionLogger - INFO - Initialized Session sim_FSM+Guardrail_P3_M-BUO-001_3c001d on Unknown for Unknown with version FSM+Guardrail
2026-04-15 10:04:17,863 - SessionLogger - INFO - [sim_FSM+Guardrail_P3_M-BUO-001_3c001d] Student Opening: 老师，我不明白，为什么那么大的钢铁轮船能浮在水面上，可我把一个小铁钉扔进去它就直接沉底了？铁船明明比铁钉重得多啊。
2026-04-15 10:04:23,729 - SessionLogger - INFO - [sim_FSM+Guardrail_P2_M-BUO-001_690f5b] Teacher: 这听起来很有道理，但请回想一下我们最开始提到的那艘巨大的钢铁轮船。

如果“轻的才浮”是绝对真理，为什么比那块小木块重成千上万倍的钢铁巨轮，反而能稳稳地浮在水面上呢？
2026-04-15 10:04:25,169 - SessionLogger - INFO - [sim_FSM_P3_M-BUO-001_fd8284] Teacher: 这确实很反直觉，毕竟我们平时总觉得“重的东西容易沉”。

但如果我们顺着“越重越容易沉”这个逻辑想：假如我们把那艘能浮起来的大轮船里的货物全部卸掉，让它变得非常轻，按照这个逻辑，它是不是应该浮得更高、更稳？
2026-04-15 10:04:26,999 - SessionLogger - INFO - [sim_Baseline_P2_M-BUO-001_d32093] Teacher: 想象一下，你往水里按一个空塑料瓶，是不是感觉水在往上顶你？排开的水越多，这个向上的“托力”就越大。你觉得当这个托力大到什么程度时，铁碗就能浮起来了？
2026-04-15 10:04:27,232 - SessionLogger - INFO - [sim_FSM+Guardrail_P2_M-BUO-001_690f5b] Student: 呃……这确实有点矛盾，轮船那么重都能浮起来。
是不是因为轮船中间是空的，所以虽然它总重量大，但比起实心铁块来说，它其实没那么“实”？
2026-04-15 10:04:28,226 - SessionLogger - INFO - [sim_FSM_P1_M-BUO-001_ede0c0] Teacher: 这个“铁比水重”的直觉确实很顽固。

那我们来做个极端的对比：一根小小的铁钉很轻，但它沉了；一艘巨大的钢铁轮船重达几万吨，它却浮着。

如果只看“谁更重”，你觉得这两者的结果为什么完全相反？
2026-04-15 10:04:28,922 - SessionLogger - INFO - [sim_FSM_P3_M-BUO-001_fd8284] Student: 应该是吧？毕竟它变轻了嘛。但这跟小石子沉下去有什么关系呢？我还是觉得重的东西就是会沉啊。
2026-04-15 10:04:30,110 - SessionLogger - INFO - [sim_FSM+Guardrail_P3_M-BUO-001_3c001d] Teacher: 这确实很反直觉，毕竟我们常觉得“重的东西容易沉”。

但如果“重”就一定会沉，那我们把那个小铁钉放在一片巨大的、极轻的泡沫板上再放入水中，整体变重了，它却反而浮起来了。

这说明除了“重量”，一定还有另一个关键因素在起作用，你觉得当物体进入水中时，它“挤走”的那部分水的多少，会不会影响它受到的托力？
2026-04-15 10:04:30,477 - SessionLogger - INFO - [sim_FSM_P1_M-BUO-001_ede0c0] Student: 那肯定是轮船里面是空的，不算真正的“重物”，铁钉才是实心的。
只要把轮船里的空气抽走变成实心大铁块，它照样沉，所以重的还是得沉。
2026-04-15 10:04:31,070 - SessionLogger - INFO - [sim_Baseline_P2_M-BUO-001_d32093] Student: 哦……你是说水向上的托力变大了？
那是不是只要这个托力比铁碗的重量还大，它就能浮起来了？
2026-04-15 10:04:31,276 - SessionLogger - INFO - [sim_Baseline_P3_M-BUO-001_07bca5] Teacher: 没错，实心时排开的水太少，产生的浮力小于重力，所以就沉了。

那现在做成空心后，虽然重量没变，但它能排开更多的水。你觉得这时候，是“平均密度”变了，还是“最大能获得的浮力”变了让它浮起来的？
2026-04-15 10:04:31,564 - SessionLogger - INFO - [sim_FSM+Guardrail_P3_M-BUO-001_3c001d] Student: 挤走的水？可是铁钉那么小，挤走的水肯定很少啊……但这跟它沉下去有什么关系吗？我还是觉得是因为它太重了才沉的。
2026-04-15 10:04:32,400 - SessionLogger - INFO - [sim_Baseline_P3_M-BUO-001_07bca5] Student: 重量没变，但体积变大了……那是不是意味着整体的“平均密度”变小了？感觉像是把铁摊薄了，就没那么“紧实”了？
2026-04-15 10:04:35,870 - SessionLogger - INFO - [sim_Baseline_P2_M-BUO-001_d32093] Teacher: 没错，只要托力（浮力）能抵消重力，它就能浮着。那你想想，实心铁块沉底时，它排开的水的重量，是比铁块重还是轻呢？
2026-04-15 10:04:36,975 - SessionLogger - INFO - [sim_Baseline_P2_M-BUO-001_d32093] Student: 实心铁块排开的水肯定比铁块轻啊，毕竟铁的密度比水大那么多。
所以托力不够大，它就沉下去了？是这样吗？
2026-04-15 10:04:39,885 - SessionLogger - INFO - [sim_FSM+Guardrail_P2_M-BUO-001_690f5b] Teacher: 没错，你抓住了“没那么实”这个关键点。

既然轮船因为中间是空的而变得“没那么实”，那如果我们把刚才那块沉底的实心铁块也敲打成同样的空心形状，你觉得它排开水的体积会发生什么变化？
2026-04-15 10:04:39,886 - SessionLogger - INFO - [sim_FSM+Guardrail_P2_M-BUO-001_690f5b] Extending max_turns by 3 because cognitive_state is '新概念探索'
2026-04-15 10:04:39,998 - SessionLogger - INFO - [sim_Baseline_P3_M-BUO-001_07bca5] Teacher: 这个直觉很准！当平均密度小于水的密度时，它就能浮起来。

那你想想，如果往船舱里不断装货物，船的“平均密度”会怎么变？什么时候它会开始下沉呢？
2026-04-15 10:04:40,231 - SessionLogger - INFO - [sim_Baseline_P2_M-BUO-001_d32093] Teacher: 你说得很对！那现在做成碗状后，虽然铁的重量没变，但它排开的水的重量发生了什么变化？这时候浮力和重力又是怎样的关系呢？
2026-04-15 10:04:40,597 - SessionLogger - INFO - [sim_FSM_P1_M-BUO-001_ede0c0] Teacher: 没错，如果是实心的大铁块，它确实会沉。

但请注意，当它是轮船形状时，虽然材料还是那些铁，可它占据的空间（体积）比实心时大得多，排开的水也多得多了。

既然重量没变，而排开的水变多了，你觉得这时候水给它的向上托力，是变大了还是变小了？
2026-04-15 10:04:41,909 - SessionLogger - INFO - [sim_FSM+Guardrail_P2_M-BUO-001_690f5b] Student: 如果把它敲打成空心的，它占的地方（体积）肯定会变大很多，那排开的水也就变多了。
难道说，能不能浮起来不光看它有多重，还要看它排开了多少水？
2026-04-15 10:04:43,370 - SessionLogger - INFO - [sim_Baseline_P3_M-BUO-001_07bca5] Student: 装货会让船变重，平均密度应该会变大吧？是不是等到它比水还“紧实”，也就是平均密度超过水的时候，就会沉下去？
2026-04-15 10:04:44,038 - SessionLogger - INFO - [sim_FSM_P1_M-BUO-001_ede0c0] Student: 就算托力变大了，可它毕竟是几万吨的铁啊，水哪有那么大的力气能托住这么重的东西？
我觉得您说的这个“托力”肯定有个限度，超过那个限度，再重的东西还是得沉。
2026-04-15 10:04:44,038 - SessionLogger - INFO - [sim_FSM_P1_M-BUO-001_ede0c0] Session finished. Reason: max_turns_reached
2026-04-15 10:04:44,038 - SessionLogger - INFO - [sim_Baseline_P1_M-BUO-002_bf4c30] Starting session
2026-04-15 10:04:44,039 - SessionLogger - INFO - Initialized Session sim_Baseline_P1_M-BUO-002_bf4c30 on Unknown for Unknown with version FSM+Guardrail
2026-04-15 10:04:45,834 - SessionLogger - INFO - [sim_Baseline_P1_M-BUO-002_bf4c30] Student Opening: 老师，我觉得浮力肯定跟深度有关啊，水越深压强越大，那把东西按得越深，它受到的浮力不就越大吗？
2026-04-15 10:04:45,840 - SessionLogger - INFO - [sim_Baseline_P2_M-BUO-001_d32093] Student: 做成碗状后，它排开的水变多了，所以水的重量（也就是浮力）变大了？
那是不是当排开的水的重量等于铁碗的重量时，浮力就等于重力，它就能浮起来了？
2026-04-15 10:04:48,268 - SessionLogger - INFO - [sim_Baseline_P3_M-BUO-001_07bca5] Teacher: 没错，当平均密度超过水时，船就会沉。

那在沉没之前，随着货物增加，船身浸入水中的部分是变多了还是变少了？这和你刚才说的“排开更多水”有什么联系？
2026-04-15 10:04:48,972 - SessionLogger - INFO - [sim_FSM+Guardrail_P3_M-BUO-001_3c001d] Teacher: 这听起来很有道理，但让我们做个思想实验：假如我把这个小铁钉熔化，敲打成一个小铁碗，它的重量变了吗？
2026-04-15 10:04:49,887 - SessionLogger - INFO - [sim_Baseline_P3_M-BUO-001_07bca5] Student: 船身肯定沉得更深了，浸入水里的部分变多了。这是不是说明，为了托住更重的货物，它必须排开更多的水来产生更大的浮力？
2026-04-15 10:04:50,200 - SessionLogger - INFO - [sim_FSM+Guardrail_P3_M-BUO-001_3c001d] Student: 重量应该没变吧，毕竟还是那块铁。但是老师，就算做成碗，它不还是铁做的吗？铁那么重，难道就能浮起来？
2026-04-15 10:04:53,181 - SessionLogger - INFO - [sim_Baseline_P2_M-BUO-001_d32093] Teacher: 太棒了！你已经抓住了关键：通过改变形状来增大排开水的体积，从而获得足够的浮力。

那如果这时候你往碗里慢慢加水，碗会怎么变化？直到什么情况下它会再次沉下去呢？
2026-04-15 10:04:54,324 - SessionLogger - INFO - [sim_FSM_P3_M-BUO-001_fd8284] Teacher: 那我们来做个思想实验：如果把这艘能浮在水面的大轮船，强行揉成一个实心的巨大铁疙瘩（重量完全没变，还是那么重），你觉得它还能浮在水面上吗？
2026-04-15 10:04:56,116 - SessionLogger - INFO - [sim_Baseline_P3_M-BUO-001_07bca5] Teacher: 完全正确！这就是阿基米德原理的精髓：浮力随排开水的体积增大而增大。

那你想过没有，既然船能一直下沉来增加浮力，为什么它最终还是会沉没，而不是无限地装载货物呢？
2026-04-15 10:04:56,119 - SessionLogger - INFO - [sim_Baseline_P2_M-BUO-001_d32093] Student: 加水会让碗变重，重力变大，碗应该会慢慢往下沉一点吧？
是不是等到总重量超过了它能排开的最大水量产生的浮力，它就彻底沉下去了？
2026-04-15 10:04:56,230 - SessionLogger - INFO - [sim_FSM_P3_M-BUO-001_fd8284] Student: 呃……变成实心铁疙瘩的话，那肯定就沉了吧？毕竟铁那么重。可是老师，它的重量明明没变啊，为什么刚才能浮，现在就沉了？
2026-04-15 10:04:58,428 - SessionLogger - INFO - [sim_Baseline_P3_M-BUO-001_07bca5] Student: 因为船的高度是有限的呀，水漫过船舷后，它就没法再排开更多的水了。这时候重力还是一直在增加，但浮力到顶了，所以就沉了？
2026-04-15 10:04:59,464 - SessionLogger - INFO - [sim_Baseline_P2_M-BUO-001_d32093] Teacher: 没错，就是那个临界点！

那你能试着总结一下，物体到底是沉还是浮，最终取决于哪两个力在“打架”吗？
2026-04-15 10:05:00,062 - SessionLogger - INFO - [sim_FSM+Guardrail_P3_M-BUO-001_3c001d] Teacher: 没错，重量确实没变，材质也还是铁。

但你可以试着把这个小铁碗轻轻平放在水面上，看看它是不是真的会像铁钉那样立刻沉底？
2026-04-15 10:05:00,837 - SessionLogger - INFO - [sim_Baseline_P2_M-BUO-001_d32093] Student: 应该是重力和浮力在“打架”吧？
如果浮力大于或等于重力就浮，反之就沉，是这样吗？
2026-04-15 10:05:02,174 - SessionLogger - INFO - [sim_FSM+Guardrail_P3_M-BUO-001_3c001d] Student: 真的能浮起来吗？可是它还是铁做的呀，重量也没变……老师，这怎么可能呢？
2026-04-15 10:05:04,365 - SessionLogger - INFO - [sim_Baseline_P3_M-BUO-001_07bca5] Teacher: 太棒了！你抓住了“最大排水体积”这个关键限制。

那如果水真的漫进船舱，把原本属于空气的空间也填满了，这时候船的“平均密度”会发生什么变化？
2026-04-15 10:05:05,402 - SessionLogger - INFO - [sim_FSM_P3_M-BUO-001_fd8284] Teacher: 没错，重量确实一点都没变。

既然“重”不是决定它下沉的唯一原因，那你觉得，轮船那种空心的形状，和小石子实心的样子，在水里最大的区别是什么？
2026-04-15 10:05:06,553 - SessionLogger - INFO - [sim_Baseline_P3_M-BUO-001_07bca5] Student: 空气很轻，水很重，那平均密度肯定会变得很大吧？是不是因为这时候整体比水“重”太多了，所以再也浮不起来了？
2026-04-15 10:05:07,404 - SessionLogger - INFO - [sim_FSM_P3_M-BUO-001_fd8284] Student: 轮船中间是空的，占的地方大？小石子是实心的，占的地方小？
但这跟沉浮有啥关系啊……难道是因为它“占地方”多所以就不沉吗？
2026-04-15 10:05:07,834 - SessionLogger - INFO - [sim_Baseline_P1_M-BUO-002_bf4c30] Teacher: 压强确实随深度增加，这点没错。但你想过没有，当物体**完全没入**水中后，再往下按，它排开水的体积变了吗？
2026-04-15 10:05:09,078 - SessionLogger - INFO - [sim_Baseline_P1_M-BUO-002_bf4c30] Student: 排开水的体积是没变，但这不重要啊。反正深度增加了，水对它的压力更大了，那托着它的力（浮力）肯定也变大了呀。
2026-04-15 10:05:15,905 - SessionLogger - INFO - [sim_FSM+Guardrail_P3_M-BUO-001_3c001d] Teacher: 这正是最神奇的地方：重量没变，材质没变，但结果却变了。

既然向下的重力完全一样，那一定是向上的“托力”发生了变化。你觉得把铁钉做成碗状后，它进入水中时“挤走”的水的体积，是变大了还是变小了？
2026-04-15 10:05:16,159 - SessionLogger - INFO - [sim_Baseline_P1_M-BUO-002_bf4c30] Teacher: 浮力其实是水对物体“向上”和“向下”的压力差。

既然深度增加，物体上表面和下表面受到的压强都变大了，你觉得它们增加的幅度一样吗？
2026-04-15 10:05:16,922 - SessionLogger - INFO - [sim_FSM_P3_M-BUO-001_fd8284] Teacher: 你的直觉很敏锐，“占地方”确实是个关键线索。

想象一下，当你把一个空盆子按进水里时，水会拼命想把它“挤”出来，这种向上的推力（浮力）和你把盆子压下去的深度（排开水的多少）有关。

如果两个物体重量一样，但一个“占的地方”特别大，另一个特别小，你觉得水对谁产生的向上托举的力会更大？
2026-04-15 10:05:19,387 - SessionLogger - INFO - [sim_Baseline_P1_M-BUO-002_bf4c30] Student: 那肯定不一样啊，下面更深，压强增加得更多，所以上下的压力差就变大了，浮力自然就大了。
2026-04-15 10:05:20,160 - SessionLogger - INFO - [sim_FSM+Guardrail_P3_M-BUO-001_3c001d] Student: 碗是空心的，好像确实能占更大的地方……所以它挤走的水变多了？但这为什么就能让它浮起来呢？
2026-04-15 10:05:20,810 - SessionLogger - INFO - [sim_FSM_P3_M-BUO-001_fd8284] Student: 呃……占地方大的那个？因为水被挤开得更多，所以推回来的力气也更大？
那是不是说，只要我“占的地方”够大，就算我很重，水也能把我托住？
2026-04-15 10:05:24,944 - SessionLogger - INFO - [sim_Baseline_P1_M-BUO-002_bf4c30] Teacher: 咱们来算笔账：假设物体高度是 $h$，你把它再往下按 $\Delta h$。

这时候，上表面增加的压强是 $\rho g \Delta h$，下表面增加的压强也是 $\rho g \Delta h$。

既然上下表面增加的压强一模一样，那它们的压力差（也就是浮力）真的会变吗？
2026-04-15 10:05:25,103 - SessionLogger - INFO - [sim_FSM+Guardrail_P2_M-BUO-001_690f5b] Teacher: 这是一个非常关键的发现！

既然排开的水变多了，你觉得水给这个空心铁块向上的“托力”（浮力）会随之变大、变小还是保持不变呢？
2026-04-15 10:05:26,320 - SessionLogger - INFO - [sim_Baseline_P1_M-BUO-002_bf4c30] Student: 可是下面本来就比上面压强大啊，一起增加之后，下面的力还是更大，总的托力肯定还是变大了。
2026-04-15 10:05:26,478 - SessionLogger - INFO - [sim_FSM+Guardrail_P2_M-BUO-001_690f5b] Student: 排开的水多了，那水给的托力肯定也变大了吧？
所以只要这个托力变得足够大，大到能抵消铁块的重力，它就能浮起来了？
2026-04-15 10:05:30,680 - SessionLogger - INFO - [sim_FSM+Guardrail_P3_M-BUO-001_3c001d] Teacher: 没错，挤走的水变多了。

我们可以把水想象成一群正在“拔河”的人：排开的水越多，向上拉的力量就越大。现在向上的拉力变大了，而向下的重力没变，你觉得这场“拔河”的结果会发生什么变化？
2026-04-15 10:05:32,156 - SessionLogger - INFO - [sim_FSM+Guardrail_P3_M-BUO-001_3c001d] Student: 哦……所以向上的力气变大了？那是不是意味着，只要向上拉的力气够大，就算是很重的东西也能被“拔”住不掉下去？
2026-04-15 10:05:33,379 - SessionLogger - INFO - [sim_FSM_P3_M-BUO-001_fd8284] Teacher: 这正是造船的秘密！

那我们来推演一下：如果这艘大轮船因为漏水，海水灌满了船舱，虽然它的总重量可能没怎么变（甚至因为进了水更重了），但它“占地方”排开水的体积其实变小了（因为内部空间被水填充，不再排开额外的水）。

这时候，水给它的向上托举的力是变大了还是变小了？这能解释为什么漏水的船会沉吗？
2026-04-15 10:05:33,965 - SessionLogger - INFO - [sim_Baseline_P1_M-BUO-002_bf4c30] Teacher: 咱们换个角度想：如果浮力真的随深度一直变大，那潜水艇潜得越深，岂不是会被水越推越往上，甚至自己浮出水面？

你觉得现实中海底的潜水艇，受到的浮力会比刚潜入水面时大吗？
2026-04-15 10:06:34,716 - SessionLogger - INFO - [sim_FSM+Guardrail_P2_M-BUO-001_690f5b] Teacher: 没错，当向上的托力足以支撑住向下的重力时，物体就能浮在水面上。

那么回过头来看最初那块沉底的小铁钉，它之所以沉下去，是因为它排开的水产生的托力比重力大，还是小呢？
2026-04-15 10:06:34,717 - SessionLogger - INFO - [sim_FSM+Guardrail_P2_M-BUO-001_690f5b] Session finished. Reason: resolved
2026-04-15 10:06:34,717 - SessionLogger - INFO - [sim_FSM_P1_M-BUO-002_0d4560] Starting session
2026-04-15 10:06:34,717 - SessionLogger - INFO - Initialized Session sim_FSM_P1_M-BUO-002_0d4560 on Unknown for Unknown with version FSM+Guardrail
2026-04-15 10:06:36,148 - SessionLogger - INFO - [sim_FSM_P1_M-BUO-002_0d4560] Student Opening: 老师，我觉得浮力肯定跟深度有关啊，水越深压强越大，那物体受到的向上托的力不就应该越大吗？
2026-04-15 10:06:36,156 - SessionLogger - INFO - [sim_Baseline_P2_M-BUO-001_d32093] Teacher: 总结得非常到位！看来你已经完全破解了“重沉轻浮”的迷思。

那现在回想一下，为什么万吨巨轮那么重却能浮在水面上，而小小的铁钉却会沉下去呢？试着用刚才的结论解释一下。
2026-04-15 10:06:36,157 - SessionLogger - INFO - [sim_Baseline_P3_M-BUO-001_07bca5] Teacher: 没错，进水后整体平均密度迅速超过水，自然就沉了。

回顾一下，从“捏橡皮泥”到“轮船载货”，你觉得决定物体浮沉的关键，到底是它有多重，还是它怎么利用空间去“排开水”？
2026-04-15 10:06:36,162 - SessionLogger - INFO - [sim_FSM_P3_M-BUO-001_fd8284] Student: 啊……因为里面进水了，它实际“挤开”的水变少了，所以向上的推力就变小了？
所以我之前觉得“重就一定沉”是不对的，其实是看谁力气大——是向下的重力赢，还是水给的向上推力赢？
2026-04-15 10:06:37,737 - SessionLogger - INFO - [sim_Baseline_P2_M-BUO-001_d32093] Student: 巨轮虽然重，但它排开的水更多，产生的浮力足以抵消重力；而铁钉排开的水太少，浮力根本拉不住它。
原来不是看谁绝对重量大，而是看这两个力谁更“给力”啊！
2026-04-15 10:06:40,252 - SessionLogger - INFO - [sim_Baseline_P1_M-BUO-002_bf4c30] Student: 潜水艇那是靠排水和注水来控制浮沉的，跟深度没关系。反正我觉得越深压强越大，那托着它的力肯定也越大，这有什么好怀疑的？
2026-04-15 10:06:41,188 - SessionLogger - INFO - [sim_Baseline_P3_M-BUO-001_07bca5] Student: 好像……不能光看它有多重？得看它怎么“占地方”来排水。

如果是实心的铁块，虽然重但也沉；做成船的形状，虽然更重了（加了货物），但因为排开的水多，反而能浮着。是这样理解吗？
2026-04-15 10:06:43,189 - SessionLogger - INFO - [sim_FSM+Guardrail_P3_M-BUO-001_3c001d] Teacher: 正是如此。

这就是为什么几万吨的钢铁巨轮能浮在水面，而小小的铁钉却会沉底。你觉得巨轮是靠什么“手段”，让自己排开的水产生的向上拉力，足以抵消它巨大的重力的？
2026-04-15 10:06:43,189 - SessionLogger - INFO - [sim_FSM+Guardrail_P3_M-BUO-001_3c001d] Extending max_turns by 3 because cognitive_state is '新概念探索'
2026-04-15 10:06:44,430 - SessionLogger - INFO - [sim_Baseline_P2_M-BUO-001_d32093] Teacher: 哈哈，这个“谁更给力”的比喻太形象了！

那既然铁块做成船形就能浮起来，你觉得决定物体沉浮的关键，除了重量，还和物体的什么特性有关呢？
2026-04-15 10:06:45,672 - SessionLogger - INFO - [sim_FSM+Guardrail_P3_M-BUO-001_3c001d] Student: 它是把钢铁做成空心的，所以虽然很重，但占的地方特别大？这样它就能“挤走”超级多的水，让向上的力气大到能托住它自己？
2026-04-15 10:06:45,787 - SessionLogger - INFO - [sim_Baseline_P2_M-BUO-001_d32093] Student: 应该是和它的体积或者形状有关吧？因为做成船形后，它排开的水变多了。
是不是说，光看重量不行，还得看它占的地方有多大？
2026-04-15 10:06:45,787 - SessionLogger - INFO - [sim_Baseline_P2_M-BUO-001_d32093] Session finished. Reason: max_turns_reached
2026-04-15 10:06:45,787 - SessionLogger - INFO - [sim_FSM+Guardrail_P1_M-BUO-002_d283cb] Starting session
2026-04-15 10:06:45,787 - SessionLogger - INFO - Initialized Session sim_FSM+Guardrail_P1_M-BUO-002_d283cb on Unknown for Unknown with version FSM+Guardrail
2026-04-15 10:06:47,146 - SessionLogger - INFO - [sim_FSM+Guardrail_P1_M-BUO-002_d283cb] Student Opening: 老师，我觉得潜水艇潜得越深浮力就越大，毕竟水越深压强不是越大吗？
2026-04-15 10:06:56,291 - SessionLogger - INFO - [sim_FSM_P3_M-BUO-001_fd8284] Teacher: 没错，这就像是一场“拔河比赛”！

既然你已经意识到是这两股力量在较量，那你能不能试着总结一下：当水向上的推力（浮力）和物体向下的重力相比，满足什么条件时，物体才会最终沉到水底去？
2026-04-15 10:06:56,291 - SessionLogger - INFO - [sim_FSM_P3_M-BUO-001_fd8284] Session finished. Reason: resolved
2026-04-15 10:06:56,292 - SessionLogger - INFO - [sim_Baseline_P2_M-BUO-002_f5e317] Starting session
2026-04-15 10:06:56,292 - SessionLogger - INFO - Initialized Session sim_Baseline_P2_M-BUO-002_f5e317 on Unknown for Unknown with version FSM+Guardrail
2026-04-15 10:06:57,514 - SessionLogger - INFO - [sim_Baseline_P2_M-BUO-002_f5e317] Student Opening: 老师，我觉得潜水艇潜得越深，受到的浮力应该就越大吧，毕竟水越深压强不是越大吗？
2026-04-15 10:06:57,543 - SessionLogger - INFO - [sim_Baseline_P3_M-BUO-001_07bca5] Teacher: 没错，关键在于“空心”结构让它能排开更多水。

那如果这艘船不幸撞破了一个洞，海水涌进来填满了那些“空心”部分，你觉得它还能维持刚才那种“排开很多水”的状态吗？
2026-04-15 10:06:57,556 - SessionLogger - INFO - [sim_Baseline_P1_M-BUO-002_bf4c30] Teacher: 咱们别光凭感觉，拿个具体的正方体算算看？

假设边长是 $L$，上表面深度是 $h_1$，下表面深度是 $h_2$（也就是 $h_1 + L$）。

你能试着写出上下表面的压力差公式，看看最后结果里还有没有“深度”这个变量吗？
2026-04-15 10:07:01,539 - SessionLogger - INFO - [sim_Baseline_P1_M-BUO-002_bf4c30] Student: 算出来肯定还是有深度的，因为压强公式里本来就有 $h$ 啊。你让我算我也觉得结果会变，毕竟下面压得更厉害。
2026-04-15 10:07:01,594 - SessionLogger - INFO - [sim_Baseline_P3_M-BUO-001_07bca5] Student: 不能了吧？因为水进来了，船就没法再用那些空间去“挤”走海水了。

这时候它排开的水是不是就变少了，所以浮力不够，就沉下去了？
2026-04-15 10:07:01,594 - SessionLogger - INFO - [sim_Baseline_P3_M-BUO-001_07bca5] Session finished. Reason: max_turns_reached
2026-04-15 10:07:01,595 - SessionLogger - INFO - [sim_FSM_P2_M-BUO-002_6f0eba] Starting session
2026-04-15 10:07:01,595 - SessionLogger - INFO - Initialized Session sim_FSM_P2_M-BUO-002_6f0eba on Unknown for Unknown with version FSM+Guardrail
2026-04-15 10:07:04,694 - SessionLogger - INFO - [sim_FSM_P2_M-BUO-002_6f0eba] Student Opening: 老师，我觉得潜水艇潜得越深，受到的浮力应该越大吧，毕竟水越深压强不是越大吗？
2026-04-15 10:07:04,707 - SessionLogger - INFO - [sim_Baseline_P2_M-BUO-002_f5e317] Teacher: 压强确实随深度增加，但浮力大小取决于排开水的体积。你觉得潜水艇完全没入水中后，它排开的水的体积会变吗？
2026-04-15 10:07:04,710 - SessionLogger - INFO - [sim_FSM_P1_M-BUO-002_0d4560] Teacher: 如果真是这样，那把一块石头扔到万米深的海底，它受到的浮力会不会大到抵消重力，让它自己“飘”回水面呢？
2026-04-15 10:07:06,162 - SessionLogger - INFO - [sim_Baseline_P2_M-BUO-002_f5e317] Student: 可是压强变大了呀，感觉水对它的“托力”也应该跟着变大吧？体积虽然没变，但深度变了，浮力真的不受影响吗？
2026-04-15 10:07:07,086 - SessionLogger - INFO - [sim_FSM_P1_M-BUO-002_0d4560] Student: 那肯定是因为石头太重了呗，重力比浮力大得多。但这不代表深度没影响啊，我觉得越深浮力还是越大的，只是没超过重力而已。
2026-04-15 10:07:10,759 - SessionLogger - INFO - [sim_Baseline_P2_M-BUO-002_f5e317] Teacher: 浮力其实是物体上下表面受到的压力差。既然潜水艇体积不变，你觉得它上下表面的深度差（也就是高度）会随着下潜而改变吗？
2026-04-15 10:07:11,922 - SessionLogger - INFO - [sim_Baseline_P2_M-BUO-002_f5e317] Student: 呃……高度好像确实没变？但是下面压强变大得更多，压力差不会因此变大吗？我还是有点晕。
2026-04-15 10:07:15,509 - SessionLogger - INFO - [sim_Baseline_P1_M-BUO-002_bf4c30] Teacher: 别急着下结论，动笔写一下：$F_{\text{浮}} = P_{\text{下}}S - P_{\text{上}}S$。

把 $P=\rho g h$ 代进去，变成 $\rho g h_{\text{下}} S - \rho g h_{\text{上}} S$。

提取公因式后，括号里剩下的是 $(h_{\text{下}} - h_{\text{上}})$，你觉得这个差值代表什么？它会随着物体下沉而改变吗？
2026-04-15 10:07:15,509 - SessionLogger - INFO - [sim_Baseline_P1_M-BUO-002_bf4c30] Extending max_turns by 3 because cognitive_state is '新概念探索'
2026-04-15 10:07:16,618 - SessionLogger - INFO - [sim_FSM+Guardrail_P1_M-BUO-002_d283cb] Teacher: 这听起来很符合直觉，毕竟深海的水压确实惊人。但你想过没有，潜水艇的上表面和下表面同时都受到了更大的压强，这两个面受到的压力“差值”真的变大了吗？
2026-04-15 10:07:16,955 - SessionLogger - INFO - [sim_Baseline_P1_M-BUO-002_bf4c30] Student: $h_{\text{下}} - h_{\text{上}}$ 不就是物体的边长或者高度吗？那肯定是不变的啊。

可是这只能说明高度差不变，下面的绝对压强还是变大了呀，总的浮力怎么可能不变呢？
2026-04-15 10:07:17,521 - SessionLogger - INFO - [sim_FSM_P1_M-BUO-002_0d4560] Teacher: 那我们换个角度想：当物体完全浸没后继续下沉，它上表面受到的向下压力变大了，下表面受到的向上压力也变大了。如果这两个力都增加了同样的数值，它们的差值（也就是浮力）真的会变大吗？
2026-04-15 10:07:18,609 - SessionLogger - INFO - [sim_Baseline_P2_M-BUO-002_f5e317] Teacher: 咱们来算笔账：假设下潜深度增加 $h$，上表面压强增加了 $\rho g h$，那下表面的压强增加了多少呢？
2026-04-15 10:07:19,198 - SessionLogger - INFO - [sim_FSM_P1_M-BUO-002_0d4560] Student: 可是老师，下面的压力变得更大啊，毕竟下面更深嘛。我觉得上下压力都变大，总的托力肯定也变大了，怎么可能不变呢？
2026-04-15 10:07:19,843 - SessionLogger - INFO - [sim_FSM+Guardrail_P1_M-BUO-002_d283cb] Student: 可是压强变大了啊，下面的压强肯定比上面大得多，所以浮力肯定也变大了。我不觉得那个差值会不变。
2026-04-15 10:07:20,123 - SessionLogger - INFO - [sim_FSM_P2_M-BUO-002_6f0eba] Teacher: 那我们来推想一下：如果一块石头在浅水里会下沉，按你的逻辑，它越往下沉，受到的向上托力（浮力）就越大。

你觉得这块石头沉到足够深的地方时，会不会因为浮力变得足够大，而突然停止下沉，甚至自己浮上来呢？
2026-04-15 10:07:21,765 - SessionLogger - INFO - [sim_FSM_P2_M-BUO-002_6f0eba] Student: 呃……好像不会，石头不管沉多深最后都是停在海底的。
难道是因为下面水压太大把它压住了？还是说我的想法哪里不对？
2026-04-15 10:07:22,053 - SessionLogger - INFO - [sim_Baseline_P2_M-BUO-002_f5e317] Student: 那……下表面压强应该也增加了 $\rho g h$ 吧？
咦，如果上下都增加一样的数值，那它们的差值（浮力）岂不是没变？
2026-04-15 10:07:26,839 - SessionLogger - WARNING - LLM Judge blocked response. Reason: 助教在回复中明确陈述了最终的正确物理结论（“深度增加但浮力不变”），并询问学生是否信服。根据违规定义第1条，“助教直接告诉了学生本题最终的物理结论或标准答案”属于违规。虽然前半句看似在肯定学生的推导，但后半句直接抛出了纠正错误概念的核心结论，剥夺了学生通过思考得出该结论的机会，不符合豁免标准中关于不直接告诉最终结论的要求。
2026-04-15 10:07:26,845 - SessionLogger - INFO - [sim_Baseline_P2_M-BUO-002_f5e317] Teacher: 没错！既然增加的幅度一样，相减之后抵消了，差值自然保持不变。现在你对“深度增加但浮力不变”这个结论信服了吗？
2026-04-15 10:07:27,525 - SessionLogger - INFO - [sim_FSM_P1_M-BUO-002_0d4560] Teacher: 这听起来很直觉，但我们可以看看这个细节：当物体下沉时，上表面和下表面的深度是同时增加的。如果上下表面的压强都增加了完全相同的数值，它们之间的“差值”真的会改变吗？
2026-04-15 10:07:27,840 - SessionLogger - INFO - [sim_Baseline_P2_M-BUO-002_f5e317] Student: 哇，原来是这样抵消的！听你这么一算，我好像突然明白了，之前光想着压强变大，忘了是看差值。
2026-04-15 10:07:30,768 - SessionLogger - INFO - [sim_FSM_P1_M-BUO-002_0d4560] Student: 可是压强变大了，力不就变大了吗？我觉得只要水更深，那个向上的劲儿肯定就更大，差值怎么可能不变呢？
2026-04-15 10:07:42,114 - SessionLogger - INFO - [sim_FSM+Guardrail_P3_M-BUO-001_3c001d] Teacher: 你说得很准确。

既然“挤走”水的体积决定了向上的托力，那如果这艘巨轮装满了货物，船身下沉得更深，它排开的水的体积和受到的托力会发生什么变化？
2026-04-15 10:07:42,114 - SessionLogger - INFO - [sim_FSM+Guardrail_P3_M-BUO-001_3c001d] Session finished. Reason: resolved
2026-04-15 10:07:42,114 - SessionLogger - INFO - [sim_FSM+Guardrail_P2_M-BUO-002_a401cf] Starting session
2026-04-15 10:07:42,114 - SessionLogger - INFO - Initialized Session sim_FSM+Guardrail_P2_M-BUO-002_a401cf on Unknown for Unknown with version FSM+Guardrail
2026-04-15 10:07:43,139 - SessionLogger - INFO - [sim_FSM+Guardrail_P2_M-BUO-002_a401cf] Student Opening: 老师，我觉得潜水艇潜得越深，受到的浮力应该越大吧？毕竟水越深压强不是越大吗？
2026-04-15 10:07:43,154 - SessionLogger - INFO - [sim_FSM_P2_M-BUO-002_6f0eba] Teacher: 石头确实不会自动浮起来，这说明向上的托力并没有随深度增加而变大。

既然水越深压强确实越大，那为什么这个变大的压强没有让石头受到的向上托力也跟着变大呢？
2026-04-15 10:07:43,172 - SessionLogger - INFO - [sim_Baseline_P2_M-BUO-002_f5e317] Teacher: 太棒了！这种“同步增加”的思路很关键。那如果潜水艇真的想下潜，既然浮力没变，它得想办法改变哪个力呢？
2026-04-15 10:07:46,547 - SessionLogger - INFO - [sim_Baseline_P2_M-BUO-002_f5e317] Student: 既然浮力没变，那肯定是得改变重力吧？是不是往水舱里注水让自己变重，才能沉下去？
2026-04-15 10:07:46,940 - SessionLogger - INFO - [sim_FSM_P2_M-BUO-002_6f0eba] Student: 啊？这……听您这么一说，好像确实有点矛盾。
那是不是因为虽然压强变大了，但石头排开的水的体积没变，所以浮力其实没变？
2026-04-15 10:07:47,586 - SessionLogger - INFO - [sim_FSM_P1_M-BUO-002_0d4560] Teacher: 这确实很反直觉，因为我们在生活中很少去区分“压力”和“压力差”。

我们可以做一个思想实验：假设物体上表面受到的向下压力增加了 10 牛，同时下表面受到的向上压力也增加了 10 牛。既然向上的力和向下的力都增加了同样的大小，它们相互抵消后的“净向上推力”（也就是浮力）会发生改变吗？
2026-04-15 10:07:47,718 - SessionLogger - INFO - [sim_FSM+Guardrail_P1_M-BUO-002_d283cb] Teacher: 咱们来算笔账：假设潜水艇高10米。当它从100米深潜到200米深时，顶部和底部受到的压强都增加了同样的数值（比如都增加了100米水柱产生的压强）。

既然上下两边增加的压强是一样多的，你觉得它们之间的“差额”会变大、变小，还是保持不变？
2026-04-15 10:07:48,826 - SessionLogger - INFO - [sim_FSM_P1_M-BUO-002_0d4560] Student: 可是老师，水越深压强不是越大吗？既然下面的压强变大了，那托着物体的力肯定也变强了啊，怎么可能没变化呢？
2026-04-15 10:07:48,860 - SessionLogger - INFO - [sim_FSM+Guardrail_P1_M-BUO-002_d283cb] Student: 可是下面本来就比上面压强大啊，现在两边都变大了，那下面的压力肯定更大了。我还是觉得深度越深浮力越大。
2026-04-15 10:07:52,568 - SessionLogger - INFO - [sim_Baseline_P2_M-BUO-002_f5e317] Teacher: 正是如此！当重力大于浮力时，合力向下，潜艇就开始下潜了。那如果它想重新浮出水面，又该对水舱里的水做些什么呢？
2026-04-15 10:07:52,568 - SessionLogger - INFO - [sim_Baseline_P2_M-BUO-002_f5e317] Extending max_turns by 3 because cognitive_state is '新概念探索'
2026-04-15 10:07:53,528 - SessionLogger - INFO - [sim_Baseline_P2_M-BUO-002_f5e317] Student: 那肯定是把水舱里的水排出去，让重力变小。只要重力小于浮力，它就能浮上来了吧？
2026-04-15 10:07:55,861 - SessionLogger - INFO - [sim_Baseline_P1_M-BUO-002_bf4c30] Teacher: 没错，高度差确实不变。但你想想，浮力是上下表面的**压力差**。

既然下表面压强变大了，那上表面的压强是不是也跟着变大了同样的数值？

两个都增加相同的量，它们的**差值**会发生改变吗？
2026-04-15 10:07:57,349 - SessionLogger - INFO - [sim_FSM_P2_M-BUO-002_6f0eba] Teacher: 这个思路很有道理！既然排开的水量没变，那向上的托力确实可能保持不变。

不过，为了彻底解开“压强变大”带来的疑惑，我们可以想想：当石头下潜时，它**上表面**和**下表面**受到的水压是不是都变大了？
2026-04-15 10:07:57,398 - SessionLogger - INFO - [sim_Baseline_P1_M-BUO-002_bf4c30] Student: 可是下面压强变得那么大，上面才增加一点点感觉不对啊。反正我觉得越深压力越大，浮力肯定得跟着变大，不然怎么解释潜水艇？
2026-04-15 10:08:01,406 - SessionLogger - INFO - [sim_FSM_P2_M-BUO-002_6f0eba] Student: 对，上下表面的压强应该都变大了。
但是……如果两边都变大，那它们之间的差值（也就是浮力）是不是也应该跟着变大呢？我还是有点绕不过来。
2026-04-15 10:08:03,854 - SessionLogger - INFO - [sim_Baseline_P1_M-BUO-002_bf4c30] Teacher: 咱们用数字说话最清楚。假设每深1米，压强就增加10单位。

如果物体高1米，从10米深移到20米深，上下表面的压强分别增加了多少？

你算算看，这两个压强的**差值**前后有变化吗？
2026-04-15 10:08:04,941 - SessionLogger - INFO - [sim_FSM+Guardrail_P1_M-BUO-002_d283cb] Teacher: 咱们换个生活中的例子：如果你现在有10块钱，我有15块钱，我比你多5块。

如果老师给咱们每人都再发100块钱，这时候我比你多的钱数是变大了，还是依然只多5块？
2026-04-15 10:08:05,782 - SessionLogger - INFO - [sim_Baseline_P1_M-BUO-002_bf4c30] Student: 都在10米和20米处加了100，那差值确实没变……但这只是压强差啊。

我觉得深度大了，水挤得更紧，总的推力肯定还是变大的，不能光看这个差值吧？
2026-04-15 10:08:08,024 - SessionLogger - INFO - [sim_FSM+Guardrail_P2_M-BUO-002_a401cf] Teacher: 如果真像你说的，越深浮力越大，那当潜艇潜到几千米深的海底时，巨大的浮力岂不是会瞬间把它像皮球一样猛烈地弹回水面？

但现实中，潜艇在深海保持深度时，似乎并没有这种“被强力弹回”的现象，你觉得这是为什么呢？
2026-04-15 10:08:08,039 - SessionLogger - INFO - [sim_FSM+Guardrail_P1_M-BUO-002_d283cb] Student: 那钱还是多5块……但这跟潜水艇不一样吧？水越深压强不是越大吗，感觉不能这么比。
2026-04-15 10:08:08,996 - SessionLogger - INFO - [sim_FSM_P1_M-BUO-002_0d4560] Teacher: 这个现象确实反直觉，因为我们的注意力全被“下面更深、压强更大”吸引了，却容易忽略上面也在变深。

咱们不妨代入两个具体的数字看看：如果在浅处，上表面受到的压力是 10 牛，下表面是 12 牛（浮力是 2 牛）；当它沉到更深处，假设上表面的压力变成了 100 牛，下表面变成了 102 牛。这时候，新的浮力是多少呢？
2026-04-15 10:08:09,010 - SessionLogger - INFO - [sim_FSM+Guardrail_P2_M-BUO-002_a401cf] Student: 呃……好像确实没听说过潜艇会被弹回来。那是不是到了某个深度，浮力就不再增加了？
2026-04-15 10:08:09,423 - SessionLogger - INFO - [sim_FSM_P2_M-BUO-002_6f0eba] Teacher: 这确实很反直觉，因为通常我们觉得“基数”大了，“差值”也会跟着变。

但你可以想象一下：如果上表面的压力增加了 10 牛，而下表面的压力也恰好增加了 10 牛，这时候它们之间的**差值**会发生改变吗？
2026-04-15 10:08:10,827 - SessionLogger - INFO - [sim_FSM_P2_M-BUO-002_6f0eba] Student: 咦？如果两边都增加了同样的数值，那相减之后……差值好像真的没变？
所以我之前是把“压强变大”直接当成“浮力变大”了，其实只要上下增加的量一样，浮力就不变？
2026-04-15 10:08:10,870 - SessionLogger - INFO - [sim_FSM_P1_M-BUO-002_0d4560] Student: 那还是 2 牛啊……可是老师，这太奇怪了，明明下面的压力从 12 变成 102 了，变大了那么多，浮力怎么可能一点都没增加呢？
2026-04-15 10:08:11,197 - SessionLogger - INFO - [sim_Baseline_P1_M-BUO-002_bf4c30] Teacher: 浮力定义的就是这个“压力差”呀，合力就是靠它算的。

既然你担心水被“挤紧”，那咱们换个角度：你觉得在深海里，水的密度 $\rho$ 会明显变大吗？
2026-04-15 10:08:12,974 - SessionLogger - INFO - [sim_Baseline_P1_M-BUO-002_bf4c30] Student: 水肯定会被压缩啊，越深压力越大，密度 $\rho$ 怎么可能不变？

既然密度变大了，排开的水更“重”了，那浮力 $F_{\text{浮}} = \rho g V_{\text{排}}$ 肯定还是跟着深度变大啊。
2026-04-15 10:08:16,972 - SessionLogger - INFO - [sim_FSM+Guardrail_P1_M-BUO-002_d283cb] Teacher: 这个类比的核心在于“同时增加相同的量”。

既然潜水艇上下表面所处的深度差（也就是它的高度）始终没变，那么当你把它往下压时，上下表面增加的压强其实是完全相等的。

如果上下增加的压强一样多，你觉得它们之间的“压强差”会改变吗？
2026-04-15 10:08:17,233 - SessionLogger - INFO - [sim_FSM+Guardrail_P2_M-BUO-002_a401cf] Teacher: 这个直觉很敏锐。那我们来看看，当潜艇完全没入水中后，继续下潜时，它排开的水的体积（也就是它占据的空间大小）发生变化了吗？
2026-04-15 10:08:22,026 - SessionLogger - INFO - [sim_FSM_P2_M-BUO-002_6f0eba] Teacher: 没错，差值确实保持不变。

那么，为什么在完全浸没的情况下，上下表面增加的压力会恰好相等呢？这和物体排开液体的体积有什么关系吗？
2026-04-15 10:08:22,035 - SessionLogger - INFO - [sim_FSM+Guardrail_P1_M-BUO-002_d283cb] Student: 可是深度变深了，水对它的挤压肯定更厉害啊。我觉得不能光看差值，总的压力变大了，浮力肯定也变大了。
2026-04-15 10:08:22,053 - SessionLogger - INFO - [sim_Baseline_P1_M-BUO-002_bf4c30] Teacher: 你的逻辑很严密，确实考虑到了水的可压缩性。

那咱们估算一下：在几千米深的海底，水的密度大概只增加了百分之几。

你觉得这点微小的变化，能解释你直觉中那种“浮力显著变大”的感觉吗？
2026-04-15 10:08:23,946 - SessionLogger - INFO - [sim_Baseline_P1_M-BUO-002_bf4c30] Student: 可是压强确实变大了很多啊，直觉上感觉就是被托得更厉害了。

就算密度变化不大，那巨大的深度带来的压力难道对浮力一点影响都没有吗？我还是觉得深度是关键。
2026-04-15 10:08:24,541 - SessionLogger - INFO - [sim_FSM_P1_M-BUO-002_0d4560] Teacher: 这正是物理最“狡猾”也最迷人的地方：虽然向上的推力猛增了，但别忘了，头顶上向下的压力也同步猛增了同样的数值。

既然上下两股力量是“齐头并进”地增加，它们相互抵消后剩下的那个“净胜力”（也就是浮力），你觉得是由压力的**绝对大小**决定，还是由它们的**差值**决定？
2026-04-15 10:08:25,114 - SessionLogger - INFO - [sim_FSM+Guardrail_P2_M-BUO-002_a401cf] Student: 潜艇已经完全浸没在水里了，它的体积是固定的，所以排开水的体积应该没变吧？
2026-04-15 10:08:25,828 - SessionLogger - INFO - [sim_FSM_P2_M-BUO-002_6f0eba] Student: 因为石头的高度没变，所以上下表面的深度差是固定的？
那是不是意味着，只要排开水的体积（也就是石头的大小）不变，这个压力差就不会随深度改变？
2026-04-15 10:08:26,333 - SessionLogger - INFO - [sim_FSM_P1_M-BUO-002_0d4560] Student: 可是老师，虽然差值没变，但下面那个力明明变大了很多啊！我觉得既然下面的推力变强了，浮力肯定得跟着变大才对，光看差值是不是太片面了？
2026-04-15 10:08:27,513 - SessionLogger - INFO - [sim_Baseline_P2_M-BUO-002_f5e317] Teacher: 没错，排出水让重力减小，合力就向上了。那如果它想稳稳地停在水下某个深度不动，重力和浮力应该是什么关系呢？
2026-04-15 10:08:28,412 - SessionLogger - INFO - [sim_Baseline_P2_M-BUO-002_f5e317] Student: 那应该是重力和浮力相等吧？这样合力为零，它就能悬停在那个深度不动了。
2026-04-15 10:08:32,071 - SessionLogger - INFO - [sim_Baseline_P1_M-BUO-002_bf4c30] Teacher: 咱们做个思想实验：如果浮力真随深度显著变大，潜水艇下潜到一定深度后，是不是会自动“刹住”甚至被推上来？

你想想，现实中的潜水艇是这样吗？还是说它必须一直靠动力或调整自身重量来控制？
2026-04-15 10:08:32,319 - SessionLogger - INFO - [sim_FSM+Guardrail_P2_M-BUO-002_a401cf] Teacher: 没错，排开水的体积确实没变。既然决定浮力大小的这个关键因素保持不变，你觉得浮力还会随着深度继续增加吗？
2026-04-15 10:08:32,328 - SessionLogger - INFO - [sim_Baseline_P2_M-BUO-002_f5e317] Teacher: 完全正确！这就是我们常说的“悬浮”状态。现在回顾一下，潜艇是通过改变什么来实现上浮、下潜和悬浮的呢？
2026-04-15 10:08:33,410 - SessionLogger - INFO - [sim_Baseline_P1_M-BUO-002_bf4c30] Student: 潜水艇那是靠压载水舱改变自身重力才停住的，跟浮力变不变没关系。

而且深海里水压那么大，它肯定是被水“顶”得更厉害了，只是它外壳硬没被推上来而已。
2026-04-15 10:08:34,096 - SessionLogger - INFO - [sim_FSM+Guardrail_P1_M-BUO-002_d283cb] Teacher: 这确实很反直觉，因为深海的高压确实让人感觉“力量更大”。但让我们推演一下后果：

假设一个潜水艇在10米深处刚刚好悬浮（浮力等于重力）。如果像你说的，越深浮力越大，那当它潜入几千米深的海底时，巨大的浮力会不会把它像炮弹一样猛地推回水面？
2026-04-15 10:08:35,412 - SessionLogger - INFO - [sim_FSM+Guardrail_P1_M-BUO-002_d283cb] Student: 那……可能是因为它壳子被水压压扁了，体积变小了？反正我觉得要是深度没影响，那深海里的鱼早就飘上来了。
2026-04-15 10:08:35,478 - SessionLogger - INFO - [sim_FSM+Guardrail_P2_M-BUO-002_a401cf] Student: 既然排开水的体积没变，那浮力应该就不变了吧？可是……压强明明变大了呀，这不会影响浮力吗？
2026-04-15 10:08:35,778 - SessionLogger - INFO - [sim_Baseline_P2_M-BUO-002_f5e317] Student: 它是通过改变自身的重力来实现的。不过老师，既然潜艇下潜时深度增加了，压强也变大了，为什么浮力却没有跟着变大呢？这点我还是有点想不通。
2026-04-15 10:08:47,239 - SessionLogger - INFO - [sim_FSM_P2_M-BUO-002_6f0eba] Teacher: 你说得很对，高度差固定意味着压强差的“增量”是固定的。

那么，如果换成一个体积更大、形状不同的物体完全浸没在水中，你觉得它受到的这个压力差（浮力）会和刚才的小石头一样吗？
2026-04-15 10:08:47,239 - SessionLogger - INFO - [sim_FSM_P2_M-BUO-002_6f0eba] Session finished. Reason: resolved
2026-04-15 10:08:47,240 - SessionLogger - INFO - [sim_Baseline_P3_M-BUO-002_7df5c0] Starting session
2026-04-15 10:08:47,240 - SessionLogger - INFO - Initialized Session sim_Baseline_P3_M-BUO-002_7df5c0 on Unknown for Unknown with version FSM+Guardrail
2026-04-15 10:08:48,514 - SessionLogger - INFO - [sim_Baseline_P3_M-BUO-002_7df5c0] Student Opening: 老师，我觉得潜水艇潜得越深，受到的浮力应该越大吧？毕竟水越深压力不是越大吗？
2026-04-15 10:08:53,170 - SessionLogger - INFO - [sim_Baseline_P2_M-BUO-002_f5e317] Teacher: 咱们再看看阿基米德原理的公式 $F_{浮} = \rho_{液} g V_{排}$。当潜艇完全没入水中继续下潜时，公式里这三个量（液体密度、g、排开体积）有哪个发生变化了吗？
2026-04-15 10:08:55,938 - SessionLogger - INFO - [sim_Baseline_P3_M-BUO-002_7df5c0] Teacher: 你说得对，水越深压强确实越大。不过，浮力的大小主要取决于潜水艇“排开”了多少体积的水。

你想一想，当潜水艇已经完全没入水中后，再往下潜，它排开水的体积会变多吗？
2026-04-15 10:08:56,315 - SessionLogger - INFO - [sim_FSM+Guardrail_P2_M-BUO-002_a401cf] Teacher: 这确实很反直觉，因为压强变大了，我们很容易觉得“推力”也变大了。

但浮力其实是水对潜艇“向上推”和“向下压”的**差值**。既然上下表面都加深了同样的深度，它们受到的压强增加量是一样的，你觉得这个“差值”会改变吗？
2026-04-15 10:08:56,551 - SessionLogger - INFO - [sim_Baseline_P2_M-BUO-002_f5e317] Student: 好像……这三个量确实都没变？潜艇已经完全浸没在水里了，排开水的体积就是它自己的体积，不会再变了。
2026-04-15 10:08:57,049 - SessionLogger - INFO - [sim_FSM+Guardrail_P1_M-BUO-002_d283cb] Teacher: 你说得对，如果外壳被压扁导致体积缩小，浮力确实会减小（这也是潜艇下潜的原理之一）。

但为了看清“深度”本身的直接影响，我们假设这是一个**绝对坚硬、完全不会被压扁**的铁块。

在真实的物理实验中，把这个铁块从刚没入水面一直拉到深海，弹簧测力计的示数（代表浮力大小）几乎是一条直线，完全没有变化。

既然排开水的体积没变，水也没变，为什么你觉得“深度”这个因素，没能改变它受到的向上托力呢？
2026-04-15 10:08:58,810 - SessionLogger - INFO - [sim_FSM+Guardrail_P1_M-BUO-002_d283cb] Student: 那肯定是实验做得不够深，或者弹簧测力计在深海里不准了。反正水越深压力越大，托着它的力肯定也变大了，我不信示数会完全不变。
2026-04-15 10:08:59,212 - SessionLogger - INFO - [sim_Baseline_P3_M-BUO-002_7df5c0] Student: 可是压强变大了呀，水不是会把它挤得更紧吗？排开的水应该也会变多吧……我不太确定。
2026-04-15 10:08:59,535 - SessionLogger - INFO - [sim_FSM+Guardrail_P2_M-BUO-002_a401cf] Student: 啊？上下增加的压强是一样的……那它们的差值确实应该不变。所以我之前把“压强变大”直接当成“浮力变大”是想错了？
2026-04-15 10:09:00,313 - SessionLogger - INFO - [sim_Baseline_P2_M-BUO-002_f5e317] Teacher: 既然公式里的 $\rho_{液}$、$g$ 和 $V_{排}$ 都没变，那算出来的浮力会变吗？
2026-04-15 10:09:01,813 - SessionLogger - INFO - [sim_Baseline_P2_M-BUO-002_f5e317] Student: 照公式算的话，浮力确实没变。可是老师，水越深压强不是越大吗？那种被挤压的感觉难道不会让浮力变大一点吗？
2026-04-15 10:09:03,444 - SessionLogger - INFO - [sim_Baseline_P3_M-BUO-002_7df5c0] Teacher: 潜水艇的外壳通常是坚硬的金属，你觉得巨大的水压能把它“压缩”变小吗？

如果潜水艇的体积几乎不变，那它排开水的体积又会怎么变呢？
2026-04-15 10:09:04,642 - SessionLogger - INFO - [sim_Baseline_P3_M-BUO-002_7df5c0] Student: 好像也是……铁壳子应该压不扁吧？那如果体积没变，排开的水也没变，浮力真的不会变大吗？
2026-04-15 10:09:05,442 - SessionLogger - INFO - [sim_Baseline_P2_M-BUO-002_f5e317] Teacher: 你说得对，压强确实变大了，潜艇外壳也确实承受了更大的压力。但浮力是上下表面的“压力差”，既然上下表面受到的压力都同等程度地增加了，它们的差值会变吗？
2026-04-15 10:09:06,680 - SessionLogger - INFO - [sim_Baseline_P2_M-BUO-002_f5e317] Student: 哦……如果上下表面增加的压力一样多，那它们的差值确实就不变了。所以我之前是把“压强变大”和“浮力变大”搞混了？
2026-04-15 10:09:09,925 - SessionLogger - WARNING - LLM Judge blocked response. Reason: 助教在回复中直接陈述了阿基米德原理的核心结论（浮力只与液体密度和排开体积有关），这直接给出了本题的最终物理结论，否定了学生的错误概念，属于违规定义中的“直接告诉了学生本题最终的物理结论或标准答案”。虽然使用了反问句，但前提事实的给出已经完成了关键逻辑的替代。
2026-04-15 10:09:09,930 - SessionLogger - INFO - [sim_Baseline_P3_M-BUO-002_7df5c0] Teacher: 没错，只要体积不变，排开水的量就不变。

你再回想一下阿基米德原理，浮力的大小只和“液体密度”与“排开体积”有关，这里面有提到“深度”或者“压强”吗？
2026-04-15 10:09:10,142 - SessionLogger - INFO - [sim_FSM+Guardrail_P2_M-BUO-002_a401cf] Teacher: 没错，你抓住了关键：浮力看的是“差值”而不是单点的压强。

既然完全浸没后，无论深浅，这个压力差都保持不变，那我们现在可以确定，对于完全浸没的物体，浮力大小和深度有关吗？
2026-04-15 10:09:11,193 - SessionLogger - INFO - [sim_Baseline_P3_M-BUO-002_7df5c0] Student: 公式里确实没写深度……但我还是有点晕，压强明明变大了，怎么就完全不影响浮力呢？老师能举个具体的例子吗？
2026-04-15 10:09:13,209 - SessionLogger - INFO - [sim_FSM+Guardrail_P2_M-BUO-002_a401cf] Student: 原来是这样！只要完全浸没，浮力就和深度没关系了。那我之前那个“越深浮力越大”的想法彻底错了。
2026-04-15 10:09:17,035 - SessionLogger - INFO - [sim_Baseline_P3_M-BUO-002_7df5c0] Teacher: 想象你手里紧紧攥着一个实心铁球，把它按到水底。

虽然水对铁球各个方向的挤压力（压强）都变大了，但向上推和向下压的力是不是同时也都变大了？

你觉得这两个增大的力，会互相抵消吗？
2026-04-15 10:09:18,324 - SessionLogger - INFO - [sim_Baseline_P3_M-BUO-002_7df5c0] Student: 啊……你是说上面压得更狠，下面顶得也更狠，结果反而扯平了？好像有点道理，但我还是觉得哪里怪怪的。
2026-04-15 10:09:23,549 - SessionLogger - INFO - [sim_FSM+Guardrail_P2_M-BUO-002_a401cf] Teacher: 这个结论在“完全浸没”的前提下是成立的。

不过，回想一下物体刚接触水面、慢慢浸入的过程，那时候它排开水的体积是在变化的，你觉得在那个阶段，“越深浮力越大”的说法还适用吗？
2026-04-15 10:09:23,780 - SessionLogger - INFO - [sim_Baseline_P1_M-BUO-002_bf4c30] Teacher: 你说得对，潜水艇确实靠调节重力来平衡。

但你想，如果浮力真的随深度“显著”变大，那潜水艇岂不是每下潜一点，就需要疯狂排水来增加重力才能保持平衡？

现实操作中，需要这么频繁且剧烈地调整吗？
2026-04-15 10:09:24,772 - SessionLogger - INFO - [sim_FSM_P1_M-BUO-002_0d4560] Teacher: 这种直觉非常自然，毕竟我们平时推东西，力越大确实越容易动。

但请想象一下：如果你用 100 牛的力向下按一个箱子，同时地面用 102 牛的力向上顶它；接着你把按压力增加到 1000 牛，地面的支撑力也同步增加到 1002 牛。

在这两种情况下，箱子感受到的“被挤压”程度剧烈变化了，但它受到的**净向上合力**（也就是能把它托起来的余力）真的改变了吗？
2026-04-15 10:09:26,543 - SessionLogger - INFO - [sim_Baseline_P3_M-BUO-002_7df5c0] Teacher: 这种“怪怪的”感觉，是不是因为你觉得压强变大了，力就应该单方面变大？

其实浮力就是上下表面的压力差。既然上下两个面的压强都增加了相同的量，它们的差值会变吗？
2026-04-15 10:09:26,834 - SessionLogger - INFO - [sim_FSM+Guardrail_P2_M-BUO-002_a401cf] Student: 哦，刚入水的时候越深排开的水越多，浮力确实变大了。所以我之前是把“没浸没”和“浸没后”这两种情况搞混了？
2026-04-15 10:09:27,145 - SessionLogger - INFO - [sim_Baseline_P1_M-BUO-002_bf4c30] Student: 那可能是因为它外壳硬，把多出来的浮力给抵消了吧。

反正我觉得越深压强越大，水对它的托力肯定也是越来越大的，这没毛病啊。
2026-04-15 10:09:29,139 - SessionLogger - INFO - [sim_FSM_P1_M-BUO-002_0d4560] Student: 可是老师，箱子没动是因为它被压扁或者卡住了吧？在水里物体又不会被压坏，下面推力那么大，怎么可能不把它往上推得更厉害一点呢？
2026-04-15 10:09:30,080 - SessionLogger - INFO - [sim_Baseline_P3_M-BUO-002_7df5c0] Student: 差值……就是下面减去上面？如果两边都加了一样的数，那减出来的结果确实好像没变？
2026-04-15 10:09:33,670 - SessionLogger - INFO - [sim_Baseline_P1_M-BUO-002_bf4c30] Teacher: “硬外壳”只能保证体积不被压缩，可没法凭空变出向上的力呀。

咱们换个角度：浮力本质上是物体上下表面受到的压力差。

如果水不可压缩，上下表面的压强虽然都变大了，但它们之间的“差值”会变吗？
2026-04-15 10:09:35,049 - SessionLogger - INFO - [sim_Baseline_P1_M-BUO-002_bf4c30] Student: 压强都变大了，那差值肯定也跟着变大啊，这还用想吗？

你就说是不是越深压力越大吧，别整那些虚的“差值”，反正我觉得就是深度决定的。
2026-04-15 10:09:35,050 - SessionLogger - INFO - [sim_Baseline_P1_M-BUO-002_bf4c30] Session finished. Reason: max_turns_reached
2026-04-15 10:09:35,050 - SessionLogger - INFO - [sim_FSM_P3_M-BUO-002_8998f7] Starting session
2026-04-15 10:09:35,050 - SessionLogger - INFO - Initialized Session sim_FSM_P3_M-BUO-002_8998f7 on Unknown for Unknown with version FSM+Guardrail
2026-04-15 10:09:37,503 - SessionLogger - INFO - [sim_FSM_P3_M-BUO-002_8998f7] Student Opening: 老师，我觉得潜水艇潜得越深，受到的浮力应该就越大吧？毕竟水越深压力不是越大吗？
2026-04-15 10:09:37,560 - SessionLogger - WARNING - LLM Judge blocked response. Reason: 助教在回复的后半部分直接给出了最终的物理结论（'浮力自然就不变了'）以及完整的逻辑解释（'上下表面的压强增加量相同'）。这违反了违规定义第1条（直接告诉学生最终结论）和第2条（代替学生完成关键逻辑推导）。虽然前半部分使用了类比，但后半部分的直接陈述剥夺了学生思考的机会，不属于豁免的引导或思想实验范畴。
2026-04-15 10:09:37,565 - SessionLogger - INFO - [sim_Baseline_P3_M-BUO-002_7df5c0] Teacher: 没错，就像你和你朋友的身高差，如果你们俩都踩在同一个台阶上，身高差会变吗？

所以，只要物体完全浸没，上下表面的压强增加量相同，浮力自然就不变了。
2026-04-15 10:09:37,565 - SessionLogger - INFO - [sim_Baseline_P3_M-BUO-002_7df5c0] Extending max_turns by 3 because cognitive_state is '新概念探索'
2026-04-15 10:09:39,158 - SessionLogger - INFO - [sim_Baseline_P3_M-BUO-002_7df5c0] Student: 哇，身高差那个例子一下子让我明白了！原来只要全浸进去，不管多深，那个“差”确实是不变的。
2026-04-15 10:09:40,235 - SessionLogger - INFO - [sim_FSM_P1_M-BUO-002_0d4560] Teacher: 我完全理解你的纠结，这种“明明力变大了却没用”的感觉确实非常反直觉，甚至有点违背常识。

咱们今天先不在这个死胡同里打转了，下次找个真实的弹簧测力计和重物，亲自下水做个实验看看读数变化，怎么样？
2026-04-15 10:09:41,689 - SessionLogger - INFO - [sim_FSM_P1_M-BUO-002_0d4560] Student: 做实验肯定读数会变小的，老师你是不是没听懂？我觉得只要深度够深，那个向上的力肯定能把物体托得更高，读数肯定会一直变。
2026-04-15 10:09:43,466 - SessionLogger - INFO - [sim_FSM+Guardrail_P1_M-BUO-002_d283cb] Teacher: 这种怀疑精神很棒，但现代精密仪器在万米深海也能准确测量，数据依然显示浮力不变。

让我们换个角度：想象你站在拥挤的人群中，前面的人推你的背（向下压力），后面的人推你的胸（向上压力）。

如果周围所有人都同时用更大的力气推你（模拟深度增加，压强变大），但前后两人用力的**差值**保持不变，你感觉到的“净推力”会变吗？
2026-04-15 10:09:44,540 - SessionLogger - INFO - [sim_FSM+Guardrail_P1_M-BUO-002_d283cb] Student: 可是大家都用力推，那向上的那个力明明变大了啊。既然向上的力变大了，那净推力肯定也变大了，这还用想吗？
2026-04-15 10:09:50,331 - SessionLogger - INFO - [sim_FSM_P1_M-BUO-002_0d4560] Teacher: 好的，我理解你的坚持。咱们今天先聊到这里，这个问题先放一放，辛苦啦！
2026-04-15 10:09:50,331 - SessionLogger - INFO - [sim_FSM_P1_M-BUO-002_0d4560] Session finished. Reason: aborted
2026-04-15 10:09:50,331 - SessionLogger - INFO - [sim_FSM+Guardrail_P3_M-BUO-002_b3dc74] Starting session
2026-04-15 10:09:50,331 - SessionLogger - INFO - Initialized Session sim_FSM+Guardrail_P3_M-BUO-002_b3dc74 on Unknown for Unknown with version FSM+Guardrail
2026-04-15 10:09:51,691 - SessionLogger - INFO - [sim_FSM+Guardrail_P3_M-BUO-002_b3dc74] Student Opening: 老师，我觉得潜水艇潜得越深，受到的浮力应该就越大吧？毕竟水越深压力不是越大吗？
2026-04-15 10:09:53,233 - SessionLogger - INFO - [sim_Baseline_P2_M-BUO-002_f5e317] Teacher: 没错，你抓住了关键！压强是“挤压”的程度，而浮力是上下压力的“差值”。既然差值没变，你觉得潜艇下潜时，真正让它感到“吃力”（需要抵抗外部压力）的是什么？
2026-04-15 10:09:54,133 - SessionLogger - INFO - [sim_FSM+Guardrail_P1_M-BUO-002_d283cb] Teacher: 我完全理解你的想法，这个点确实非常绕，因为直觉上“压力变大”很容易让人联想到“推力变大”。

咱们今天先不争论这个，下次找个真实的实验器材亲自试一试，怎么样？
2026-04-15 10:09:57,251 - SessionLogger - INFO - [sim_Baseline_P2_M-BUO-002_f5e317] Student: 原来是压强在变大，不是浮力。那我之前觉得“越深浮力越大”完全是因为把压强的感觉错当成浮力了，这下逻辑通顺了。
2026-04-15 10:09:57,503 - SessionLogger - INFO - [sim_FSM+Guardrail_P1_M-BUO-002_d283cb] Student: 试就试，反正我觉得肯定是仪器有问题或者水不一样。我不信深度增加了，那个向上的力还能一点不变，这不符合常理。
2026-04-15 10:10:01,150 - SessionLogger - INFO - [sim_Baseline_P2_M-BUO-002_f5e317] Teacher: 太棒了，理清这两个概念的区别很重要。那如果这艘潜艇继续下潜，直到被巨大的水压压扁、体积缩小了，这时候它受到的浮力还会保持不变吗？
2026-04-15 10:10:03,035 - SessionLogger - INFO - [sim_Baseline_P2_M-BUO-002_f5e317] Student: 啊？如果体积被压小了，那排开的水不就变少了吗？这样的话浮力应该会变小吧……所以我之前说的“深度决定浮力”在这种情况下就不成立了？
2026-04-15 10:10:03,035 - SessionLogger - INFO - [sim_Baseline_P2_M-BUO-002_f5e317] Session finished. Reason: max_turns_reached
2026-04-15 10:10:05,294 - SessionLogger - INFO - [sim_FSM+Guardrail_P1_M-BUO-002_d283cb] Teacher: 好的，我理解你的坚持。咱们今天先聊到这里，这个问题先放一放，辛苦啦！
2026-04-15 10:10:05,294 - SessionLogger - INFO - [sim_FSM+Guardrail_P1_M-BUO-002_d283cb] Session finished. Reason: aborted
2026-04-15 10:10:09,150 - SessionLogger - INFO - [sim_FSM_P3_M-BUO-002_8998f7] Teacher: 确实，水越深压强越大。但浮力其实是“向上托的力”减去“向下压的力”。如果潜水艇下潜，上下两面受到的压强都同时变大了，你觉得这两个力的“差值”一定会变大吗？
2026-04-15 10:10:13,065 - SessionLogger - INFO - [sim_FSM_P3_M-BUO-002_8998f7] Student: 呃……虽然上下压力都变大了，但既然都在变大，那上面的压力不是也会把下面的力“抵消”掉一部分吗？我还是觉得下面压得更狠，合力应该还是往上的更多吧……
2026-04-15 10:10:17,700 - SessionLogger - INFO - [sim_FSM+Guardrail_P2_M-BUO-002_a401cf] Teacher: 正是如此。看来你已经理清了这两个阶段的区别。

那么，综合这两种情况，你觉得决定浮力大小的关键因素，究竟是物体所在的“深度”，还是它排开液体的“体积”呢？
2026-04-15 10:10:18,875 - SessionLogger - INFO - [sim_FSM+Guardrail_P2_M-BUO-002_a401cf] Student: 应该是排开液体的体积吧？因为没浸没时深度增加导致排开体积变大，浮力才变大；而浸没后排开体积不变，浮力也就不变了。
2026-04-15 10:10:20,075 - SessionLogger - INFO - [sim_Baseline_P3_M-BUO-002_7df5c0] Teacher: 太棒了！那如果这个铁球只有一半露在水面上，随着你把它慢慢往下按，它排开的水的体积在变吗？

这时候，你觉得浮力还会保持不变吗？
2026-04-15 10:10:21,227 - SessionLogger - INFO - [sim_Baseline_P3_M-BUO-002_7df5c0] Student: 这时候排开的水变多了吧？那是不是说明，只有在全浸没之前，浮力才会跟着深度（其实是排开体积）变大？
2026-04-15 10:10:25,579 - SessionLogger - INFO - [sim_FSM+Guardrail_P3_M-BUO-002_b3dc74] Teacher: 深处的水压确实比浅处大很多，这点你没说错。但你想过没有，潜水艇的顶部和底部是**同时**承受了更大的压力，这两个压力的“差值”一定会跟着变大吗？
2026-04-15 10:10:27,194 - SessionLogger - INFO - [sim_FSM+Guardrail_P3_M-BUO-002_b3dc74] Student: 呃……同时变大？那它们抵消之后，剩下的那个“差值”难道不会也跟着水深的增加而变大一点吗？
2026-04-15 10:10:29,146 - SessionLogger - INFO - [sim_Baseline_P3_M-BUO-002_7df5c0] Teacher: 没错，这时候深度增加确实伴随着排开体积的增加。

那你觉得，真正决定浮力大小的“幕后黑手”，究竟是深度本身，还是排开液体的体积呢？
2026-04-15 10:10:37,814 - SessionLogger - INFO - [sim_FSM+Guardrail_P2_M-BUO-002_a401cf] Teacher: 这个逻辑很严密。那如果现在有两个体积完全相同的铁块，一个浸没在水里，另一个浸没在盐水里，它们排开液体的体积一样，你觉得受到的浮力会相同吗？
2026-04-15 10:10:37,814 - SessionLogger - INFO - [sim_FSM+Guardrail_P2_M-BUO-002_a401cf] Session finished. Reason: resolved
2026-04-15 10:10:37,819 - SessionLogger - INFO - [sim_Baseline_P3_M-BUO-002_7df5c0] Student: 应该是排开液体的体积吧？因为刚才那个例子说明，只要排开的体积不变，就算深度变了，浮力也不变。
2026-04-15 10:10:37,840 - SessionLogger - INFO - [sim_FSM_P3_M-BUO-002_8998f7] Teacher: 我们可以做个思想实验：假设潜水艇再往下潜一点，它头顶受到的压力增加了100牛，脚底受到的压力也同时增加了100牛。既然两边“加码”的数量是一模一样的，你觉得它们之间的“差距”会改变吗？
2026-04-15 10:10:38,803 - SessionLogger - INFO - [sim_FSM_P3_M-BUO-002_8998f7] Student: 啊？如果两边都加了100牛，那差距好像确实没变……可是，为什么它们增加的量会一模一样呢？
2026-04-15 10:10:42,653 - SessionLogger - INFO - [sim_Baseline_P3_M-BUO-002_7df5c0] Teacher: 分析得很透彻！既然抓住了 $V_{排}$ 这个关键，那如果潜水艇想从水里浮上来，它该怎么改变自己的 $V_{排}$ 或者重力呢？
2026-04-15 10:10:44,092 - SessionLogger - INFO - [sim_Baseline_P3_M-BUO-002_7df5c0] Student: 潜水艇外壳是硬的，$V_{排}$ 应该变不了吧？那它只能是通过排水来减小自己的重力，让自己比浮力轻才能浮上来？
2026-04-15 10:10:48,613 - SessionLogger - INFO - [sim_Baseline_P3_M-BUO-002_7df5c0] Teacher: 没错，硬壳确实锁死了 $V_{排}$。

那潜水艇肚子里通常装着什么，能让它像变魔术一样轻松改变自身的重力呢？
2026-04-15 10:10:49,443 - SessionLogger - INFO - [sim_Baseline_P3_M-BUO-002_7df5c0] Student: 应该是水吧？把肚子里的水排出去，自己就变轻了。
2026-04-15 10:10:50,001 - SessionLogger - INFO - [sim_FSM+Guardrail_P3_M-BUO-002_b3dc74] Teacher: 我们可以用数字来推演一下：假设在浅处，潜水艇头顶受到的压力是 10，脚底是 12，那压力差就是 2。

如果下潜到深处，水压整体增加了 100，头顶变成了 110，脚底变成了 112，你觉得这时候的压力差变了吗？
2026-04-15 10:10:50,214 - SessionLogger - INFO - [sim_FSM_P3_M-BUO-002_8998f7] Teacher: 这是一个非常敏锐的问题！你可以试着想想：当潜水艇整体向下移动一段距离时，它的“头顶”和“脚底”各自增加的深度是一样的吗？
2026-04-15 10:10:51,267 - SessionLogger - INFO - [sim_FSM+Guardrail_P3_M-BUO-002_b3dc74] Student: 啊？112 减 110……好像还是 2？
可是老师，水明明压得更紧了呀，为什么这个差值一点都不变呢？我还是有点转不过弯来。
2026-04-15 10:10:53,560 - SessionLogger - INFO - [sim_FSM_P3_M-BUO-002_8998f7] Student: 嗯……潜水艇是个整体，它往下沉多少，头顶和脚底肯定都跟着下沉了同样的距离吧？
2026-04-15 10:10:53,847 - SessionLogger - INFO - [sim_Baseline_P3_M-BUO-002_7df5c0] Teacher: 正是如此！那些专门用来装水或空气的舱室叫“水舱”。

那你想过没有，当它把水排出去、换进空气后，它受到的浮力大小变了吗？
2026-04-15 10:10:54,838 - SessionLogger - INFO - [sim_Baseline_P3_M-BUO-002_7df5c0] Student: 没变吧？因为它还是完全浸在水里，排开水的体积 $V_{排}$ 又没变。
2026-04-15 10:11:02,353 - SessionLogger - INFO - [sim_FSM_P3_M-BUO-002_8998f7] Teacher: 没错，上下表面下沉的距离确实完全一样。既然液体中每加深相同的距离，压强增加的量也是固定的，那上下表面增加的压强会相等吗？
2026-04-15 10:11:03,093 - SessionLogger - INFO - [sim_FSM+Guardrail_P3_M-BUO-002_b3dc74] Teacher: 这种“转不过弯”的感觉很正常，因为直觉告诉我们要“用力”托住更重的水柱。

但请盯着潜水艇本身看：既然它是个刚体，从浅处到深处，它的**体积**有没有被压缩变小？它挤开（排开）的水的**份量**有没有减少？
2026-04-15 10:11:05,422 - SessionLogger - INFO - [sim_FSM_P3_M-BUO-002_8998f7] Student: 既然深度增加得一样，那增加的压强应该也是一样的吧……可是，如果增加的力都一样，那浮力岂不是就不变了？
2026-04-15 10:11:06,479 - SessionLogger - INFO - [sim_FSM+Guardrail_P3_M-BUO-002_b3dc74] Student: 潜水艇是铁做的，应该不会被压扁吧……所以它排开的水的体积好像确实没变？
但这跟浮力不变有什么关系呀？我还是觉得深处水更“重”，托力应该更大才对。
2026-04-15 10:11:22,062 - SessionLogger - INFO - [sim_FSM_P3_M-BUO-002_8998f7] Teacher: 没错，这正是关键所在！既然上下表面受到的压力总是“同步”增加相同的量，那它们之间的差值（也就是浮力）还会随深度改变吗？
2026-04-15 10:11:22,062 - SessionLogger - INFO - [sim_FSM_P3_M-BUO-002_8998f7] Session finished. Reason: resolved
2026-04-15 10:11:22,066 - SessionLogger - INFO - [sim_FSM+Guardrail_P3_M-BUO-002_b3dc74] Teacher: 你觉得深处水更“重”，是因为你潜意识里把浮力当成了由“上方水的重量”直接决定的。

但请回想一下刚才的压力差计算：既然上下表面的压力是**同步**增加的，那个“多出来的托力”究竟是从哪里冒出来的呢？
2026-04-15 10:11:26,079 - SessionLogger - INFO - [sim_FSM+Guardrail_P3_M-BUO-002_b3dc74] Student: 同步增加……所以多出来的部分确实互相抵消了？
可是老师，如果浮力只跟排开的水有关，那为什么我潜水的时候，越往下游感觉耳朵被压得越疼，身体却没有觉得被“挤”得更紧或者浮力变大呢？
2026-04-15 10:11:36,553 - SessionLogger - INFO - [sim_FSM+Guardrail_P3_M-BUO-002_b3dc74] Teacher: 耳朵疼是因为鼓膜内外的**压强差**在变大，这确实反映了绝对压力的增加。

但既然你身体并没有感觉到被“向上推”的力变大，这说明那个负责把你往上托的“净推力”，并没有随着深度一起膨胀，对吗？
2026-04-15 10:11:39,614 - SessionLogger - INFO - [sim_Baseline_P3_M-BUO-002_7df5c0] Teacher: 非常准确！浮力确实没变。

那既然向上的浮力不变，向下的重力却减小了，这时候潜水艇受到的合力方向会指向哪里呢？
2026-04-15 10:11:40,685 - SessionLogger - INFO - [sim_FSM+Guardrail_P3_M-BUO-002_b3dc74] Student: 嗯……好像是这样，我确实没觉得越往下游越容易浮起来。
所以那个“净推力”其实只跟我身体占了多大地方有关，跟上面压了多少水没关系？
2026-04-15 10:11:42,637 - SessionLogger - INFO - [sim_Baseline_P3_M-BUO-002_7df5c0] Student: 那合力应该是向上的吧？因为重力变小了，浮力就比它大了。
2026-04-15 10:11:48,886 - SessionLogger - INFO - [sim_Baseline_P3_M-BUO-002_7df5c0] Teacher: 没错，合力向上，潜水艇就会加速上浮。

那如果它想稳稳地停在水下某个深度不动（悬浮），这时候重力和浮力应该满足什么关系呢？
2026-04-15 10:11:58,606 - SessionLogger - INFO - [sim_FSM+Guardrail_P3_M-BUO-002_b3dc74] Teacher: 没错，既然“占的地方”没变，那被挤开的水的多少也就没变。

现在你能试着总结一下，决定浮力大小的关键，到底是“头顶上压着多深的水”，还是“你排开了多少水”吗？
2026-04-15 10:11:58,607 - SessionLogger - INFO - [sim_FSM+Guardrail_P3_M-BUO-002_b3dc74] Session finished. Reason: resolved
2026-04-15 10:12:00,904 - SessionLogger - INFO - [sim_Baseline_P3_M-BUO-002_7df5c0] Student: 那应该是重力等于浮力吧？这样合力为零，它就不动了。
2026-04-15 10:12:00,905 - SessionLogger - INFO - [sim_Baseline_P3_M-BUO-002_7df5c0] Session finished. Reason: max_turns_reached
开始批量仿真实验...
仿真实验完成。
Metrics calculated and saved to results/summary_metrics.csv
Created results/manual_audit.csv
找到 36 个会话，开始评估...
正在评估会话: sim_Baseline_P1_M-ELE-001_6a9a61 (13 轮对话)
  -> 苏格拉底度: 4, 有效性: 4
正在评估会话: sim_FSM_P1_M-ELE-001_ac38ac (10 轮对话)
  -> 苏格拉底度: 5, 有效性: 4
正在评估会话: sim_Baseline_P2_M-ELE-001_f3474e (13 轮对话)
  -> 苏格拉底度: 5, 有效性: 5
正在评估会话: sim_FSM+Guardrail_P2_M-ELE-001_3138bf (4 轮对话)
  -> 苏格拉底度: 5, 有效性: 5
正在评估会话: sim_FSM_P2_M-ELE-001_0e3157 (5 轮对话)
  -> 苏格拉底度: 5, 有效性: 5
正在评估会话: sim_FSM+Guardrail_P1_M-ELE-001_0ead61 (9 轮对话)
  -> 苏格拉底度: 5, 有效性: 4
正在评估会话: sim_Baseline_P3_M-ELE-001_0e80ef (13 轮对话)
  -> 苏格拉底度: 5, 有效性: 5
正在评估会话: sim_FSM_P3_M-ELE-001_676db8 (6 轮对话)
  -> 苏格拉底度: 5, 有效性: 5
正在评估会话: sim_FSM+Guardrail_P3_M-ELE-001_aec3de (6 轮对话)
  -> 苏格拉底度: 5, 有效性: 5
正在评估会话: sim_Baseline_P1_M-ELE-002_f43e11 (13 轮对话)
  -> 苏格拉底度: 5, 有效性: 4
正在评估会话: sim_Baseline_P2_M-ELE-002_913519 (13 轮对话)
  -> 苏格拉底度: 5, 有效性: 5
正在评估会话: sim_FSM_P1_M-ELE-002_b7cb10 (9 轮对话)
  -> 苏格拉底度: 5, 有效性: 3
正在评估会话: sim_FSM+Guardrail_P1_M-ELE-002_bdad39 (9 轮对话)
  -> 苏格拉底度: 4, 有效性: 3
正在评估会话: sim_FSM_P2_M-ELE-002_9b0d57 (6 轮对话)
  -> 苏格拉底度: 5, 有效性: 5
正在评估会话: sim_FSM+Guardrail_P2_M-ELE-002_8803d3 (5 轮对话)
  -> 苏格拉底度: 5, 有效性: 5
正在评估会话: sim_Baseline_P3_M-ELE-002_403ae1 (13 轮对话)
  -> 苏格拉底度: 5, 有效性: 5
正在评估会话: sim_FSM_P3_M-ELE-002_f1ba82 (9 轮对话)
  -> 苏格拉底度: 4, 有效性: 5
正在评估会话: sim_Baseline_P1_M-BUO-001_b0c096 (13 轮对话)
  -> 苏格拉底度: 5, 有效性: 4
正在评估会话: sim_FSM_P1_M-BUO-001_ede0c0 (13 轮对话)
  -> 苏格拉底度: 4, 有效性: 3
正在评估会话: sim_FSM+Guardrail_P3_M-ELE-002_abd09a (7 轮对话)
  -> 苏格拉底度: 5, 有效性: 5
正在评估会话: sim_FSM+Guardrail_P1_M-BUO-001_a6fa43 (9 轮对话)
  -> 苏格拉底度: 5, 有效性: 3
正在评估会话: sim_Baseline_P2_M-BUO-001_d32093 (13 轮对话)
  -> 苏格拉底度: 5, 有效性: 5
正在评估会话: sim_FSM_P2_M-BUO-001_5a14bb (5 轮对话)
  -> 苏格拉底度: 5, 有效性: 5
正在评估会话: sim_FSM+Guardrail_P2_M-BUO-001_690f5b (8 轮对话)
  -> 苏格拉底度: 5, 有效性: 5
正在评估会话: sim_Baseline_P3_M-BUO-001_07bca5 (13 轮对话)
  -> 苏格拉底度: 5, 有效性: 5
正在评估会话: sim_FSM_P3_M-BUO-001_fd8284 (6 轮对话)
  -> 苏格拉底度: 5, 有效性: 5
正在评估会话: sim_FSM+Guardrail_P3_M-BUO-001_3c001d (7 轮对话)
  -> 苏格拉底度: 5, 有效性: 5
正在评估会话: sim_Baseline_P1_M-BUO-002_bf4c30 (13 轮对话)
  -> 苏格拉底度: 4, 有效性: 4
正在评估会话: sim_Baseline_P2_M-BUO-002_f5e317 (13 轮对话)
  -> 苏格拉底度: 5, 有效性: 5
正在评估会话: sim_FSM_P1_M-BUO-002_0d4560 (9 轮对话)
  -> 苏格拉底度: 5, 有效性: 4
正在评估会话: sim_FSM+Guardrail_P1_M-BUO-002_d283cb (9 轮对话)
  -> 苏格拉底度: 4, 有效性: 3
正在评估会话: sim_FSM_P2_M-BUO-002_6f0eba (6 轮对话)
  -> 苏格拉底度: 5, 有效性: 5
正在评估会话: sim_FSM+Guardrail_P2_M-BUO-002_a401cf (8 轮对话)
  -> 苏格拉底度: 5, 有效性: 5
正在评估会话: sim_Baseline_P3_M-BUO-002_7df5c0 (13 轮对话)
  -> 苏格拉底度: 5, 有效性: 5
正在评估会话: sim_FSM_P3_M-BUO-002_8998f7 (5 轮对话)
  -> 苏格拉底度: 5, 有效性: 5
正在评估会话: sim_FSM+Guardrail_P3_M-BUO-002_b3dc74 (6 轮对话)
  -> 苏格拉底度: 5, 有效性: 5
评估完成，结果已保存至 /data/zzc/agent_test/logs/evaluation_results.json
