2026-04-14 10:51:24,534 - SessionLogger - INFO - [sim_Baseline_P1_M-ELE-001_57a71c] Starting session
2026-04-14 10:51:24,535 - SessionLogger - INFO - Initialized Session sim_Baseline_P1_M-ELE-001_57a71c on Unknown for Unknown with version FSM+Guardrail
2026-04-14 10:51:28,096 - SessionLogger - INFO - [sim_Baseline_P1_M-ELE-001_57a71c] Student Opening: 老师，我觉得串联电路里，电流流过第一个灯泡肯定会被消耗掉一部分，所以第二个灯泡分到的电流应该比第一个少吧？
2026-04-14 10:51:28,097 - SessionLogger - INFO - [sim_FSM_P1_M-ELE-001_54cae9] Starting session
2026-04-14 10:51:28,098 - SessionLogger - INFO - Initialized Session sim_FSM_P1_M-ELE-001_54cae9 on Unknown for Unknown with version FSM+Guardrail
2026-04-14 10:51:29,176 - SessionLogger - INFO - [sim_FSM_P1_M-ELE-001_54cae9] Student Opening: 老师，我觉得串联电路里，电流流过第一个灯泡肯定被消耗掉了一部分，所以第二个灯泡分到的电流应该比第一个少吧？
2026-04-14 10:51:29,178 - SessionLogger - INFO - [sim_FSM+Guardrail_P1_M-ELE-001_5cb65f] Starting session
2026-04-14 10:51:29,178 - SessionLogger - INFO - Initialized Session sim_FSM+Guardrail_P1_M-ELE-001_5cb65f on Unknown for Unknown with version FSM+Guardrail
2026-04-14 10:51:30,570 - SessionLogger - INFO - [sim_FSM+Guardrail_P1_M-ELE-001_5cb65f] Student Opening: 老师，我觉得电流流过第一个灯泡的时候肯定被消耗掉了一部分，所以后面那个灯泡分到的电流应该比前面的少吧？
2026-04-14 10:51:30,572 - SessionLogger - INFO - [sim_Baseline_P2_M-ELE-001_09eb77] Starting session
2026-04-14 10:51:30,572 - SessionLogger - INFO - Initialized Session sim_Baseline_P2_M-ELE-001_09eb77 on Unknown for Unknown with version FSM+Guardrail
2026-04-14 10:51:32,072 - SessionLogger - INFO - [sim_Baseline_P2_M-ELE-001_09eb77] Student Opening: 老师，我觉得串联电路里，第一个灯泡肯定比第二个亮，因为电流流过第一个灯泡时被“消耗”掉了一部分，剩下的电流才流到第二个灯泡那里嘛。
2026-04-14 10:51:32,074 - SessionLogger - INFO - [sim_FSM_P2_M-ELE-001_fae11a] Starting session
2026-04-14 10:51:32,074 - SessionLogger - INFO - Initialized Session sim_FSM_P2_M-ELE-001_fae11a on Unknown for Unknown with version FSM+Guardrail
2026-04-14 10:51:32,990 - SessionLogger - INFO - [sim_FSM_P2_M-ELE-001_fae11a] Student Opening: 老师，我觉得串联电路里，电流流过第一个灯泡后肯定变少了，不然第二个灯泡怎么还能亮呢？
2026-04-14 10:51:32,992 - SessionLogger - INFO - [sim_FSM+Guardrail_P2_M-ELE-001_730681] Starting session
2026-04-14 10:51:32,992 - SessionLogger - INFO - Initialized Session sim_FSM+Guardrail_P2_M-ELE-001_730681 on Unknown for Unknown with version FSM+Guardrail
2026-04-14 10:51:33,995 - SessionLogger - INFO - [sim_FSM+Guardrail_P2_M-ELE-001_730681] Student Opening: 老师，串联电路里第一个灯泡是不是会把电流“用掉”一部分，所以流到第二个灯泡的电流应该比第一个小吧？
2026-04-14 10:51:43,521 - SessionLogger - INFO - [sim_Baseline_P2_M-ELE-001_09eb77] Teacher: 如果电流真的被“消耗”变少了，那你想想，那些消失的电荷都去哪儿了呢？它们会堆积在第二个灯泡前面吗？
2026-04-14 10:51:43,795 - SessionLogger - INFO - [sim_Baseline_P1_M-ELE-001_57a71c] Teacher: 这个想法很直观，但咱们想想，如果电流真的在第一个灯泡那里“少”了，那些多出来的电荷会堆积在哪里呢？
2026-04-14 10:51:47,192 - SessionLogger - INFO - [sim_Baseline_P2_M-ELE-001_09eb77] Student: 呃……好像确实没地方堆积啊，灯泡里也没见电荷变多。那电流是不是变成光能跑掉了，所以剩下的就少了？
Deserializing unregistered type router.SessionMemory from checkpoint. This will be blocked in a future version. Add to allowed_msgpack_modules to silence: [('router', 'SessionMemory')]
Deserializing unregistered type router.PerceptionResult from checkpoint. This will be blocked in a future version. Add to allowed_msgpack_modules to silence: [('router', 'PerceptionResult')]
Deserializing unregistered type router.RouteDecision from checkpoint. This will be blocked in a future version. Add to allowed_msgpack_modules to silence: [('router', 'RouteDecision')]
2026-04-14 10:51:47,986 - SessionLogger - INFO - [sim_Baseline_P1_M-ELE-001_57a71c] Student: 电荷又不会像水一样积在灯泡里，它肯定是被灯泡“用掉”转化成光和热了啊。所以流过去的自然就变少了嘛，这有什么好堆积的？
Deserializing unregistered type router.SessionMemory from checkpoint. This will be blocked in a future version. Add to allowed_msgpack_modules to silence: [('router', 'SessionMemory')]
Deserializing unregistered type router.PerceptionResult from checkpoint. This will be blocked in a future version. Add to allowed_msgpack_modules to silence: [('router', 'PerceptionResult')]
Deserializing unregistered type router.RouteDecision from checkpoint. This will be blocked in a future version. Add to allowed_msgpack_modules to silence: [('router', 'RouteDecision')]
2026-04-14 10:51:48,061 - SessionLogger - INFO - [sim_FSM+Guardrail_P2_M-ELE-001_730681] Teacher: 如果真是这样，那要是我们串联一百个同样的灯泡，最后一个灯泡分到的电流岂不是几乎为零，根本亮不起来？
2026-04-14 10:51:49,664 - SessionLogger - INFO - [sim_FSM+Guardrail_P2_M-ELE-001_730681] Student: 嗯……好像确实有点道理，如果电流真被用光了，后面的灯肯定不亮。但灯泡发光不就是靠消耗电流吗？那电流到底是怎么做到不被消耗的？
Deserializing unregistered type router.SessionMemory from checkpoint. This will be blocked in a future version. Add to allowed_msgpack_modules to silence: [('router', 'SessionMemory')]
Deserializing unregistered type router.PerceptionResult from checkpoint. This will be blocked in a future version. Add to allowed_msgpack_modules to silence: [('router', 'PerceptionResult')]
Deserializing unregistered type router.RouteDecision from checkpoint. This will be blocked in a future version. Add to allowed_msgpack_modules to silence: [('router', 'RouteDecision')]
2026-04-14 10:51:53,233 - SessionLogger - INFO - [sim_FSM+Guardrail_P1_M-ELE-001_5cb65f] Teacher: 按你的说法，电流每经过一个灯泡就会变少。那如果我们在这条电路上串联一千个同样的小灯泡，你觉得流到最后一个灯泡时，它还能亮得起来吗？
2026-04-14 10:51:54,256 - SessionLogger - INFO - [sim_FSM+Guardrail_P1_M-ELE-001_5cb65f] Student: 肯定亮不起来啊，流到最后一个灯泡时电流早就被前面那九百多个灯泡给“吃”光了，哪还有电剩给它。
Deserializing unregistered type router.SessionMemory from checkpoint. This will be blocked in a future version. Add to allowed_msgpack_modules to silence: [('router', 'SessionMemory')]
Deserializing unregistered type router.PerceptionResult from checkpoint. This will be blocked in a future version. Add to allowed_msgpack_modules to silence: [('router', 'PerceptionResult')]
Deserializing unregistered type router.RouteDecision from checkpoint. This will be blocked in a future version. Add to allowed_msgpack_modules to silence: [('router', 'RouteDecision')]
2026-04-14 10:51:55,011 - SessionLogger - INFO - [sim_Baseline_P2_M-ELE-001_09eb77] Teacher: 电荷就像送货的卡车，灯泡亮是因为卡车把“货物”（能量）卸下了。你觉得卡车卸下货物后，卡车的数量会变少吗？
2026-04-14 10:51:55,546 - SessionLogger - INFO - [sim_Baseline_P1_M-ELE-001_57a71c] Teacher: 灯泡确实消耗了能量，但你想想，流过灯泡的“电子”本身有没有变少或消失呢？
2026-04-14 10:51:56,214 - SessionLogger - INFO - [sim_Baseline_P2_M-ELE-001_09eb77] Student: 哦……卡车卸完货还是得开走，数量确实不会变少。那是不是说，电流其实没变，只是它带的“能量”被灯泡拿走了？
Deserializing unregistered type router.SessionMemory from checkpoint. This will be blocked in a future version. Add to allowed_msgpack_modules to silence: [('router', 'SessionMemory')]
Deserializing unregistered type router.PerceptionResult from checkpoint. This will be blocked in a future version. Add to allowed_msgpack_modules to silence: [('router', 'PerceptionResult')]
Deserializing unregistered type router.RouteDecision from checkpoint. This will be blocked in a future version. Add to allowed_msgpack_modules to silence: [('router', 'RouteDecision')]
2026-04-14 10:51:57,053 - SessionLogger - INFO - [sim_FSM_P2_M-ELE-001_fae11a] Teacher: 照这个逻辑，如果两个完全一样的灯泡串联，第一个“截留”了一部分电流，那你觉得第一个灯泡是不是应该比第二个亮得多？
2026-04-14 10:51:58,865 - SessionLogger - INFO - [sim_FSM_P2_M-ELE-001_fae11a] Student: 嗯……好像确实是第一个更亮一点？毕竟它先“用”掉了一部分电嘛。
Deserializing unregistered type router.SessionMemory from checkpoint. This will be blocked in a future version. Add to allowed_msgpack_modules to silence: [('router', 'SessionMemory')]
Deserializing unregistered type router.PerceptionResult from checkpoint. This will be blocked in a future version. Add to allowed_msgpack_modules to silence: [('router', 'PerceptionResult')]
Deserializing unregistered type router.RouteDecision from checkpoint. This will be blocked in a future version. Add to allowed_msgpack_modules to silence: [('router', 'RouteDecision')]
2026-04-14 10:51:59,431 - SessionLogger - INFO - [sim_Baseline_P1_M-ELE-001_57a71c] Student: 电子肯定还在啊，但它没能量了呀。没能量的电子流过去还有什么用？所以电流肯定是变小了。
Deserializing unregistered type router.SessionMemory from checkpoint. This will be blocked in a future version. Add to allowed_msgpack_modules to silence: [('router', 'SessionMemory')]
Deserializing unregistered type router.PerceptionResult from checkpoint. This will be blocked in a future version. Add to allowed_msgpack_modules to silence: [('router', 'PerceptionResult')]
Deserializing unregistered type router.RouteDecision from checkpoint. This will be blocked in a future version. Add to allowed_msgpack_modules to silence: [('router', 'RouteDecision')]
2026-04-14 10:52:00,150 - SessionLogger - INFO - [sim_Baseline_P2_M-ELE-001_09eb77] Teacher: 没错，电流（卡车数量）在串联电路里处处相等。既然流过的电流一样，你觉得灯泡的亮度主要取决于什么呢？
2026-04-14 10:52:01,299 - SessionLogger - INFO - [sim_Baseline_P2_M-ELE-001_09eb77] Student: 既然电流一样，那是不是看谁“卸货”卸得多？也就是看灯泡本身的电阻大小吗？
Deserializing unregistered type router.SessionMemory from checkpoint. This will be blocked in a future version. Add to allowed_msgpack_modules to silence: [('router', 'SessionMemory')]
Deserializing unregistered type router.PerceptionResult from checkpoint. This will be blocked in a future version. Add to allowed_msgpack_modules to silence: [('router', 'PerceptionResult')]
Deserializing unregistered type router.RouteDecision from checkpoint. This will be blocked in a future version. Add to allowed_msgpack_modules to silence: [('router', 'RouteDecision')]
2026-04-14 10:52:02,033 - SessionLogger - INFO - [sim_FSM_P1_M-ELE-001_54cae9] Teacher: 照这个逻辑，如果我们在电路里串联一百个同样的灯泡，电流流到最后时岂不是快被“吃”光了？那最后一个灯泡应该完全不亮才对，你觉得实际情况是这样吗？
2026-04-14 10:52:03,245 - SessionLogger - INFO - [sim_FSM_P1_M-ELE-001_54cae9] Student: 那肯定不是完全不亮啊，只是会越来越暗嘛。毕竟电流每经过一个灯泡都要被“用”掉一点，后面的肯定没前面的亮。
Deserializing unregistered type router.SessionMemory from checkpoint. This will be blocked in a future version. Add to allowed_msgpack_modules to silence: [('router', 'SessionMemory')]
Deserializing unregistered type router.PerceptionResult from checkpoint. This will be blocked in a future version. Add to allowed_msgpack_modules to silence: [('router', 'PerceptionResult')]
Deserializing unregistered type router.RouteDecision from checkpoint. This will be blocked in a future version. Add to allowed_msgpack_modules to silence: [('router', 'RouteDecision')]
2026-04-14 10:52:06,402 - SessionLogger - INFO - [sim_Baseline_P2_M-ELE-001_09eb77] Teacher: 没错，电阻大就像路难走，卡车得费更大的劲（电压）才能挤过去。你觉得是费力大的灯泡更亮，还是费力小的更亮？
2026-04-14 10:52:07,989 - SessionLogger - INFO - [sim_Baseline_P2_M-ELE-001_09eb77] Student: 费力大是不是意味着卸下的“货物”更多？那应该是电阻大、更费力的灯泡更亮吧？
Deserializing unregistered type router.SessionMemory from checkpoint. This will be blocked in a future version. Add to allowed_msgpack_modules to silence: [('router', 'SessionMemory')]
Deserializing unregistered type router.PerceptionResult from checkpoint. This will be blocked in a future version. Add to allowed_msgpack_modules to silence: [('router', 'PerceptionResult')]
Deserializing unregistered type router.RouteDecision from checkpoint. This will be blocked in a future version. Add to allowed_msgpack_modules to silence: [('router', 'RouteDecision')]
2026-04-14 10:52:08,116 - SessionLogger - INFO - [sim_Baseline_P1_M-ELE-001_57a71c] Teacher: 那咱们换个角度想，如果流进灯泡的电子多，流出来的少，灯泡岂不是会一直积累负电荷？这在实际电路中会发生吗？
2026-04-14 10:52:08,850 - SessionLogger - INFO - [sim_FSM+Guardrail_P2_M-ELE-001_730681] Teacher: 这确实很反直觉，因为我们常觉得“用了”就是“没了”。

试想一下，如果电流像水管里的水流，水流过水车让水车转动，流过去的水量会变少吗？
2026-04-14 10:52:10,055 - SessionLogger - INFO - [sim_Baseline_P1_M-ELE-001_57a71c] Student: 那可能是电子流出来的速度变慢了呢？反正我觉得电流就是被用掉了，后面的肯定比前面的弱。
Deserializing unregistered type router.SessionMemory from checkpoint. This will be blocked in a future version. Add to allowed_msgpack_modules to silence: [('router', 'SessionMemory')]
Deserializing unregistered type router.PerceptionResult from checkpoint. This will be blocked in a future version. Add to allowed_msgpack_modules to silence: [('router', 'PerceptionResult')]
Deserializing unregistered type router.RouteDecision from checkpoint. This will be blocked in a future version. Add to allowed_msgpack_modules to silence: [('router', 'RouteDecision')]
2026-04-14 10:52:12,631 - SessionLogger - INFO - [sim_Baseline_P2_M-ELE-001_09eb77] Teacher: 你的直觉很准！在电流相同的情况下，电阻越大，确实分得的电压（费力程度）越高。

既然功率 $P=UI$，当 $I$ 不变时，你觉得 $U$ 变大对最终亮度有什么影响？
2026-04-14 10:52:13,159 - SessionLogger - INFO - [sim_FSM+Guardrail_P2_M-ELE-001_730681] Student: 水量确实不会变少，流进去多少就出来多少……可是老师，如果水没少，那灯泡发光的能量是从哪儿来的呢？我还是觉得电流肯定得“付出”点什么才能发光呀。
Deserializing unregistered type router.SessionMemory from checkpoint. This will be blocked in a future version. Add to allowed_msgpack_modules to silence: [('router', 'SessionMemory')]
Deserializing unregistered type router.PerceptionResult from checkpoint. This will be blocked in a future version. Add to allowed_msgpack_modules to silence: [('router', 'PerceptionResult')]
Deserializing unregistered type router.RouteDecision from checkpoint. This will be blocked in a future version. Add to allowed_msgpack_modules to silence: [('router', 'RouteDecision')]
2026-04-14 10:52:14,037 - SessionLogger - INFO - [sim_Baseline_P2_M-ELE-001_09eb77] Student: $U$ 变大，$P$ 也就变大了，所以灯泡会更亮。原来亮度是看功率，不是看电流剩多少啊！
Deserializing unregistered type router.SessionMemory from checkpoint. This will be blocked in a future version. Add to allowed_msgpack_modules to silence: [('router', 'SessionMemory')]
Deserializing unregistered type router.PerceptionResult from checkpoint. This will be blocked in a future version. Add to allowed_msgpack_modules to silence: [('router', 'PerceptionResult')]
Deserializing unregistered type router.RouteDecision from checkpoint. This will be blocked in a future version. Add to allowed_msgpack_modules to silence: [('router', 'RouteDecision')]
2026-04-14 10:52:16,359 - SessionLogger - INFO - [sim_Baseline_P1_M-ELE-001_57a71c] Teacher: 如果出口变慢了，而入口还在源源不断地送电子进来，灯泡里岂不是很快就会“堵车”？你觉得电路里允许这种电荷堆积发生吗？
2026-04-14 10:52:18,860 - SessionLogger - INFO - [sim_Baseline_P1_M-ELE-001_57a71c] Student: 那……那可能电子进去和出来的速度是一样的，但是出来的电子“没劲儿”了呀。电流大小不就是看电子有没有劲儿吗？没劲儿了电流不就小了吗？
Deserializing unregistered type router.SessionMemory from checkpoint. This will be blocked in a future version. Add to allowed_msgpack_modules to silence: [('router', 'SessionMemory')]
Deserializing unregistered type router.PerceptionResult from checkpoint. This will be blocked in a future version. Add to allowed_msgpack_modules to silence: [('router', 'PerceptionResult')]
Deserializing unregistered type router.RouteDecision from checkpoint. This will be blocked in a future version. Add to allowed_msgpack_modules to silence: [('router', 'RouteDecision')]
2026-04-14 10:52:20,027 - SessionLogger - INFO - [sim_Baseline_P2_M-ELE-001_09eb77] Teacher: 太棒了！你抓住了重点：亮度取决于实际功率。

那如果这两个灯泡是**并联**在电路里，你觉得还是电阻大的那个更亮吗？
2026-04-14 10:52:20,027 - SessionLogger - INFO - [sim_Baseline_P2_M-ELE-001_09eb77] Extending max_turns by 3 because cognitive_state is '新概念探索'
2026-04-14 10:52:20,967 - SessionLogger - INFO - [sim_Baseline_P2_M-ELE-001_09eb77] Student: 并联的话电压一样吧？那电阻小的电流大，功率不就更大吗？所以应该是电阻小的更亮？
Deserializing unregistered type router.SessionMemory from checkpoint. This will be blocked in a future version. Add to allowed_msgpack_modules to silence: [('router', 'SessionMemory')]
Deserializing unregistered type router.PerceptionResult from checkpoint. This will be blocked in a future version. Add to allowed_msgpack_modules to silence: [('router', 'PerceptionResult')]
Deserializing unregistered type router.RouteDecision from checkpoint. This will be blocked in a future version. Add to allowed_msgpack_modules to silence: [('router', 'RouteDecision')]
2026-04-14 10:52:22,481 - SessionLogger - INFO - [sim_FSM+Guardrail_P2_M-ELE-001_730681] Teacher: 你说得对，灯泡确实需要“付出”能量才能发光，但我们要区分“电流”和“电能”。

想象一下，水流推动水车转动时，水的**流量**（每秒流过的水量）变少了，还是水的**压力/能量**降低了？
2026-04-14 10:52:23,975 - SessionLogger - INFO - [sim_FSM+Guardrail_P2_M-ELE-001_730681] Student: 哦……所以是水的“劲儿”或者压力变小了，但流过去的水量其实没变？

那我是不是可以理解为：电流就像水流的数量，它没少，但是它携带的能量被灯泡拿走了？
Deserializing unregistered type router.SessionMemory from checkpoint. This will be blocked in a future version. Add to allowed_msgpack_modules to silence: [('router', 'SessionMemory')]
Deserializing unregistered type router.PerceptionResult from checkpoint. This will be blocked in a future version. Add to allowed_msgpack_modules to silence: [('router', 'PerceptionResult')]
Deserializing unregistered type router.RouteDecision from checkpoint. This will be blocked in a future version. Add to allowed_msgpack_modules to silence: [('router', 'RouteDecision')]
2026-04-14 10:52:27,257 - SessionLogger - INFO - [sim_Baseline_P1_M-ELE-001_57a71c] Teacher: 咱们打个比方：电流像水管里的水流大小，而电子的“劲儿”更像水压。

如果水流过水轮机后，“劲儿”（水压）变小了，但流过去的水量（电流）会突然变少吗？
2026-04-14 10:52:28,241 - SessionLogger - INFO - [sim_Baseline_P1_M-ELE-001_57a71c] Student: 可是水轮机转起来不是要消耗水的能量吗？那流过去的水肯定就变少了啊，不然能量从哪来的？
Deserializing unregistered type router.SessionMemory from checkpoint. This will be blocked in a future version. Add to allowed_msgpack_modules to silence: [('router', 'SessionMemory')]
Deserializing unregistered type router.PerceptionResult from checkpoint. This will be blocked in a future version. Add to allowed_msgpack_modules to silence: [('router', 'PerceptionResult')]
Deserializing unregistered type router.RouteDecision from checkpoint. This will be blocked in a future version. Add to allowed_msgpack_modules to silence: [('router', 'RouteDecision')]
2026-04-14 10:52:33,274 - SessionLogger - INFO - [sim_FSM+Guardrail_P2_M-ELE-001_730681] Teacher: 没错，就是这个意思！电荷（电流的载体）本身没有被消耗，只是它们携带的能量被转化成了光和热。

那么，既然串联电路中每个位置的“水流数量”都一样，你觉得在电路的不同位置测得的电流大小会有什么关系？
2026-04-14 10:52:33,336 - SessionLogger - INFO - [sim_FSM+Guardrail_P1_M-ELE-001_5cb65f] Teacher: 如果电流真的被灯泡“吃”掉或者说消耗没了，那这些少掉的电荷（电流的本质）现在都堆积在灯泡里面了吗？
2026-04-14 10:52:33,521 - SessionLogger - INFO - [sim_FSM_P2_M-ELE-001_fae11a] Teacher: “嗯……好像确实是第一个更亮一点？”
他在犹豫，但倾向于同意。
我要制造冲突。
提问方向：如果真的是这样，那我们把电池正负极对调，电流方向反了，原来后面的灯泡变成了“第一个”，它会不会突然变亮？

这个提问有点复杂。
换个简单的：
“如果电流真的像吃东西一样被第一个灯泡‘吃’掉了一大半，那你觉得流进第二个灯泡的电流还够让它发出和第一个差不多亮的光吗？”
这还是在顺着他说。

要用归谬法。
“照这么说，如果我们串联10个一样的灯泡，第10个灯泡得到的电流岂不是微乎其微，几乎不亮了？”
这是一个很好的极端情境。

或者结合类比：
“这就像一群人排队传球，如果第一个人拿走了一些球，后面的人收到的球就少了。但在电线里，电荷是不能堆积也不能消失的。如果前面的电流大，后面的电流小，多出来的电荷去哪了呢？”
这可能太抽象。

还是用极端情境法最稳妥，符合“深度认知冲突策略”。

回复草稿：
“那如果我们串联10个这样的灯泡，按你的说法，电流每经过一个就被‘吃’掉一些，你觉得第10个灯泡还会亮吗？或者说，它会暗到几乎看不见吗？”
</think>

那如果我们在这个电路里串联10个同样的灯泡，按你的说法，电流每经过一个就被“吃”掉一些，你觉得第10个灯泡还会亮吗？
2026-04-14 10:52:33,606 - SessionLogger - INFO - [sim_Baseline_P1_M-ELE-001_57a71c] Teacher: 能量确实被消耗了，但你可以想象一下：如果进水管每秒流进10升水，而出水管因为“没劲儿”只流出5升，那剩下的5升水去哪儿了？
2026-04-14 10:52:33,606 - SessionLogger - INFO - [sim_Baseline_P1_M-ELE-001_57a71c] Extending max_turns by 3 because cognitive_state is '新概念探索'
2026-04-14 10:52:35,740 - SessionLogger - INFO - [sim_FSM_P1_M-ELE-001_54cae9] Teacher: 那如果我们把这两个灯泡的位置互换一下，让原来在“后面”的那个灯泡跑到“前面”去，你觉得它会因为抢占了先机而突然变亮吗？
2026-04-14 10:52:36,630 - SessionLogger - INFO - [sim_FSM+Guardrail_P2_M-ELE-001_730681] Student: 既然电荷没少，那电流应该处处相等吧？

不过老师，我还是有点纠结，既然能量被拿走了，电流真的完全不受影响吗？
Deserializing unregistered type router.SessionMemory from checkpoint. This will be blocked in a future version. Add to allowed_msgpack_modules to silence: [('router', 'SessionMemory')]
Deserializing unregistered type router.PerceptionResult from checkpoint. This will be blocked in a future version. Add to allowed_msgpack_modules to silence: [('router', 'PerceptionResult')]
Deserializing unregistered type router.RouteDecision from checkpoint. This will be blocked in a future version. Add to allowed_msgpack_modules to silence: [('router', 'RouteDecision')]
2026-04-14 10:52:36,768 - SessionLogger - INFO - [sim_FSM_P2_M-ELE-001_fae11a] Student: 呃……那第10个应该会变得非常暗，甚至可能完全不亮吧？毕竟前面的灯泡把电流都“吃”得差不多了。
Deserializing unregistered type router.SessionMemory from checkpoint. This will be blocked in a future version. Add to allowed_msgpack_modules to silence: [('router', 'SessionMemory')]
Deserializing unregistered type router.PerceptionResult from checkpoint. This will be blocked in a future version. Add to allowed_msgpack_modules to silence: [('router', 'PerceptionResult')]
Deserializing unregistered type router.RouteDecision from checkpoint. This will be blocked in a future version. Add to allowed_msgpack_modules to silence: [('router', 'RouteDecision')]
2026-04-14 10:52:37,076 - SessionLogger - INFO - [sim_FSM+Guardrail_P1_M-ELE-001_5cb65f] Student: 电荷哪会堆积啊，它们就是被灯泡“用”掉了转化成光了嘛。反正电流肯定是越往后越小，这是常识。
Deserializing unregistered type router.SessionMemory from checkpoint. This will be blocked in a future version. Add to allowed_msgpack_modules to silence: [('router', 'SessionMemory')]
Deserializing unregistered type router.PerceptionResult from checkpoint. This will be blocked in a future version. Add to allowed_msgpack_modules to silence: [('router', 'PerceptionResult')]
Deserializing unregistered type router.RouteDecision from checkpoint. This will be blocked in a future version. Add to allowed_msgpack_modules to silence: [('router', 'RouteDecision')]
2026-04-14 10:52:37,087 - SessionLogger - INFO - [sim_Baseline_P1_M-ELE-001_57a71c] Student: 那剩下的水肯定是被水轮机“吃掉”用来转动了啊。水就是能量载体，用掉了当然就变少了，这不是很正常吗？
Deserializing unregistered type router.SessionMemory from checkpoint. This will be blocked in a future version. Add to allowed_msgpack_modules to silence: [('router', 'SessionMemory')]
Deserializing unregistered type router.PerceptionResult from checkpoint. This will be blocked in a future version. Add to allowed_msgpack_modules to silence: [('router', 'PerceptionResult')]
Deserializing unregistered type router.RouteDecision from checkpoint. This will be blocked in a future version. Add to allowed_msgpack_modules to silence: [('router', 'RouteDecision')]
2026-04-14 10:52:39,103 - SessionLogger - INFO - [sim_FSM_P1_M-ELE-001_54cae9] Student: 那肯定还是原来的那个亮啊，跟位置没关系。我是说电流流过去就被消耗了，不管谁在前谁在后，后一个得到的电流就是比前一个少。
Deserializing unregistered type router.SessionMemory from checkpoint. This will be blocked in a future version. Add to allowed_msgpack_modules to silence: [('router', 'SessionMemory')]
Deserializing unregistered type router.PerceptionResult from checkpoint. This will be blocked in a future version. Add to allowed_msgpack_modules to silence: [('router', 'PerceptionResult')]
Deserializing unregistered type router.RouteDecision from checkpoint. This will be blocked in a future version. Add to allowed_msgpack_modules to silence: [('router', 'RouteDecision')]
2026-04-14 10:52:42,443 - SessionLogger - INFO - [sim_FSM_P2_M-ELE-001_fae11a] Teacher: 这个推论很符合直觉，但实验事实是：串联的10个相同灯泡亮度几乎是一样的。

如果电流真的像水流过水车那样被“用掉”变少了，你觉得多出来的那些电荷在电路里会堆积在哪里呢？
2026-04-14 10:52:43,555 - SessionLogger - INFO - [sim_FSM_P2_M-ELE-001_fae11a] Student: 啊？它们亮度居然是一样的？那我之前的想法肯定错了……可是如果电流没变少，那灯泡发光用的“电”到底是啥被消耗了呀？
Deserializing unregistered type router.SessionMemory from checkpoint. This will be blocked in a future version. Add to allowed_msgpack_modules to silence: [('router', 'SessionMemory')]
Deserializing unregistered type router.PerceptionResult from checkpoint. This will be blocked in a future version. Add to allowed_msgpack_modules to silence: [('router', 'PerceptionResult')]
Deserializing unregistered type router.RouteDecision from checkpoint. This will be blocked in a future version. Add to allowed_msgpack_modules to silence: [('router', 'RouteDecision')]
2026-04-14 10:52:45,360 - SessionLogger - INFO - [sim_FSM+Guardrail_P1_M-ELE-001_5cb65f] Teacher: 如果电荷真的被“用掉”变成了光，那流进灯泡的电荷和流出来的电荷数量还相等吗？
2026-04-14 10:52:46,557 - SessionLogger - INFO - [sim_FSM+Guardrail_P1_M-ELE-001_5cb65f] Student: 当然不相等啊，流出来的肯定比流进去的少，不然灯泡怎么发光？能量都变光了，电流肯定就少了。
Deserializing unregistered type router.SessionMemory from checkpoint. This will be blocked in a future version. Add to allowed_msgpack_modules to silence: [('router', 'SessionMemory')]
Deserializing unregistered type router.PerceptionResult from checkpoint. This will be blocked in a future version. Add to allowed_msgpack_modules to silence: [('router', 'PerceptionResult')]
Deserializing unregistered type router.RouteDecision from checkpoint. This will be blocked in a future version. Add to allowed_msgpack_modules to silence: [('router', 'RouteDecision')]
2026-04-14 10:52:47,566 - SessionLogger - INFO - [sim_FSM+Guardrail_P2_M-ELE-001_730681] Teacher: 这种纠结很正常，因为我们容易把“能量”和“电荷”混为一谈。

你可以把电流想象成送货的卡车车队：灯泡拿走了车上的“货物”（电能），但“卡车”（电荷）本身并没有消失或减少，对吧？
2026-04-14 10:52:48,399 - SessionLogger - INFO - [sim_FSM_P1_M-ELE-001_54cae9] Teacher: 既然你说跟位置没关系，两个灯泡是一样亮的，那这是否说明流过它们的电流其实是一样多的？
2026-04-14 10:52:48,969 - SessionLogger - INFO - [sim_FSM+Guardrail_P2_M-ELE-001_730681] Student: 哇，这个卡车送货的比喻好形象！车子卸完货还是得开回去，数量确实没变。

所以我之前觉得电流会“越用越少”，其实是把货物（能量）和卡车（电流）搞混了？
Deserializing unregistered type router.SessionMemory from checkpoint. This will be blocked in a future version. Add to allowed_msgpack_modules to silence: [('router', 'SessionMemory')]
Deserializing unregistered type router.PerceptionResult from checkpoint. This will be blocked in a future version. Add to allowed_msgpack_modules to silence: [('router', 'PerceptionResult')]
Deserializing unregistered type router.RouteDecision from checkpoint. This will be blocked in a future version. Add to allowed_msgpack_modules to silence: [('router', 'RouteDecision')]
2026-04-14 10:52:51,675 - SessionLogger - INFO - [sim_FSM_P1_M-ELE-001_54cae9] Student: 亮度一样不代表电流没被消耗啊，可能它们消耗的“比例”刚好让剩下的电流还能维持同样的亮度呢？反正我觉得电流肯定变少了。
Deserializing unregistered type router.SessionMemory from checkpoint. This will be blocked in a future version. Add to allowed_msgpack_modules to silence: [('router', 'SessionMemory')]
Deserializing unregistered type router.PerceptionResult from checkpoint. This will be blocked in a future version. Add to allowed_msgpack_modules to silence: [('router', 'PerceptionResult')]
Deserializing unregistered type router.RouteDecision from checkpoint. This will be blocked in a future version. Add to allowed_msgpack_modules to silence: [('router', 'RouteDecision')]
2026-04-14 10:52:52,508 - SessionLogger - INFO - [sim_FSM_P2_M-ELE-001_fae11a] Teacher: 这个困惑非常正常，因为“电流”和“电能”确实容易被混为一谈。

你可以把电流想象成送货的卡车，而电能是车上装的货物。你觉得当灯泡发光时，是“卡车”变少了，还是卡车上的“货物”被卸下来了？
2026-04-14 10:52:53,718 - SessionLogger - INFO - [sim_FSM_P2_M-ELE-001_fae11a] Student: 噢！原来是车上的“货”被卸下来发光了，而“卡车”本身还得继续跑回去装货？
所以我之前是把电流当成货物，其实它只是送货的车？
Deserializing unregistered type router.SessionMemory from checkpoint. This will be blocked in a future version. Add to allowed_msgpack_modules to silence: [('router', 'SessionMemory')]
Deserializing unregistered type router.PerceptionResult from checkpoint. This will be blocked in a future version. Add to allowed_msgpack_modules to silence: [('router', 'PerceptionResult')]
Deserializing unregistered type router.RouteDecision from checkpoint. This will be blocked in a future version. Add to allowed_msgpack_modules to silence: [('router', 'RouteDecision')]
2026-04-14 10:52:54,579 - SessionLogger - INFO - [sim_FSM+Guardrail_P1_M-ELE-001_5cb65f] Teacher: 如果流出的电荷真的比流入的少，那多出来的电荷是不是就永久地“存”在灯泡里了？
2026-04-14 10:52:55,418 - SessionLogger - INFO - [sim_Baseline_P2_M-ELE-001_09eb77] Teacher: 没错，并联时电压相同，电阻小的电流确实更大。

既然 $P=UI$，在 $U$ 不变的情况下，电流 $I$ 变大，功率 $P$ 会怎么变？
2026-04-14 10:52:55,609 - SessionLogger - INFO - [sim_FSM+Guardrail_P1_M-ELE-001_5cb65f] Student: 没有存啊，电荷就是被消耗掉了，变成光和热散出去了。你别老纠结电荷去哪了，反正电流就是变小了嘛。
Deserializing unregistered type router.SessionMemory from checkpoint. This will be blocked in a future version. Add to allowed_msgpack_modules to silence: [('router', 'SessionMemory')]
Deserializing unregistered type router.PerceptionResult from checkpoint. This will be blocked in a future version. Add to allowed_msgpack_modules to silence: [('router', 'PerceptionResult')]
Deserializing unregistered type router.RouteDecision from checkpoint. This will be blocked in a future version. Add to allowed_msgpack_modules to silence: [('router', 'RouteDecision')]
2026-04-14 10:53:04,939 - SessionLogger - INFO - [sim_FSM+Guardrail_P2_M-ELE-001_730681] Teacher: 正是如此！你成功区分了“载体”和“能量”。

那么，如果两个完全相同的灯泡串联，既然流过它们的“卡车数量”（电流）一样，且每个灯泡“卸货”的能力也一样，你觉得这两个灯泡的亮度会有什么差异吗？
2026-04-14 10:53:04,939 - SessionLogger - INFO - [sim_FSM+Guardrail_P2_M-ELE-001_730681] Session finished. Resolved: True
2026-04-14 10:53:04,940 - SessionLogger - INFO - [sim_Baseline_P3_M-ELE-001_360439] Starting session
2026-04-14 10:53:04,940 - SessionLogger - INFO - Initialized Session sim_Baseline_P3_M-ELE-001_360439 on Unknown for Unknown with version FSM+Guardrail
2026-04-14 10:53:06,347 - SessionLogger - INFO - [sim_Baseline_P3_M-ELE-001_360439] Student Opening: 老师，串联电路里，电流流过第一个灯泡后不是被消耗掉一部分了吗？那第二个灯泡分到的电流应该比第一个少吧？
2026-04-14 10:53:06,356 - SessionLogger - INFO - [sim_Baseline_P2_M-ELE-001_09eb77] Student: $P$ 会变大，所以电阻小的更亮。但这跟我之前想的“电流被消耗”好像不冲突啊？串联时前面的灯泡不是先“用掉”了一部分电流吗？
Deserializing unregistered type router.SessionMemory from checkpoint. This will be blocked in a future version. Add to allowed_msgpack_modules to silence: [('router', 'SessionMemory')]
Deserializing unregistered type router.PerceptionResult from checkpoint. This will be blocked in a future version. Add to allowed_msgpack_modules to silence: [('router', 'PerceptionResult')]
Deserializing unregistered type router.RouteDecision from checkpoint. This will be blocked in a future version. Add to allowed_msgpack_modules to silence: [('router', 'RouteDecision')]
2026-04-14 10:53:10,262 - SessionLogger - INFO - [sim_FSM_P2_M-ELE-001_fae11a] Teacher: 没错，这个比喻很形象！

既然“卡车”（电流）只是负责运输，并没有被消耗掉，那你觉得在串联电路里，为什么每一处的“车流量”必须保持一致呢？
2026-04-14 10:53:11,460 - SessionLogger - INFO - [sim_FSM_P1_M-ELE-001_54cae9] Teacher: 如果电流真的像水流一样被“用掉”变少了，那流回电源负极的电荷岂不是比从正极出来的少？在一个封闭的电路里，这些多出来的或少掉的电荷会堆积在哪里呢？
2026-04-14 10:53:11,844 - SessionLogger - INFO - [sim_FSM_P2_M-ELE-001_fae11a] Student: 因为路只有一条，如果前面的车慢了或者停了，后面的车不就得堵在那儿了吗？
所以为了不让电路“堵车”，每秒钟流过的卡车数量必须得一样多？
Deserializing unregistered type router.SessionMemory from checkpoint. This will be blocked in a future version. Add to allowed_msgpack_modules to silence: [('router', 'SessionMemory')]
Deserializing unregistered type router.PerceptionResult from checkpoint. This will be blocked in a future version. Add to allowed_msgpack_modules to silence: [('router', 'PerceptionResult')]
Deserializing unregistered type router.RouteDecision from checkpoint. This will be blocked in a future version. Add to allowed_msgpack_modules to silence: [('router', 'RouteDecision')]
2026-04-14 10:53:13,400 - SessionLogger - INFO - [sim_Baseline_P2_M-ELE-001_09eb77] Teacher: 如果前面的灯泡真的“用掉”了一部分电流，那流回电源负极的电流岂不是比流出来的少了？

你觉得电荷会在电路里凭空消失吗？
2026-04-14 10:53:14,857 - SessionLogger - INFO - [sim_FSM+Guardrail_P1_M-ELE-001_5cb65f] Teacher: 这个直觉确实很诱人，因为我们在生活中总觉得“用了”东西就会变少。

但请想象一下：如果电荷真的像燃料一样被烧掉消失了，那电路岂不是很快就因为“没货了”而断开？
2026-04-14 10:53:14,861 - SessionLogger - INFO - [sim_Baseline_P2_M-ELE-001_09eb77] Student: 啊？电荷不会消失……那电流岂不是应该处处相等？
可是如果电流没变，灯泡发光用的“电”到底是啥被消耗了呀？我有点晕了。
Deserializing unregistered type router.SessionMemory from checkpoint. This will be blocked in a future version. Add to allowed_msgpack_modules to silence: [('router', 'SessionMemory')]
Deserializing unregistered type router.PerceptionResult from checkpoint. This will be blocked in a future version. Add to allowed_msgpack_modules to silence: [('router', 'PerceptionResult')]
Deserializing unregistered type router.RouteDecision from checkpoint. This will be blocked in a future version. Add to allowed_msgpack_modules to silence: [('router', 'RouteDecision')]
2026-04-14 10:53:14,985 - SessionLogger - INFO - [sim_FSM_P1_M-ELE-001_54cae9] Student: 电荷哪会堆积啊，它们就是被灯泡“用”掉了变成光和热了。你别老问这种奇怪的问题，反正后面的电流就是小，这是常识。
Deserializing unregistered type router.SessionMemory from checkpoint. This will be blocked in a future version. Add to allowed_msgpack_modules to silence: [('router', 'SessionMemory')]
Deserializing unregistered type router.PerceptionResult from checkpoint. This will be blocked in a future version. Add to allowed_msgpack_modules to silence: [('router', 'PerceptionResult')]
Deserializing unregistered type router.RouteDecision from checkpoint. This will be blocked in a future version. Add to allowed_msgpack_modules to silence: [('router', 'RouteDecision')]
2026-04-14 10:53:16,127 - SessionLogger - INFO - [sim_FSM+Guardrail_P1_M-ELE-001_5cb65f] Student: 那电源不是一直在供电吗？它一直推，电流就一直有啊。反正前面的灯泡肯定先分走了一部分电流。
Deserializing unregistered type router.SessionMemory from checkpoint. This will be blocked in a future version. Add to allowed_msgpack_modules to silence: [('router', 'SessionMemory')]
Deserializing unregistered type router.PerceptionResult from checkpoint. This will be blocked in a future version. Add to allowed_msgpack_modules to silence: [('router', 'PerceptionResult')]
Deserializing unregistered type router.RouteDecision from checkpoint. This will be blocked in a future version. Add to allowed_msgpack_modules to silence: [('router', 'RouteDecision')]
2026-04-14 10:53:16,424 - SessionLogger - INFO - [sim_Baseline_P3_M-ELE-001_360439] Teacher: 这个直觉很常见，但其实你混淆了“能量”和“电荷”。灯泡消耗的是电能，而不是电荷本身。

你想一想，如果流过第一个灯泡的电荷真的变少了，那些“消失”的电荷都去哪儿了呢？
2026-04-14 10:53:17,747 - SessionLogger - INFO - [sim_Baseline_P3_M-ELE-001_360439] Student: 啊？变成光和热散掉了吗？就像电池里的电被用光了一样，电荷应该也跟着变少了吧……
Deserializing unregistered type router.SessionMemory from checkpoint. This will be blocked in a future version. Add to allowed_msgpack_modules to silence: [('router', 'SessionMemory')]
Deserializing unregistered type router.PerceptionResult from checkpoint. This will be blocked in a future version. Add to allowed_msgpack_modules to silence: [('router', 'PerceptionResult')]
Deserializing unregistered type router.RouteDecision from checkpoint. This will be blocked in a future version. Add to allowed_msgpack_modules to silence: [('router', 'RouteDecision')]
2026-04-14 10:53:31,613 - SessionLogger - INFO - [sim_FSM_P2_M-ELE-001_fae11a] Teacher: 太棒了，这就是“连续性”！

既然每秒钟流过的“卡车数量”（电流）处处相等，那你能不能推测一下，如果我们在电路的不同位置分别接上电流表，读数会有什么关系？
2026-04-14 10:53:31,614 - SessionLogger - INFO - [sim_FSM_P2_M-ELE-001_fae11a] Session finished. Resolved: True
2026-04-14 10:53:31,614 - SessionLogger - INFO - [sim_FSM_P3_M-ELE-001_64d6a2] Starting session
2026-04-14 10:53:31,614 - SessionLogger - INFO - Initialized Session sim_FSM_P3_M-ELE-001_64d6a2 on Unknown for Unknown with version FSM+Guardrail
2026-04-14 10:53:33,669 - SessionLogger - INFO - [sim_FSM_P3_M-ELE-001_64d6a2] Student Opening: 老师，既然灯泡发光需要用电，那电流流过第一个灯泡后，剩下的电流是不是就变少了呀？
2026-04-14 10:53:33,675 - SessionLogger - INFO - [sim_Baseline_P1_M-ELE-001_57a71c] Teacher: 水轮机转动确实消耗了能量，但它“吃”掉的是水的**能量**，还是水**本身**呢？

如果水真的被“吃掉”变少了，那你想想，下游流出来的水是从哪儿冒出来的？
2026-04-14 10:53:33,715 - SessionLogger - INFO - [sim_Baseline_P2_M-ELE-001_09eb77] Teacher: 别晕，电荷确实没少，但它“累”了呀！

想象一下，卡车（电荷）卸完货（能量）后，虽然车还在，但货没了。你觉得被消耗掉的是“车”还是“货”？
2026-04-14 10:53:36,683 - SessionLogger - INFO - [sim_Baseline_P3_M-ELE-001_360439] Teacher: 电荷就像送货的卡车，光和热是它送出的“货物”。

你想一想，卡车把货卸完后，卡车本身是消失了，还是空车继续开往下一个地方？
2026-04-14 10:53:37,307 - SessionLogger - INFO - [sim_Baseline_P1_M-ELE-001_57a71c] Student: 水本身肯定被消耗了一部分啊，不然能量守恒怎么解释？我觉得你就是把“水”和“水的力气”搞混了，力气没了，水肯定也变少了。
Deserializing unregistered type router.SessionMemory from checkpoint. This will be blocked in a future version. Add to allowed_msgpack_modules to silence: [('router', 'SessionMemory')]
Deserializing unregistered type router.PerceptionResult from checkpoint. This will be blocked in a future version. Add to allowed_msgpack_modules to silence: [('router', 'PerceptionResult')]
Deserializing unregistered type router.RouteDecision from checkpoint. This will be blocked in a future version. Add to allowed_msgpack_modules to silence: [('router', 'RouteDecision')]
2026-04-14 10:53:37,456 - SessionLogger - INFO - [sim_Baseline_P2_M-ELE-001_09eb77] Student: 哦……所以被消耗的是“货”（能量），而“车”（电流/电荷）只是把货送到后空车回来了？
那我之前以为电流变小，其实是搞混了电流和能量？
Deserializing unregistered type router.SessionMemory from checkpoint. This will be blocked in a future version. Add to allowed_msgpack_modules to silence: [('router', 'SessionMemory')]
Deserializing unregistered type router.PerceptionResult from checkpoint. This will be blocked in a future version. Add to allowed_msgpack_modules to silence: [('router', 'PerceptionResult')]
Deserializing unregistered type router.RouteDecision from checkpoint. This will be blocked in a future version. Add to allowed_msgpack_modules to silence: [('router', 'RouteDecision')]
2026-04-14 10:53:38,971 - SessionLogger - INFO - [sim_FSM_P1_M-ELE-001_54cae9] Teacher: 这个直觉确实很普遍，因为我们在生活中看到的“消耗”通常意味着东西变少了。

但我们可以换个角度想：如果电流真的被灯泡“吃掉”了，那在深夜用电高峰期，发电厂发出的电传到远处的用户家里时，岂不是所剩无几，导致远处的灯泡根本亮不起来？
2026-04-14 10:53:40,154 - SessionLogger - INFO - [sim_Baseline_P3_M-ELE-001_360439] Student: 卡车还在？可是……如果它只是空车开过去，那后面的灯泡不就只收到空车，收不到“货”（能量）了吗？
Deserializing unregistered type router.SessionMemory from checkpoint. This will be blocked in a future version. Add to allowed_msgpack_modules to silence: [('router', 'SessionMemory')]
Deserializing unregistered type router.PerceptionResult from checkpoint. This will be blocked in a future version. Add to allowed_msgpack_modules to silence: [('router', 'PerceptionResult')]
Deserializing unregistered type router.RouteDecision from checkpoint. This will be blocked in a future version. Add to allowed_msgpack_modules to silence: [('router', 'RouteDecision')]
2026-04-14 10:53:40,586 - SessionLogger - INFO - [sim_FSM_P1_M-ELE-001_54cae9] Student: 那肯定是因为发电厂电压高啊，推力强所以能传过去。但这跟我说的两节电池串联灯泡变暗是两码事，你别混淆概念。
Deserializing unregistered type router.SessionMemory from checkpoint. This will be blocked in a future version. Add to allowed_msgpack_modules to silence: [('router', 'SessionMemory')]
Deserializing unregistered type router.PerceptionResult from checkpoint. This will be blocked in a future version. Add to allowed_msgpack_modules to silence: [('router', 'PerceptionResult')]
Deserializing unregistered type router.RouteDecision from checkpoint. This will be blocked in a future version. Add to allowed_msgpack_modules to silence: [('router', 'RouteDecision')]
2026-04-14 10:53:43,645 - SessionLogger - INFO - [sim_FSM+Guardrail_P1_M-ELE-001_5cb65f] Teacher: 如果前面的灯泡真的“截留”了一部分电流，那后面的灯泡得到的电流就会更少。

既然这样，为什么我们在实验中看到两个完全相同的灯泡串联时，它们的亮度是一模一样的，而不是前亮后暗呢？
2026-04-14 10:53:43,776 - SessionLogger - INFO - [sim_Baseline_P1_M-ELE-001_57a71c] Teacher: 咱们换个例子：你用力推箱子，累得满头大汗，你的“力气”确实消耗了。

但请问，推完箱子后，你这个人会变轻或者少一块肉吗？
2026-04-14 10:53:44,456 - SessionLogger - INFO - [sim_Baseline_P3_M-ELE-001_360439] Teacher: 卡车（电荷）确实还在，但它从“满载”变成了“空载”，这个落差就是释放的能量。

既然同一辆卡车必须依次经过两个灯泡，你觉得单位时间内通过第一个灯泡的卡车数量，和通过第二个灯泡的会不一样吗？
2026-04-14 10:53:44,634 - SessionLogger - INFO - [sim_FSM_P3_M-ELE-001_64d6a2] Teacher: 这个直觉很自然，毕竟我们常觉得东西“用了”就会少。但如果电流真的被第一个灯泡“吃掉”了一部分，你觉得串联在后面的第二个灯泡，亮度会发生什么变化？
2026-04-14 10:53:44,720 - SessionLogger - INFO - [sim_Baseline_P2_M-ELE-001_09eb77] Teacher: 没错，就是这个区别！电荷（车）负责搬运，能量（货）才是被消耗的“燃料”。

那既然串联电路里“车队”的数量（电流）没变，为什么不同灯泡的亮度还会不一样呢？提示一下：想想每辆车在不同灯泡那里卸下的“货”一样多吗？
2026-04-14 10:53:45,617 - SessionLogger - INFO - [sim_FSM+Guardrail_P1_M-ELE-001_5cb65f] Student: 那肯定是因为后面的灯泡把前面剩下的那点电流全用光了呀，所以看起来才一样亮。反正流过去的肯定比流出来的少，这是常识。
Deserializing unregistered type router.SessionMemory from checkpoint. This will be blocked in a future version. Add to allowed_msgpack_modules to silence: [('router', 'SessionMemory')]
Deserializing unregistered type router.PerceptionResult from checkpoint. This will be blocked in a future version. Add to allowed_msgpack_modules to silence: [('router', 'PerceptionResult')]
Deserializing unregistered type router.RouteDecision from checkpoint. This will be blocked in a future version. Add to allowed_msgpack_modules to silence: [('router', 'RouteDecision')]
2026-04-14 10:53:45,628 - SessionLogger - INFO - [sim_Baseline_P1_M-ELE-001_57a71c] Student: 那不一样，推箱子是人对外做功，但电流是实实在在流进灯泡里的物质。我觉得你还是没懂，灯泡发光发热肯定是要“吃掉”一部分电流的。
Deserializing unregistered type router.SessionMemory from checkpoint. This will be blocked in a future version. Add to allowed_msgpack_modules to silence: [('router', 'SessionMemory')]
Deserializing unregistered type router.PerceptionResult from checkpoint. This will be blocked in a future version. Add to allowed_msgpack_modules to silence: [('router', 'PerceptionResult')]
Deserializing unregistered type router.RouteDecision from checkpoint. This will be blocked in a future version. Add to allowed_msgpack_modules to silence: [('router', 'RouteDecision')]
2026-04-14 10:53:47,972 - SessionLogger - INFO - [sim_Baseline_P2_M-ELE-001_09eb77] Student: 原来是这样！那是不是电阻大的灯泡，每辆“车”在那儿卸下的“货”更多，所以它就更亮？
Deserializing unregistered type router.SessionMemory from checkpoint. This will be blocked in a future version. Add to allowed_msgpack_modules to silence: [('router', 'SessionMemory')]
Deserializing unregistered type router.PerceptionResult from checkpoint. This will be blocked in a future version. Add to allowed_msgpack_modules to silence: [('router', 'PerceptionResult')]
Deserializing unregistered type router.RouteDecision from checkpoint. This will be blocked in a future version. Add to allowed_msgpack_modules to silence: [('router', 'RouteDecision')]
2026-04-14 10:53:48,137 - SessionLogger - INFO - [sim_FSM_P3_M-ELE-001_64d6a2] Student: 那后面的灯泡肯定会变暗呀，因为流过去的电流被前面那个“吃”掉一部分了嘛。
Deserializing unregistered type router.SessionMemory from checkpoint. This will be blocked in a future version. Add to allowed_msgpack_modules to silence: [('router', 'SessionMemory')]
Deserializing unregistered type router.PerceptionResult from checkpoint. This will be blocked in a future version. Add to allowed_msgpack_modules to silence: [('router', 'PerceptionResult')]
Deserializing unregistered type router.RouteDecision from checkpoint. This will be blocked in a future version. Add to allowed_msgpack_modules to silence: [('router', 'RouteDecision')]
2026-04-14 10:53:48,758 - SessionLogger - INFO - [sim_Baseline_P3_M-ELE-001_360439] Student: 哦……卡车数量是一样的？可是老师，如果前面的灯泡把卡车的“劲儿”都卸掉了，后面的灯泡还能亮得起来吗？
Deserializing unregistered type router.SessionMemory from checkpoint. This will be blocked in a future version. Add to allowed_msgpack_modules to silence: [('router', 'SessionMemory')]
Deserializing unregistered type router.PerceptionResult from checkpoint. This will be blocked in a future version. Add to allowed_msgpack_modules to silence: [('router', 'PerceptionResult')]
Deserializing unregistered type router.RouteDecision from checkpoint. This will be blocked in a future version. Add to allowed_msgpack_modules to silence: [('router', 'RouteDecision')]
2026-04-14 10:53:50,876 - SessionLogger - INFO - [sim_FSM_P1_M-ELE-001_54cae9] Teacher: 好，那我们就只看你手头的这个简单电路。如果电流真的像你说的那样，流过第一个灯泡后就“少了一截”，那你觉得第二个灯泡里的电荷流动速度，是跟第一个一样快，还是明显变慢了？
2026-04-14 10:53:51,597 - SessionLogger - INFO - [sim_Baseline_P1_M-ELE-001_57a71c] Teacher: 如果每个灯泡都“吃掉”一点电流，那你想想，要是串联上一百个灯泡，最后流回电源负极的电流岂不是快变成零了？
2026-04-14 10:53:52,360 - SessionLogger - INFO - [sim_FSM_P1_M-ELE-001_54cae9] Student: 肯定是变慢了呀，因为前面的灯泡把电流“吃”掉了一部分。剩下的电流少了，流得自然就慢了，这不是很明显吗？
Deserializing unregistered type router.SessionMemory from checkpoint. This will be blocked in a future version. Add to allowed_msgpack_modules to silence: [('router', 'SessionMemory')]
Deserializing unregistered type router.PerceptionResult from checkpoint. This will be blocked in a future version. Add to allowed_msgpack_modules to silence: [('router', 'PerceptionResult')]
Deserializing unregistered type router.RouteDecision from checkpoint. This will be blocked in a future version. Add to allowed_msgpack_modules to silence: [('router', 'RouteDecision')]
2026-04-14 10:53:52,741 - SessionLogger - INFO - [sim_Baseline_P2_M-ELE-001_09eb77] Teacher: 太棒了！电阻大就像路难走，车得费更大劲（做更多功）才能过去。

既然电流一样，卸的“货”越多，灯泡就越亮。那如果两个灯泡串联，电阻大的那个分到的电压是更高还是更低呢？
2026-04-14 10:53:52,741 - SessionLogger - INFO - [sim_Baseline_P3_M-ELE-001_360439] Teacher: 卡车确实变“轻”了（电势降低），但它还在流动呀。

你想一想，如果前面的灯泡把卡车的“劲儿”全用光了，那电流还能流得动去点亮第二个灯泡吗？
2026-04-14 10:53:53,125 - SessionLogger - INFO - [sim_Baseline_P1_M-ELE-001_57a71c] Student: 那当然啊，一百个灯泡肯定把电流分得差不多了，所以后面的灯才会暗一点嘛。这正好证明我的观点是对的，电流就是被一点点用掉的。
Deserializing unregistered type router.SessionMemory from checkpoint. This will be blocked in a future version. Add to allowed_msgpack_modules to silence: [('router', 'SessionMemory')]
Deserializing unregistered type router.PerceptionResult from checkpoint. This will be blocked in a future version. Add to allowed_msgpack_modules to silence: [('router', 'PerceptionResult')]
Deserializing unregistered type router.RouteDecision from checkpoint. This will be blocked in a future version. Add to allowed_msgpack_modules to silence: [('router', 'RouteDecision')]
2026-04-14 10:53:54,045 - SessionLogger - INFO - [sim_Baseline_P2_M-ELE-001_09eb77] Student: 既然卸的“货”多代表做的功多，那电阻大的灯泡分到的电压应该更高吧？
因为电压好像就是衡量每辆车带了多少“货”的指标？
Deserializing unregistered type router.SessionMemory from checkpoint. This will be blocked in a future version. Add to allowed_msgpack_modules to silence: [('router', 'SessionMemory')]
Deserializing unregistered type router.PerceptionResult from checkpoint. This will be blocked in a future version. Add to allowed_msgpack_modules to silence: [('router', 'PerceptionResult')]
Deserializing unregistered type router.RouteDecision from checkpoint. This will be blocked in a future version. Add to allowed_msgpack_modules to silence: [('router', 'RouteDecision')]
2026-04-14 10:53:54,115 - SessionLogger - INFO - [sim_Baseline_P3_M-ELE-001_360439] Student: 好像有点道理……如果劲儿全没了，车就停在那儿了。所以电流其实没变少，只是“累”了？
Deserializing unregistered type router.SessionMemory from checkpoint. This will be blocked in a future version. Add to allowed_msgpack_modules to silence: [('router', 'SessionMemory')]
Deserializing unregistered type router.PerceptionResult from checkpoint. This will be blocked in a future version. Add to allowed_msgpack_modules to silence: [('router', 'PerceptionResult')]
Deserializing unregistered type router.RouteDecision from checkpoint. This will be blocked in a future version. Add to allowed_msgpack_modules to silence: [('router', 'RouteDecision')]
2026-04-14 10:54:00,849 - SessionLogger - INFO - [sim_Baseline_P3_M-ELE-001_360439] Teacher: 没错，电流（卡车数量）没变，但每辆车的“能量”确实被分走了。

既然两盏灯串联在同一条路上，你觉得第一盏灯是会把所有能量都抢光，还是只拿走它需要的那部分？
2026-04-14 10:54:03,945 - SessionLogger - INFO - [sim_Baseline_P3_M-ELE-001_360439] Student: 它应该只能拿走一部分吧？如果全抢光了，后面的灯不就彻底没“劲儿”亮了吗？
Deserializing unregistered type router.SessionMemory from checkpoint. This will be blocked in a future version. Add to allowed_msgpack_modules to silence: [('router', 'SessionMemory')]
Deserializing unregistered type router.PerceptionResult from checkpoint. This will be blocked in a future version. Add to allowed_msgpack_modules to silence: [('router', 'PerceptionResult')]
Deserializing unregistered type router.RouteDecision from checkpoint. This will be blocked in a future version. Add to allowed_msgpack_modules to silence: [('router', 'RouteDecision')]
2026-04-14 10:54:05,051 - SessionLogger - INFO - [sim_FSM_P3_M-ELE-001_64d6a2] Teacher: 如果按照这个逻辑，假如我们在电路里串联了100个同样的小灯泡，你觉得排在最后的那一个，还能亮得起来吗？
2026-04-14 10:54:05,724 - SessionLogger - INFO - [sim_Baseline_P1_M-ELE-001_57a71c] Teacher: 你先别急着下结论，你做过实验吗？串联在一起的几个相同灯泡，亮度真的有你说的“前亮后暗”的区别吗？
2026-04-14 10:54:07,591 - SessionLogger - INFO - [sim_FSM_P3_M-ELE-001_64d6a2] Student: 嗯……可能只会发出一点点微弱的光吧？毕竟前面的99个灯泡把大部分电流都“用”掉了，流到最后的肯定没剩多少了。
Deserializing unregistered type router.SessionMemory from checkpoint. This will be blocked in a future version. Add to allowed_msgpack_modules to silence: [('router', 'SessionMemory')]
Deserializing unregistered type router.PerceptionResult from checkpoint. This will be blocked in a future version. Add to allowed_msgpack_modules to silence: [('router', 'PerceptionResult')]
Deserializing unregistered type router.RouteDecision from checkpoint. This will be blocked in a future version. Add to allowed_msgpack_modules to silence: [('router', 'RouteDecision')]
2026-04-14 10:54:08,626 - SessionLogger - INFO - [sim_Baseline_P3_M-ELE-001_360439] Teacher: 没错，如果全抢光了，后面的灯就彻底“罢工”了。

既然两盏灯都在发光，说明它们都分到了能量。你觉得这两盏灯是怎么“商量”着分配这些能量的呢？
2026-04-14 10:54:08,626 - SessionLogger - INFO - [sim_Baseline_P3_M-ELE-001_360439] Extending max_turns by 3 because cognitive_state is '新概念探索'
2026-04-14 10:54:09,613 - SessionLogger - INFO - [sim_Baseline_P1_M-ELE-001_57a71c] Student: 我凭直觉就知道肯定有区别，前面的肯定更亮。就算看起来差不多，那也是因为差别太小肉眼看不出来，不代表电流没被消耗。
Deserializing unregistered type router.SessionMemory from checkpoint. This will be blocked in a future version. Add to allowed_msgpack_modules to silence: [('router', 'SessionMemory')]
Deserializing unregistered type router.PerceptionResult from checkpoint. This will be blocked in a future version. Add to allowed_msgpack_modules to silence: [('router', 'PerceptionResult')]
Deserializing unregistered type router.RouteDecision from checkpoint. This will be blocked in a future version. Add to allowed_msgpack_modules to silence: [('router', 'RouteDecision')]
2026-04-14 10:54:10,232 - SessionLogger - INFO - [sim_Baseline_P3_M-ELE-001_360439] Student: 啊？灯泡又没有脑子，它们怎么“商量”呀……是不是谁电阻大，谁就抢得多一点？
Deserializing unregistered type router.SessionMemory from checkpoint. This will be blocked in a future version. Add to allowed_msgpack_modules to silence: [('router', 'SessionMemory')]
Deserializing unregistered type router.PerceptionResult from checkpoint. This will be blocked in a future version. Add to allowed_msgpack_modules to silence: [('router', 'PerceptionResult')]
Deserializing unregistered type router.RouteDecision from checkpoint. This will be blocked in a future version. Add to allowed_msgpack_modules to silence: [('router', 'RouteDecision')]
2026-04-14 10:54:16,961 - SessionLogger - INFO - [sim_Baseline_P1_M-ELE-001_57a71c] Teacher: 咱们做个思想实验：如果电流真的被“吃”掉了，那在第一个和第二个灯泡之间的导线上，电荷是不是会越积越多？

你觉得导线里能像水库蓄水那样，无限堆积电荷吗？
2026-04-14 10:54:18,510 - SessionLogger - INFO - [sim_FSM_P3_M-ELE-001_64d6a2] Teacher: 但在实际实验中，这100个灯泡的亮度其实是一模一样的。既然亮度没变，说明流过每个灯泡的电流大小并没有减少，那你觉得灯泡发光时，真正被“消耗”掉的是电流本身，还是电流携带的某种能量呢？
2026-04-14 10:54:20,406 - SessionLogger - INFO - [sim_Baseline_P1_M-ELE-001_57a71c] Student: 电荷又不会凭空消失，被灯泡“用”掉变成光和热不是很正常吗？干嘛非要堆在导线里，我又没说它们会堵住。
Deserializing unregistered type router.SessionMemory from checkpoint. This will be blocked in a future version. Add to allowed_msgpack_modules to silence: [('router', 'SessionMemory')]
Deserializing unregistered type router.PerceptionResult from checkpoint. This will be blocked in a future version. Add to allowed_msgpack_modules to silence: [('router', 'PerceptionResult')]
Deserializing unregistered type router.RouteDecision from checkpoint. This will be blocked in a future version. Add to allowed_msgpack_modules to silence: [('router', 'RouteDecision')]
2026-04-14 10:54:22,469 - SessionLogger - INFO - [sim_FSM_P3_M-ELE-001_64d6a2] Student: 啊？亮度居然是一样的吗……那电流没变少，难道是被“消耗”掉的其实是别的什么东西？老师，这有点难想象，能打个比方吗？
Deserializing unregistered type router.SessionMemory from checkpoint. This will be blocked in a future version. Add to allowed_msgpack_modules to silence: [('router', 'SessionMemory')]
Deserializing unregistered type router.PerceptionResult from checkpoint. This will be blocked in a future version. Add to allowed_msgpack_modules to silence: [('router', 'PerceptionResult')]
Deserializing unregistered type router.RouteDecision from checkpoint. This will be blocked in a future version. Add to allowed_msgpack_modules to silence: [('router', 'RouteDecision')]
2026-04-14 10:54:25,847 - SessionLogger - INFO - [sim_FSM+Guardrail_P1_M-ELE-001_5cb65f] Teacher: 如果电流真的像水流过水车一样被“用掉”变少了，那把两个灯泡换个位置（原本在后面的换到前面），原本较暗的那个灯泡会不会突然变亮？
2026-04-14 10:54:28,241 - SessionLogger - INFO - [sim_FSM+Guardrail_P1_M-ELE-001_5cb65f] Student: 换位置当然会变啊，谁在前面谁就先消耗电流，后面的肯定就暗一点。这不是很明显吗？
Deserializing unregistered type router.SessionMemory from checkpoint. This will be blocked in a future version. Add to allowed_msgpack_modules to silence: [('router', 'SessionMemory')]
Deserializing unregistered type router.PerceptionResult from checkpoint. This will be blocked in a future version. Add to allowed_msgpack_modules to silence: [('router', 'PerceptionResult')]
Deserializing unregistered type router.RouteDecision from checkpoint. This will be blocked in a future version. Add to allowed_msgpack_modules to silence: [('router', 'RouteDecision')]
2026-04-14 10:54:29,174 - SessionLogger - INFO - [sim_FSM_P1_M-ELE-001_54cae9] Teacher: 那我们来做个思想实验：如果电流真的被“吃”掉了，想象一下把两个完全一样的灯泡串联。

既然第一个灯泡“吃”掉了一部分电流，导致后面的电流变小，那你觉得这两个灯泡的亮度应该是一样的，还是前面的明显比后面的亮？
2026-04-14 10:54:30,791 - SessionLogger - INFO - [sim_FSM_P1_M-ELE-001_54cae9] Student: 当然是前面的亮啊，它先“吃”到了最多的电流。后面的电流都被前面那个分走了一大半，肯定就暗了，这还用想吗？
Deserializing unregistered type router.SessionMemory from checkpoint. This will be blocked in a future version. Add to allowed_msgpack_modules to silence: [('router', 'SessionMemory')]
Deserializing unregistered type router.PerceptionResult from checkpoint. This will be blocked in a future version. Add to allowed_msgpack_modules to silence: [('router', 'PerceptionResult')]
Deserializing unregistered type router.RouteDecision from checkpoint. This will be blocked in a future version. Add to allowed_msgpack_modules to silence: [('router', 'RouteDecision')]
2026-04-14 10:54:32,120 - SessionLogger - INFO - [sim_FSM_P3_M-ELE-001_64d6a2] Teacher: 我们可以把电流想象成在封闭水管里循环流动的水。如果水泵让水不停地转圈流，你觉得水流过第一个水轮机后，水的“流量”（每秒流过的水量）会减少吗？
2026-04-14 10:54:33,387 - SessionLogger - INFO - [sim_Baseline_P2_M-ELE-001_09eb77] Teacher: 没错，电压高说明每辆“车”在那儿卸下的“货”更多。

既然电流（车队速度）一样，而电阻大的灯泡卸货更多（电压更高），你能试着总结一下串联电路中，电压和电阻是什么关系吗？
2026-04-14 10:54:35,156 - SessionLogger - INFO - [sim_FSM+Guardrail_P1_M-ELE-001_5cb65f] Teacher: 那如果我们拿电流表分别测一下这两个灯泡前后的电流，你觉得读数会像亮度一样“前大后小”吗？
2026-04-14 10:54:35,895 - SessionLogger - INFO - [sim_FSM_P3_M-ELE-001_64d6a2] Student: 流量应该没变吧，毕竟水管是封死的，水也没地方漏出去……所以你是说电流就像这个水流一样，只是推着灯泡转，自己并没有被“用掉”？
Deserializing unregistered type router.SessionMemory from checkpoint. This will be blocked in a future version. Add to allowed_msgpack_modules to silence: [('router', 'SessionMemory')]
Deserializing unregistered type router.PerceptionResult from checkpoint. This will be blocked in a future version. Add to allowed_msgpack_modules to silence: [('router', 'PerceptionResult')]
Deserializing unregistered type router.RouteDecision from checkpoint. This will be blocked in a future version. Add to allowed_msgpack_modules to silence: [('router', 'RouteDecision')]
2026-04-14 10:54:36,653 - SessionLogger - INFO - [sim_Baseline_P2_M-ELE-001_09eb77] Student: 那就是说，在串联电路里，电阻越大的地方，分到的电压也越高？
感觉就像是路越难走，需要付出的“代价”（电压）就越大一样。
Deserializing unregistered type router.SessionMemory from checkpoint. This will be blocked in a future version. Add to allowed_msgpack_modules to silence: [('router', 'SessionMemory')]
Deserializing unregistered type router.PerceptionResult from checkpoint. This will be blocked in a future version. Add to allowed_msgpack_modules to silence: [('router', 'PerceptionResult')]
Deserializing unregistered type router.RouteDecision from checkpoint. This will be blocked in a future version. Add to allowed_msgpack_modules to silence: [('router', 'RouteDecision')]
2026-04-14 10:54:38,056 - SessionLogger - INFO - [sim_FSM_P1_M-ELE-001_54cae9] Teacher: 既然你这么确定，那下次做实验时，请特意观察一下：两个完全相同的灯泡串联，真的是前面的亮、后面的暗吗？
2026-04-14 10:54:38,248 - SessionLogger - INFO - [sim_FSM+Guardrail_P1_M-ELE-001_5cb65f] Student: 那肯定啊，电流表测出来的数前面肯定比后面大。毕竟灯泡把电“吃”掉了一部分，剩下的当然就少了。
Deserializing unregistered type router.SessionMemory from checkpoint. This will be blocked in a future version. Add to allowed_msgpack_modules to silence: [('router', 'SessionMemory')]
Deserializing unregistered type router.PerceptionResult from checkpoint. This will be blocked in a future version. Add to allowed_msgpack_modules to silence: [('router', 'PerceptionResult')]
Deserializing unregistered type router.RouteDecision from checkpoint. This will be blocked in a future version. Add to allowed_msgpack_modules to silence: [('router', 'RouteDecision')]
2026-04-14 10:54:40,005 - SessionLogger - INFO - [sim_FSM_P1_M-ELE-001_54cae9] Student: 哼，那肯定是实验误差或者灯泡质量不一样。反正我的道理没错，电流流过去肯定会被消耗，前面的就是应该更亮。
Deserializing unregistered type router.SessionMemory from checkpoint. This will be blocked in a future version. Add to allowed_msgpack_modules to silence: [('router', 'SessionMemory')]
Deserializing unregistered type router.PerceptionResult from checkpoint. This will be blocked in a future version. Add to allowed_msgpack_modules to silence: [('router', 'PerceptionResult')]
Deserializing unregistered type router.RouteDecision from checkpoint. This will be blocked in a future version. Add to allowed_msgpack_modules to silence: [('router', 'RouteDecision')]
2026-04-14 10:54:43,434 - SessionLogger - INFO - [sim_Baseline_P2_M-ELE-001_09eb77] Teacher: 这个比喻很形象！“路难走”确实需要更大的“推力”（电压）来维持同样的车流。

那如果把这个逻辑反过来想：在并联电路里，所有支路两端的“起点”和“终点”都一样，这意味着各支路的电压有什么关系呢？
2026-04-14 10:54:43,980 - SessionLogger - INFO - [sim_FSM_P3_M-ELE-001_64d6a2] Teacher: 没错，电流本身确实没有被“用掉”。那在水流推动水轮机转动的过程中，水流真正失去并转移给水轮机的，究竟是水本身，还是它携带的能量呢？
2026-04-14 10:54:44,514 - SessionLogger - INFO - [sim_Baseline_P2_M-ELE-001_09eb77] Student: 既然起点和终点都一样，那每条支路的电压应该是相等的吧？
就像不管走哪条路，高度差都是一样的？
2026-04-14 10:54:44,514 - SessionLogger - INFO - [sim_Baseline_P2_M-ELE-001_09eb77] Session finished. Resolved: False
2026-04-14 10:54:44,514 - SessionLogger - INFO - [sim_FSM+Guardrail_P3_M-ELE-001_d21c03] Starting session
2026-04-14 10:54:44,514 - SessionLogger - INFO - Initialized Session sim_FSM+Guardrail_P3_M-ELE-001_d21c03 on Unknown for Unknown with version FSM+Guardrail
2026-04-14 10:54:46,571 - SessionLogger - INFO - [sim_FSM+Guardrail_P3_M-ELE-001_d21c03] Student Opening: 老师，既然灯泡发光要用电，那电流流过第一个灯泡后肯定变少了吧？那后面的灯泡是不是就分不到多少电了？
2026-04-14 10:54:46,589 - SessionLogger - INFO - [sim_FSM+Guardrail_P1_M-ELE-001_5cb65f] Teacher: 想象一下，如果电流真的被灯泡“吃”掉变少了，那电路里没被吃掉的电荷岂不是会越堆越多，最后把电线都撑爆了？
2026-04-14 10:54:48,055 - SessionLogger - INFO - [sim_FSM+Guardrail_P1_M-ELE-001_5cb65f] Student: 电荷又不会像水那样堵在那里，它们是被灯泡“用”掉了，转化成光和热了，哪还会堆起来。你别拿这种奇怪的想法来吓唬我。
Deserializing unregistered type router.SessionMemory from checkpoint. This will be blocked in a future version. Add to allowed_msgpack_modules to silence: [('router', 'SessionMemory')]
Deserializing unregistered type router.PerceptionResult from checkpoint. This will be blocked in a future version. Add to allowed_msgpack_modules to silence: [('router', 'PerceptionResult')]
Deserializing unregistered type router.RouteDecision from checkpoint. This will be blocked in a future version. Add to allowed_msgpack_modules to silence: [('router', 'RouteDecision')]
2026-04-14 10:54:48,126 - SessionLogger - INFO - [sim_FSM_P3_M-ELE-001_64d6a2] Student: 应该是能量吧？水还是那些水，只是流得没那么“冲”了，把劲儿使给了水轮机。所以灯泡亮的其实是电能，电流只是个搬运工？
Deserializing unregistered type router.SessionMemory from checkpoint. This will be blocked in a future version. Add to allowed_msgpack_modules to silence: [('router', 'SessionMemory')]
Deserializing unregistered type router.PerceptionResult from checkpoint. This will be blocked in a future version. Add to allowed_msgpack_modules to silence: [('router', 'PerceptionResult')]
Deserializing unregistered type router.RouteDecision from checkpoint. This will be blocked in a future version. Add to allowed_msgpack_modules to silence: [('router', 'RouteDecision')]
2026-04-14 10:54:48,540 - SessionLogger - INFO - [sim_Baseline_P3_M-ELE-001_360439] Teacher: 哈哈，确实没脑子，这是物理规律在起作用。

你可以把电阻想象成路面上的“减速带”或者“关卡”。如果两个关卡串联，通过的车流量一样，你觉得是更难通过的关卡（电阻大）让车更费劲，还是更容易通过的关卡更费劲？
2026-04-14 10:54:49,530 - SessionLogger - INFO - [sim_Baseline_P3_M-ELE-001_360439] Student: 肯定是更难通过的关卡更费劲吧？就像过减速带要踩刹车一样，阻力大的地方消耗的能量应该更多？
Deserializing unregistered type router.SessionMemory from checkpoint. This will be blocked in a future version. Add to allowed_msgpack_modules to silence: [('router', 'SessionMemory')]
Deserializing unregistered type router.PerceptionResult from checkpoint. This will be blocked in a future version. Add to allowed_msgpack_modules to silence: [('router', 'PerceptionResult')]
Deserializing unregistered type router.RouteDecision from checkpoint. This will be blocked in a future version. Add to allowed_msgpack_modules to silence: [('router', 'RouteDecision')]
2026-04-14 10:54:51,933 - SessionLogger - INFO - [sim_FSM_P1_M-ELE-001_54cae9] Teacher: 这个直觉确实很诱人，毕竟我们习惯了东西越用越少。

但请想象一下：如果电流像水流过水车，流完第一个灯泡后真的“变少”或“变慢”了，那在电路闭合的那一瞬间，电荷会不会在第一个灯泡后面堆积起来，导致后面的导线根本充不满电？
2026-04-14 10:54:53,022 - SessionLogger - INFO - [sim_FSM_P1_M-ELE-001_54cae9] Student: 电荷才不会堆积呢，它们很听话地流过去的。你别用这种奇怪的想法来吓我，反正电流就是被灯泡用掉了，这是常识。
Deserializing unregistered type router.SessionMemory from checkpoint. This will be blocked in a future version. Add to allowed_msgpack_modules to silence: [('router', 'SessionMemory')]
Deserializing unregistered type router.PerceptionResult from checkpoint. This will be blocked in a future version. Add to allowed_msgpack_modules to silence: [('router', 'PerceptionResult')]
Deserializing unregistered type router.RouteDecision from checkpoint. This will be blocked in a future version. Add to allowed_msgpack_modules to silence: [('router', 'RouteDecision')]
2026-04-14 10:54:54,557 - SessionLogger - INFO - [sim_Baseline_P3_M-ELE-001_360439] Teacher: 没错，阻力越大，克服它做的功（消耗的能量）就越多。

既然电流（车流量）是一样的，你觉得电阻大的那个灯泡，分到的电压（每辆车的能量）会更大还是更小？
2026-04-14 10:55:09,207 - SessionLogger - INFO - [sim_FSM_P3_M-ELE-001_64d6a2] Teacher: 这个“搬运工”的比喻很形象！既然电流只是负责搬运能量，那在串联电路这条单行道上，你觉得这位“搬运工”在经过第一个灯泡后，是变少了，还是依然保持着同样的数量继续向前跑？
2026-04-14 10:55:09,208 - SessionLogger - INFO - [sim_FSM_P3_M-ELE-001_64d6a2] Session finished. Resolved: True
2026-04-14 10:55:09,208 - SessionLogger - INFO - [sim_Baseline_P1_M-ELE-002_762010] Starting session
2026-04-14 10:55:09,208 - SessionLogger - INFO - Initialized Session sim_Baseline_P1_M-ELE-002_762010 on Unknown for Unknown with version FSM+Guardrail
2026-04-14 10:55:10,692 - SessionLogger - INFO - [sim_Baseline_P1_M-ELE-002_762010] Student Opening: 老师，我就把电池正极连到灯泡上，负极空着不接，灯泡为啥不亮？电不是从正极流出来就能用了吗？
2026-04-14 10:55:10,697 - SessionLogger - INFO - [sim_Baseline_P1_M-ELE-001_57a71c] Teacher: 这里有个关键概念要分清：变成光和热的是“能量”，不是“电荷”本身。

如果电荷真的变少了，就像高速公路上的车越来越少，那后面的路段岂不是越来越空旷，根本不可能堵车？
2026-04-14 10:55:10,702 - SessionLogger - INFO - [sim_Baseline_P3_M-ELE-001_360439] Student: 既然它更费劲，那它分到的电压应该更大吧？可是……电流不是被前面那个灯泡“用”掉了一部分吗？后面的车变少了，能量分配怎么会一样呢？
Deserializing unregistered type router.SessionMemory from checkpoint. This will be blocked in a future version. Add to allowed_msgpack_modules to silence: [('router', 'SessionMemory')]
Deserializing unregistered type router.PerceptionResult from checkpoint. This will be blocked in a future version. Add to allowed_msgpack_modules to silence: [('router', 'PerceptionResult')]
Deserializing unregistered type router.RouteDecision from checkpoint. This will be blocked in a future version. Add to allowed_msgpack_modules to silence: [('router', 'RouteDecision')]
2026-04-14 10:55:10,723 - SessionLogger - INFO - [sim_FSM+Guardrail_P1_M-ELE-001_5cb65f] Teacher: 这个直觉确实很诱人，因为灯泡发光发热让我们觉得有什么东西“没”了。但如果电荷真的在灯泡里转化成了光能并消失了，那流回电源负极的电荷是不是就比从正极出来的少？
2026-04-14 10:55:12,196 - SessionLogger - INFO - [sim_Baseline_P1_M-ELE-001_57a71c] Student: 可是灯泡发光发热总得消耗点什么吧，不然能量从哪来？我觉得电荷肯定也跟着一起被“磨损”或者转化掉了。
Deserializing unregistered type router.SessionMemory from checkpoint. This will be blocked in a future version. Add to allowed_msgpack_modules to silence: [('router', 'SessionMemory')]
Deserializing unregistered type router.PerceptionResult from checkpoint. This will be blocked in a future version. Add to allowed_msgpack_modules to silence: [('router', 'PerceptionResult')]
Deserializing unregistered type router.RouteDecision from checkpoint. This will be blocked in a future version. Add to allowed_msgpack_modules to silence: [('router', 'RouteDecision')]
2026-04-14 10:55:14,224 - SessionLogger - INFO - [sim_FSM+Guardrail_P1_M-ELE-001_5cb65f] Student: 对啊，流回去的肯定变少了，因为一部分电荷变成光跑掉了嘛。不然灯泡怎么会亮？能量总得有个来源吧。
2026-04-14 10:55:14,225 - SessionLogger - INFO - [sim_FSM+Guardrail_P1_M-ELE-001_5cb65f] Session finished. Resolved: False
2026-04-14 10:55:14,225 - SessionLogger - INFO - [sim_FSM_P1_M-ELE-002_2ece4d] Starting session
2026-04-14 10:55:14,225 - SessionLogger - INFO - Initialized Session sim_FSM_P1_M-ELE-002_2ece4d on Unknown for Unknown with version FSM+Guardrail
2026-04-14 10:55:17,807 - SessionLogger - INFO - [sim_FSM_P1_M-ELE-002_2ece4d] Student Opening: 老师，我就纳闷了，电池明明有电，我把灯泡直接连在正极上，电都流进灯泡里了，它为啥还不亮啊？
2026-04-14 10:55:17,837 - SessionLogger - INFO - [sim_FSM+Guardrail_P3_M-ELE-001_d21c03] Teacher: 如果电流真的像你说的被第一个灯泡“吃掉”了一大半，那当我们把一百个灯泡串联起来时，最后一个灯泡是不是就因为“没电可分”而完全不亮了？
2026-04-14 10:55:19,060 - SessionLogger - INFO - [sim_FSM+Guardrail_P3_M-ELE-001_d21c03] Student: 呃……好像也是哦，但我觉得它肯定还是会变暗一点点的吧？毕竟前面的灯泡都“用”掉了一些电呀。
Deserializing unregistered type router.SessionMemory from checkpoint. This will be blocked in a future version. Add to allowed_msgpack_modules to silence: [('router', 'SessionMemory')]
Deserializing unregistered type router.PerceptionResult from checkpoint. This will be blocked in a future version. Add to allowed_msgpack_modules to silence: [('router', 'PerceptionResult')]
Deserializing unregistered type router.RouteDecision from checkpoint. This will be blocked in a future version. Add to allowed_msgpack_modules to silence: [('router', 'RouteDecision')]
2026-04-14 10:55:20,342 - SessionLogger - INFO - [sim_Baseline_P1_M-ELE-001_57a71c] Teacher: 电荷就像运货的卡车，能量才是车上的货物。

你觉得卡车把货卸在灯泡这里后，卡车本身是跟着货物一起消失了，还是空车继续开往下一站？
2026-04-14 10:55:20,514 - SessionLogger - INFO - [sim_Baseline_P1_M-ELE-002_762010] Teacher: 想象一下，如果电荷真的从正极流进了灯泡，但负极没接通，这些电荷最后都去哪儿了呢？它们能一直源源不断地流过去吗？
2026-04-14 10:55:21,030 - SessionLogger - INFO - [sim_FSM_P1_M-ELE-001_54cae9] Teacher: 既然电荷不会堆积，那就意味着进入灯泡的电荷数量和离开的必须一样多。

如果进出的“人数”没变，那灯泡发光发热消耗的到底是什么，才让你觉得电流被“用掉”了？
2026-04-14 10:55:21,675 - SessionLogger - INFO - [sim_Baseline_P3_M-ELE-001_360439] Teacher: 咱们再回想一下那个“单行道”：如果前面的车没开走，后面的车能挤进来吗？

既然电路是通的，你觉得流过第一个灯泡的“车”，会不会有一辆半路消失，导致流到第二个灯泡的车变少？
2026-04-14 10:55:21,720 - SessionLogger - INFO - [sim_Baseline_P1_M-ELE-001_57a71c] Student: 可是如果卡车空着回来，那它还有什么用？我觉得电流肯定是在灯泡那里被“榨干”了，不然怎么解释灯泡会亮？
2026-04-14 10:55:21,720 - SessionLogger - INFO - [sim_Baseline_P1_M-ELE-001_57a71c] Session finished. Resolved: False
2026-04-14 10:55:21,720 - SessionLogger - INFO - [sim_FSM+Guardrail_P1_M-ELE-002_8bbe62] Starting session
2026-04-14 10:55:21,720 - SessionLogger - INFO - Initialized Session sim_FSM+Guardrail_P1_M-ELE-002_8bbe62 on Unknown for Unknown with version FSM+Guardrail
2026-04-14 10:55:22,766 - SessionLogger - INFO - [sim_FSM+Guardrail_P1_M-ELE-002_8bbe62] Student Opening: 老师，我觉得只要把导线连在电池正极和灯泡上，电流像水枪喷水一样射过去，灯泡就该亮了，干嘛非得绕一圈回去啊？
2026-04-14 10:55:24,593 - SessionLogger - INFO - [sim_Baseline_P1_M-ELE-002_762010] Student: 电就是流过去让灯泡发光然后消耗掉了啊，就像水浇花一样，流出去就不回来了。干嘛非要回来？
Deserializing unregistered type router.SessionMemory from checkpoint. This will be blocked in a future version. Add to allowed_msgpack_modules to silence: [('router', 'SessionMemory')]
Deserializing unregistered type router.PerceptionResult from checkpoint. This will be blocked in a future version. Add to allowed_msgpack_modules to silence: [('router', 'PerceptionResult')]
Deserializing unregistered type router.RouteDecision from checkpoint. This will be blocked in a future version. Add to allowed_msgpack_modules to silence: [('router', 'RouteDecision')]
2026-04-14 10:55:24,621 - SessionLogger - INFO - [sim_FSM_P1_M-ELE-001_54cae9] Student: 那肯定是电流本身啊，不然灯泡怎么会亮？你别绕弯子了，反正我觉得流出来的肯定比流进去的少。
2026-04-14 10:55:24,621 - SessionLogger - INFO - [sim_FSM_P1_M-ELE-001_54cae9] Session finished. Resolved: False
2026-04-14 10:55:24,621 - SessionLogger - INFO - [sim_Baseline_P2_M-ELE-002_4e46eb] Starting session
2026-04-14 10:55:24,621 - SessionLogger - INFO - Initialized Session sim_Baseline_P2_M-ELE-002_4e46eb on Unknown for Unknown with version FSM+Guardrail
2026-04-14 10:55:25,829 - SessionLogger - INFO - [sim_Baseline_P2_M-ELE-002_4e46eb] Student Opening: 老师，为什么灯泡不亮啊？我明明已经把导线连在电池正极和灯泡上了，电不是从正极流出来就能让灯泡发光吗？
2026-04-14 10:55:26,131 - SessionLogger - INFO - [sim_Baseline_P3_M-ELE-001_360439] Student: 车是不会消失……但它们是不是变“懒”了或者没劲儿了？我觉得流过去的电流肯定比刚进去的时候弱，不然灯泡怎么会亮呢？
Deserializing unregistered type router.SessionMemory from checkpoint. This will be blocked in a future version. Add to allowed_msgpack_modules to silence: [('router', 'SessionMemory')]
Deserializing unregistered type router.PerceptionResult from checkpoint. This will be blocked in a future version. Add to allowed_msgpack_modules to silence: [('router', 'PerceptionResult')]
Deserializing unregistered type router.RouteDecision from checkpoint. This will be blocked in a future version. Add to allowed_msgpack_modules to silence: [('router', 'RouteDecision')]
2026-04-14 10:55:30,838 - SessionLogger - INFO - [sim_Baseline_P2_M-ELE-002_4e46eb] Teacher: 想象一下，如果水只从水管的一头流出来，另一头不接回去，水能一直流吗？你觉得电流要怎样才能持续不断地流过灯泡呢？
2026-04-14 10:55:31,664 - SessionLogger - INFO - [sim_FSM+Guardrail_P3_M-ELE-001_d21c03] Teacher: 这个直觉很常见，因为“用”电这个词确实容易让人以为电流被消耗了。

我们可以把电流想象成在封闭水管里流动的水：如果前面的水车转起来消耗了水的“能量”，那么流过去的水的“流量”（每秒流过的水量）会减少吗？
2026-04-14 10:55:32,286 - SessionLogger - INFO - [sim_Baseline_P2_M-ELE-002_4e46eb] Student: 嗯……水如果不接回去好像确实流不动，会积在那儿？所以电流也得有个“回路”才能一直跑吗？
Deserializing unregistered type router.SessionMemory from checkpoint. This will be blocked in a future version. Add to allowed_msgpack_modules to silence: [('router', 'SessionMemory')]
Deserializing unregistered type router.PerceptionResult from checkpoint. This will be blocked in a future version. Add to allowed_msgpack_modules to silence: [('router', 'PerceptionResult')]
Deserializing unregistered type router.RouteDecision from checkpoint. This will be blocked in a future version. Add to allowed_msgpack_modules to silence: [('router', 'RouteDecision')]
2026-04-14 10:55:32,848 - SessionLogger - INFO - [sim_Baseline_P1_M-ELE-002_762010] Teacher: 电荷其实并没有被“消耗”掉，它只是携带了能量。你可以把电池想象成一个水泵，如果水流出去后不流回水泵的进水口，水泵里没水了，还能继续往外抽水吗？
2026-04-14 10:55:34,110 - SessionLogger - INFO - [sim_Baseline_P1_M-ELE-002_762010] Student: 电池又不是水箱，里面装的是电，不是水。电发出去就没了，跟水泵里有没有水没关系，你别老拿水来比喻，这不是一回事。
Deserializing unregistered type router.SessionMemory from checkpoint. This will be blocked in a future version. Add to allowed_msgpack_modules to silence: [('router', 'SessionMemory')]
Deserializing unregistered type router.PerceptionResult from checkpoint. This will be blocked in a future version. Add to allowed_msgpack_modules to silence: [('router', 'PerceptionResult')]
Deserializing unregistered type router.RouteDecision from checkpoint. This will be blocked in a future version. Add to allowed_msgpack_modules to silence: [('router', 'RouteDecision')]
2026-04-14 10:55:34,346 - SessionLogger - INFO - [sim_FSM+Guardrail_P1_M-ELE-002_8bbe62] Teacher: 这个比喻很有趣，但如果我们把电流想象成水流，水枪喷出的水如果没有地方流走，而是全部堆积在灯泡里，你觉得灯泡里的“空间”会被瞬间填满吗？
2026-04-14 10:55:34,494 - SessionLogger - INFO - [sim_Baseline_P3_M-ELE-001_360439] Teacher: “没劲儿”指的是每辆车带的货（能量/电压）变少了，而不是车的数量（电流）变少了。

想象一下，如果进工厂卸货的车速突然变慢（电流减小），而后面装货的车速还很快，会发生什么？
2026-04-14 10:55:35,299 - SessionLogger - INFO - [sim_FSM+Guardrail_P3_M-ELE-001_d21c03] Student: 水车转动确实会消耗能量，但水管里的水并没有消失呀……所以您的意思是，流过去的水量其实没变，只是水流变得“没劲儿”了？
Deserializing unregistered type router.SessionMemory from checkpoint. This will be blocked in a future version. Add to allowed_msgpack_modules to silence: [('router', 'SessionMemory')]
Deserializing unregistered type router.PerceptionResult from checkpoint. This will be blocked in a future version. Add to allowed_msgpack_modules to silence: [('router', 'PerceptionResult')]
Deserializing unregistered type router.RouteDecision from checkpoint. This will be blocked in a future version. Add to allowed_msgpack_modules to silence: [('router', 'RouteDecision')]
2026-04-14 10:55:35,951 - SessionLogger - INFO - [sim_Baseline_P2_M-ELE-002_4e46eb] Teacher: 没错，电流也需要一条完整的“路”才能持续流动。那你看看，现在电池的另一端（负极）连在哪里了呢？
2026-04-14 10:55:36,045 - SessionLogger - INFO - [sim_FSM+Guardrail_P1_M-ELE-002_8bbe62] Student: 水又不会占地方，流进灯泡里变成光就没了呀。反正只要电送到了，灯就该亮，跟回不回去没关系。
Deserializing unregistered type router.SessionMemory from checkpoint. This will be blocked in a future version. Add to allowed_msgpack_modules to silence: [('router', 'SessionMemory')]
Deserializing unregistered type router.PerceptionResult from checkpoint. This will be blocked in a future version. Add to allowed_msgpack_modules to silence: [('router', 'PerceptionResult')]
Deserializing unregistered type router.RouteDecision from checkpoint. This will be blocked in a future version. Add to allowed_msgpack_modules to silence: [('router', 'RouteDecision')]
2026-04-14 10:55:37,323 - SessionLogger - INFO - [sim_Baseline_P2_M-ELE-002_4e46eb] Student: 负极……好像什么都没连，悬空着呢。难道是因为电“有去无回”，所以流不过去？
Deserializing unregistered type router.SessionMemory from checkpoint. This will be blocked in a future version. Add to allowed_msgpack_modules to silence: [('router', 'SessionMemory')]
Deserializing unregistered type router.PerceptionResult from checkpoint. This will be blocked in a future version. Add to allowed_msgpack_modules to silence: [('router', 'PerceptionResult')]
Deserializing unregistered type router.RouteDecision from checkpoint. This will be blocked in a future version. Add to allowed_msgpack_modules to silence: [('router', 'RouteDecision')]
2026-04-14 10:55:38,169 - SessionLogger - INFO - [sim_Baseline_P3_M-ELE-001_360439] Student: 那……车就会在工厂门口堵成一团？可是电线里也没见堵车呀，所以你的意思是电流其实根本没变少？
Deserializing unregistered type router.SessionMemory from checkpoint. This will be blocked in a future version. Add to allowed_msgpack_modules to silence: [('router', 'SessionMemory')]
Deserializing unregistered type router.PerceptionResult from checkpoint. This will be blocked in a future version. Add to allowed_msgpack_modules to silence: [('router', 'PerceptionResult')]
Deserializing unregistered type router.RouteDecision from checkpoint. This will be blocked in a future version. Add to allowed_msgpack_modules to silence: [('router', 'RouteDecision')]
2026-04-14 10:55:41,198 - SessionLogger - INFO - [sim_Baseline_P2_M-ELE-002_4e46eb] Teacher: 你的直觉很准！如果路没修通，电流确实没法形成循环。那你觉得，接下来该怎么做才能让这个“回路”闭合起来呢？
2026-04-14 10:55:42,171 - SessionLogger - INFO - [sim_Baseline_P2_M-ELE-002_4e46eb] Student: 那我是不是得再拿根导线，把电池负极和灯泡剩下的那个点连起来？这样电就能转一圈回来了？
Deserializing unregistered type router.SessionMemory from checkpoint. This will be blocked in a future version. Add to allowed_msgpack_modules to silence: [('router', 'SessionMemory')]
Deserializing unregistered type router.PerceptionResult from checkpoint. This will be blocked in a future version. Add to allowed_msgpack_modules to silence: [('router', 'PerceptionResult')]
Deserializing unregistered type router.RouteDecision from checkpoint. This will be blocked in a future version. Add to allowed_msgpack_modules to silence: [('router', 'RouteDecision')]
2026-04-14 10:55:42,478 - SessionLogger - INFO - [sim_Baseline_P1_M-ELE-002_762010] Teacher: 那咱们换个角度，电荷并没有消失，它们只是带着能量跑了一圈。如果负极不接，从正极跑出来的电荷堆在灯泡另一端，后面的电荷还能挤得进去吗？
2026-04-14 10:55:43,956 - SessionLogger - INFO - [sim_Baseline_P1_M-ELE-002_762010] Student: 电荷那么小，怎么可能挤不进去？你别瞎说，反正我觉得只要正极通了，电就能一直流过去让灯泡亮。
Deserializing unregistered type router.SessionMemory from checkpoint. This will be blocked in a future version. Add to allowed_msgpack_modules to silence: [('router', 'SessionMemory')]
Deserializing unregistered type router.PerceptionResult from checkpoint. This will be blocked in a future version. Add to allowed_msgpack_modules to silence: [('router', 'PerceptionResult')]
Deserializing unregistered type router.RouteDecision from checkpoint. This will be blocked in a future version. Add to allowed_msgpack_modules to silence: [('router', 'RouteDecision')]
2026-04-14 10:55:44,129 - SessionLogger - INFO - [sim_FSM+Guardrail_P3_M-ELE-001_d21c03] Teacher: 没错，就是这个意思！水流得“没劲儿”了，对应到电路里就是电压降低了。

既然电荷（水）并没有在灯泡里消失或堆积，那你觉得在串联电路的不同位置测到的电流大小，应该是怎样的关系呢？
2026-04-14 10:55:45,228 - SessionLogger - INFO - [sim_Baseline_P2_M-ELE-002_4e46eb] Teacher: 没错，这样路就通了。你觉得连好之后，灯泡会发生什么变化？
2026-04-14 10:55:45,540 - SessionLogger - INFO - [sim_FSM+Guardrail_P3_M-ELE-001_d21c03] Student: 哦……所以电流其实就像水管里的水一样，不管流到哪里，流量都是一样大的？那之前我觉得后面灯泡会变暗，其实是因为电压变了，而不是电流变小了？
Deserializing unregistered type router.SessionMemory from checkpoint. This will be blocked in a future version. Add to allowed_msgpack_modules to silence: [('router', 'SessionMemory')]
Deserializing unregistered type router.PerceptionResult from checkpoint. This will be blocked in a future version. Add to allowed_msgpack_modules to silence: [('router', 'PerceptionResult')]
Deserializing unregistered type router.RouteDecision from checkpoint. This will be blocked in a future version. Add to allowed_msgpack_modules to silence: [('router', 'RouteDecision')]
2026-04-14 10:55:46,397 - SessionLogger - INFO - [sim_FSM_P1_M-ELE-002_2ece4d] Teacher: 这确实挺反直觉的，因为我们常以为电是电池“发射”出来的。

想象一下，如果一根水管只接在水龙头上，另一头却是封死的，水能形成持续的流动吗？
2026-04-14 10:55:47,891 - SessionLogger - INFO - [sim_FSM_P1_M-ELE-002_2ece4d] Student: 那不一样，电又不是水。电池就像个喷泉，只要喷出来碰到灯泡，灯泡就该亮，干嘛非得流回去？
Deserializing unregistered type router.SessionMemory from checkpoint. This will be blocked in a future version. Add to allowed_msgpack_modules to silence: [('router', 'SessionMemory')]
Deserializing unregistered type router.PerceptionResult from checkpoint. This will be blocked in a future version. Add to allowed_msgpack_modules to silence: [('router', 'PerceptionResult')]
Deserializing unregistered type router.RouteDecision from checkpoint. This will be blocked in a future version. Add to allowed_msgpack_modules to silence: [('router', 'RouteDecision')]
2026-04-14 10:55:48,133 - SessionLogger - INFO - [sim_Baseline_P1_M-ELE-002_762010] Teacher: 电荷虽小，但它们都带负电，同性相斥。如果负极不接通，跑过去的电荷没地方去，就会在灯泡另一端越积越多，你觉得后来的电荷还能轻易挤进去吗？
2026-04-14 10:55:48,403 - SessionLogger - INFO - [sim_Baseline_P3_M-ELE-001_360439] Teacher: 对呀，既然没“堵车”，说明进来的车和出去的车数量必须一样。

那现在你想想，如果两盏灯串联，流过第一盏灯的电流和流过第二盏灯的电流，大小关系是怎样的？
2026-04-14 10:55:48,902 - SessionLogger - INFO - [sim_Baseline_P2_M-ELE-002_4e46eb] Student: 那灯泡应该会亮起来吧？因为现在电流终于能跑完整个圆圈，不会堵在半路了。
Deserializing unregistered type router.SessionMemory from checkpoint. This will be blocked in a future version. Add to allowed_msgpack_modules to silence: [('router', 'SessionMemory')]
Deserializing unregistered type router.PerceptionResult from checkpoint. This will be blocked in a future version. Add to allowed_msgpack_modules to silence: [('router', 'PerceptionResult')]
Deserializing unregistered type router.RouteDecision from checkpoint. This will be blocked in a future version. Add to allowed_msgpack_modules to silence: [('router', 'RouteDecision')]
2026-04-14 10:55:49,562 - SessionLogger - INFO - [sim_Baseline_P1_M-ELE-002_762010] Student: 它们带电能有多大力气？电池推力强着呢，肯定能硬挤过去。你别老说挤不进去，我觉得就是能亮。
Deserializing unregistered type router.SessionMemory from checkpoint. This will be blocked in a future version. Add to allowed_msgpack_modules to silence: [('router', 'SessionMemory')]
Deserializing unregistered type router.PerceptionResult from checkpoint. This will be blocked in a future version. Add to allowed_msgpack_modules to silence: [('router', 'PerceptionResult')]
Deserializing unregistered type router.RouteDecision from checkpoint. This will be blocked in a future version. Add to allowed_msgpack_modules to silence: [('router', 'RouteDecision')]
2026-04-14 10:55:51,942 - SessionLogger - INFO - [sim_Baseline_P3_M-ELE-001_360439] Student: 啊……所以它们是一样大的？可是灯泡发光不是要“吃”电流吗，怎么会一点都不少呢？
Deserializing unregistered type router.SessionMemory from checkpoint. This will be blocked in a future version. Add to allowed_msgpack_modules to silence: [('router', 'SessionMemory')]
Deserializing unregistered type router.PerceptionResult from checkpoint. This will be blocked in a future version. Add to allowed_msgpack_modules to silence: [('router', 'PerceptionResult')]
Deserializing unregistered type router.RouteDecision from checkpoint. This will be blocked in a future version. Add to allowed_msgpack_modules to silence: [('router', 'RouteDecision')]
2026-04-14 10:56:01,391 - SessionLogger - INFO - [sim_FSM+Guardrail_P3_M-ELE-001_d21c03] Teacher: 没错，你的理解很到位！电流（流量）在串联电路中是处处相等的。

既然两个灯泡分到的电流一样大，那你觉得如果这两个灯泡的规格完全相同，它们的亮度应该是一样的，还是会有先后之分呢？
2026-04-14 10:56:01,391 - SessionLogger - INFO - [sim_FSM+Guardrail_P3_M-ELE-001_d21c03] Session finished. Resolved: True
2026-04-14 10:56:01,392 - SessionLogger - INFO - [sim_FSM_P2_M-ELE-002_73cb9e] Starting session
2026-04-14 10:56:01,392 - SessionLogger - INFO - Initialized Session sim_FSM_P2_M-ELE-002_73cb9e on Unknown for Unknown with version FSM+Guardrail
2026-04-14 10:56:02,532 - SessionLogger - INFO - [sim_FSM_P2_M-ELE-002_73cb9e] Student Opening: 老师，我把电池正极连到灯泡上，灯泡怎么不亮啊？电流不是从正极流出来就能让灯泡发光吗？
2026-04-14 10:56:02,568 - SessionLogger - INFO - [sim_Baseline_P2_M-ELE-002_4e46eb] Teacher: 没错，路通了灯就会亮。那如果我把其中一根导线剪断，你觉得灯泡还会亮吗？为什么？
2026-04-14 10:56:05,921 - SessionLogger - INFO - [sim_Baseline_P2_M-ELE-002_4e46eb] Student: 肯定不亮了呀，路都断了，电流肯定就过不去了。这就像水管被剪断，水自然流不过去一样嘛。
Deserializing unregistered type router.SessionMemory from checkpoint. This will be blocked in a future version. Add to allowed_msgpack_modules to silence: [('router', 'SessionMemory')]
Deserializing unregistered type router.PerceptionResult from checkpoint. This will be blocked in a future version. Add to allowed_msgpack_modules to silence: [('router', 'PerceptionResult')]
Deserializing unregistered type router.RouteDecision from checkpoint. This will be blocked in a future version. Add to allowed_msgpack_modules to silence: [('router', 'RouteDecision')]
2026-04-14 10:56:06,160 - SessionLogger - INFO - [sim_Baseline_P1_M-ELE-002_762010] Teacher: 如果电荷真的全堆在灯泡另一端动不了了，那还能形成持续的“流动”吗？没有持续的流动，灯泡靠什么持续发光呢？
2026-04-14 10:56:07,540 - SessionLogger - INFO - [sim_Baseline_P1_M-ELE-002_762010] Student: 反正电只要到了灯泡那儿，灯泡就该亮，管它后面堵不堵呢。我觉得你就是想复杂了，通电就是通电，哪那么多废话。
Deserializing unregistered type router.SessionMemory from checkpoint. This will be blocked in a future version. Add to allowed_msgpack_modules to silence: [('router', 'SessionMemory')]
Deserializing unregistered type router.PerceptionResult from checkpoint. This will be blocked in a future version. Add to allowed_msgpack_modules to silence: [('router', 'PerceptionResult')]
Deserializing unregistered type router.RouteDecision from checkpoint. This will be blocked in a future version. Add to allowed_msgpack_modules to silence: [('router', 'RouteDecision')]
2026-04-14 10:56:08,177 - SessionLogger - INFO - [sim_FSM_P1_M-ELE-002_2ece4d] Teacher: 这个“喷泉”比喻很有趣。但如果电真的像水喷出来就完事了，那电池里的电岂不是几秒钟就“喷”光了？

你觉得电池里的电能支撑灯泡亮很久，还是瞬间就没电了？
2026-04-14 10:56:09,314 - SessionLogger - INFO - [sim_FSM+Guardrail_P1_M-ELE-002_8bbe62] Teacher: 那如果我们按你的想法，在第一个灯泡后面再串联一个同样的灯泡，既然电流在第一个灯泡里已经“变成光没了”，你觉得第二个灯泡还会亮吗？
2026-04-14 10:56:09,544 - SessionLogger - INFO - [sim_FSM_P1_M-ELE-002_2ece4d] Student: 电池里存着好多电呢，哪能一下就没了。反正只要连上一头，电就能一直供过去让灯泡亮。
Deserializing unregistered type router.SessionMemory from checkpoint. This will be blocked in a future version. Add to allowed_msgpack_modules to silence: [('router', 'SessionMemory')]
Deserializing unregistered type router.PerceptionResult from checkpoint. This will be blocked in a future version. Add to allowed_msgpack_modules to silence: [('router', 'PerceptionResult')]
Deserializing unregistered type router.RouteDecision from checkpoint. This will be blocked in a future version. Add to allowed_msgpack_modules to silence: [('router', 'RouteDecision')]
2026-04-14 10:56:12,556 - SessionLogger - INFO - [sim_FSM+Guardrail_P1_M-ELE-002_8bbe62] Student: 那肯定不亮啊，电都在第一个灯泡那里用完了。但这只能说明第二个灯泡没电，不能证明第一个灯泡需要回路才能亮吧？
Deserializing unregistered type router.SessionMemory from checkpoint. This will be blocked in a future version. Add to allowed_msgpack_modules to silence: [('router', 'SessionMemory')]
Deserializing unregistered type router.PerceptionResult from checkpoint. This will be blocked in a future version. Add to allowed_msgpack_modules to silence: [('router', 'PerceptionResult')]
Deserializing unregistered type router.RouteDecision from checkpoint. This will be blocked in a future version. Add to allowed_msgpack_modules to silence: [('router', 'RouteDecision')]
2026-04-14 10:56:12,791 - SessionLogger - INFO - [sim_Baseline_P2_M-ELE-002_4e46eb] Teacher: 这个水管的比喻很形象！既然断了一处路就不通，那如果我在导线中间加个开关，你觉得它是怎么控制灯泡亮灭的呢？
2026-04-14 10:56:12,791 - SessionLogger - INFO - [sim_Baseline_P2_M-ELE-002_4e46eb] Extending max_turns by 3 because cognitive_state is '新概念探索'
2026-04-14 10:56:13,495 - SessionLogger - INFO - [sim_Baseline_P1_M-ELE-002_762010] Teacher: 哪怕真有一小股电荷冲过去了，那也是一瞬间的事。你见过哪种灯泡是只闪一下微光然后就彻底熄灭的吗？
2026-04-14 10:56:13,496 - SessionLogger - INFO - [sim_Baseline_P1_M-ELE-002_762010] Extending max_turns by 3 because cognitive_state is '新概念探索'
2026-04-14 10:56:14,979 - SessionLogger - INFO - [sim_Baseline_P2_M-ELE-002_4e46eb] Student: 开关断开的时候，路就断了，电流过不去，灯就不亮。合上开关，路又通了，电流就能流过去让灯发光。
Deserializing unregistered type router.SessionMemory from checkpoint. This will be blocked in a future version. Add to allowed_msgpack_modules to silence: [('router', 'SessionMemory')]
Deserializing unregistered type router.PerceptionResult from checkpoint. This will be blocked in a future version. Add to allowed_msgpack_modules to silence: [('router', 'PerceptionResult')]
Deserializing unregistered type router.RouteDecision from checkpoint. This will be blocked in a future version. Add to allowed_msgpack_modules to silence: [('router', 'RouteDecision')]
2026-04-14 10:56:15,382 - SessionLogger - INFO - [sim_Baseline_P1_M-ELE-002_762010] Student: 那肯定是因为电池没电了或者接触不良，跟回路有什么关系？反正我觉得只要连上一头，电就能一直供过去。
Deserializing unregistered type router.SessionMemory from checkpoint. This will be blocked in a future version. Add to allowed_msgpack_modules to silence: [('router', 'SessionMemory')]
Deserializing unregistered type router.PerceptionResult from checkpoint. This will be blocked in a future version. Add to allowed_msgpack_modules to silence: [('router', 'PerceptionResult')]
Deserializing unregistered type router.RouteDecision from checkpoint. This will be blocked in a future version. Add to allowed_msgpack_modules to silence: [('router', 'RouteDecision')]
2026-04-14 10:56:18,475 - SessionLogger - INFO - [sim_FSM_P1_M-ELE-002_2ece4d] Teacher: 如果电只进不出，就像往一个没有出口的房间里不停塞人，你觉得里面的人还能继续往里挤吗？
2026-04-14 10:56:20,068 - SessionLogger - INFO - [sim_FSM_P1_M-ELE-002_2ece4d] Student: 电跟挤人又不是一回事，电是能量，进去了就变成光和热消耗掉了呀。只要电池有劲，它就能一直往里送，灯泡就该一直亮。
Deserializing unregistered type router.SessionMemory from checkpoint. This will be blocked in a future version. Add to allowed_msgpack_modules to silence: [('router', 'SessionMemory')]
Deserializing unregistered type router.PerceptionResult from checkpoint. This will be blocked in a future version. Add to allowed_msgpack_modules to silence: [('router', 'PerceptionResult')]
Deserializing unregistered type router.RouteDecision from checkpoint. This will be blocked in a future version. Add to allowed_msgpack_modules to silence: [('router', 'RouteDecision')]
2026-04-14 10:56:21,448 - SessionLogger - INFO - [sim_FSM+Guardrail_P1_M-ELE-002_8bbe62] Teacher: 如果电流真的像水一样“流进去就没了”，那电池里的电荷岂不是很快就会流光？你觉得电池是提供电荷的“仓库”，还是推动电荷循环流动的“泵”？
2026-04-14 10:56:22,736 - SessionLogger - INFO - [sim_FSM+Guardrail_P1_M-ELE-002_8bbe62] Student: 电池当然是提供电的仓库啊，电用完了就没电了，这不是很正常吗？就像打火机里的油，烧完了就没了，难道还能循环使用不成？
Deserializing unregistered type router.SessionMemory from checkpoint. This will be blocked in a future version. Add to allowed_msgpack_modules to silence: [('router', 'SessionMemory')]
Deserializing unregistered type router.PerceptionResult from checkpoint. This will be blocked in a future version. Add to allowed_msgpack_modules to silence: [('router', 'PerceptionResult')]
Deserializing unregistered type router.RouteDecision from checkpoint. This will be blocked in a future version. Add to allowed_msgpack_modules to silence: [('router', 'RouteDecision')]
2026-04-14 10:56:26,468 - SessionLogger - INFO - [sim_FSM_P2_M-ELE-002_73cb9e] Teacher: 这确实很反直觉，毕竟电池看起来像是在不断“送出”电流。但如果电流像水流一样，只把水管接在水龙头上，另一端却封闭着，水真的能持续流动吗？
2026-04-14 10:56:27,839 - SessionLogger - INFO - [sim_FSM_P2_M-ELE-002_73cb9e] Student: 呃……好像确实流不动，水会堵在那里。但电和水不一样吧？电是不是只要接上一头就能“喷”出来让灯泡亮一下？
Deserializing unregistered type router.SessionMemory from checkpoint. This will be blocked in a future version. Add to allowed_msgpack_modules to silence: [('router', 'SessionMemory')]
Deserializing unregistered type router.PerceptionResult from checkpoint. This will be blocked in a future version. Add to allowed_msgpack_modules to silence: [('router', 'PerceptionResult')]
Deserializing unregistered type router.RouteDecision from checkpoint. This will be blocked in a future version. Add to allowed_msgpack_modules to silence: [('router', 'RouteDecision')]
2026-04-14 10:56:27,861 - SessionLogger - INFO - [sim_FSM_P1_M-ELE-002_2ece4d] Teacher: 你说得对，灯泡确实把电能变成了光和热。

但请想一想：如果“电流”本身被灯泡吃掉了，那流过第一个灯泡后的电流变少了，第二个灯泡得到的电流是不是也应该变少、变得更暗？
2026-04-14 10:56:29,360 - SessionLogger - INFO - [sim_FSM_P1_M-ELE-002_2ece4d] Student: 那肯定啊，电都被第一个灯泡用掉了，后面的当然就暗了。这不是很正常吗？
Deserializing unregistered type router.SessionMemory from checkpoint. This will be blocked in a future version. Add to allowed_msgpack_modules to silence: [('router', 'SessionMemory')]
Deserializing unregistered type router.PerceptionResult from checkpoint. This will be blocked in a future version. Add to allowed_msgpack_modules to silence: [('router', 'PerceptionResult')]
Deserializing unregistered type router.RouteDecision from checkpoint. This will be blocked in a future version. Add to allowed_msgpack_modules to silence: [('router', 'RouteDecision')]
2026-04-14 10:56:29,693 - SessionLogger - INFO - [sim_FSM+Guardrail_P1_M-ELE-002_8bbe62] Teacher: 这个类比很形象，但我们要区分“燃料”和“搬运工”。如果电流是像油一样被烧掉的物质，那为什么断开开关后，电池里的电并没有立刻漏光，而是能保存很久呢？
2026-04-14 10:56:31,109 - SessionLogger - INFO - [sim_FSM+Guardrail_P1_M-ELE-002_8bbe62] Student: 因为开关关着，电就被堵在电池里出不来啊，当然不会漏光。这跟我说的只要接上一头灯就会亮有什么关系？
Deserializing unregistered type router.SessionMemory from checkpoint. This will be blocked in a future version. Add to allowed_msgpack_modules to silence: [('router', 'SessionMemory')]
Deserializing unregistered type router.PerceptionResult from checkpoint. This will be blocked in a future version. Add to allowed_msgpack_modules to silence: [('router', 'PerceptionResult')]
Deserializing unregistered type router.RouteDecision from checkpoint. This will be blocked in a future version. Add to allowed_msgpack_modules to silence: [('router', 'RouteDecision')]
2026-04-14 10:56:37,263 - SessionLogger - INFO - [sim_FSM_P1_M-ELE-002_2ece4d] Teacher: 那如果我们在电路里串联100个相同的灯泡，按照你的逻辑，第100个灯泡几乎分不到电流，应该完全不亮才对。

你在实验中见过“前面的灯泡特别亮，后面的几乎不亮”这种现象吗？
2026-04-14 10:56:38,962 - SessionLogger - INFO - [sim_FSM+Guardrail_P1_M-ELE-002_8bbe62] Teacher: 想象一下，如果电流像水流一样，你只把水管的一头接在水龙头上，另一头悬空对着灯泡喷，水能形成持续的水流把灯泡冲转吗？
2026-04-14 10:56:40,801 - SessionLogger - INFO - [sim_FSM_P1_M-ELE-002_2ece4d] Student: 我……我没做过接100个灯泡的实验，你拿这个极端例子吓唬谁啊。反正我觉得电进去就被消耗了，怎么可能一样亮。
Deserializing unregistered type router.SessionMemory from checkpoint. This will be blocked in a future version. Add to allowed_msgpack_modules to silence: [('router', 'SessionMemory')]
Deserializing unregistered type router.PerceptionResult from checkpoint. This will be blocked in a future version. Add to allowed_msgpack_modules to silence: [('router', 'PerceptionResult')]
Deserializing unregistered type router.RouteDecision from checkpoint. This will be blocked in a future version. Add to allowed_msgpack_modules to silence: [('router', 'RouteDecision')]
2026-04-14 10:56:42,807 - SessionLogger - INFO - [sim_FSM_P2_M-ELE-002_73cb9e] Teacher: 如果电流真的像喷雾一样，喷出来接触灯丝就算完成任务，那你觉得电池底部的负极还有存在的必要吗？
2026-04-14 10:56:43,126 - SessionLogger - INFO - [sim_FSM+Guardrail_P1_M-ELE-002_8bbe62] Student: 那肯定能喷出来啊，水有压力就会往外滋。电也是一样的，电池有电压，接上一头电就会射出来把灯泡点亮，干嘛非要流回去？
Deserializing unregistered type router.SessionMemory from checkpoint. This will be blocked in a future version. Add to allowed_msgpack_modules to silence: [('router', 'SessionMemory')]
Deserializing unregistered type router.PerceptionResult from checkpoint. This will be blocked in a future version. Add to allowed_msgpack_modules to silence: [('router', 'PerceptionResult')]
Deserializing unregistered type router.RouteDecision from checkpoint. This will be blocked in a future version. Add to allowed_msgpack_modules to silence: [('router', 'RouteDecision')]
2026-04-14 10:56:44,049 - SessionLogger - INFO - [sim_FSM_P2_M-ELE-002_73cb9e] Student: 好像……确实没必要？但我看电池上明明标了正负极，如果负极没用，厂家干嘛还要多此一举做出来呢？
Deserializing unregistered type router.SessionMemory from checkpoint. This will be blocked in a future version. Add to allowed_msgpack_modules to silence: [('router', 'SessionMemory')]
Deserializing unregistered type router.PerceptionResult from checkpoint. This will be blocked in a future version. Add to allowed_msgpack_modules to silence: [('router', 'PerceptionResult')]
Deserializing unregistered type router.RouteDecision from checkpoint. This will be blocked in a future version. Add to allowed_msgpack_modules to silence: [('router', 'RouteDecision')]
2026-04-14 10:56:44,457 - SessionLogger - INFO - [sim_Baseline_P3_M-ELE-001_360439] Teacher: 灯泡“吃”掉的是电荷携带的能量（电压），而不是电荷本身。

就像快递员送完包裹，人还是那个人，只是手里的货空了。你觉得这时候，这个“空手”的快递员还能继续往前走去下一站吗？
2026-04-14 10:56:46,574 - SessionLogger - INFO - [sim_Baseline_P3_M-ELE-001_360439] Student: 能……因为后面还有路要走？所以电流其实就像快递员一样，只是把“货”卸下了，人还得继续流回去？
Deserializing unregistered type router.SessionMemory from checkpoint. This will be blocked in a future version. Add to allowed_msgpack_modules to silence: [('router', 'SessionMemory')]
Deserializing unregistered type router.PerceptionResult from checkpoint. This will be blocked in a future version. Add to allowed_msgpack_modules to silence: [('router', 'PerceptionResult')]
Deserializing unregistered type router.RouteDecision from checkpoint. This will be blocked in a future version. Add to allowed_msgpack_modules to silence: [('router', 'RouteDecision')]
2026-04-14 10:56:51,109 - SessionLogger - INFO - [sim_Baseline_P3_M-ELE-001_360439] Teacher: 没错，电荷必须形成回路才能持续流动。

既然“快递员”的数量（电流）没变，但每个人手里的“货”（电压/能量）在第一个灯泡那里卸掉了一部分，那你觉得到了第二个灯泡时，每个快递员剩下的“货”是多了还是少了？
2026-04-14 10:56:51,186 - SessionLogger - INFO - [sim_FSM_P1_M-ELE-002_2ece4d] Teacher: 这个直觉确实很诱人，毕竟我们常觉得东西“用了就少”。

但咱们退一步，哪怕只接两个完全一样的灯泡，你回想一下或者推测看看：它们是“前亮后暗”，还是“一样亮”？
2026-04-14 10:56:51,626 - SessionLogger - INFO - [sim_FSM_P2_M-ELE-002_73cb9e] Teacher: 既然你也觉得负极肯定有它的作用，那你想想，如果电流只从正极“单程”出发却不回到负极，这趟旅程算是真正走通了吗？
2026-04-14 10:56:51,949 - SessionLogger - INFO - [sim_Baseline_P3_M-ELE-001_360439] Student: 那肯定是变少了呀，因为刚才在第一盏灯那里已经卸掉一部分货了嘛。
2026-04-14 10:56:51,950 - SessionLogger - INFO - [sim_Baseline_P3_M-ELE-001_360439] Session finished. Resolved: False
2026-04-14 10:56:51,950 - SessionLogger - INFO - [sim_FSM+Guardrail_P2_M-ELE-002_97681d] Starting session
2026-04-14 10:56:51,950 - SessionLogger - INFO - Initialized Session sim_FSM+Guardrail_P2_M-ELE-002_97681d on Unknown for Unknown with version FSM+Guardrail
2026-04-14 10:56:53,056 - SessionLogger - INFO - [sim_FSM+Guardrail_P2_M-ELE-002_97681d] Student Opening: 老师，我把电池正极连到灯泡上，灯泡怎么不亮啊？电流不是从正极出来就能用了吗？
2026-04-14 10:56:53,060 - SessionLogger - INFO - [sim_Baseline_P2_M-ELE-002_4e46eb] Teacher: 理解得很到位！那如果我想在同一个电路里控制两盏灯，你觉得可以把它们怎么连起来呢？
2026-04-14 10:56:53,081 - SessionLogger - INFO - [sim_FSM+Guardrail_P1_M-ELE-002_8bbe62] Teacher: 如果电真的像子弹一样“射”出去就完成任务了，那你把灯泡换个方向，或者把电池正负极对调，灯泡应该照样亮才对，毕竟子弹打中目标就行，跟怎么飞回来的没关系。但实际实验中，为什么我们必须让电流形成一个完整的圈，灯泡才能持续发光呢？
2026-04-14 10:56:54,326 - SessionLogger - INFO - [sim_Baseline_P2_M-ELE-002_4e46eb] Student: 那就把两盏灯像串珠子一样，一个接一个地连在导线上呗。只要电流能顺着这一条路把它们都“串”起来，应该都能亮吧？
Deserializing unregistered type router.SessionMemory from checkpoint. This will be blocked in a future version. Add to allowed_msgpack_modules to silence: [('router', 'SessionMemory')]
Deserializing unregistered type router.PerceptionResult from checkpoint. This will be blocked in a future version. Add to allowed_msgpack_modules to silence: [('router', 'PerceptionResult')]
Deserializing unregistered type router.RouteDecision from checkpoint. This will be blocked in a future version. Add to allowed_msgpack_modules to silence: [('router', 'RouteDecision')]
2026-04-14 10:56:54,350 - SessionLogger - INFO - [sim_FSM_P1_M-ELE-002_2ece4d] Student: 我觉得肯定是前面的亮，后面的暗。电都被前面那个“吃”掉一部分了，剩下的肯定不够后面那个用的呀。
Deserializing unregistered type router.SessionMemory from checkpoint. This will be blocked in a future version. Add to allowed_msgpack_modules to silence: [('router', 'SessionMemory')]
Deserializing unregistered type router.PerceptionResult from checkpoint. This will be blocked in a future version. Add to allowed_msgpack_modules to silence: [('router', 'PerceptionResult')]
Deserializing unregistered type router.RouteDecision from checkpoint. This will be blocked in a future version. Add to allowed_msgpack_modules to silence: [('router', 'RouteDecision')]
2026-04-14 10:56:54,433 - SessionLogger - INFO - [sim_Baseline_P1_M-ELE-002_762010] Teacher: 想象一下，如果水管只接了进水口，没有出水口，水能一直哗哗地流吗？还是说流一会儿就再也进不去了？
2026-04-14 10:56:54,630 - SessionLogger - INFO - [sim_FSM_P2_M-ELE-002_73cb9e] Student: 呃……好像确实没走通，感觉像是断头路。所以电流是不是必须得绕一圈回到负极才行？
Deserializing unregistered type router.SessionMemory from checkpoint. This will be blocked in a future version. Add to allowed_msgpack_modules to silence: [('router', 'SessionMemory')]
Deserializing unregistered type router.PerceptionResult from checkpoint. This will be blocked in a future version. Add to allowed_msgpack_modules to silence: [('router', 'PerceptionResult')]
Deserializing unregistered type router.RouteDecision from checkpoint. This will be blocked in a future version. Add to allowed_msgpack_modules to silence: [('router', 'RouteDecision')]
2026-04-14 10:56:55,902 - SessionLogger - INFO - [sim_Baseline_P1_M-ELE-002_762010] Student: 电跟水又不一样，水是液体，电是能量，你别老拿水来类比。我觉得电只要从电池里出来，就能一直往前跑，不用非得绕回来。
Deserializing unregistered type router.SessionMemory from checkpoint. This will be blocked in a future version. Add to allowed_msgpack_modules to silence: [('router', 'SessionMemory')]
Deserializing unregistered type router.PerceptionResult from checkpoint. This will be blocked in a future version. Add to allowed_msgpack_modules to silence: [('router', 'PerceptionResult')]
Deserializing unregistered type router.RouteDecision from checkpoint. This will be blocked in a future version. Add to allowed_msgpack_modules to silence: [('router', 'RouteDecision')]
2026-04-14 10:56:56,344 - SessionLogger - INFO - [sim_FSM+Guardrail_P1_M-ELE-002_8bbe62] Student: 反正我试过了，只要线头碰到灯泡底座，它就亮了，根本不需要绕一圈流回去。你别老是用那些复杂的理论来绕晕我，事实就是接上一头就能亮。
Deserializing unregistered type router.SessionMemory from checkpoint. This will be blocked in a future version. Add to allowed_msgpack_modules to silence: [('router', 'SessionMemory')]
Deserializing unregistered type router.PerceptionResult from checkpoint. This will be blocked in a future version. Add to allowed_msgpack_modules to silence: [('router', 'PerceptionResult')]
Deserializing unregistered type router.RouteDecision from checkpoint. This will be blocked in a future version. Add to allowed_msgpack_modules to silence: [('router', 'RouteDecision')]
2026-04-14 10:56:57,997 - SessionLogger - INFO - [sim_Baseline_P2_M-ELE-002_4e46eb] Teacher: 没错，这就是串联。那你想过没有，如果这时候其中一盏灯的灯丝烧断了，另一盏灯还会亮吗？
2026-04-14 10:56:58,880 - SessionLogger - INFO - [sim_Baseline_P2_M-ELE-002_4e46eb] Student: 那肯定不亮了呀。灯丝断了路就断了，电流过不去，后面的灯自然也就没电了。
Deserializing unregistered type router.SessionMemory from checkpoint. This will be blocked in a future version. Add to allowed_msgpack_modules to silence: [('router', 'SessionMemory')]
Deserializing unregistered type router.PerceptionResult from checkpoint. This will be blocked in a future version. Add to allowed_msgpack_modules to silence: [('router', 'PerceptionResult')]
Deserializing unregistered type router.RouteDecision from checkpoint. This will be blocked in a future version. Add to allowed_msgpack_modules to silence: [('router', 'RouteDecision')]
2026-04-14 10:57:02,839 - SessionLogger - INFO - [sim_FSM_P2_M-ELE-002_73cb9e] Teacher: 没错，这种“绕一圈”的路径就是闭合回路。那你再仔细看看手里的灯泡，它的金属螺纹和底部触点，分别连接到了电路的哪部分，才真正构成了这个完整的圈？
2026-04-14 10:57:03,460 - SessionLogger - INFO - [sim_Baseline_P2_M-ELE-002_4e46eb] Teacher: 分析得完全正确！那如果我想让两盏灯互不影响，坏了一盏另一盏还能亮，你觉得电路该怎么改呢？
2026-04-14 10:57:04,099 - SessionLogger - INFO - [sim_FSM_P2_M-ELE-002_73cb9e] Student: 啊，我好像有点明白了……是不是说电流得从正极出来，经过灯丝，然后必须从灯泡底部的另一个点流回去找负极？
Deserializing unregistered type router.SessionMemory from checkpoint. This will be blocked in a future version. Add to allowed_msgpack_modules to silence: [('router', 'SessionMemory')]
Deserializing unregistered type router.PerceptionResult from checkpoint. This will be blocked in a future version. Add to allowed_msgpack_modules to silence: [('router', 'PerceptionResult')]
Deserializing unregistered type router.RouteDecision from checkpoint. This will be blocked in a future version. Add to allowed_msgpack_modules to silence: [('router', 'RouteDecision')]
2026-04-14 10:57:04,276 - SessionLogger - INFO - [sim_Baseline_P1_M-ELE-002_762010] Teacher: 好吧，那咱们换个角度。电池里的电荷数量是有限的，如果它们只跑出去不回来，你觉得电池里剩下的电荷够灯泡亮多久？是一瞬间，还是一整晚？
2026-04-14 10:57:05,346 - SessionLogger - INFO - [sim_Baseline_P1_M-ELE-002_762010] Student: 电池里的电多着呢，怎么可能一下子就没了？你别老吓唬我，反正我觉得只要连着就能一直亮。
Deserializing unregistered type router.SessionMemory from checkpoint. This will be blocked in a future version. Add to allowed_msgpack_modules to silence: [('router', 'SessionMemory')]
Deserializing unregistered type router.PerceptionResult from checkpoint. This will be blocked in a future version. Add to allowed_msgpack_modules to silence: [('router', 'PerceptionResult')]
Deserializing unregistered type router.RouteDecision from checkpoint. This will be blocked in a future version. Add to allowed_msgpack_modules to silence: [('router', 'RouteDecision')]
2026-04-14 10:57:06,558 - SessionLogger - INFO - [sim_Baseline_P2_M-ELE-002_4e46eb] Student: 那就把两盏灯分开接，各走各的路呗。只要电池能同时给它们俩“供电”，坏了一个另一个应该还能亮吧？
Deserializing unregistered type router.SessionMemory from checkpoint. This will be blocked in a future version. Add to allowed_msgpack_modules to silence: [('router', 'SessionMemory')]
Deserializing unregistered type router.PerceptionResult from checkpoint. This will be blocked in a future version. Add to allowed_msgpack_modules to silence: [('router', 'PerceptionResult')]
Deserializing unregistered type router.RouteDecision from checkpoint. This will be blocked in a future version. Add to allowed_msgpack_modules to silence: [('router', 'RouteDecision')]
2026-04-14 10:57:12,480 - SessionLogger - INFO - [sim_Baseline_P2_M-ELE-002_4e46eb] Teacher: 这个思路很棒！那具体怎么“各走各的路”呢？你可以试着描述一下，导线是从电池出来后分叉，还是先连完一个灯再连另一个？
2026-04-14 10:57:13,261 - SessionLogger - INFO - [sim_FSM+Guardrail_P2_M-ELE-002_97681d] Teacher: 这个现象确实容易让人误解，因为我们常以为电像光一样照过去就行。但你想过没有，如果电流到了灯泡之后没地方去，它会不会像堵车一样“卡”住，导致后面的电流根本挤不进来？
2026-04-14 10:57:14,046 - SessionLogger - INFO - [sim_FSM_P2_M-ELE-002_73cb9e] Teacher: 没错，电流必须“有去有回”。那你看看灯泡的结构，如果只让底部触点连上正极，而侧面的金属螺纹悬空没连任何东西，这个“回路”还能闭合吗？
2026-04-14 10:57:14,276 - SessionLogger - INFO - [sim_Baseline_P1_M-ELE-002_762010] Teacher: 那咱们做个思想实验：电荷跑到灯泡另一头的导线末端时，前面没路了，它们是停在那儿，还是凭空消失了？
2026-04-14 10:57:15,471 - SessionLogger - INFO - [sim_Baseline_P2_M-ELE-002_4e46eb] Student: 应该是从电池出来后分叉吧？就像水管分流一样，电流分开流向两个灯，这样它们就是独立的了。
Deserializing unregistered type router.SessionMemory from checkpoint. This will be blocked in a future version. Add to allowed_msgpack_modules to silence: [('router', 'SessionMemory')]
Deserializing unregistered type router.PerceptionResult from checkpoint. This will be blocked in a future version. Add to allowed_msgpack_modules to silence: [('router', 'PerceptionResult')]
Deserializing unregistered type router.RouteDecision from checkpoint. This will be blocked in a future version. Add to allowed_msgpack_modules to silence: [('router', 'RouteDecision')]
2026-04-14 10:57:16,388 - SessionLogger - INFO - [sim_FSM+Guardrail_P2_M-ELE-002_97681d] Student: 堵车？可是电流不是只要从电池里“射”出来碰到灯泡就行了吗，它又不需要排队挤进去吧。
Deserializing unregistered type router.SessionMemory from checkpoint. This will be blocked in a future version. Add to allowed_msgpack_modules to silence: [('router', 'SessionMemory')]
Deserializing unregistered type router.PerceptionResult from checkpoint. This will be blocked in a future version. Add to allowed_msgpack_modules to silence: [('router', 'PerceptionResult')]
Deserializing unregistered type router.RouteDecision from checkpoint. This will be blocked in a future version. Add to allowed_msgpack_modules to silence: [('router', 'RouteDecision')]
2026-04-14 10:57:17,297 - SessionLogger - INFO - [sim_FSM_P2_M-ELE-002_73cb9e] Student: 那肯定闭合不了呀，路都断了，电流回不去负极。所以我之前只接一头，灯泡不亮是因为路没通？
Deserializing unregistered type router.SessionMemory from checkpoint. This will be blocked in a future version. Add to allowed_msgpack_modules to silence: [('router', 'SessionMemory')]
Deserializing unregistered type router.PerceptionResult from checkpoint. This will be blocked in a future version. Add to allowed_msgpack_modules to silence: [('router', 'PerceptionResult')]
Deserializing unregistered type router.RouteDecision from checkpoint. This will be blocked in a future version. Add to allowed_msgpack_modules to silence: [('router', 'RouteDecision')]
2026-04-14 10:57:18,165 - SessionLogger - INFO - [sim_Baseline_P1_M-ELE-002_762010] Student: 它们肯定就停在那儿等着呗，反正电已经送过去了，灯泡也亮了。你老纠结它回不回去干嘛，又不是非要回来才能发光。
Deserializing unregistered type router.SessionMemory from checkpoint. This will be blocked in a future version. Add to allowed_msgpack_modules to silence: [('router', 'SessionMemory')]
Deserializing unregistered type router.PerceptionResult from checkpoint. This will be blocked in a future version. Add to allowed_msgpack_modules to silence: [('router', 'PerceptionResult')]
Deserializing unregistered type router.RouteDecision from checkpoint. This will be blocked in a future version. Add to allowed_msgpack_modules to silence: [('router', 'RouteDecision')]
2026-04-14 10:57:18,905 - SessionLogger - INFO - [sim_Baseline_P2_M-ELE-002_4e46eb] Teacher: 没错，就像水流分叉一样。那这两股“水流”流过灯泡后，是直接回电池，还是得先汇合再回去呢？
2026-04-14 10:57:19,924 - SessionLogger - INFO - [sim_Baseline_P2_M-ELE-002_4e46eb] Student: 呃……这个我不太确定。既然电流是电池“送”出来的，那流过灯泡后是不是就算用完了？还需要汇合回去吗？
Deserializing unregistered type router.SessionMemory from checkpoint. This will be blocked in a future version. Add to allowed_msgpack_modules to silence: [('router', 'SessionMemory')]
Deserializing unregistered type router.PerceptionResult from checkpoint. This will be blocked in a future version. Add to allowed_msgpack_modules to silence: [('router', 'PerceptionResult')]
Deserializing unregistered type router.RouteDecision from checkpoint. This will be blocked in a future version. Add to allowed_msgpack_modules to silence: [('router', 'RouteDecision')]
2026-04-14 10:57:24,813 - SessionLogger - INFO - [sim_Baseline_P1_M-ELE-002_762010] Teacher: 如果电荷都堵在导线末端“排队”，后面的新电荷还能挤得进去吗？就像早高峰的地铁，门口堵死了，里面的人还能动吗？
2026-04-14 10:57:34,319 - SessionLogger - INFO - [sim_FSM_P2_M-ELE-002_73cb9e] Teacher: 你说得很对，路断了电流就无法持续流动。那么现在请你试着把灯泡侧面的金属螺纹也连上导线，你觉得这根导线另一头应该接在哪里，才能让这个“圈”真正闭合起来？
2026-04-14 10:57:34,319 - SessionLogger - INFO - [sim_FSM_P2_M-ELE-002_73cb9e] Session finished. Resolved: True
2026-04-14 10:57:34,320 - SessionLogger - INFO - [sim_Baseline_P3_M-ELE-002_281b02] Starting session
2026-04-14 10:57:34,320 - SessionLogger - INFO - Initialized Session sim_Baseline_P3_M-ELE-002_281b02 on Unknown for Unknown with version FSM+Guardrail
2026-04-14 10:57:35,327 - SessionLogger - INFO - [sim_Baseline_P3_M-ELE-002_281b02] Student Opening: 老师，我把电池正极用导线连到灯泡上，灯泡怎么不亮啊？电不是从正极流出来就行了吗？
2026-04-14 10:57:35,337 - SessionLogger - INFO - [sim_Baseline_P1_M-ELE-002_762010] Student: 那又怎样？电是能量，又不是真的挤满人的地铁。我觉得只要电池有劲，它就能把电硬塞进去，灯泡照样能亮。
Deserializing unregistered type router.SessionMemory from checkpoint. This will be blocked in a future version. Add to allowed_msgpack_modules to silence: [('router', 'SessionMemory')]
Deserializing unregistered type router.PerceptionResult from checkpoint. This will be blocked in a future version. Add to allowed_msgpack_modules to silence: [('router', 'PerceptionResult')]
Deserializing unregistered type router.RouteDecision from checkpoint. This will be blocked in a future version. Add to allowed_msgpack_modules to silence: [('router', 'RouteDecision')]
2026-04-14 10:57:37,449 - SessionLogger - INFO - [sim_FSM_P1_M-ELE-002_2ece4d] Teacher: 那如果电流真的被“吃掉”变少了，就像水流过水车后水量减少一样。

请你想象一下：在两个灯泡中间的导线上，电荷是源源不断地流进去，却只有一部分流出来，那多出来的电荷都堆积在哪里了呢？
2026-04-14 10:57:38,980 - SessionLogger - INFO - [sim_FSM_P1_M-ELE-002_2ece4d] Student: 电荷又不会凭空消失，肯定是流过去变慢了或者能量低了嘛。你别老问这种奇怪的问题，反正灯泡亮了就是电被用了，这有什么好纠结的？
Deserializing unregistered type router.SessionMemory from checkpoint. This will be blocked in a future version. Add to allowed_msgpack_modules to silence: [('router', 'SessionMemory')]
Deserializing unregistered type router.PerceptionResult from checkpoint. This will be blocked in a future version. Add to allowed_msgpack_modules to silence: [('router', 'PerceptionResult')]
Deserializing unregistered type router.RouteDecision from checkpoint. This will be blocked in a future version. Add to allowed_msgpack_modules to silence: [('router', 'RouteDecision')]
2026-04-14 10:57:39,652 - SessionLogger - INFO - [sim_FSM+Guardrail_P1_M-ELE-002_8bbe62] Teacher: 这个现象确实很反直觉，因为当你把线头按在灯泡底座时，你的手指其实悄悄帮电流搭了一座“桥”，让它通过你的手和身体流回了电池的另一端。

如果现在你戴上厚厚的绝缘橡胶手套，彻底隔绝手与电池其他部分的接触，只保留那一根线连接，你觉得灯泡还会亮吗？
2026-04-14 10:57:40,105 - SessionLogger - INFO - [sim_FSM+Guardrail_P2_M-ELE-002_97681d] Teacher: 这确实很反直觉，毕竟我们看不见电流。那想象一下，如果你拿一根水管接在水龙头上，但水管的另一头是封死的，水能一直源源不断地流出来吗？
2026-04-14 10:57:40,858 - SessionLogger - INFO - [sim_Baseline_P3_M-ELE-002_281b02] Teacher: 想象一下，如果电流只从正极流出来，它最后去了哪里呢？

你可以试着把电池的另一端（负极）也连上，看看会发生什么？
2026-04-14 10:57:41,523 - SessionLogger - INFO - [sim_FSM+Guardrail_P1_M-ELE-002_8bbe62] Student: 戴手套怎么可能影响？电是从电池里“射”出来的，只要线连着灯泡，电打上去它就亮。你别老是想用这种借口来骗我，我不信手能导电。
Deserializing unregistered type router.SessionMemory from checkpoint. This will be blocked in a future version. Add to allowed_msgpack_modules to silence: [('router', 'SessionMemory')]
Deserializing unregistered type router.PerceptionResult from checkpoint. This will be blocked in a future version. Add to allowed_msgpack_modules to silence: [('router', 'PerceptionResult')]
Deserializing unregistered type router.RouteDecision from checkpoint. This will be blocked in a future version. Add to allowed_msgpack_modules to silence: [('router', 'RouteDecision')]
2026-04-14 10:57:43,709 - SessionLogger - INFO - [sim_FSM+Guardrail_P2_M-ELE-002_97681d] Student: 呃……封死的话，水确实流不出来，会憋住。所以你的意思是，电流也像水一样，如果后面没路走，前面也就出不来了？
Deserializing unregistered type router.SessionMemory from checkpoint. This will be blocked in a future version. Add to allowed_msgpack_modules to silence: [('router', 'SessionMemory')]
Deserializing unregistered type router.PerceptionResult from checkpoint. This will be blocked in a future version. Add to allowed_msgpack_modules to silence: [('router', 'PerceptionResult')]
Deserializing unregistered type router.RouteDecision from checkpoint. This will be blocked in a future version. Add to allowed_msgpack_modules to silence: [('router', 'RouteDecision')]
2026-04-14 10:57:44,373 - SessionLogger - INFO - [sim_Baseline_P1_M-ELE-002_762010] Teacher: 既然你觉得电池能“硬塞”，那咱们试试：你拿一节电池，只连灯泡的一个接线柱，另一头悬空，看看它亮不亮？
2026-04-14 10:57:44,686 - SessionLogger - INFO - [sim_Baseline_P3_M-ELE-002_281b02] Student: 去了……灯泡里？我觉得电只要“送”进去被消耗掉就行了呀。
连上负极真的有用吗？感觉多此一举诶。
Deserializing unregistered type router.SessionMemory from checkpoint. This will be blocked in a future version. Add to allowed_msgpack_modules to silence: [('router', 'SessionMemory')]
Deserializing unregistered type router.PerceptionResult from checkpoint. This will be blocked in a future version. Add to allowed_msgpack_modules to silence: [('router', 'PerceptionResult')]
Deserializing unregistered type router.RouteDecision from checkpoint. This will be blocked in a future version. Add to allowed_msgpack_modules to silence: [('router', 'RouteDecision')]
2026-04-14 10:57:45,884 - SessionLogger - INFO - [sim_Baseline_P1_M-ELE-002_762010] Student: 那肯定不亮啊，因为悬空的那头没接好，接触不良嘛。但这不代表回路是必须的，只要我把两头都接实了，哪怕不绕回来，它也应该能亮。
Deserializing unregistered type router.SessionMemory from checkpoint. This will be blocked in a future version. Add to allowed_msgpack_modules to silence: [('router', 'SessionMemory')]
Deserializing unregistered type router.PerceptionResult from checkpoint. This will be blocked in a future version. Add to allowed_msgpack_modules to silence: [('router', 'PerceptionResult')]
Deserializing unregistered type router.RouteDecision from checkpoint. This will be blocked in a future version. Add to allowed_msgpack_modules to silence: [('router', 'RouteDecision')]
2026-04-14 10:57:47,745 - SessionLogger - INFO - [sim_FSM_P1_M-ELE-002_2ece4d] Teacher: 你说得对，纠结的正是“被用掉”的到底是什么。

如果电流（电荷的流动速度）在前面变慢了，就像早高峰堵车一样，后面的电荷岂不是会越积越多，把导线都撑爆了？
2026-04-14 10:57:48,787 - SessionLogger - INFO - [sim_FSM_P1_M-ELE-002_2ece4d] Student: 导线那么结实，怎么可能被撑爆？你别吓唬我。反正电就是被灯泡消耗了，流过去的肯定变少了，这是常识。
Deserializing unregistered type router.SessionMemory from checkpoint. This will be blocked in a future version. Add to allowed_msgpack_modules to silence: [('router', 'SessionMemory')]
Deserializing unregistered type router.PerceptionResult from checkpoint. This will be blocked in a future version. Add to allowed_msgpack_modules to silence: [('router', 'PerceptionResult')]
Deserializing unregistered type router.RouteDecision from checkpoint. This will be blocked in a future version. Add to allowed_msgpack_modules to silence: [('router', 'RouteDecision')]
2026-04-14 10:57:51,942 - SessionLogger - INFO - [sim_Baseline_P3_M-ELE-002_281b02] Teacher: 如果只进不出，灯泡里的电荷岂不是越积越多，很快就“堵”住了？

这就好比水管，如果只有进水口没有出水口，水还能一直流吗？
2026-04-14 10:57:52,218 - SessionLogger - INFO - [sim_FSM+Guardrail_P1_M-ELE-002_8bbe62] Teacher: 那我们来做一个极端的假设：如果电真的只是单向“射”出去，不需要回路，那你把电池的正极和负极直接用一根导线连起来（短路），电流应该只会从正极射出，不会受到负极的“吸引”或“回流”影响。

但为什么在这种情况下，电池会迅速发热甚至损坏，而灯泡在断路时却完全不工作？这说明电流的流动究竟需不需要一个完整的“去处”？
2026-04-14 10:57:53,037 - SessionLogger - INFO - [sim_FSM+Guardrail_P2_M-ELE-002_97681d] Teacher: 没错，电流也需要一条“有进有出”的完整通道。那你看看现在的连接，电流从正极到了灯泡后，有没有一条路能让它流回电池的负极呢？
2026-04-14 10:57:53,390 - SessionLogger - INFO - [sim_Baseline_P3_M-ELE-002_281b02] Student: 呃……堵住了？可是电不是被灯泡“吃掉”变成光了吗，怎么会积在那里呢？
水管那个……如果水只进不出，确实会满出来吧？但这跟电一样吗？
Deserializing unregistered type router.SessionMemory from checkpoint. This will be blocked in a future version. Add to allowed_msgpack_modules to silence: [('router', 'SessionMemory')]
Deserializing unregistered type router.PerceptionResult from checkpoint. This will be blocked in a future version. Add to allowed_msgpack_modules to silence: [('router', 'PerceptionResult')]
Deserializing unregistered type router.RouteDecision from checkpoint. This will be blocked in a future version. Add to allowed_msgpack_modules to silence: [('router', 'RouteDecision')]
2026-04-14 10:57:56,321 - SessionLogger - INFO - [sim_FSM+Guardrail_P2_M-ELE-002_97681d] Student: 好像……确实没有路回负极。那是不是必须得连根线回去，它才能一直流？
Deserializing unregistered type router.SessionMemory from checkpoint. This will be blocked in a future version. Add to allowed_msgpack_modules to silence: [('router', 'SessionMemory')]
Deserializing unregistered type router.PerceptionResult from checkpoint. This will be blocked in a future version. Add to allowed_msgpack_modules to silence: [('router', 'PerceptionResult')]
Deserializing unregistered type router.RouteDecision from checkpoint. This will be blocked in a future version. Add to allowed_msgpack_modules to silence: [('router', 'RouteDecision')]
2026-04-14 10:57:56,440 - SessionLogger - INFO - [sim_FSM+Guardrail_P1_M-ELE-002_8bbe62] Student: 短路发热那是电太多堵在一起了，跟回不回去没关系。我就问您，为什么我刚才只接一头灯泡明明亮了？您别老扯那些发热的，解释不通那个。
Deserializing unregistered type router.SessionMemory from checkpoint. This will be blocked in a future version. Add to allowed_msgpack_modules to silence: [('router', 'SessionMemory')]
Deserializing unregistered type router.PerceptionResult from checkpoint. This will be blocked in a future version. Add to allowed_msgpack_modules to silence: [('router', 'PerceptionResult')]
Deserializing unregistered type router.RouteDecision from checkpoint. This will be blocked in a future version. Add to allowed_msgpack_modules to silence: [('router', 'RouteDecision')]
2026-04-14 10:57:57,379 - SessionLogger - INFO - [sim_Baseline_P3_M-ELE-002_281b02] Teacher: 电荷本身并没有消失，只是能量被转化了。

如果负极不连回去，这些流过去的电荷没地方去，新的电荷还能继续挤进来吗？
2026-04-14 10:57:57,941 - SessionLogger - INFO - [sim_FSM_P1_M-ELE-002_2ece4d] Teacher: 这个“常识”确实很有迷惑性，因为我们在生活中看到的燃料（如汽油）确实是越用越少。

但咱们做个极端假设：如果电流流过第一个灯泡真的变少了，那在电路接通后的短短几秒内，两个灯泡之间的导线上就会堆积起海量的电荷，这产生的巨大排斥力瞬间就能把导线炸飞——你见过串联电路一开灯就爆炸吗？
2026-04-14 10:57:58,514 - SessionLogger - INFO - [sim_Baseline_P3_M-ELE-002_281b02] Student: 没地方去……所以后面的就挤不进来了？
就像排队一样，前面的人不走，后面的人确实进不去……是这样吗？
Deserializing unregistered type router.SessionMemory from checkpoint. This will be blocked in a future version. Add to allowed_msgpack_modules to silence: [('router', 'SessionMemory')]
Deserializing unregistered type router.PerceptionResult from checkpoint. This will be blocked in a future version. Add to allowed_msgpack_modules to silence: [('router', 'PerceptionResult')]
Deserializing unregistered type router.RouteDecision from checkpoint. This will be blocked in a future version. Add to allowed_msgpack_modules to silence: [('router', 'RouteDecision')]
2026-04-14 10:57:59,005 - SessionLogger - INFO - [sim_FSM_P1_M-ELE-002_2ece4d] Student: 那……那可能是电荷跑得太快，还没来得及堆积起来呢？反正我见过的电路也没爆炸啊，你别老拿这种极端情况吓唬人。
Deserializing unregistered type router.SessionMemory from checkpoint. This will be blocked in a future version. Add to allowed_msgpack_modules to silence: [('router', 'SessionMemory')]
Deserializing unregistered type router.PerceptionResult from checkpoint. This will be blocked in a future version. Add to allowed_msgpack_modules to silence: [('router', 'PerceptionResult')]
Deserializing unregistered type router.RouteDecision from checkpoint. This will be blocked in a future version. Add to allowed_msgpack_modules to silence: [('router', 'RouteDecision')]
2026-04-14 10:58:02,679 - SessionLogger - INFO - [sim_FSM+Guardrail_P2_M-ELE-002_97681d] Teacher: 正是如此。如果连上这根线，让电流能从正极出发，经过灯泡，最后顺利回到负极，你觉得这时候灯泡会亮吗？
2026-04-14 10:58:03,115 - SessionLogger - INFO - [sim_Baseline_P3_M-ELE-002_281b02] Teacher: 没错，电荷得有个“回路”才能持续流动。

那你现在想想，如果把负极连上，形成一个圈，电荷是不是就能一直转起来了？
2026-04-14 10:58:03,860 - SessionLogger - INFO - [sim_FSM+Guardrail_P2_M-ELE-002_97681d] Student: 噢，原来得形成一个圈它才能转起来啊。那要是连上这根线，灯泡应该就会亮了吧？
Deserializing unregistered type router.SessionMemory from checkpoint. This will be blocked in a future version. Add to allowed_msgpack_modules to silence: [('router', 'SessionMemory')]
Deserializing unregistered type router.PerceptionResult from checkpoint. This will be blocked in a future version. Add to allowed_msgpack_modules to silence: [('router', 'PerceptionResult')]
Deserializing unregistered type router.RouteDecision from checkpoint. This will be blocked in a future version. Add to allowed_msgpack_modules to silence: [('router', 'RouteDecision')]
2026-04-14 10:58:04,274 - SessionLogger - INFO - [sim_Baseline_P3_M-ELE-002_281b02] Student: 哦……所以它们不是被“用掉”了，而是在里面一直转圈圈？
那只要路是通的，它们就能一直跑下去让灯泡亮着？
Deserializing unregistered type router.SessionMemory from checkpoint. This will be blocked in a future version. Add to allowed_msgpack_modules to silence: [('router', 'SessionMemory')]
Deserializing unregistered type router.PerceptionResult from checkpoint. This will be blocked in a future version. Add to allowed_msgpack_modules to silence: [('router', 'PerceptionResult')]
Deserializing unregistered type router.RouteDecision from checkpoint. This will be blocked in a future version. Add to allowed_msgpack_modules to silence: [('router', 'RouteDecision')]
2026-04-14 10:58:07,157 - SessionLogger - INFO - [sim_FSM+Guardrail_P1_M-ELE-002_8bbe62] Teacher: 你刚才看到的“亮”，其实是因为电流通过你的身体流回了电池另一端，你的手无意中充当了那根“回去”的导线。

如果现在把你和电池的其他部分完全绝缘隔离开，只保留那一根线连接，你觉得灯泡还能亮吗？
2026-04-14 10:58:07,783 - SessionLogger - INFO - [sim_FSM_P1_M-ELE-002_2ece4d] Teacher: 电荷移动其实非常慢（每秒仅几毫米），如果真像你说的“进去多、出来少”，哪怕只过一秒钟，中间那段导线里堆积的电荷产生的斥力也足以把铜线炸成粉末。

既然现实中导线安然无恙，这是否说明流进灯泡和流出灯泡的电荷数量其实是完全一样的？
2026-04-14 10:58:08,123 - SessionLogger - INFO - [sim_FSM+Guardrail_P1_M-ELE-002_8bbe62] Student: 我都说了那不是手的原因，你别老纠结这个。只要线搭上了，电就能过去，灯泡就该亮，这才是事实。
Deserializing unregistered type router.SessionMemory from checkpoint. This will be blocked in a future version. Add to allowed_msgpack_modules to silence: [('router', 'SessionMemory')]
Deserializing unregistered type router.PerceptionResult from checkpoint. This will be blocked in a future version. Add to allowed_msgpack_modules to silence: [('router', 'PerceptionResult')]
Deserializing unregistered type router.RouteDecision from checkpoint. This will be blocked in a future version. Add to allowed_msgpack_modules to silence: [('router', 'RouteDecision')]
2026-04-14 10:58:08,562 - SessionLogger - INFO - [sim_Baseline_P3_M-ELE-002_281b02] Teacher: 对，电荷本身不会被消耗，它只是在循环流动中把能量交给了灯泡。

既然电荷一直在跑，你觉得是什么在“推”着它们不停地转圈呢？
2026-04-14 10:58:09,281 - SessionLogger - INFO - [sim_FSM_P1_M-ELE-002_2ece4d] Student: 那……那可能是电荷在灯泡里“挤”在一起了，并没有真的堆积在导线上啊。反正我觉得电就是被用掉了，不然灯泡怎么会亮？
2026-04-14 10:58:09,281 - SessionLogger - INFO - [sim_FSM_P1_M-ELE-002_2ece4d] Session finished. Resolved: False
2026-04-14 10:58:09,281 - SessionLogger - INFO - [sim_FSM_P3_M-ELE-002_1e4b5e] Starting session
2026-04-14 10:58:09,281 - SessionLogger - INFO - Initialized Session sim_FSM_P3_M-ELE-002_1e4b5e on Unknown for Unknown with version FSM+Guardrail
2026-04-14 10:58:10,712 - SessionLogger - INFO - [sim_FSM_P3_M-ELE-002_1e4b5e] Student Opening: 老师，我把电池正极连到灯泡上，灯泡怎么不亮呀？电不是从正极流出来就能用了吗？
2026-04-14 10:58:10,717 - SessionLogger - INFO - [sim_Baseline_P3_M-ELE-002_281b02] Student: 是电池吗？就像水泵一直给水加压那样？
可是……电池里的“推力”会用完吗？
Deserializing unregistered type router.SessionMemory from checkpoint. This will be blocked in a future version. Add to allowed_msgpack_modules to silence: [('router', 'SessionMemory')]
Deserializing unregistered type router.PerceptionResult from checkpoint. This will be blocked in a future version. Add to allowed_msgpack_modules to silence: [('router', 'PerceptionResult')]
Deserializing unregistered type router.RouteDecision from checkpoint. This will be blocked in a future version. Add to allowed_msgpack_modules to silence: [('router', 'RouteDecision')]
2026-04-14 10:58:11,065 - SessionLogger - INFO - [sim_FSM+Guardrail_P2_M-ELE-002_97681d] Teacher: 既然路通了，那如果我们在回路中间剪断任意一处，你觉得灯泡还会亮吗？
2026-04-14 10:58:12,185 - SessionLogger - INFO - [sim_FSM+Guardrail_P2_M-ELE-002_97681d] Student: 那肯定不亮了呀，路都断了，电流不就过不去了吗？
Deserializing unregistered type router.SessionMemory from checkpoint. This will be blocked in a future version. Add to allowed_msgpack_modules to silence: [('router', 'SessionMemory')]
Deserializing unregistered type router.PerceptionResult from checkpoint. This will be blocked in a future version. Add to allowed_msgpack_modules to silence: [('router', 'PerceptionResult')]
Deserializing unregistered type router.RouteDecision from checkpoint. This will be blocked in a future version. Add to allowed_msgpack_modules to silence: [('router', 'RouteDecision')]
2026-04-14 10:58:13,853 - SessionLogger - INFO - [sim_Baseline_P2_M-ELE-002_4e46eb] Teacher: 还记得我们之前说的吗？电流就像水流，如果只流出去不流回来，电池里的“电荷”岂不是很快就堆在灯泡那儿堵住了？
2026-04-14 10:58:15,063 - SessionLogger - INFO - [sim_Baseline_P2_M-ELE-002_4e46eb] Student: 啊？会堵住吗……我还以为电流像光一样，照过去就行了。那如果我不把线连回电池负极，灯泡真的会因为“堵车”而不亮吗？
Deserializing unregistered type router.SessionMemory from checkpoint. This will be blocked in a future version. Add to allowed_msgpack_modules to silence: [('router', 'SessionMemory')]
Deserializing unregistered type router.PerceptionResult from checkpoint. This will be blocked in a future version. Add to allowed_msgpack_modules to silence: [('router', 'PerceptionResult')]
Deserializing unregistered type router.RouteDecision from checkpoint. This will be blocked in a future version. Add to allowed_msgpack_modules to silence: [('router', 'RouteDecision')]
2026-04-14 10:58:15,325 - SessionLogger - INFO - [sim_Baseline_P3_M-ELE-002_281b02] Teacher: 这个类比非常棒！电池确实就像个“电荷泵”。

既然推力来自电池内部的化学反应，你觉得当这些反应物都消耗光了，这个“泵”还能继续工作吗？
2026-04-14 10:58:15,325 - SessionLogger - INFO - [sim_Baseline_P3_M-ELE-002_281b02] Extending max_turns by 3 because cognitive_state is '新概念探索'
2026-04-14 10:58:16,424 - SessionLogger - INFO - [sim_FSM+Guardrail_P1_M-ELE-002_8bbe62] Teacher: 这个现象确实反直觉，因为我们在生活中很少注意到电流必须“有去有回”才能持续流动。

如果电真的像子弹一样射出去就完事了，那为什么电池用久了会没电？那些“射出去”的电最后都去哪儿了，是消失在灯泡里了吗？
2026-04-14 10:58:16,581 - SessionLogger - INFO - [sim_Baseline_P3_M-ELE-002_281b02] Student: 啊……所以电池没电是因为“燃料”烧完了，泵不动了？
那灯泡亮是因为电荷跑得快，还是因为泵给的劲儿大呀？
Deserializing unregistered type router.SessionMemory from checkpoint. This will be blocked in a future version. Add to allowed_msgpack_modules to silence: [('router', 'SessionMemory')]
Deserializing unregistered type router.PerceptionResult from checkpoint. This will be blocked in a future version. Add to allowed_msgpack_modules to silence: [('router', 'PerceptionResult')]
Deserializing unregistered type router.RouteDecision from checkpoint. This will be blocked in a future version. Add to allowed_msgpack_modules to silence: [('router', 'RouteDecision')]
2026-04-14 10:58:19,037 - SessionLogger - INFO - [sim_Baseline_P2_M-ELE-002_4e46eb] Teacher: 光确实可以只去不回，但电流是电荷的定向移动呀。如果路不通，后面的电荷推不动前面的，你觉得这“队伍”还能动起来吗？
2026-04-14 10:58:25,523 - SessionLogger - INFO - [sim_FSM+Guardrail_P2_M-ELE-002_97681d] Teacher: 你说得对，路断了电流就无法持续流动。那么反过来想，为了让灯泡一直亮着，这个由导线、电池和灯泡组成的“圈”，必须是完整的还是可以有缺口的？
2026-04-14 10:58:25,524 - SessionLogger - INFO - [sim_FSM+Guardrail_P2_M-ELE-002_97681d] Session finished. Resolved: True
2026-04-14 10:58:25,524 - SessionLogger - INFO - [sim_FSM+Guardrail_P3_M-ELE-002_5d63a0] Starting session
2026-04-14 10:58:25,524 - SessionLogger - INFO - Initialized Session sim_FSM+Guardrail_P3_M-ELE-002_5d63a0 on Unknown for Unknown with version FSM+Guardrail
2026-04-14 10:58:26,902 - SessionLogger - INFO - [sim_FSM+Guardrail_P3_M-ELE-002_5d63a0] Student Opening: 老师，我就纳闷了，电池不是有电吗？我把导线连在正极上，另一头直接碰一下灯泡，它怎么就不亮呢？电难道不是从正极“流”出来就能用了吗？
2026-04-14 10:58:26,911 - SessionLogger - INFO - [sim_Baseline_P1_M-ELE-002_762010] Teacher: “接实了”具体是指连到哪？如果只连电池正极，另一端不连回负极，你觉得电荷在灯泡里流过去之后，最终去了哪里？
2026-04-14 10:58:26,916 - SessionLogger - INFO - [sim_FSM+Guardrail_P1_M-ELE-002_8bbe62] Student: 电就是被灯泡“吃”掉了啊，转化成光和热，所以电池才没电。这逻辑很通顺吧？干嘛非得让它回去？
2026-04-14 10:58:26,929 - SessionLogger - INFO - [sim_FSM+Guardrail_P1_M-ELE-002_8bbe62] Session finished. Resolved: False
2026-04-14 10:58:26,933 - SessionLogger - INFO - [sim_Baseline_P2_M-ELE-002_4e46eb] Student: 队伍……动不起来？所以我之前以为只要连上一头，电就能“流”过去点亮灯泡，其实是错的？
2026-04-14 10:58:26,933 - SessionLogger - INFO - [sim_Baseline_P2_M-ELE-002_4e46eb] Session finished. Resolved: False
2026-04-14 10:58:26,933 - SessionLogger - INFO - [sim_Baseline_P1_M-BUO-001_55c760] Starting session
2026-04-14 10:58:26,939 - SessionLogger - INFO - Initialized Session sim_Baseline_P1_M-BUO-001_55c760 on Unknown for Unknown with version FSM+Guardrail
2026-04-14 10:58:29,860 - SessionLogger - INFO - [sim_Baseline_P1_M-BUO-001_55c760] Student Opening: 老师，我觉得只要东西够重就肯定会沉下去，轻的东西才会浮起来，这不是很明显吗？
2026-04-14 10:58:29,861 - SessionLogger - INFO - [sim_FSM_P1_M-BUO-001_62e0a3] Starting session
2026-04-14 10:58:29,861 - SessionLogger - INFO - Initialized Session sim_FSM_P1_M-BUO-001_62e0a3 on Unknown for Unknown with version FSM+Guardrail
2026-04-14 10:58:30,825 - SessionLogger - INFO - [sim_FSM_P1_M-BUO-001_62e0a3] Student Opening: 老师，我觉得这根本不用算，重的东西肯定往下沉，轻的东西才会浮起来，这不是常识吗？
2026-04-14 10:58:30,834 - SessionLogger - INFO - [sim_Baseline_P1_M-ELE-002_762010] Student: 就留在灯泡里或者散到空气里去了呗，反正电已经“用”掉了。你干嘛非觉得它得流回电池？消耗品用完不就没了么。
Deserializing unregistered type router.SessionMemory from checkpoint. This will be blocked in a future version. Add to allowed_msgpack_modules to silence: [('router', 'SessionMemory')]
Deserializing unregistered type router.PerceptionResult from checkpoint. This will be blocked in a future version. Add to allowed_msgpack_modules to silence: [('router', 'PerceptionResult')]
Deserializing unregistered type router.RouteDecision from checkpoint. This will be blocked in a future version. Add to allowed_msgpack_modules to silence: [('router', 'RouteDecision')]
2026-04-14 10:58:30,848 - SessionLogger - INFO - [sim_FSM_P3_M-ELE-002_1e4b5e] Teacher: 这种直觉很自然，但如果我们把电路想象成水管，水龙头打开了（正极），却没有下水道让水流走（负极），水还能持续流动吗？
2026-04-14 10:58:32,401 - SessionLogger - INFO - [sim_FSM_P3_M-ELE-002_1e4b5e] Student: 水管？嗯……如果水只进不出，管子会不会爆掉呀？但电好像不会把灯泡撑破吧，它流进去不就行了吗？
Deserializing unregistered type router.SessionMemory from checkpoint. This will be blocked in a future version. Add to allowed_msgpack_modules to silence: [('router', 'SessionMemory')]
Deserializing unregistered type router.PerceptionResult from checkpoint. This will be blocked in a future version. Add to allowed_msgpack_modules to silence: [('router', 'PerceptionResult')]
Deserializing unregistered type router.RouteDecision from checkpoint. This will be blocked in a future version. Add to allowed_msgpack_modules to silence: [('router', 'RouteDecision')]
2026-04-14 10:58:35,503 - SessionLogger - INFO - [sim_Baseline_P1_M-ELE-002_762010] Teacher: 如果电荷像消耗品一样用一点少一点，那电池里的电荷是有限的，灯泡岂不是闪一下就彻底没电了？

实际上灯泡能持续亮很久，你觉得这源源不断的电流，是从哪“补”进来的？
2026-04-14 10:58:36,587 - SessionLogger - INFO - [sim_Baseline_P1_M-ELE-002_762010] Student: 电池里存的电多着呢，慢慢放不行吗？就像水管里的水，只要源头有压力，水就能一直流出来，没必要非得流回去。
2026-04-14 10:58:36,588 - SessionLogger - INFO - [sim_Baseline_P1_M-ELE-002_762010] Session finished. Resolved: False
2026-04-14 10:58:36,588 - SessionLogger - INFO - [sim_FSM+Guardrail_P1_M-BUO-001_c19487] Starting session
2026-04-14 10:58:36,589 - SessionLogger - INFO - Initialized Session sim_FSM+Guardrail_P1_M-BUO-001_c19487 on Unknown for Unknown with version FSM+Guardrail
2026-04-14 10:58:37,622 - SessionLogger - INFO - [sim_FSM+Guardrail_P1_M-BUO-001_c19487] Student Opening: 老师，我觉得只要东西够重，它就一定会沉下去，轻的东西才会浮起来，这不是很明显吗？
2026-04-14 10:58:37,637 - SessionLogger - INFO - [sim_Baseline_P1_M-BUO-001_55c760] Teacher: 那万吨巨轮那么重，为什么能浮在海面上，而一颗小小的铁钉却会沉下去呢？
2026-04-14 10:58:39,118 - SessionLogger - INFO - [sim_Baseline_P1_M-BUO-001_55c760] Student: 那是因为船是空心的，里面都是空气，所以它其实很“轻”啊。铁钉是实心的铁，当然就重了，重的肯定沉。
Deserializing unregistered type router.SessionMemory from checkpoint. This will be blocked in a future version. Add to allowed_msgpack_modules to silence: [('router', 'SessionMemory')]
Deserializing unregistered type router.PerceptionResult from checkpoint. This will be blocked in a future version. Add to allowed_msgpack_modules to silence: [('router', 'PerceptionResult')]
Deserializing unregistered type router.RouteDecision from checkpoint. This will be blocked in a future version. Add to allowed_msgpack_modules to silence: [('router', 'RouteDecision')]
2026-04-14 10:58:43,905 - SessionLogger - INFO - [sim_FSM_P3_M-ELE-002_1e4b5e] Teacher: 你说得对，灯泡确实不会像水管那样“撑爆”，因为电荷不会堆积。

但请顺着你的思路想一下：如果电流真的只是从正极“流进去”就停在那儿不动了，那这一瞬间之后，灯泡里还会有持续的电流让它一直发光吗？
2026-04-14 10:58:44,204 - SessionLogger - INFO - [sim_FSM+Guardrail_P3_M-ELE-002_5d63a0] Teacher: 这个直觉确实很常见，毕竟我们常觉得电是电池“给”出来的。但如果电只从正极流出来就“消失”在灯泡里，不再回到电池，你觉得电池里的电能撑多久？
2026-04-14 10:58:44,872 - SessionLogger - INFO - [sim_FSM_P3_M-ELE-002_1e4b5e] Student: 呃……你是说电进去之后就“堵”在那儿不动了？那它怎么还能一直让灯泡亮着呢？
Deserializing unregistered type router.SessionMemory from checkpoint. This will be blocked in a future version. Add to allowed_msgpack_modules to silence: [('router', 'SessionMemory')]
Deserializing unregistered type router.PerceptionResult from checkpoint. This will be blocked in a future version. Add to allowed_msgpack_modules to silence: [('router', 'PerceptionResult')]
Deserializing unregistered type router.RouteDecision from checkpoint. This will be blocked in a future version. Add to allowed_msgpack_modules to silence: [('router', 'RouteDecision')]
2026-04-14 10:58:45,134 - SessionLogger - INFO - [sim_FSM_P1_M-BUO-001_62e0a3] Teacher: 1. 承认他的直觉在某些小范围内可能看似成立（共情）。
2. 引入极端反例：巨型轮船 vs 小铁钉/小石子。
3. 提问：如果只看重量，为什么几万吨的钢铁巨轮能浮在海面上，而一颗小小的铁钉却会沉下去？

检查约束：
- 简短自然：是。
- 只提一个问题：是。
- 不剧透：是。
- 制造认知冲突：是。

Draft:
那如果是这样，为什么几万吨重的钢铁巨轮能浮在海面上，而一颗轻轻的小铁钉反而会沉下去呢？
</think>

那如果是这样，为什么几万吨重的钢铁巨轮能浮在海面上，而一颗轻轻的小铁钉反而会沉下去呢？
2026-04-14 10:58:46,779 - SessionLogger - INFO - [sim_FSM_P1_M-BUO-001_62e0a3] Student: 轮船那么大，肯定是海水把它托住了呗，跟重量没关系。铁钉那么小，水根本托不住它，所以当然沉了。
Deserializing unregistered type router.SessionMemory from checkpoint. This will be blocked in a future version. Add to allowed_msgpack_modules to silence: [('router', 'SessionMemory')]
Deserializing unregistered type router.PerceptionResult from checkpoint. This will be blocked in a future version. Add to allowed_msgpack_modules to silence: [('router', 'PerceptionResult')]
Deserializing unregistered type router.RouteDecision from checkpoint. This will be blocked in a future version. Add to allowed_msgpack_modules to silence: [('router', 'RouteDecision')]
2026-04-14 10:58:47,491 - SessionLogger - INFO - [sim_FSM+Guardrail_P3_M-ELE-002_5d63a0] Student: 呃……应该能撑一会儿吧？反正电池里的电又不是瞬间就没了，只要正极那边一直有电送出来，灯泡不就应该一直亮着吗？
Deserializing unregistered type router.SessionMemory from checkpoint. This will be blocked in a future version. Add to allowed_msgpack_modules to silence: [('router', 'SessionMemory')]
Deserializing unregistered type router.PerceptionResult from checkpoint. This will be blocked in a future version. Add to allowed_msgpack_modules to silence: [('router', 'PerceptionResult')]
Deserializing unregistered type router.RouteDecision from checkpoint. This will be blocked in a future version. Add to allowed_msgpack_modules to silence: [('router', 'RouteDecision')]
2026-04-14 10:58:49,161 - SessionLogger - INFO - [sim_Baseline_P1_M-BUO-001_55c760] Teacher: 咱们做个实验：把一块橡皮泥揉成团扔水里，它沉了；再把它捏成小船的形状，它就浮起来了。

在这个过程中，橡皮泥的重量改变了吗？
2026-04-14 10:58:49,715 - SessionLogger - INFO - [sim_FSM+Guardrail_P1_M-BUO-001_c19487] Teacher: “如果真的是‘越重越沉’，那为什么几万吨重的钢铁巨轮能浮在海面上，而一枚小小的铁钉扔进去却立刻沉底了呢？”
</think>

如果真的是“越重越沉”，那为什么几万吨重的钢铁巨轮能浮在海面上，而一枚小小的铁钉扔进去却立刻沉底了呢？
2026-04-14 10:58:50,882 - SessionLogger - INFO - [sim_Baseline_P1_M-BUO-001_55c760] Student: 重量肯定没变啊，还是那一块橡皮泥，我又没切掉一块。但它浮起来肯定是因为形状变了之后它就变“轻”了，不然重的东西怎么可能浮着？
Deserializing unregistered type router.SessionMemory from checkpoint. This will be blocked in a future version. Add to allowed_msgpack_modules to silence: [('router', 'SessionMemory')]
Deserializing unregistered type router.PerceptionResult from checkpoint. This will be blocked in a future version. Add to allowed_msgpack_modules to silence: [('router', 'PerceptionResult')]
Deserializing unregistered type router.RouteDecision from checkpoint. This will be blocked in a future version. Add to allowed_msgpack_modules to silence: [('router', 'RouteDecision')]
2026-04-14 10:58:51,107 - SessionLogger - INFO - [sim_FSM+Guardrail_P1_M-BUO-001_c19487] Student: 那肯定是因为船里面是空的，里面有空气所以变轻了呀。铁钉是实心的，当然比空心的船重，所以铁钉沉、船浮，这没毛病吧？
Deserializing unregistered type router.SessionMemory from checkpoint. This will be blocked in a future version. Add to allowed_msgpack_modules to silence: [('router', 'SessionMemory')]
Deserializing unregistered type router.PerceptionResult from checkpoint. This will be blocked in a future version. Add to allowed_msgpack_modules to silence: [('router', 'PerceptionResult')]
Deserializing unregistered type router.RouteDecision from checkpoint. This will be blocked in a future version. Add to allowed_msgpack_modules to silence: [('router', 'RouteDecision')]
2026-04-14 10:58:53,060 - SessionLogger - INFO - [sim_FSM_P3_M-ELE-002_1e4b5e] Teacher: 没错，一旦“堵”住，流动就停止了。既然灯泡发光需要电流持续不断地经过灯丝，你觉得我们需要给这些电荷提供一条什么样的路径，才能让它们不停地跑起来？
2026-04-14 10:58:54,155 - SessionLogger - INFO - [sim_FSM_P3_M-ELE-002_1e4b5e] Student: 不停地跑……那是不是得让它们能转圈圈？就像操场跑道那样，从正极出来，绕一圈再回到负极？
Deserializing unregistered type router.SessionMemory from checkpoint. This will be blocked in a future version. Add to allowed_msgpack_modules to silence: [('router', 'SessionMemory')]
Deserializing unregistered type router.PerceptionResult from checkpoint. This will be blocked in a future version. Add to allowed_msgpack_modules to silence: [('router', 'PerceptionResult')]
Deserializing unregistered type router.RouteDecision from checkpoint. This will be blocked in a future version. Add to allowed_msgpack_modules to silence: [('router', 'RouteDecision')]
2026-04-14 10:58:54,215 - SessionLogger - INFO - [sim_Baseline_P1_M-BUO-001_55c760] Teacher: 既然重量没变，那形状改变后，它排开水的体积（也就是浸入水里的部分）有什么变化吗？
2026-04-14 10:58:55,776 - SessionLogger - INFO - [sim_Baseline_P1_M-BUO-001_55c760] Student: 变成船形后浸入水里的部分确实变多了，但这跟沉浮有什么关系？反正只要东西重，最后不还是得沉吗？
Deserializing unregistered type router.SessionMemory from checkpoint. This will be blocked in a future version. Add to allowed_msgpack_modules to silence: [('router', 'SessionMemory')]
Deserializing unregistered type router.PerceptionResult from checkpoint. This will be blocked in a future version. Add to allowed_msgpack_modules to silence: [('router', 'PerceptionResult')]
Deserializing unregistered type router.RouteDecision from checkpoint. This will be blocked in a future version. Add to allowed_msgpack_modules to silence: [('router', 'RouteDecision')]
2026-04-14 10:58:56,571 - SessionLogger - INFO - [sim_FSM_P1_M-BUO-001_62e0a3] Teacher: 既然你觉得“大”就能被托住，那如果我们把那块小铁钉敲打成一张薄薄的铁皮，做成一个小碗的形状放进水里，它变大了却没变重，这时候水能托住它吗？
2026-04-14 10:58:57,811 - SessionLogger - INFO - [sim_FSM_P1_M-BUO-001_62e0a3] Student: 那肯定还是沉啊，铁就是铁，做成什么形状它还是那么重，水怎么可能托得住？
Deserializing unregistered type router.SessionMemory from checkpoint. This will be blocked in a future version. Add to allowed_msgpack_modules to silence: [('router', 'SessionMemory')]
Deserializing unregistered type router.PerceptionResult from checkpoint. This will be blocked in a future version. Add to allowed_msgpack_modules to silence: [('router', 'PerceptionResult')]
Deserializing unregistered type router.RouteDecision from checkpoint. This will be blocked in a future version. Add to allowed_msgpack_modules to silence: [('router', 'RouteDecision')]
2026-04-14 10:58:59,920 - SessionLogger - INFO - [sim_Baseline_P1_M-BUO-001_55c760] Teacher: 如果水对船没有向上的托力，船怎么会停在水面上而不掉下去呢？

你想想，当你把空瓶子用力按进水里时，手感受到的那个向上的力，和排开水的多少有关系吗？
2026-04-14 10:59:00,979 - SessionLogger - INFO - [sim_Baseline_P1_M-BUO-001_55c760] Student: 瓶子轻所以容易按，重的东西哪有什么向上的力托着？你别扯那些虚的，我就问为什么铁块那么重就一定会沉底？
Deserializing unregistered type router.SessionMemory from checkpoint. This will be blocked in a future version. Add to allowed_msgpack_modules to silence: [('router', 'SessionMemory')]
Deserializing unregistered type router.PerceptionResult from checkpoint. This will be blocked in a future version. Add to allowed_msgpack_modules to silence: [('router', 'PerceptionResult')]
Deserializing unregistered type router.RouteDecision from checkpoint. This will be blocked in a future version. Add to allowed_msgpack_modules to silence: [('router', 'RouteDecision')]
2026-04-14 10:59:00,991 - SessionLogger - INFO - [sim_FSM_P3_M-ELE-002_1e4b5e] Teacher: 这个“转圈圈”的比喻非常形象！既然必须形成一个完整的圈，那你觉得如果这个圈在中间任何地方断开了，电流还能继续跑完这一圈吗？
2026-04-14 10:59:01,356 - SessionLogger - INFO - [sim_FSM+Guardrail_P1_M-BUO-001_c19487] Teacher: 好，那如果我们往船舱里装满货物，让整艘船的总重量变得比那枚小铁钉重成千上万倍，这时候船是会沉下去，还是依然浮在水面上？
2026-04-14 10:59:02,056 - SessionLogger - INFO - [sim_FSM_P3_M-ELE-002_1e4b5e] Student: 断开了……那就像跑道中间有个大坑，肯定跑不过去了吧？所以必须得是个完整的圈，不能断？
Deserializing unregistered type router.SessionMemory from checkpoint. This will be blocked in a future version. Add to allowed_msgpack_modules to silence: [('router', 'SessionMemory')]
Deserializing unregistered type router.PerceptionResult from checkpoint. This will be blocked in a future version. Add to allowed_msgpack_modules to silence: [('router', 'PerceptionResult')]
Deserializing unregistered type router.RouteDecision from checkpoint. This will be blocked in a future version. Add to allowed_msgpack_modules to silence: [('router', 'RouteDecision')]
2026-04-14 10:59:04,222 - SessionLogger - INFO - [sim_FSM+Guardrail_P3_M-ELE-002_5d63a0] Teacher: 这确实有点反直觉，因为我们容易把电池想象成一个无限喷水的水龙头。

但你想，如果水流只从一头出来，却没有另一头让它流回去形成循环，你觉得这股水流是能“源源不断”地穿过灯泡，还是会因为后面没路走，很快就“堵”住不动了？
2026-04-14 10:59:04,914 - SessionLogger - INFO - [sim_FSM+Guardrail_P1_M-BUO-001_c19487] Student: 只要它还是船的形状，里面还有空气，它肯定还是浮着的。我觉得你还是没懂，铁钉是实心的铁，船就算装了货，整体也比实心铁块“轻”啊。
Deserializing unregistered type router.SessionMemory from checkpoint. This will be blocked in a future version. Add to allowed_msgpack_modules to silence: [('router', 'SessionMemory')]
Deserializing unregistered type router.PerceptionResult from checkpoint. This will be blocked in a future version. Add to allowed_msgpack_modules to silence: [('router', 'PerceptionResult')]
Deserializing unregistered type router.RouteDecision from checkpoint. This will be blocked in a future version. Add to allowed_msgpack_modules to silence: [('router', 'RouteDecision')]
2026-04-14 10:59:05,613 - SessionLogger - INFO - [sim_FSM+Guardrail_P3_M-ELE-002_5d63a0] Student: 堵……堵住？可是电又不是水，它看不见摸不着的。只要正极那边有劲儿推着，它不应该能硬挤过去吗？
Deserializing unregistered type router.SessionMemory from checkpoint. This will be blocked in a future version. Add to allowed_msgpack_modules to silence: [('router', 'SessionMemory')]
Deserializing unregistered type router.PerceptionResult from checkpoint. This will be blocked in a future version. Add to allowed_msgpack_modules to silence: [('router', 'PerceptionResult')]
Deserializing unregistered type router.RouteDecision from checkpoint. This will be blocked in a future version. Add to allowed_msgpack_modules to silence: [('router', 'RouteDecision')]
2026-04-14 10:59:05,786 - SessionLogger - INFO - [sim_Baseline_P1_M-BUO-001_55c760] Teacher: 其实水对铁块也有向上的托力，只是没托住。

你试着把铁块挂在弹簧测力计上，先在空中读个数，再浸没在水里读个数，看看示数变小了吗？
2026-04-14 10:59:06,096 - SessionLogger - INFO - [sim_Baseline_P3_M-ELE-002_281b02] Teacher: “劲儿大”确实能让电荷跑得更快，但这只是其中一方面。

想象一下，如果水管特别细（电阻大），就算泵劲儿很大，水流得也很费劲。你觉得灯泡的亮度，是只跟跑得快慢有关，还是也跟“费力程度”有关呢？
2026-04-14 10:59:06,560 - SessionLogger - INFO - [sim_FSM_P1_M-BUO-001_62e0a3] Teacher: 你可以回家试着把一块橡皮泥捏成实心球丢进水里，再把它捏成小碗状轻轻放上去，看看结果是不是真的都一样？
2026-04-14 10:59:07,194 - SessionLogger - INFO - [sim_Baseline_P1_M-BUO-001_55c760] Student: 变小了又怎么样？它最后不还是沉底了吗？这说明那点力根本没用，重的东西终究是重的。
Deserializing unregistered type router.SessionMemory from checkpoint. This will be blocked in a future version. Add to allowed_msgpack_modules to silence: [('router', 'SessionMemory')]
Deserializing unregistered type router.PerceptionResult from checkpoint. This will be blocked in a future version. Add to allowed_msgpack_modules to silence: [('router', 'PerceptionResult')]
Deserializing unregistered type router.RouteDecision from checkpoint. This will be blocked in a future version. Add to allowed_msgpack_modules to silence: [('router', 'RouteDecision')]
2026-04-14 10:59:07,399 - SessionLogger - INFO - [sim_Baseline_P3_M-ELE-002_281b02] Student: 有点乱……是跑得越快越亮，还是越费力越亮？
如果路很宽（电阻小），电荷跑得很轻松，那灯泡还会亮吗？
Deserializing unregistered type router.SessionMemory from checkpoint. This will be blocked in a future version. Add to allowed_msgpack_modules to silence: [('router', 'SessionMemory')]
Deserializing unregistered type router.PerceptionResult from checkpoint. This will be blocked in a future version. Add to allowed_msgpack_modules to silence: [('router', 'PerceptionResult')]
Deserializing unregistered type router.RouteDecision from checkpoint. This will be blocked in a future version. Add to allowed_msgpack_modules to silence: [('router', 'RouteDecision')]
2026-04-14 10:59:12,182 - SessionLogger - INFO - [sim_FSM_P3_M-ELE-002_1e4b5e] Teacher: 正是如此，一旦断开，路就不通了。

那么回到我们最初的连接方式，如果灯泡只接了电池的一头，这个“圈”算是闭合完整的，还是中间断开的呢？
2026-04-14 10:59:12,208 - SessionLogger - INFO - [sim_FSM_P1_M-BUO-001_62e0a3] Student: 试了又怎样？橡皮泥还是那块橡皮泥，重量一点没变，怎么可能浮起来？老师你别忽悠我了。
Deserializing unregistered type router.SessionMemory from checkpoint. This will be blocked in a future version. Add to allowed_msgpack_modules to silence: [('router', 'SessionMemory')]
Deserializing unregistered type router.PerceptionResult from checkpoint. This will be blocked in a future version. Add to allowed_msgpack_modules to silence: [('router', 'PerceptionResult')]
Deserializing unregistered type router.RouteDecision from checkpoint. This will be blocked in a future version. Add to allowed_msgpack_modules to silence: [('router', 'RouteDecision')]
2026-04-14 10:59:12,216 - SessionLogger - INFO - [sim_Baseline_P3_M-ELE-002_281b02] Teacher: 别急，我们换个角度想：灯泡发光是因为电荷在“碰撞”中把能量释放出来了。

如果路特别宽、特别顺（电阻极小），电荷几乎不费力就溜过去了，你觉得它们还有多少能量留给灯泡发光呢？
2026-04-14 10:59:13,493 - SessionLogger - INFO - [sim_FSM_P3_M-ELE-002_1e4b5e] Student: 只接一头的话……那电到了灯泡这儿就没路走了呀，根本绕不回电池的另一头。所以这其实是个断开的圈？
Deserializing unregistered type router.SessionMemory from checkpoint. This will be blocked in a future version. Add to allowed_msgpack_modules to silence: [('router', 'SessionMemory')]
Deserializing unregistered type router.PerceptionResult from checkpoint. This will be blocked in a future version. Add to allowed_msgpack_modules to silence: [('router', 'PerceptionResult')]
Deserializing unregistered type router.RouteDecision from checkpoint. This will be blocked in a future version. Add to allowed_msgpack_modules to silence: [('router', 'RouteDecision')]
2026-04-14 10:59:13,587 - SessionLogger - INFO - [sim_Baseline_P3_M-ELE-002_281b02] Student: 噢……所以如果太顺了，电荷就不“撞”灯泡了？
那是不是意味着，得让电荷觉得“难走”，它才会把能量留下来发光？
Deserializing unregistered type router.SessionMemory from checkpoint. This will be blocked in a future version. Add to allowed_msgpack_modules to silence: [('router', 'SessionMemory')]
Deserializing unregistered type router.PerceptionResult from checkpoint. This will be blocked in a future version. Add to allowed_msgpack_modules to silence: [('router', 'PerceptionResult')]
Deserializing unregistered type router.RouteDecision from checkpoint. This will be blocked in a future version. Add to allowed_msgpack_modules to silence: [('router', 'RouteDecision')]
2026-04-14 10:59:14,837 - SessionLogger - INFO - [sim_FSM+Guardrail_P3_M-ELE-002_5d63a0] Teacher: 你说得对，电确实看不见。但我们可以想想，如果只有一端连着，电荷到了灯泡另一头就没路可走了，它们能一直“挤”在那儿不动，还是必须得有个地方让它们流回去，才能形成持续的流动？
2026-04-14 10:59:16,417 - SessionLogger - INFO - [sim_FSM+Guardrail_P3_M-ELE-002_5d63a0] Student: 挤在那儿……那是不是就像堵车一样，后面的车推不动前面的？所以必须得有个出口让它们流回电池，前面的电才能继续往前走？
Deserializing unregistered type router.SessionMemory from checkpoint. This will be blocked in a future version. Add to allowed_msgpack_modules to silence: [('router', 'SessionMemory')]
Deserializing unregistered type router.PerceptionResult from checkpoint. This will be blocked in a future version. Add to allowed_msgpack_modules to silence: [('router', 'PerceptionResult')]
Deserializing unregistered type router.RouteDecision from checkpoint. This will be blocked in a future version. Add to allowed_msgpack_modules to silence: [('router', 'RouteDecision')]
2026-04-14 10:59:17,647 - SessionLogger - INFO - [sim_Baseline_P3_M-ELE-002_281b02] Teacher: 没错，这种“难走”其实就是电阻在起作用。

那如果我们在电路里串联两个一模一样的灯泡，电荷要连续闯过两道“难关”，你觉得每个灯泡分到的“劲儿”（电压）会比只有一个灯泡时更大还是更小？
2026-04-14 10:59:19,239 - SessionLogger - INFO - [sim_Baseline_P3_M-ELE-002_281b02] Student: 呃……既然要闯两道关，那每一道关分到的“劲儿”应该会变小吧？
毕竟电池的总“劲儿”就那么多，分给两个灯泡，每个得到的肯定比原来少？
Deserializing unregistered type router.SessionMemory from checkpoint. This will be blocked in a future version. Add to allowed_msgpack_modules to silence: [('router', 'SessionMemory')]
Deserializing unregistered type router.PerceptionResult from checkpoint. This will be blocked in a future version. Add to allowed_msgpack_modules to silence: [('router', 'PerceptionResult')]
Deserializing unregistered type router.RouteDecision from checkpoint. This will be blocked in a future version. Add to allowed_msgpack_modules to silence: [('router', 'RouteDecision')]
2026-04-14 10:59:28,359 - SessionLogger - INFO - [sim_FSM_P3_M-ELE-002_1e4b5e] Teacher: 没错，路断了就无法形成回路。

既然只接一头是“断路”，那你觉得要让灯泡亮起来，我们需要怎么连接，才能帮电流把这条“断掉的路”给补全呢？
2026-04-14 10:59:28,359 - SessionLogger - INFO - [sim_FSM_P3_M-ELE-002_1e4b5e] Session finished. Resolved: True
2026-04-14 10:59:28,360 - SessionLogger - INFO - [sim_Baseline_P2_M-BUO-001_9bfb1f] Starting session
2026-04-14 10:59:28,360 - SessionLogger - INFO - Initialized Session sim_Baseline_P2_M-BUO-001_9bfb1f on Unknown for Unknown with version FSM+Guardrail
2026-04-14 10:59:29,475 - SessionLogger - INFO - [sim_Baseline_P2_M-BUO-001_9bfb1f] Student Opening: 老师，我觉得判断物体沉浮很简单啊，只要看它重不重就行了，重的东西肯定沉，轻的东西肯定浮，对吧？
2026-04-14 10:59:29,498 - SessionLogger - INFO - [sim_Baseline_P1_M-BUO-001_55c760] Teacher: 示数变小，说明水确实在向上“托”它，只是这个托力不够大。

如果我把这块铁做成空心的，让它排开更多的水，你觉得这个向上的托力会变大还是变小？
2026-04-14 10:59:29,499 - SessionLogger - INFO - [sim_Baseline_P1_M-BUO-001_55c760] Extending max_turns by 3 because cognitive_state is '新概念探索'
2026-04-14 10:59:29,500 - SessionLogger - INFO - [sim_Baseline_P3_M-ELE-002_281b02] Teacher: 你的直觉很准，总能量确实被“分摊”了。

既然每个灯泡分到的“劲儿”变小了，那你猜猜看，这时候灯泡的亮度会比只接一个时更亮还是更暗？
2026-04-14 10:59:29,501 - SessionLogger - INFO - [sim_FSM_P1_M-BUO-001_62e0a3] Teacher: 这个现象确实很反直觉，因为重量没变，但形状改变后它排开的水量变了。

如果现在有一个和你拳头一样大的实心铁球，和一个同样大小的空心铁盒子，你觉得谁排开的水更多？
2026-04-14 10:59:29,501 - SessionLogger - INFO - [sim_FSM+Guardrail_P1_M-BUO-001_c19487] Teacher: 那如果我把这块实心铁块也做成和船一样大的空心形状，它的重量没变（还是那块铁），你觉得它还会沉吗？
2026-04-14 10:59:31,988 - SessionLogger - INFO - [sim_FSM+Guardrail_P3_M-ELE-002_5d63a0] Teacher: 没错，就像堵车一样，如果没有出口让车开走，后面的车也就进不来了。

既然需要这个“出口”让电流流回电池，你觉得在连接灯泡时，除了接触电池的正极，还需要对电池的哪一端做点什么，才能形成这个完整的回路呢？
2026-04-14 10:59:33,009 - SessionLogger - INFO - [sim_Baseline_P3_M-ELE-002_281b02] Student: 那应该是变暗了吧？毕竟每个灯泡分到的“劲儿”都少了，撞得也没那么狠了。
可是……这跟电流有什么关系呢？电流不是只要流过去就行吗？
Deserializing unregistered type router.SessionMemory from checkpoint. This will be blocked in a future version. Add to allowed_msgpack_modules to silence: [('router', 'SessionMemory')]
Deserializing unregistered type router.PerceptionResult from checkpoint. This will be blocked in a future version. Add to allowed_msgpack_modules to silence: [('router', 'PerceptionResult')]
Deserializing unregistered type router.RouteDecision from checkpoint. This will be blocked in a future version. Add to allowed_msgpack_modules to silence: [('router', 'RouteDecision')]
2026-04-14 10:59:33,094 - SessionLogger - INFO - [sim_Baseline_P1_M-BUO-001_55c760] Student: 做成空心的它还是铁啊，重量又没变轻，怎么可能浮起来？你别忽悠我，重的肯定还是沉。
Deserializing unregistered type router.SessionMemory from checkpoint. This will be blocked in a future version. Add to allowed_msgpack_modules to silence: [('router', 'SessionMemory')]
Deserializing unregistered type router.PerceptionResult from checkpoint. This will be blocked in a future version. Add to allowed_msgpack_modules to silence: [('router', 'PerceptionResult')]
Deserializing unregistered type router.RouteDecision from checkpoint. This will be blocked in a future version. Add to allowed_msgpack_modules to silence: [('router', 'RouteDecision')]
2026-04-14 10:59:33,206 - SessionLogger - INFO - [sim_FSM_P1_M-BUO-001_62e0a3] Student: 那肯定是实心铁球啊，它全是铁，多实在！那个空盒子轻飘飘的，里面都是空气，肯定排开的水少。
Deserializing unregistered type router.SessionMemory from checkpoint. This will be blocked in a future version. Add to allowed_msgpack_modules to silence: [('router', 'SessionMemory')]
Deserializing unregistered type router.PerceptionResult from checkpoint. This will be blocked in a future version. Add to allowed_msgpack_modules to silence: [('router', 'PerceptionResult')]
Deserializing unregistered type router.RouteDecision from checkpoint. This will be blocked in a future version. Add to allowed_msgpack_modules to silence: [('router', 'RouteDecision')]
2026-04-14 10:59:33,312 - SessionLogger - INFO - [sim_FSM+Guardrail_P1_M-BUO-001_c19487] Student: 可是老师，铁就是铁啊，做成什么形状它都是重的。我觉得只要它是铁做的，不管怎么弄，最后肯定还是会沉下去的。
Deserializing unregistered type router.SessionMemory from checkpoint. This will be blocked in a future version. Add to allowed_msgpack_modules to silence: [('router', 'SessionMemory')]
Deserializing unregistered type router.PerceptionResult from checkpoint. This will be blocked in a future version. Add to allowed_msgpack_modules to silence: [('router', 'PerceptionResult')]
Deserializing unregistered type router.RouteDecision from checkpoint. This will be blocked in a future version. Add to allowed_msgpack_modules to silence: [('router', 'RouteDecision')]
2026-04-14 10:59:35,122 - SessionLogger - INFO - [sim_FSM+Guardrail_P3_M-ELE-002_5d63a0] Student: 噢……所以还得连上负极？是不是就像水管得接个回水管，让水流能转一圈回到水泵那里，电才能一直流？
Deserializing unregistered type router.SessionMemory from checkpoint. This will be blocked in a future version. Add to allowed_msgpack_modules to silence: [('router', 'SessionMemory')]
Deserializing unregistered type router.PerceptionResult from checkpoint. This will be blocked in a future version. Add to allowed_msgpack_modules to silence: [('router', 'PerceptionResult')]
Deserializing unregistered type router.RouteDecision from checkpoint. This will be blocked in a future version. Add to allowed_msgpack_modules to silence: [('router', 'RouteDecision')]
2026-04-14 10:59:35,397 - SessionLogger - INFO - [sim_Baseline_P2_M-BUO-001_9bfb1f] Teacher: 那为什么一艘几万吨重的巨轮能浮在海面上，而一颗小小的铁钉却会沉下去呢？
2026-04-14 10:59:36,851 - SessionLogger - INFO - [sim_Baseline_P3_M-ELE-002_281b02] Teacher: “劲儿”小了，电荷流动的“冲劲”是不是也会跟着减弱？

你可以想象一下，如果推大家的力气变小了，单位时间内挤过灯泡这个“窄门”的人数（电流）会变多还是变少？
2026-04-14 10:59:37,153 - SessionLogger - INFO - [sim_Baseline_P2_M-BUO-001_9bfb1f] Student: 呃……这确实有点奇怪。不过巨轮那么大，可能是因为体积大托住了它？但铁钉虽然小，它是实心的铁，肯定比水重所以沉了吧？
Deserializing unregistered type router.SessionMemory from checkpoint. This will be blocked in a future version. Add to allowed_msgpack_modules to silence: [('router', 'SessionMemory')]
Deserializing unregistered type router.PerceptionResult from checkpoint. This will be blocked in a future version. Add to allowed_msgpack_modules to silence: [('router', 'PerceptionResult')]
Deserializing unregistered type router.RouteDecision from checkpoint. This will be blocked in a future version. Add to allowed_msgpack_modules to silence: [('router', 'RouteDecision')]
2026-04-14 10:59:38,033 - SessionLogger - INFO - [sim_Baseline_P3_M-ELE-002_281b02] Student: 那……挤过去的人应该会变少吧？毕竟推的力气小了。
可是老师，只要还有人能挤过去，灯泡不就亮了吗？为什么一定要在乎有多少人呢？
Deserializing unregistered type router.SessionMemory from checkpoint. This will be blocked in a future version. Add to allowed_msgpack_modules to silence: [('router', 'SessionMemory')]
Deserializing unregistered type router.PerceptionResult from checkpoint. This will be blocked in a future version. Add to allowed_msgpack_modules to silence: [('router', 'PerceptionResult')]
Deserializing unregistered type router.RouteDecision from checkpoint. This will be blocked in a future version. Add to allowed_msgpack_modules to silence: [('router', 'RouteDecision')]
2026-04-14 10:59:42,695 - SessionLogger - INFO - [sim_FSM+Guardrail_P1_M-BUO-001_c19487] Teacher: 那咱们换个角度想，如果把那一小块实心铁块捏成一个小碗的形状，轻轻平放在水面上，你觉得它还能沉下去吗？
2026-04-14 10:59:43,660 - SessionLogger - INFO - [sim_FSM+Guardrail_P1_M-BUO-001_c19487] Student: 肯定沉啊，铁就是铁，捏成碗它还是那么重。老师你别忽悠我了，重的东西怎么可能浮起来？
Deserializing unregistered type router.SessionMemory from checkpoint. This will be blocked in a future version. Add to allowed_msgpack_modules to silence: [('router', 'SessionMemory')]
Deserializing unregistered type router.PerceptionResult from checkpoint. This will be blocked in a future version. Add to allowed_msgpack_modules to silence: [('router', 'PerceptionResult')]
Deserializing unregistered type router.RouteDecision from checkpoint. This will be blocked in a future version. Add to allowed_msgpack_modules to silence: [('router', 'RouteDecision')]
2026-04-14 10:59:43,774 - SessionLogger - INFO - [sim_FSM_P1_M-BUO-001_62e0a3] Teacher: 如果我们把这两个东西都完全按到水面以下，让它们彻底没入水中，这时候它们占据的空间（也就是排开水的体积）是一样大，还是不一样大？
2026-04-14 10:59:45,124 - SessionLogger - INFO - [sim_FSM_P1_M-BUO-001_62e0a3] Student: 肯定不一样啊，实心铁球那么重，它沉下去排开的水肯定更多。空盒子那么轻，怎么可能跟铁球排开一样多的水？
Deserializing unregistered type router.SessionMemory from checkpoint. This will be blocked in a future version. Add to allowed_msgpack_modules to silence: [('router', 'SessionMemory')]
Deserializing unregistered type router.PerceptionResult from checkpoint. This will be blocked in a future version. Add to allowed_msgpack_modules to silence: [('router', 'PerceptionResult')]
Deserializing unregistered type router.RouteDecision from checkpoint. This will be blocked in a future version. Add to allowed_msgpack_modules to silence: [('router', 'RouteDecision')]
2026-04-14 10:59:54,489 - SessionLogger - INFO - [sim_FSM+Guardrail_P3_M-ELE-002_5d63a0] Teacher: 这个类比非常准确！只有形成了这样的“回路”，电流才能持续流动。

那么，如果现在你手里只有一根导线，要把电池的正极、负极和灯泡连成一个圈，你觉得这根导线应该怎么走，才能确保电流既经过了灯丝，又回到了电池呢？
2026-04-14 10:59:54,490 - SessionLogger - INFO - [sim_FSM+Guardrail_P3_M-ELE-002_5d63a0] Session finished. Resolved: True
2026-04-14 10:59:54,490 - SessionLogger - INFO - [sim_FSM_P2_M-BUO-001_bdf8a0] Starting session
2026-04-14 10:59:54,490 - SessionLogger - INFO - Initialized Session sim_FSM_P2_M-BUO-001_bdf8a0 on Unknown for Unknown with version FSM+Guardrail
2026-04-14 10:59:55,663 - SessionLogger - INFO - [sim_FSM_P2_M-BUO-001_bdf8a0] Student Opening: 老师，我觉得判断物体沉浮就看重量吧，重的东西肯定沉，轻的东西才会浮，是这样吗？
2026-04-14 10:59:58,538 - SessionLogger - INFO - [sim_Baseline_P2_M-BUO-001_9bfb1f] Teacher: 那如果是一块巨大的实心木头，它肯定比那颗小铁钉重得多，但它会沉下去吗？
2026-04-14 11:00:01,591 - SessionLogger - INFO - [sim_FSM_P1_M-BUO-001_62e0a3] Teacher: 如果这两个物体体积完全一样，把它们按进装满水的盆里，溢出来的水会不一样多吗？
2026-04-14 11:00:01,630 - SessionLogger - INFO - [sim_Baseline_P2_M-BUO-001_9bfb1f] Student: 啊？实心木头再重也不会沉吗……
那我之前的想法好像有点问题了，难道不是越重越容易沉？
Deserializing unregistered type router.SessionMemory from checkpoint. This will be blocked in a future version. Add to allowed_msgpack_modules to silence: [('router', 'SessionMemory')]
Deserializing unregistered type router.PerceptionResult from checkpoint. This will be blocked in a future version. Add to allowed_msgpack_modules to silence: [('router', 'PerceptionResult')]
Deserializing unregistered type router.RouteDecision from checkpoint. This will be blocked in a future version. Add to allowed_msgpack_modules to silence: [('router', 'RouteDecision')]
2026-04-14 11:00:03,338 - SessionLogger - INFO - [sim_FSM+Guardrail_P1_M-BUO-001_c19487] Teacher: 这个直觉确实很顽固，因为生活中我们总觉得“重”就该往下掉。

但如果重的就一定沉，那为什么几万吨的钢铁巨轮能浮着，而轻轻的一枚小铁钉却会沉底呢？
2026-04-14 11:00:04,767 - SessionLogger - INFO - [sim_FSM+Guardrail_P1_M-BUO-001_c19487] Student: 那肯定是因为船特别大啊，大东西浮力就大。小铁钉那么轻都沉了，说明跟大小没关系，还是因为铁太重了才沉的。
Deserializing unregistered type router.SessionMemory from checkpoint. This will be blocked in a future version. Add to allowed_msgpack_modules to silence: [('router', 'SessionMemory')]
Deserializing unregistered type router.PerceptionResult from checkpoint. This will be blocked in a future version. Add to allowed_msgpack_modules to silence: [('router', 'PerceptionResult')]
Deserializing unregistered type router.RouteDecision from checkpoint. This will be blocked in a future version. Add to allowed_msgpack_modules to silence: [('router', 'RouteDecision')]
2026-04-14 11:00:04,949 - SessionLogger - INFO - [sim_FSM_P1_M-BUO-001_62e0a3] Student: 老师你这是在玩文字游戏吧？铁球那么重，它“挤”水的力气肯定大，溢出来的水当然更多。空盒子轻得像羽毛，根本挤不动多少水。
Deserializing unregistered type router.SessionMemory from checkpoint. This will be blocked in a future version. Add to allowed_msgpack_modules to silence: [('router', 'SessionMemory')]
Deserializing unregistered type router.PerceptionResult from checkpoint. This will be blocked in a future version. Add to allowed_msgpack_modules to silence: [('router', 'PerceptionResult')]
Deserializing unregistered type router.RouteDecision from checkpoint. This will be blocked in a future version. Add to allowed_msgpack_modules to silence: [('router', 'RouteDecision')]
2026-04-14 11:00:05,119 - SessionLogger - INFO - [sim_Baseline_P1_M-BUO-001_55c760] Teacher: 重量确实没变，但你把它做成空心船形时，它排开水的体积是不是变大了？

既然排开的水更多了，你觉得水给它的向上托力会跟着变大吗？
2026-04-14 11:00:06,093 - SessionLogger - INFO - [sim_Baseline_P1_M-BUO-001_55c760] Student: 排开的水多有什么用？它本身那么重，水怎么可能托得动？重的东西就是会沉，这是常识。
Deserializing unregistered type router.SessionMemory from checkpoint. This will be blocked in a future version. Add to allowed_msgpack_modules to silence: [('router', 'SessionMemory')]
Deserializing unregistered type router.PerceptionResult from checkpoint. This will be blocked in a future version. Add to allowed_msgpack_modules to silence: [('router', 'PerceptionResult')]
Deserializing unregistered type router.RouteDecision from checkpoint. This will be blocked in a future version. Add to allowed_msgpack_modules to silence: [('router', 'RouteDecision')]
2026-04-14 11:00:06,516 - SessionLogger - INFO - [sim_Baseline_P2_M-BUO-001_9bfb1f] Teacher: 看来“重”并不是决定因素。既然巨轮和木头都能浮，而铁钉会沉，你觉得除了重量，还有什么关键因素在起作用？
2026-04-14 11:00:07,459 - SessionLogger - INFO - [sim_Baseline_P2_M-BUO-001_9bfb1f] Student: 那是不是跟材料有关？铁做的就容易沉，木头做的就容易浮？
Deserializing unregistered type router.SessionMemory from checkpoint. This will be blocked in a future version. Add to allowed_msgpack_modules to silence: [('router', 'SessionMemory')]
Deserializing unregistered type router.PerceptionResult from checkpoint. This will be blocked in a future version. Add to allowed_msgpack_modules to silence: [('router', 'PerceptionResult')]
Deserializing unregistered type router.RouteDecision from checkpoint. This will be blocked in a future version. Add to allowed_msgpack_modules to silence: [('router', 'RouteDecision')]
2026-04-14 11:00:10,703 - SessionLogger - INFO - [sim_FSM_P2_M-BUO-001_bdf8a0] Teacher: 那如果按这个说法，几万吨重的钢铁巨轮应该会立刻沉底，而一枚小小的铁钉反而会漂在水面上咯？
2026-04-14 11:00:11,451 - SessionLogger - INFO - [sim_Baseline_P1_M-BUO-001_55c760] Teacher: 那艘万吨巨轮也是铁做的，比你的小铁块重亿万倍，为什么它能浮在海面上？

你觉得决定物体沉浮的，究竟是它自己的重量，还是它排开水的多少呢？
2026-04-14 11:00:11,918 - SessionLogger - INFO - [sim_Baseline_P2_M-BUO-001_9bfb1f] Teacher: 确实，材料不同性质也不同。但如果把那块铁做成一个空心的碗状，你觉得它还会像实心铁块那样直接沉底吗？
2026-04-14 11:00:12,305 - SessionLogger - INFO - [sim_FSM_P2_M-BUO-001_bdf8a0] Student: 呃……好像有点不对劲，铁钉确实会沉下去。但轮船那么重都能浮着，是不是因为它里面是空的，所以其实不算“重”？
Deserializing unregistered type router.SessionMemory from checkpoint. This will be blocked in a future version. Add to allowed_msgpack_modules to silence: [('router', 'SessionMemory')]
Deserializing unregistered type router.PerceptionResult from checkpoint. This will be blocked in a future version. Add to allowed_msgpack_modules to silence: [('router', 'PerceptionResult')]
Deserializing unregistered type router.RouteDecision from checkpoint. This will be blocked in a future version. Add to allowed_msgpack_modules to silence: [('router', 'RouteDecision')]
2026-04-14 11:00:14,075 - SessionLogger - INFO - [sim_FSM+Guardrail_P1_M-BUO-001_c19487] Teacher: 既然你说“大”才是关键，那如果我把那块实心小铁块也做成和船一样巨大的空心形状（重量不变），你觉得它还会沉吗？
2026-04-14 11:00:14,909 - SessionLogger - INFO - [sim_Baseline_P1_M-BUO-001_55c760] Student: 那肯定是因为船很大、里面是空的，跟实心铁块能一样吗？你别拿这种特例来反驳我，我就说实心的重物，重的肯定沉。
Deserializing unregistered type router.SessionMemory from checkpoint. This will be blocked in a future version. Add to allowed_msgpack_modules to silence: [('router', 'SessionMemory')]
Deserializing unregistered type router.PerceptionResult from checkpoint. This will be blocked in a future version. Add to allowed_msgpack_modules to silence: [('router', 'PerceptionResult')]
Deserializing unregistered type router.RouteDecision from checkpoint. This will be blocked in a future version. Add to allowed_msgpack_modules to silence: [('router', 'RouteDecision')]
2026-04-14 11:00:15,279 - SessionLogger - INFO - [sim_FSM+Guardrail_P1_M-BUO-001_c19487] Student: 老师你这假设不成立，小铁块怎么可能做成跟船一样大？反正只要它是实心的铁，不管怎么弄，重的肯定还是沉。
Deserializing unregistered type router.SessionMemory from checkpoint. This will be blocked in a future version. Add to allowed_msgpack_modules to silence: [('router', 'SessionMemory')]
Deserializing unregistered type router.PerceptionResult from checkpoint. This will be blocked in a future version. Add to allowed_msgpack_modules to silence: [('router', 'PerceptionResult')]
Deserializing unregistered type router.RouteDecision from checkpoint. This will be blocked in a future version. Add to allowed_msgpack_modules to silence: [('router', 'RouteDecision')]
2026-04-14 11:00:16,330 - SessionLogger - INFO - [sim_Baseline_P2_M-BUO-001_9bfb1f] Student: 做成空心的话……好像确实有可能浮起来？
可是它还是铁做的呀，重量没变多少，为什么形状变了就能浮呢？
Deserializing unregistered type router.SessionMemory from checkpoint. This will be blocked in a future version. Add to allowed_msgpack_modules to silence: [('router', 'SessionMemory')]
Deserializing unregistered type router.PerceptionResult from checkpoint. This will be blocked in a future version. Add to allowed_msgpack_modules to silence: [('router', 'PerceptionResult')]
Deserializing unregistered type router.RouteDecision from checkpoint. This will be blocked in a future version. Add to allowed_msgpack_modules to silence: [('router', 'RouteDecision')]
2026-04-14 11:00:19,769 - SessionLogger - INFO - [sim_Baseline_P3_M-ELE-002_281b02] Teacher: 确实，只要有人过就会亮。

但你想，如果单位时间内冲过去“撞”灯丝的人变少了，那每秒产生的热量和光会更多还是更少呢？
2026-04-14 11:00:20,546 - SessionLogger - INFO - [sim_FSM_P2_M-BUO-001_bdf8a0] Teacher: 这个直觉很敏锐，但“空”其实改变了它占据的空间大小。

如果我们将那艘巨大的轮船压缩成和铁钉一样大小的实心铁块，你觉得它还会浮在水面上吗？
2026-04-14 11:00:20,653 - SessionLogger - INFO - [sim_Baseline_P2_M-BUO-001_9bfb1f] Teacher: 形状改变后，它排开水的体积是不是变大了？
想想看，排开的水越多，水给它的向上托的力（浮力）会怎么变化？
2026-04-14 11:00:21,097 - SessionLogger - INFO - [sim_Baseline_P1_M-BUO-001_55c760] Teacher: 好，那咱们就只看实心物体。

如果我把一小块铁和一大块木头同时扔进水里，轻的木头浮着，重的铁沉了，这符合你的说法。

但如果我拿一颗很小的实心铁珠和一块巨大的实心铁锭，它们都沉底了，这时候“重必沉”好像也没错？

关键来了：如果我把那块巨大的实心铁锭挖空变成船型（虽然你还是觉得这是特例），它排开的水变多了，你觉得水对它的托力会变吗？
2026-04-14 11:00:21,146 - SessionLogger - INFO - [sim_Baseline_P3_M-ELE-002_281b02] Student: 哦……如果撞的人少了，那产生的光和热肯定就变少了，所以灯泡会变暗。
但是老师，我还是有点糊涂，电流不是只要“通”了就行吗？为什么非要纠结有多少人过去呢？
Deserializing unregistered type router.SessionMemory from checkpoint. This will be blocked in a future version. Add to allowed_msgpack_modules to silence: [('router', 'SessionMemory')]
Deserializing unregistered type router.PerceptionResult from checkpoint. This will be blocked in a future version. Add to allowed_msgpack_modules to silence: [('router', 'PerceptionResult')]
Deserializing unregistered type router.RouteDecision from checkpoint. This will be blocked in a future version. Add to allowed_msgpack_modules to silence: [('router', 'RouteDecision')]
2026-04-14 11:00:21,684 - SessionLogger - INFO - [sim_FSM_P2_M-BUO-001_bdf8a0] Student: 那肯定沉了，变成实心铁块就跟铁钉没区别了嘛。所以……光看重量确实不对，还得看它占的地方有多大？
Deserializing unregistered type router.SessionMemory from checkpoint. This will be blocked in a future version. Add to allowed_msgpack_modules to silence: [('router', 'SessionMemory')]
Deserializing unregistered type router.PerceptionResult from checkpoint. This will be blocked in a future version. Add to allowed_msgpack_modules to silence: [('router', 'PerceptionResult')]
Deserializing unregistered type router.RouteDecision from checkpoint. This will be blocked in a future version. Add to allowed_msgpack_modules to silence: [('router', 'RouteDecision')]
2026-04-14 11:00:23,926 - SessionLogger - INFO - [sim_Baseline_P2_M-BUO-001_9bfb1f] Student: 排开的水多了，浮力就会变大吗？
所以只要排开的水够多，产生的浮力就能把铁碗托住，不让它沉下去？
Deserializing unregistered type router.SessionMemory from checkpoint. This will be blocked in a future version. Add to allowed_msgpack_modules to silence: [('router', 'SessionMemory')]
Deserializing unregistered type router.PerceptionResult from checkpoint. This will be blocked in a future version. Add to allowed_msgpack_modules to silence: [('router', 'PerceptionResult')]
Deserializing unregistered type router.RouteDecision from checkpoint. This will be blocked in a future version. Add to allowed_msgpack_modules to silence: [('router', 'RouteDecision')]
2026-04-14 11:00:24,369 - SessionLogger - INFO - [sim_Baseline_P1_M-BUO-001_55c760] Student: 挖空了那就不是实心铁锭了啊，你这是在偷换概念！我就说实心的东西，重的肯定沉，你别老拿空心来说事。
Deserializing unregistered type router.SessionMemory from checkpoint. This will be blocked in a future version. Add to allowed_msgpack_modules to silence: [('router', 'SessionMemory')]
Deserializing unregistered type router.PerceptionResult from checkpoint. This will be blocked in a future version. Add to allowed_msgpack_modules to silence: [('router', 'PerceptionResult')]
Deserializing unregistered type router.RouteDecision from checkpoint. This will be blocked in a future version. Add to allowed_msgpack_modules to silence: [('router', 'RouteDecision')]
2026-04-14 11:00:25,279 - SessionLogger - INFO - [sim_Baseline_P3_M-ELE-002_281b02] Teacher: “通”只是表示路没断，但灯泡亮不亮、有多亮，得看它每秒接收了多少能量。

如果每秒冲过去“撞”灯丝的电子变少了，你觉得灯泡获得的能量是变多了还是变少了？
2026-04-14 11:00:26,690 - SessionLogger - INFO - [sim_Baseline_P3_M-ELE-002_281b02] Student: 那肯定是变少了，因为撞它的人少了嘛。
可是老师，只要电池还在“送”电，电流不就应该一直有吗？为什么串联多了电流反而会变小呢？
2026-04-14 11:00:26,691 - SessionLogger - INFO - [sim_Baseline_P3_M-ELE-002_281b02] Session finished. Resolved: False
2026-04-14 11:00:26,691 - SessionLogger - INFO - [sim_FSM+Guardrail_P2_M-BUO-001_ca2dec] Starting session
2026-04-14 11:00:26,691 - SessionLogger - INFO - Initialized Session sim_FSM+Guardrail_P2_M-BUO-001_ca2dec on Unknown for Unknown with version FSM+Guardrail
2026-04-14 11:00:27,767 - SessionLogger - INFO - [sim_FSM+Guardrail_P2_M-BUO-001_ca2dec] Student Opening: 老师，我觉得重的东西肯定会沉下去，轻的东西才会浮起来，毕竟铁块那么重一下就沉底了，而羽毛那么轻就能飘着。
2026-04-14 11:00:27,987 - SessionLogger - INFO - [sim_Baseline_P2_M-BUO-001_9bfb1f] Teacher: 没错，你的直觉很准。那么，当这个铁碗静止在水面上时，它受到的向上浮力和向下的重力之间，应该是什么关系呢？
2026-04-14 11:00:27,987 - SessionLogger - INFO - [sim_Baseline_P2_M-BUO-001_9bfb1f] Extending max_turns by 3 because cognitive_state is '新概念探索'
2026-04-14 11:00:29,113 - SessionLogger - INFO - [sim_Baseline_P1_M-BUO-001_55c760] Teacher: 行，那咱们就死磕实心物体。

如果实心的重物一定沉，那为什么同样实心的木头能浮在水面上，而更轻的一枚实心铁钉却会沉下去？

这时候，“重”还是决定沉浮的唯一标准吗？
2026-04-14 11:00:29,322 - SessionLogger - INFO - [sim_Baseline_P2_M-BUO-001_9bfb1f] Student: 既然它没沉下去也没飞起来，那这两个力应该是相等的吧？
原来只要浮力够大，就算是很重的铁也能浮起来，我之前只盯着重量看确实太片面了。
Deserializing unregistered type router.SessionMemory from checkpoint. This will be blocked in a future version. Add to allowed_msgpack_modules to silence: [('router', 'SessionMemory')]
Deserializing unregistered type router.PerceptionResult from checkpoint. This will be blocked in a future version. Add to allowed_msgpack_modules to silence: [('router', 'PerceptionResult')]
Deserializing unregistered type router.RouteDecision from checkpoint. This will be blocked in a future version. Add to allowed_msgpack_modules to silence: [('router', 'RouteDecision')]
2026-04-14 11:00:30,571 - SessionLogger - INFO - [sim_Baseline_P1_M-BUO-001_55c760] Student: 那是因为木头轻啊，铁钉虽然小但它是铁做的，密度大肯定重。你还是没懂，重的就是会沉，轻的才会浮，这有什么好争的？
Deserializing unregistered type router.SessionMemory from checkpoint. This will be blocked in a future version. Add to allowed_msgpack_modules to silence: [('router', 'SessionMemory')]
Deserializing unregistered type router.PerceptionResult from checkpoint. This will be blocked in a future version. Add to allowed_msgpack_modules to silence: [('router', 'PerceptionResult')]
Deserializing unregistered type router.RouteDecision from checkpoint. This will be blocked in a future version. Add to allowed_msgpack_modules to silence: [('router', 'RouteDecision')]
2026-04-14 11:00:30,606 - SessionLogger - INFO - [sim_FSM_P2_M-BUO-001_bdf8a0] Teacher: 没错，体积确实很关键。

那你能不能试着解释一下，为什么轮船“占的地方”变大后，水给它的向上托的力（浮力）就会变大，从而能托住这么重的船呢？
2026-04-14 11:00:31,911 - SessionLogger - INFO - [sim_FSM_P2_M-BUO-001_bdf8a0] Student: 呃……这个具体的原理我有点卡住了，不太明白为什么占的地方大，水给的力就变大。老师，能不能打个比方解释一下？
Deserializing unregistered type router.SessionMemory from checkpoint. This will be blocked in a future version. Add to allowed_msgpack_modules to silence: [('router', 'SessionMemory')]
Deserializing unregistered type router.PerceptionResult from checkpoint. This will be blocked in a future version. Add to allowed_msgpack_modules to silence: [('router', 'PerceptionResult')]
Deserializing unregistered type router.RouteDecision from checkpoint. This will be blocked in a future version. Add to allowed_msgpack_modules to silence: [('router', 'RouteDecision')]
2026-04-14 11:00:35,708 - SessionLogger - INFO - [sim_Baseline_P1_M-BUO-001_55c760] Teacher: 那咱们换个思路：如果你手里攥着一个实心铁球，把它慢慢浸入水里，你手感觉到的拉力会变吗？

如果水真的对重物没有任何“托力”，为什么你在水里搬石头会觉得比在岸上轻呢？
2026-04-14 11:00:37,289 - SessionLogger - INFO - [sim_Baseline_P1_M-BUO-001_55c760] Student: 那只是水有点阻力或者浮力稍微抵消了一点点重量而已，但它最后还是沉底了啊！只要它沉下去了，就证明它还是太重了，这点托力根本不够看。
Deserializing unregistered type router.SessionMemory from checkpoint. This will be blocked in a future version. Add to allowed_msgpack_modules to silence: [('router', 'SessionMemory')]
Deserializing unregistered type router.PerceptionResult from checkpoint. This will be blocked in a future version. Add to allowed_msgpack_modules to silence: [('router', 'PerceptionResult')]
Deserializing unregistered type router.RouteDecision from checkpoint. This will be blocked in a future version. Add to allowed_msgpack_modules to silence: [('router', 'RouteDecision')]
2026-04-14 11:00:39,603 - SessionLogger - INFO - [sim_FSM+Guardrail_P2_M-BUO-001_ca2dec] Teacher: 那照这个说法，一艘几万吨重的钢铁巨轮，是不是应该比一枚小铁钉沉得更快、更彻底？
2026-04-14 11:00:40,669 - SessionLogger - INFO - [sim_FSM+Guardrail_P2_M-BUO-001_ca2dec] Student: 呃……好像也是，船确实浮在水面上。但这可能是因为船里面是空的吧？跟实心的铁钉不一样啊。
Deserializing unregistered type router.SessionMemory from checkpoint. This will be blocked in a future version. Add to allowed_msgpack_modules to silence: [('router', 'SessionMemory')]
Deserializing unregistered type router.PerceptionResult from checkpoint. This will be blocked in a future version. Add to allowed_msgpack_modules to silence: [('router', 'PerceptionResult')]
Deserializing unregistered type router.RouteDecision from checkpoint. This will be blocked in a future version. Add to allowed_msgpack_modules to silence: [('router', 'RouteDecision')]
2026-04-14 11:00:45,583 - SessionLogger - INFO - [sim_FSM_P1_M-BUO-001_62e0a3] Teacher: 这个直觉确实很有迷惑性，因为我们常觉得“力气大”才能把水挤开。

但想象一下，如果你把一个巨大的充气气球和一个小小的实心钢珠都强行按到水底，那个体积大得多的气球，难道因为它轻，占的地方反而比钢珠小吗？
2026-04-14 11:00:45,905 - SessionLogger - INFO - [sim_FSM_P2_M-BUO-001_bdf8a0] Teacher: 想象一下，你试图把一个巨大的充气皮球强行按进装满水的水桶里。

你是觉得把球按进去一点点容易，还是把它整个儿都压到水面下更费劲？
2026-04-14 11:00:47,385 - SessionLogger - INFO - [sim_FSM_P1_M-BUO-001_62e0a3] Student: 那气球大是因为它里面气多啊，跟轻重没关系。但我说的铁球和盒子是一样大的，铁球重所以它沉得深，排开的水肯定更多，这逻辑没错吧？
Deserializing unregistered type router.SessionMemory from checkpoint. This will be blocked in a future version. Add to allowed_msgpack_modules to silence: [('router', 'SessionMemory')]
Deserializing unregistered type router.PerceptionResult from checkpoint. This will be blocked in a future version. Add to allowed_msgpack_modules to silence: [('router', 'PerceptionResult')]
Deserializing unregistered type router.RouteDecision from checkpoint. This will be blocked in a future version. Add to allowed_msgpack_modules to silence: [('router', 'RouteDecision')]
2026-04-14 11:00:48,791 - SessionLogger - INFO - [sim_FSM+Guardrail_P2_M-BUO-001_ca2dec] Teacher: 你说得对，形状确实有影响。那如果我们把这块能浮起来的橡皮泥捏成实心小球，它还会浮着吗？
2026-04-14 11:00:49,101 - SessionLogger - INFO - [sim_FSM_P2_M-BUO-001_bdf8a0] Student: 肯定是整个压下去更费劲，感觉水在拼命往上顶我的手。所以……是不是因为船把更多的水“挤”开了，水才给了更大的力把它托住？
Deserializing unregistered type router.SessionMemory from checkpoint. This will be blocked in a future version. Add to allowed_msgpack_modules to silence: [('router', 'SessionMemory')]
Deserializing unregistered type router.PerceptionResult from checkpoint. This will be blocked in a future version. Add to allowed_msgpack_modules to silence: [('router', 'PerceptionResult')]
Deserializing unregistered type router.RouteDecision from checkpoint. This will be blocked in a future version. Add to allowed_msgpack_modules to silence: [('router', 'RouteDecision')]
2026-04-14 11:00:49,926 - SessionLogger - INFO - [sim_FSM+Guardrail_P2_M-BUO-001_ca2dec] Student: 肯定会沉啊，捏成球之后它就变“实”了，感觉更重更密实了，应该就浮不起来了。
Deserializing unregistered type router.SessionMemory from checkpoint. This will be blocked in a future version. Add to allowed_msgpack_modules to silence: [('router', 'SessionMemory')]
Deserializing unregistered type router.PerceptionResult from checkpoint. This will be blocked in a future version. Add to allowed_msgpack_modules to silence: [('router', 'PerceptionResult')]
Deserializing unregistered type router.RouteDecision from checkpoint. This will be blocked in a future version. Add to allowed_msgpack_modules to silence: [('router', 'RouteDecision')]
2026-04-14 11:00:58,653 - SessionLogger - INFO - [sim_FSM_P1_M-BUO-001_62e0a3] Teacher: 如果“挤水的力气”决定了排开多少水，那我们把一个很轻的木块用力按到水底深处，它排开的水会比轻轻放在水面的时候更多吗？
2026-04-14 11:00:59,104 - SessionLogger - INFO - [sim_FSM+Guardrail_P2_M-BUO-001_ca2dec] Teacher: 可是，把橡皮泥捏成球的过程中，它的重量其实一点都没变哦。

既然重量没变，为什么形状一变，它就从“能浮”变成“会沉”了呢？
2026-04-14 11:01:01,325 - SessionLogger - INFO - [sim_FSM_P2_M-BUO-001_bdf8a0] Teacher: 没错，就是这个道理！

那么回到最初的问题，既然浮力大小和“挤开”水的多少有关，你觉得我们在判断一个物体是沉还是浮时，应该拿它的重力和谁去比较才公平？
2026-04-14 11:01:02,136 - SessionLogger - INFO - [sim_FSM_P1_M-BUO-001_62e0a3] Student: 那肯定啊，我用力按它，它就得往更深的水里钻，挤占的空间当然变大了。我不使劲它才浮着，一使劲它就沉下去排开更多水，这不是很明显吗？
Deserializing unregistered type router.SessionMemory from checkpoint. This will be blocked in a future version. Add to allowed_msgpack_modules to silence: [('router', 'SessionMemory')]
Deserializing unregistered type router.PerceptionResult from checkpoint. This will be blocked in a future version. Add to allowed_msgpack_modules to silence: [('router', 'PerceptionResult')]
Deserializing unregistered type router.RouteDecision from checkpoint. This will be blocked in a future version. Add to allowed_msgpack_modules to silence: [('router', 'RouteDecision')]
2026-04-14 11:01:02,335 - SessionLogger - INFO - [sim_FSM+Guardrail_P2_M-BUO-001_ca2dec] Student: 啊？重量真的没变吗……那我刚才说“重物必沉”好像有点不对劲了。既然重量一样，那是不是因为捏成球之后，它在水里占的地方变小了？
Deserializing unregistered type router.SessionMemory from checkpoint. This will be blocked in a future version. Add to allowed_msgpack_modules to silence: [('router', 'SessionMemory')]
Deserializing unregistered type router.PerceptionResult from checkpoint. This will be blocked in a future version. Add to allowed_msgpack_modules to silence: [('router', 'PerceptionResult')]
Deserializing unregistered type router.RouteDecision from checkpoint. This will be blocked in a future version. Add to allowed_msgpack_modules to silence: [('router', 'RouteDecision')]
2026-04-14 11:01:03,511 - SessionLogger - INFO - [sim_FSM+Guardrail_P1_M-BUO-001_c19487] Teacher: 你说得对，实心铁确实沉。但咱们别纠结大小，就看“重”这一点：如果“重”就一定会沉，那这一万吨的钢铁巨轮比小铁钉重亿万倍，按你的逻辑，它是不是应该像石头一样瞬间砸穿海底？
2026-04-14 11:01:04,753 - SessionLogger - INFO - [sim_FSM_P2_M-BUO-001_bdf8a0] Student: 应该是和它“挤开”的那部分水的重力比吧？如果挤开的水比物体本身还重，那水就能把它托起来？
Deserializing unregistered type router.SessionMemory from checkpoint. This will be blocked in a future version. Add to allowed_msgpack_modules to silence: [('router', 'SessionMemory')]
Deserializing unregistered type router.PerceptionResult from checkpoint. This will be blocked in a future version. Add to allowed_msgpack_modules to silence: [('router', 'PerceptionResult')]
Deserializing unregistered type router.RouteDecision from checkpoint. This will be blocked in a future version. Add to allowed_msgpack_modules to silence: [('router', 'RouteDecision')]
2026-04-14 11:01:05,444 - SessionLogger - INFO - [sim_FSM+Guardrail_P1_M-BUO-001_c19487] Student: 那是因为它里面有空气啊，空气轻，把它托住了。要是把空气抽走，光看钢铁本身，那么重肯定还是得沉，这逻辑没毛病吧？
Deserializing unregistered type router.SessionMemory from checkpoint. This will be blocked in a future version. Add to allowed_msgpack_modules to silence: [('router', 'SessionMemory')]
Deserializing unregistered type router.PerceptionResult from checkpoint. This will be blocked in a future version. Add to allowed_msgpack_modules to silence: [('router', 'PerceptionResult')]
Deserializing unregistered type router.RouteDecision from checkpoint. This will be blocked in a future version. Add to allowed_msgpack_modules to silence: [('router', 'RouteDecision')]
2026-04-14 11:01:07,386 - SessionLogger - INFO - [sim_Baseline_P2_M-BUO-001_9bfb1f] Teacher: 没错，这就是二力平衡。

那如果往这个铁碗里慢慢加水，它的重力变大了，为了保持漂浮，它排开水的体积会发生什么变化？
2026-04-14 11:01:08,825 - SessionLogger - INFO - [sim_Baseline_P2_M-BUO-001_9bfb1f] Student: 重力变大了，那浮力也得跟着变大才能平衡，所以它得往下沉一点，排开更多的水？
我好像有点明白了，原来能不能浮起来，不光看东西有多重，还得看它能“挤走”多少水。
Deserializing unregistered type router.SessionMemory from checkpoint. This will be blocked in a future version. Add to allowed_msgpack_modules to silence: [('router', 'SessionMemory')]
Deserializing unregistered type router.PerceptionResult from checkpoint. This will be blocked in a future version. Add to allowed_msgpack_modules to silence: [('router', 'PerceptionResult')]
Deserializing unregistered type router.RouteDecision from checkpoint. This will be blocked in a future version. Add to allowed_msgpack_modules to silence: [('router', 'RouteDecision')]
2026-04-14 11:01:11,869 - SessionLogger - INFO - [sim_FSM_P1_M-BUO-001_62e0a3] Teacher: 注意，你刚才描述的是木块从“部分露出水面”到“完全没入水中”的过程，这时候排开的水确实变多了。

但如果木块已经**完全浸没**在水面下了，你再把它往下按到更深的地方，它占据的空间（体积）真的会因为你按得更深而继续变大吗？
2026-04-14 11:01:11,996 - SessionLogger - INFO - [sim_FSM+Guardrail_P2_M-BUO-001_ca2dec] Teacher: 没错，重量没变，但它“挤开”水的空间确实变小了。

既然向上的托力（浮力）和这个“挤开”的空间有关，你觉得当它占的地方变小时，水给它的向上托力是变大了还是变小了？
2026-04-14 11:01:12,976 - SessionLogger - INFO - [sim_FSM_P1_M-BUO-001_62e0a3] Student: 可是按得越深，水对它的压力不是越大吗？压力大肯定挤得更厉害，排开的水当然更多啊，这还用问吗？
Deserializing unregistered type router.SessionMemory from checkpoint. This will be blocked in a future version. Add to allowed_msgpack_modules to silence: [('router', 'SessionMemory')]
Deserializing unregistered type router.PerceptionResult from checkpoint. This will be blocked in a future version. Add to allowed_msgpack_modules to silence: [('router', 'PerceptionResult')]
Deserializing unregistered type router.RouteDecision from checkpoint. This will be blocked in a future version. Add to allowed_msgpack_modules to silence: [('router', 'RouteDecision')]
2026-04-14 11:01:13,714 - SessionLogger - INFO - [sim_Baseline_P2_M-BUO-001_9bfb1f] Teacher: 你说得很对，关键就在于这个“挤走”水的能力。

那如果水加得太多，碗沿都碰到水面了，这时候还能继续通过“多排开水”来增加浮力吗？
2026-04-14 11:01:23,090 - SessionLogger - INFO - [sim_FSM_P2_M-BUO-001_bdf8a0] Teacher: 你说得很对，这就是阿基米德原理的核心。

那么请你推想一下：如果一艘轮船装载了太多的货物，导致它下沉得更深，直到它排开的水的重力依然小于船和货物的总重力，这时候会发生什么？
2026-04-14 11:01:23,091 - SessionLogger - INFO - [sim_FSM_P2_M-BUO-001_bdf8a0] Session finished. Resolved: True
2026-04-14 11:01:23,091 - SessionLogger - INFO - [sim_Baseline_P3_M-BUO-001_fde536] Starting session
2026-04-14 11:01:23,091 - SessionLogger - INFO - Initialized Session sim_Baseline_P3_M-BUO-001_fde536 on Unknown for Unknown with version FSM+Guardrail
2026-04-14 11:01:24,426 - SessionLogger - INFO - [sim_Baseline_P3_M-BUO-001_fde536] Student Opening: 老师，为什么大轮船那么重还能浮在水面上，而我扔个小石子它就沉下去了？这不科学啊，重的不是应该下沉吗？
2026-04-14 11:01:24,433 - SessionLogger - INFO - [sim_Baseline_P1_M-BUO-001_55c760] Teacher: 你说得对，铁球确实沉了，说明重力赢了。

但既然你承认水有“抵消”作用，那如果我把这个铁球做成碗状，让它排开更多的水，你觉得这个“抵消力”会变大还是变小？
2026-04-14 11:01:24,440 - SessionLogger - INFO - [sim_Baseline_P2_M-BUO-001_9bfb1f] Student: 不能了吧，碗都已经全浸没在水里了，没法再排开更多的水，浮力也就到顶了。
这时候如果再加水，重力超过最大浮力，它肯定就沉下去了？
Deserializing unregistered type router.SessionMemory from checkpoint. This will be blocked in a future version. Add to allowed_msgpack_modules to silence: [('router', 'SessionMemory')]
Deserializing unregistered type router.PerceptionResult from checkpoint. This will be blocked in a future version. Add to allowed_msgpack_modules to silence: [('router', 'PerceptionResult')]
Deserializing unregistered type router.RouteDecision from checkpoint. This will be blocked in a future version. Add to allowed_msgpack_modules to silence: [('router', 'RouteDecision')]
2026-04-14 11:01:25,478 - SessionLogger - INFO - [sim_FSM+Guardrail_P2_M-BUO-001_ca2dec] Student: 挤开的水变少了，那向上的托力肯定也变小了吧？所以是因为托力不够大，才拉不住它沉下去的吗？
Deserializing unregistered type router.SessionMemory from checkpoint. This will be blocked in a future version. Add to allowed_msgpack_modules to silence: [('router', 'SessionMemory')]
Deserializing unregistered type router.PerceptionResult from checkpoint. This will be blocked in a future version. Add to allowed_msgpack_modules to silence: [('router', 'PerceptionResult')]
Deserializing unregistered type router.RouteDecision from checkpoint. This will be blocked in a future version. Add to allowed_msgpack_modules to silence: [('router', 'RouteDecision')]
2026-04-14 11:01:27,067 - SessionLogger - INFO - [sim_Baseline_P1_M-BUO-001_55c760] Student: 做成碗状它不还是铁做的吗？重量一点没变，怎么可能浮起来。你别老想着改变形状，重的东西不管怎么弄，最后肯定还是沉。
Deserializing unregistered type router.SessionMemory from checkpoint. This will be blocked in a future version. Add to allowed_msgpack_modules to silence: [('router', 'SessionMemory')]
Deserializing unregistered type router.PerceptionResult from checkpoint. This will be blocked in a future version. Add to allowed_msgpack_modules to silence: [('router', 'PerceptionResult')]
Deserializing unregistered type router.RouteDecision from checkpoint. This will be blocked in a future version. Add to allowed_msgpack_modules to silence: [('router', 'RouteDecision')]
2026-04-14 11:01:27,575 - SessionLogger - INFO - [sim_FSM+Guardrail_P1_M-BUO-001_c19487] Teacher: 好，那咱们就顺着你的逻辑想：如果把船里的空气抽走，换成同样体积的水，这时候船壳还是那么重，你觉得它是会沉得更快，还是能勉强浮着？
2026-04-14 11:01:29,084 - SessionLogger - INFO - [sim_FSM+Guardrail_P1_M-BUO-001_c19487] Student: 那肯定沉得更快啊！本来就有空气托着，现在换成水，没了轻的东西帮忙，那么重的铁壳子绝对直接到底。
Deserializing unregistered type router.SessionMemory from checkpoint. This will be blocked in a future version. Add to allowed_msgpack_modules to silence: [('router', 'SessionMemory')]
Deserializing unregistered type router.PerceptionResult from checkpoint. This will be blocked in a future version. Add to allowed_msgpack_modules to silence: [('router', 'PerceptionResult')]
Deserializing unregistered type router.RouteDecision from checkpoint. This will be blocked in a future version. Add to allowed_msgpack_modules to silence: [('router', 'RouteDecision')]
2026-04-14 11:01:29,630 - SessionLogger - INFO - [sim_FSM_P1_M-BUO-001_62e0a3] Teacher: 如果“压力大”就意味着“排开的水更多”，那我们把一个坚硬的实心铁块从浅水移到万米深海，它受到的压力增加了成千上万倍，难道它的体积会被压缩到几乎消失，从而排开极少的水吗？
2026-04-14 11:01:31,655 - SessionLogger - INFO - [sim_FSM_P1_M-BUO-001_62e0a3] Student: 铁块是固体，当然不会被压缩变小，它还是那么大。但这跟木块不一样啊，木块轻所以容易受影响，我说的是重物必沉，重的东西下去就是排开得多。
2026-04-14 11:01:31,655 - SessionLogger - INFO - [sim_FSM_P1_M-BUO-001_62e0a3] Session finished. Resolved: False
2026-04-14 11:01:31,656 - SessionLogger - INFO - [sim_FSM_P3_M-BUO-001_4ef855] Starting session
2026-04-14 11:01:31,656 - SessionLogger - INFO - Initialized Session sim_FSM_P3_M-BUO-001_4ef855 on Unknown for Unknown with version FSM+Guardrail
2026-04-14 11:01:33,253 - SessionLogger - INFO - [sim_FSM_P3_M-BUO-001_4ef855] Student Opening: 老师，为什么铁块扔水里就沉底了，但那么大的轮船也是铁做的却能浮在水面上？是不是因为船里面是空的，所以它其实变“轻”了？
2026-04-14 11:01:33,296 - SessionLogger - INFO - [sim_Baseline_P2_M-BUO-001_9bfb1f] Teacher: 分析得非常到位！

那你想想，刚才那个实心的小铁钉，它一入水就是“全浸没”状态，为什么它没法像铁碗那样获得足够的浮力漂起来呢？
2026-04-14 11:01:33,297 - SessionLogger - INFO - [sim_Baseline_P3_M-BUO-001_fde536] Teacher: 你说得对，光看重量确实容易让人困惑。那你想想，如果把那块小石子捏成薄薄的碗状放在水里，它还会立刻沉下去吗？
2026-04-14 11:01:34,772 - SessionLogger - INFO - [sim_Baseline_P2_M-BUO-001_9bfb1f] Student: 因为它太小了，全浸没也只能排开很少的水，产生的浮力根本不够抵消它的重力。
所以我之前觉得“重就沉”其实不对，应该是看它能不能排开足够多的水来产生够大的浮力？
Deserializing unregistered type router.SessionMemory from checkpoint. This will be blocked in a future version. Add to allowed_msgpack_modules to silence: [('router', 'SessionMemory')]
Deserializing unregistered type router.PerceptionResult from checkpoint. This will be blocked in a future version. Add to allowed_msgpack_modules to silence: [('router', 'PerceptionResult')]
Deserializing unregistered type router.RouteDecision from checkpoint. This will be blocked in a future version. Add to allowed_msgpack_modules to silence: [('router', 'RouteDecision')]
2026-04-14 11:01:36,723 - SessionLogger - INFO - [sim_Baseline_P3_M-BUO-001_fde536] Student: 啊？石子捏成碗状……那它不还是那块石子吗？重量没变呀，难道形状变了它就能浮起来？我不太明白。
Deserializing unregistered type router.SessionMemory from checkpoint. This will be blocked in a future version. Add to allowed_msgpack_modules to silence: [('router', 'SessionMemory')]
Deserializing unregistered type router.PerceptionResult from checkpoint. This will be blocked in a future version. Add to allowed_msgpack_modules to silence: [('router', 'PerceptionResult')]
Deserializing unregistered type router.RouteDecision from checkpoint. This will be blocked in a future version. Add to allowed_msgpack_modules to silence: [('router', 'RouteDecision')]
2026-04-14 11:01:36,976 - SessionLogger - INFO - [sim_Baseline_P1_M-BUO-001_55c760] Teacher: 重量确实没变，但你想过没有，做成碗状后，它“占”的水的空间（排开水的体积）是变大了还是变小了？

如果水对物体的托力跟它排开的水量有关，那这个托力会不会也跟着变大呢？
2026-04-14 11:01:46,201 - SessionLogger - INFO - [sim_FSM+Guardrail_P2_M-BUO-001_ca2dec] Teacher: 你说得很有道理。那反过来想，为什么把它捏成空心的碗状时，它就能“挤开”更多的水，从而获得足够大的托力浮起来呢？
2026-04-14 11:01:46,201 - SessionLogger - INFO - [sim_FSM+Guardrail_P2_M-BUO-001_ca2dec] Session finished. Resolved: True
2026-04-14 11:01:46,201 - SessionLogger - INFO - [sim_FSM+Guardrail_P3_M-BUO-001_f0aa81] Starting session
2026-04-14 11:01:46,201 - SessionLogger - INFO - Initialized Session sim_FSM+Guardrail_P3_M-BUO-001_f0aa81 on Unknown for Unknown with version FSM+Guardrail
2026-04-14 11:01:47,306 - SessionLogger - INFO - [sim_FSM+Guardrail_P3_M-BUO-001_f0aa81] Student Opening: 老师，为什么大铁块扔水里就沉底了，但小木头却能浮着？是不是因为铁块太重了，水托不住它呀？
2026-04-14 11:01:47,334 - SessionLogger - INFO - [sim_FSM+Guardrail_P1_M-BUO-001_c19487] Teacher: 既然你觉得是“轻的空气”在帮忙，那如果我把船舱里的空气换成更轻的氢气，这艘铁船是不是就能像气球一样飞上天了？
2026-04-14 11:01:47,347 - SessionLogger - INFO - [sim_Baseline_P2_M-BUO-001_9bfb1f] Teacher: 没错，这就是关键！

那既然“排开水的体积”这么重要，你觉得对于同一个物体（比如这块橡皮泥），把它捏成实心球和捏成碗状，哪种形状能排开更多的水？
2026-04-14 11:01:47,350 - SessionLogger - INFO - [sim_Baseline_P1_M-BUO-001_55c760] Student: 占的地方大有什么用？它还是那么重啊。我觉得托力跟占多大地方没关系，主要还是看东西本身重不重，重的肯定沉。
2026-04-14 11:01:47,351 - SessionLogger - INFO - [sim_Baseline_P1_M-BUO-001_55c760] Session finished. Resolved: False
2026-04-14 11:01:47,353 - SessionLogger - INFO - [sim_Baseline_P1_M-BUO-002_208e84] Starting session
2026-04-14 11:01:47,353 - SessionLogger - INFO - Initialized Session sim_Baseline_P1_M-BUO-002_208e84 on Unknown for Unknown with version FSM+Guardrail
2026-04-14 11:01:50,768 - SessionLogger - INFO - [sim_Baseline_P1_M-BUO-002_208e84] Student Opening: 老师，我觉得浮力肯定跟深度有关啊，水越深压强越大，那把东西按得越深，受到的浮力不就越大吗？
2026-04-14 11:01:50,777 - SessionLogger - INFO - [sim_FSM+Guardrail_P1_M-BUO-001_c19487] Student: 老师你别开玩笑了，氢气再轻也托不动几万吨的铁啊。铁那么重，不管里面装什么气体，它肯定还是沉在水里的。
Deserializing unregistered type router.SessionMemory from checkpoint. This will be blocked in a future version. Add to allowed_msgpack_modules to silence: [('router', 'SessionMemory')]
Deserializing unregistered type router.PerceptionResult from checkpoint. This will be blocked in a future version. Add to allowed_msgpack_modules to silence: [('router', 'PerceptionResult')]
Deserializing unregistered type router.RouteDecision from checkpoint. This will be blocked in a future version. Add to allowed_msgpack_modules to silence: [('router', 'RouteDecision')]
2026-04-14 11:01:50,785 - SessionLogger - INFO - [sim_Baseline_P3_M-BUO-001_fde536] Teacher: 重量确实没变，但你把它做成碗状放进水里时，它“挤走”的水是不是比原来那颗实心石子多多了？
2026-04-14 11:01:52,202 - SessionLogger - INFO - [sim_Baseline_P3_M-BUO-001_fde536] Student: 挤走的水……是变多了，但这跟它浮起来有啥关系呀？水又不是手，还能把它托住不成？
Deserializing unregistered type router.SessionMemory from checkpoint. This will be blocked in a future version. Add to allowed_msgpack_modules to silence: [('router', 'SessionMemory')]
Deserializing unregistered type router.PerceptionResult from checkpoint. This will be blocked in a future version. Add to allowed_msgpack_modules to silence: [('router', 'PerceptionResult')]
Deserializing unregistered type router.RouteDecision from checkpoint. This will be blocked in a future version. Add to allowed_msgpack_modules to silence: [('router', 'RouteDecision')]
2026-04-14 11:01:52,976 - SessionLogger - INFO - [sim_FSM_P3_M-BUO-001_4ef855] Teacher: 这个直觉很自然，毕竟我们平时觉得轻的东西才容易浮起来。

但你想，一艘满载货物的巨轮，它的总重量可是成千上万吨，这比一块小小的实心铁块重了无数倍，如果“变轻”是浮起来的原因，那它为什么没被自己的重量压沉呢？
2026-04-14 11:01:54,066 - SessionLogger - INFO - [sim_FSM_P3_M-BUO-001_4ef855] Student: 啊？可是它那么重……难道不是越重的东西越容易往下掉吗？我还是觉得是不是因为它体积大，所以水把它“托”住了？
Deserializing unregistered type router.SessionMemory from checkpoint. This will be blocked in a future version. Add to allowed_msgpack_modules to silence: [('router', 'SessionMemory')]
Deserializing unregistered type router.PerceptionResult from checkpoint. This will be blocked in a future version. Add to allowed_msgpack_modules to silence: [('router', 'PerceptionResult')]
Deserializing unregistered type router.RouteDecision from checkpoint. This will be blocked in a future version. Add to allowed_msgpack_modules to silence: [('router', 'RouteDecision')]
2026-04-14 11:01:54,325 - SessionLogger - INFO - [sim_Baseline_P2_M-BUO-001_9bfb1f] Student: 捏成碗状吧，因为碗中间是空的，能“占”更大的地方，排开的水肯定比实心球多。
所以只要形状改得好，让排开的水够多，浮力就能变大把它托住？
Deserializing unregistered type router.SessionMemory from checkpoint. This will be blocked in a future version. Add to allowed_msgpack_modules to silence: [('router', 'SessionMemory')]
Deserializing unregistered type router.PerceptionResult from checkpoint. This will be blocked in a future version. Add to allowed_msgpack_modules to silence: [('router', 'PerceptionResult')]
Deserializing unregistered type router.RouteDecision from checkpoint. This will be blocked in a future version. Add to allowed_msgpack_modules to silence: [('router', 'RouteDecision')]
2026-04-14 11:01:58,933 - SessionLogger - INFO - [sim_FSM+Guardrail_P1_M-BUO-001_c19487] Teacher: 这就奇怪了，刚才你还说是空气把船“托住”的，现在又说气体根本托不动铁。

那咱们换个角度：如果我把这团钢铁捏成一个实心的铁球扔进水里，它排开的水很少；但如果我把它做成空心的船形，它排开的水是不是变多了？
2026-04-14 11:01:59,749 - SessionLogger - INFO - [sim_Baseline_P3_M-BUO-001_fde536] Teacher: 你试着把手掌平压进水里，是不是感觉水在往上顶你的手？排开的水越多，这个向上的“托力”就越大。
2026-04-14 11:02:00,818 - SessionLogger - INFO - [sim_FSM+Guardrail_P1_M-BUO-001_c19487] Student: 排开的水是多了一点，但这跟沉浮有啥关系？铁就是铁，那么重的东西，不管排开多少水，它肯定还是得沉下去的。
2026-04-14 11:02:00,818 - SessionLogger - INFO - [sim_FSM+Guardrail_P1_M-BUO-001_c19487] Session finished. Resolved: False
2026-04-14 11:02:00,818 - SessionLogger - INFO - [sim_FSM_P1_M-BUO-002_09a2a7] Starting session
2026-04-14 11:02:00,818 - SessionLogger - INFO - Initialized Session sim_FSM_P1_M-BUO-002_09a2a7 on Unknown for Unknown with version FSM+Guardrail
2026-04-14 11:02:01,967 - SessionLogger - INFO - [sim_FSM_P1_M-BUO-002_09a2a7] Student Opening: 老师，我觉得潜水艇潜得越深受到的浮力肯定越大啊，毕竟水那么深，压强那么大，托着它的力不就变大了吗？
2026-04-14 11:02:02,807 - SessionLogger - INFO - [sim_Baseline_P2_M-BUO-001_9bfb1f] Teacher: 没错，这就是“空心”的妙处！

那既然形状能改变排开水的体积，你觉得如果我把这个铁碗压扁成实心铁块，它还能排开那么多水吗？
2026-04-14 11:02:02,864 - SessionLogger - INFO - [sim_FSM_P3_M-BUO-001_4ef855] Teacher: 你的直觉很敏锐，确实和“体积”有关，但光有体积还不够。

想象一下，如果我们把那块实心小铁块也做成和轮船一样巨大的体积（当然保持它是实心的铁），你觉得它还能浮起来吗？
2026-04-14 11:02:03,661 - SessionLogger - INFO - [sim_Baseline_P3_M-BUO-001_fde536] Student: 哦……所以那个“托力”变大，是因为碗状排开的水多？那是不是只要这个托力够大，就算是很重的铁碗也能被水托住？
Deserializing unregistered type router.SessionMemory from checkpoint. This will be blocked in a future version. Add to allowed_msgpack_modules to silence: [('router', 'SessionMemory')]
Deserializing unregistered type router.PerceptionResult from checkpoint. This will be blocked in a future version. Add to allowed_msgpack_modules to silence: [('router', 'PerceptionResult')]
Deserializing unregistered type router.RouteDecision from checkpoint. This will be blocked in a future version. Add to allowed_msgpack_modules to silence: [('router', 'RouteDecision')]
2026-04-14 11:02:04,158 - SessionLogger - INFO - [sim_Baseline_P2_M-BUO-001_9bfb1f] Student: 肯定不行啊，压扁成实心块后，它占的地方变小了，排开的水自然就少了。
看来光看重量没用，还得看它实际“挤走”了多少水，挤走得越多浮力才越大？
Deserializing unregistered type router.SessionMemory from checkpoint. This will be blocked in a future version. Add to allowed_msgpack_modules to silence: [('router', 'SessionMemory')]
Deserializing unregistered type router.PerceptionResult from checkpoint. This will be blocked in a future version. Add to allowed_msgpack_modules to silence: [('router', 'PerceptionResult')]
Deserializing unregistered type router.RouteDecision from checkpoint. This will be blocked in a future version. Add to allowed_msgpack_modules to silence: [('router', 'RouteDecision')]
2026-04-14 11:02:05,956 - SessionLogger - INFO - [sim_FSM_P3_M-BUO-001_4ef855] Student: 呃……如果还是实心的铁，那肯定还是沉吧？毕竟铁就是铁，不管多大块，它不还是很重吗？
Deserializing unregistered type router.SessionMemory from checkpoint. This will be blocked in a future version. Add to allowed_msgpack_modules to silence: [('router', 'SessionMemory')]
Deserializing unregistered type router.PerceptionResult from checkpoint. This will be blocked in a future version. Add to allowed_msgpack_modules to silence: [('router', 'PerceptionResult')]
Deserializing unregistered type router.RouteDecision from checkpoint. This will be blocked in a future version. Add to allowed_msgpack_modules to silence: [('router', 'RouteDecision')]
2026-04-14 11:02:06,210 - SessionLogger - INFO - [sim_FSM+Guardrail_P3_M-BUO-001_f0aa81] Teacher: 如果“太重”是下沉的唯一原因，那比这块铁重成千上万吨的钢铁巨轮，为什么反而能浮在海面上呢？
2026-04-14 11:02:06,948 - SessionLogger - INFO - [sim_Baseline_P3_M-BUO-001_fde536] Teacher: 没错，关键就在于这个“托力”能不能抵消铁碗的重力。那你觉得，如果往这个浮着的铁碗里不断加水，最后会发生什么？
2026-04-14 11:02:07,524 - SessionLogger - INFO - [sim_FSM+Guardrail_P3_M-BUO-001_f0aa81] Student: 呃……可是轮船里面是空的呀，跟实心的铁块不一样吧？我还是觉得如果是实心的，那么重肯定就沉下去了。
Deserializing unregistered type router.SessionMemory from checkpoint. This will be blocked in a future version. Add to allowed_msgpack_modules to silence: [('router', 'SessionMemory')]
Deserializing unregistered type router.PerceptionResult from checkpoint. This will be blocked in a future version. Add to allowed_msgpack_modules to silence: [('router', 'PerceptionResult')]
Deserializing unregistered type router.RouteDecision from checkpoint. This will be blocked in a future version. Add to allowed_msgpack_modules to silence: [('router', 'RouteDecision')]
2026-04-14 11:02:08,458 - SessionLogger - INFO - [sim_Baseline_P3_M-BUO-001_fde536] Student: 那肯定会越来越沉，最后“咕咚”一下沉底吧？因为加水后总重量变大了呀，水托不住那么重的东西了。
Deserializing unregistered type router.SessionMemory from checkpoint. This will be blocked in a future version. Add to allowed_msgpack_modules to silence: [('router', 'SessionMemory')]
Deserializing unregistered type router.PerceptionResult from checkpoint. This will be blocked in a future version. Add to allowed_msgpack_modules to silence: [('router', 'PerceptionResult')]
Deserializing unregistered type router.RouteDecision from checkpoint. This will be blocked in a future version. Add to allowed_msgpack_modules to silence: [('router', 'RouteDecision')]
2026-04-14 11:02:12,563 - SessionLogger - INFO - [sim_Baseline_P1_M-BUO-002_208e84] Teacher: 你说的“压强变大”没错，但浮力其实是上下表面的**压力差**。

你想一想，如果一个铁块已经**完全浸没**在水里了，再把它往下按，它排开的水的体积会变多吗？
2026-04-14 11:02:13,091 - SessionLogger - INFO - [sim_Baseline_P3_M-BUO-001_fde536] Teacher: 没错，当总重力超过了水能提供的最大托力时，它就沉了。那你能不能猜猜，这个“最大托力”到底跟什么有关？
2026-04-14 11:02:13,929 - SessionLogger - INFO - [sim_Baseline_P1_M-BUO-002_208e84] Student: 排开的水体积是不变，但这不重要啊。
反正越往下按，水对它的压强越大，那托着它的力肯定也越大，浮力就是变大了。
Deserializing unregistered type router.SessionMemory from checkpoint. This will be blocked in a future version. Add to allowed_msgpack_modules to silence: [('router', 'SessionMemory')]
Deserializing unregistered type router.PerceptionResult from checkpoint. This will be blocked in a future version. Add to allowed_msgpack_modules to silence: [('router', 'PerceptionResult')]
Deserializing unregistered type router.RouteDecision from checkpoint. This will be blocked in a future version. Add to allowed_msgpack_modules to silence: [('router', 'RouteDecision')]
2026-04-14 11:02:16,292 - SessionLogger - INFO - [sim_FSM+Guardrail_P3_M-BUO-001_f0aa81] Teacher: 这个观察很敏锐，形状确实改变了结果。但如果我们把那块小木头也做成实心的铁球大小，它依然很轻且能浮着；这说明除了“重”，是不是还有别的因素在决定谁能被水托住？
2026-04-14 11:02:16,378 - SessionLogger - INFO - [sim_Baseline_P3_M-BUO-001_fde536] Student: 是不是跟铁碗能排开多少水有关？可是……如果我把实心的铁块扔进去，它排开的水也不少啊，为什么它就沉了呢？
Deserializing unregistered type router.SessionMemory from checkpoint. This will be blocked in a future version. Add to allowed_msgpack_modules to silence: [('router', 'SessionMemory')]
Deserializing unregistered type router.PerceptionResult from checkpoint. This will be blocked in a future version. Add to allowed_msgpack_modules to silence: [('router', 'PerceptionResult')]
Deserializing unregistered type router.RouteDecision from checkpoint. This will be blocked in a future version. Add to allowed_msgpack_modules to silence: [('router', 'RouteDecision')]
2026-04-14 11:02:16,726 - SessionLogger - INFO - [sim_FSM_P3_M-BUO-001_4ef855] Teacher: 没错，实心的铁不管多大都会沉。

那对比一下，当轮船做成空心的巨大形状时，它排开的水的体积，和同样重量的实心铁块排开的水的体积，哪个更大？
2026-04-14 11:02:18,499 - SessionLogger - INFO - [sim_FSM+Guardrail_P3_M-BUO-001_f0aa81] Student: 那……是因为木头比较“松”吗？可是老师，如果我把一大块木头压得很紧很紧，让它变得超级重，它会不会就沉下去了呀？
Deserializing unregistered type router.SessionMemory from checkpoint. This will be blocked in a future version. Add to allowed_msgpack_modules to silence: [('router', 'SessionMemory')]
Deserializing unregistered type router.PerceptionResult from checkpoint. This will be blocked in a future version. Add to allowed_msgpack_modules to silence: [('router', 'PerceptionResult')]
Deserializing unregistered type router.RouteDecision from checkpoint. This will be blocked in a future version. Add to allowed_msgpack_modules to silence: [('router', 'RouteDecision')]
2026-04-14 11:02:18,642 - SessionLogger - INFO - [sim_FSM_P3_M-BUO-001_4ef855] Student: 轮船那个大空壳子占的地方肯定大多了……所以它排开的水更多？但这跟它能不能浮起来有啥关系呀？
Deserializing unregistered type router.SessionMemory from checkpoint. This will be blocked in a future version. Add to allowed_msgpack_modules to silence: [('router', 'SessionMemory')]
Deserializing unregistered type router.PerceptionResult from checkpoint. This will be blocked in a future version. Add to allowed_msgpack_modules to silence: [('router', 'PerceptionResult')]
Deserializing unregistered type router.RouteDecision from checkpoint. This will be blocked in a future version. Add to allowed_msgpack_modules to silence: [('router', 'RouteDecision')]
2026-04-14 11:02:20,602 - SessionLogger - INFO - [sim_Baseline_P3_M-BUO-001_fde536] Teacher: 实心铁块排开的水，体积是不是就等于铁块本身的体积？而空心的铁碗，它“占据”并排开的水的体积，跟铁块本身比，哪个更大呢？
2026-04-14 11:02:20,602 - SessionLogger - INFO - [sim_Baseline_P3_M-BUO-001_fde536] Extending max_turns by 3 because cognitive_state is '新概念探索'
2026-04-14 11:02:22,085 - SessionLogger - INFO - [sim_Baseline_P3_M-BUO-001_fde536] Student: 铁碗排开的水肯定更多，因为它中间是空的，整个碗都浸在水里占地方。可是老师，这跟它沉不沉有什么关系呀？我还是觉得是因为铁碗轻才浮起来的。
Deserializing unregistered type router.SessionMemory from checkpoint. This will be blocked in a future version. Add to allowed_msgpack_modules to silence: [('router', 'SessionMemory')]
Deserializing unregistered type router.PerceptionResult from checkpoint. This will be blocked in a future version. Add to allowed_msgpack_modules to silence: [('router', 'PerceptionResult')]
Deserializing unregistered type router.RouteDecision from checkpoint. This will be blocked in a future version. Add to allowed_msgpack_modules to silence: [('router', 'RouteDecision')]
2026-04-14 11:02:24,303 - SessionLogger - INFO - [sim_Baseline_P1_M-BUO-002_208e84] Teacher: 确实，水越深，压强越大，所以物体**上表面**受到的向下压力变大了，**下表面**受到的向上压力也变大了。

但浮力是这两个力的**差值**。你想一想，当你把物体再往下按一点时，上表面和下表面增加的压强是一样的吗？那它们的压力差会变吗？
2026-04-14 11:02:25,557 - SessionLogger - INFO - [sim_Baseline_P1_M-BUO-002_208e84] Student: 那肯定是一样的啊，深度增加多少，上下表面的压强就都增加多少。
但是老师，既然下面的压强更大了，那向上的推力不就更强了吗？我觉得浮力还是变大了。
Deserializing unregistered type router.SessionMemory from checkpoint. This will be blocked in a future version. Add to allowed_msgpack_modules to silence: [('router', 'SessionMemory')]
Deserializing unregistered type router.PerceptionResult from checkpoint. This will be blocked in a future version. Add to allowed_msgpack_modules to silence: [('router', 'PerceptionResult')]
Deserializing unregistered type router.RouteDecision from checkpoint. This will be blocked in a future version. Add to allowed_msgpack_modules to silence: [('router', 'RouteDecision')]
2026-04-14 11:02:25,613 - SessionLogger - INFO - [sim_FSM_P1_M-BUO-002_09a2a7] Teacher: “照这个逻辑，如果在万米深的海底，压强是海面的上千倍，那潜水艇受到的浮力也会变成上千倍吗？它会不会像被弹簧弹起一样，根本按不住？”

这个提问旨在让学生意识到，如果浮力随深度线性（或大幅）增加，会导致违背常识的后果。
</think>

照这个逻辑，如果在万米深的海底，压强是海面的上千倍，那潜水艇受到的浮力也会变成上千倍吗？它会不会像被弹簧弹起一样，根本按不住？
2026-04-14 11:02:26,766 - SessionLogger - INFO - [sim_FSM_P3_M-BUO-001_4ef855] Teacher: 这就好比水和重力在“拔河”，排开的水越多，水向上托的力（浮力）就越大。

既然轮船排开了那么多水，你觉得这股向上的托力，有没有可能大到足以抵消它自身的重量呢？
2026-04-14 11:02:27,427 - SessionLogger - INFO - [sim_FSM_P1_M-BUO-002_09a2a7] Student: 那肯定啊，压强变大了那么多，向上的推力自然也跟着变大上千倍嘛。虽然听起来有点夸张，但水越深压力越大，浮力跟着变大不是理所当然的吗？
Deserializing unregistered type router.SessionMemory from checkpoint. This will be blocked in a future version. Add to allowed_msgpack_modules to silence: [('router', 'SessionMemory')]
Deserializing unregistered type router.PerceptionResult from checkpoint. This will be blocked in a future version. Add to allowed_msgpack_modules to silence: [('router', 'PerceptionResult')]
Deserializing unregistered type router.RouteDecision from checkpoint. This will be blocked in a future version. Add to allowed_msgpack_modules to silence: [('router', 'RouteDecision')]
2026-04-14 11:02:28,214 - SessionLogger - INFO - [sim_FSM+Guardrail_P3_M-BUO-001_f0aa81] Teacher: 这个直觉很敏锐，你其实已经摸到了“密度”的门槛。

如果木头被压缩后，同等体积下变得比水还“重”（也就是密度比水大），你觉得它还会浮着吗？
2026-04-14 11:02:29,166 - SessionLogger - INFO - [sim_Baseline_P1_M-BUO-002_208e84] Teacher: 没错，向上的推力确实变大了，但别忘了，向下的压力也**同样**变大了呀。

既然上下两个力都增加了相同的数值，你觉得它们之间的**差值**（也就是浮力）会发生变化吗？
2026-04-14 11:02:30,586 - SessionLogger - INFO - [sim_FSM+Guardrail_P3_M-BUO-001_f0aa81] Student: 啊？所以不是看它总共有多重，而是看同样大小的一块东西谁更“挤”吗？那……是不是只要我把它捏得比水还“紧”，它就会沉下去？
Deserializing unregistered type router.SessionMemory from checkpoint. This will be blocked in a future version. Add to allowed_msgpack_modules to silence: [('router', 'SessionMemory')]
Deserializing unregistered type router.PerceptionResult from checkpoint. This will be blocked in a future version. Add to allowed_msgpack_modules to silence: [('router', 'PerceptionResult')]
Deserializing unregistered type router.RouteDecision from checkpoint. This will be blocked in a future version. Add to allowed_msgpack_modules to silence: [('router', 'RouteDecision')]
2026-04-14 11:02:30,590 - SessionLogger - INFO - [sim_FSM_P3_M-BUO-001_4ef855] Student: 你是说，虽然船很重，但因为排开的水特别多，所以水给的“托力”也特别大？大到能把这么重的船都顶住不掉下去？
Deserializing unregistered type router.SessionMemory from checkpoint. This will be blocked in a future version. Add to allowed_msgpack_modules to silence: [('router', 'SessionMemory')]
Deserializing unregistered type router.PerceptionResult from checkpoint. This will be blocked in a future version. Add to allowed_msgpack_modules to silence: [('router', 'PerceptionResult')]
Deserializing unregistered type router.RouteDecision from checkpoint. This will be blocked in a future version. Add to allowed_msgpack_modules to silence: [('router', 'RouteDecision')]
2026-04-14 11:02:33,235 - SessionLogger - INFO - [sim_Baseline_P1_M-BUO-002_208e84] Student: 可是老师，下面的面积和上面一样大，压强都变大了，那总的向上推力明明就是变强了啊。
我还是觉得越深浮力越大，您光说差值不变，我感觉不到啊。
Deserializing unregistered type router.SessionMemory from checkpoint. This will be blocked in a future version. Add to allowed_msgpack_modules to silence: [('router', 'SessionMemory')]
Deserializing unregistered type router.PerceptionResult from checkpoint. This will be blocked in a future version. Add to allowed_msgpack_modules to silence: [('router', 'PerceptionResult')]
Deserializing unregistered type router.RouteDecision from checkpoint. This will be blocked in a future version. Add to allowed_msgpack_modules to silence: [('router', 'RouteDecision')]
2026-04-14 11:02:36,513 - SessionLogger - INFO - [sim_FSM_P1_M-BUO-002_09a2a7] Teacher: 既然向上的推力变大了上千倍，那潜水艇在深海岂不是会像火箭一样自动“发射”回水面，根本不需要动力上浮？
2026-04-14 11:02:46,315 - SessionLogger - INFO - [sim_FSM_P3_M-BUO-001_4ef855] Teacher: 没错，就是这个道理！

那现在请你回想一下那个沉底的小铁钉，它排开的水很少，这意味着水给它的“托力”是很大还是很小呢？
2026-04-14 11:02:46,315 - SessionLogger - INFO - [sim_FSM_P3_M-BUO-001_4ef855] Session finished. Resolved: True
2026-04-14 11:02:46,316 - SessionLogger - INFO - [sim_FSM+Guardrail_P1_M-BUO-002_a1607a] Starting session
2026-04-14 11:02:46,316 - SessionLogger - INFO - Initialized Session sim_FSM+Guardrail_P1_M-BUO-002_a1607a on Unknown for Unknown with version FSM+Guardrail
2026-04-14 11:02:47,325 - SessionLogger - INFO - [sim_FSM+Guardrail_P1_M-BUO-002_a1607a] Student Opening: 老师，我觉得浮力肯定跟深度有关啊，水越深压强越大，那托着物体的力不就越大吗？
2026-04-14 11:02:47,332 - SessionLogger - INFO - [sim_FSM_P1_M-BUO-002_09a2a7] Student: 可是潜水艇在深海明明可以悬停或者慢慢上浮啊，并没有像火箭那样“嗖”地一下弹上去。但这也不能说明浮力没变大吧，也许是因为潜艇本身也很重，抵消了一部分呢？
Deserializing unregistered type router.SessionMemory from checkpoint. This will be blocked in a future version. Add to allowed_msgpack_modules to silence: [('router', 'SessionMemory')]
Deserializing unregistered type router.PerceptionResult from checkpoint. This will be blocked in a future version. Add to allowed_msgpack_modules to silence: [('router', 'PerceptionResult')]
Deserializing unregistered type router.RouteDecision from checkpoint. This will be blocked in a future version. Add to allowed_msgpack_modules to silence: [('router', 'RouteDecision')]
2026-04-14 11:02:47,345 - SessionLogger - INFO - [sim_FSM+Guardrail_P3_M-BUO-001_f0aa81] Teacher: 没错，这种“挤”的程度（也就是密度）才是关键。

既然你觉得铁块沉是因为它比水“挤”，那你能不能凭感觉猜一猜：同样大小的一块铁和一杯水，谁更“重”一些？
2026-04-14 11:02:47,350 - SessionLogger - INFO - [sim_Baseline_P1_M-BUO-002_208e84] Teacher: 你说得对，向上的力确实变大了。但浮力是“向上推力”减去“向下压力”。

既然向下的压力也**同样**变大了，这两个变大的力互相抵消后，剩下的那个“差值”真的会变吗？
2026-04-14 11:02:48,546 - SessionLogger - INFO - [sim_FSM+Guardrail_P3_M-BUO-001_f0aa81] Student: 肯定是铁更重啊，拿在手里沉甸甸的。所以……是因为它比同体积的水重，所以才沉下去的吗？
Deserializing unregistered type router.SessionMemory from checkpoint. This will be blocked in a future version. Add to allowed_msgpack_modules to silence: [('router', 'SessionMemory')]
Deserializing unregistered type router.PerceptionResult from checkpoint. This will be blocked in a future version. Add to allowed_msgpack_modules to silence: [('router', 'PerceptionResult')]
Deserializing unregistered type router.RouteDecision from checkpoint. This will be blocked in a future version. Add to allowed_msgpack_modules to silence: [('router', 'RouteDecision')]
2026-04-14 11:02:50,598 - SessionLogger - INFO - [sim_Baseline_P2_M-BUO-001_9bfb1f] Teacher: 太棒了，你已经抓住了核心！

那既然浮力大小取决于“挤走”水的多少，你觉得这跟物体浸入水中的**体积**有什么关系呢？
2026-04-14 11:02:51,715 - SessionLogger - INFO - [sim_Baseline_P3_M-BUO-001_fde536] Teacher: 那如果我把这个铁碗揉成一个实心小铁球，它的重量变了吗？既然重量没变，为什么刚才能浮，现在却沉了呢？
2026-04-14 11:02:51,980 - SessionLogger - INFO - [sim_Baseline_P1_M-BUO-002_208e84] Student: 反正我觉得越深压力越大，浮力就应该越大。
您一直说抵消，但我感觉下面的力明明更“实在”一点，怎么可能完全抵消呢？
Deserializing unregistered type router.SessionMemory from checkpoint. This will be blocked in a future version. Add to allowed_msgpack_modules to silence: [('router', 'SessionMemory')]
Deserializing unregistered type router.PerceptionResult from checkpoint. This will be blocked in a future version. Add to allowed_msgpack_modules to silence: [('router', 'PerceptionResult')]
Deserializing unregistered type router.RouteDecision from checkpoint. This will be blocked in a future version. Add to allowed_msgpack_modules to silence: [('router', 'RouteDecision')]
2026-04-14 11:02:52,068 - SessionLogger - INFO - [sim_Baseline_P2_M-BUO-001_9bfb1f] Student: 浸入水里的体积越大，挤走的水就越多，浮力也就越大呗。
所以我之前觉得“重就沉”太片面了，得看它浸在水里的那部分体积够不够大，能不能产生足够的浮力来抵消重力？
Deserializing unregistered type router.SessionMemory from checkpoint. This will be blocked in a future version. Add to allowed_msgpack_modules to silence: [('router', 'SessionMemory')]
Deserializing unregistered type router.PerceptionResult from checkpoint. This will be blocked in a future version. Add to allowed_msgpack_modules to silence: [('router', 'PerceptionResult')]
Deserializing unregistered type router.RouteDecision from checkpoint. This will be blocked in a future version. Add to allowed_msgpack_modules to silence: [('router', 'RouteDecision')]
2026-04-14 11:02:54,919 - SessionLogger - INFO - [sim_Baseline_P3_M-BUO-001_fde536] Student: 重量确实没变……但这让我更糊涂了。既然一样重，为什么形状变了结果就不一样？难道水还能“认”出它是碗还是球吗？
Deserializing unregistered type router.SessionMemory from checkpoint. This will be blocked in a future version. Add to allowed_msgpack_modules to silence: [('router', 'SessionMemory')]
Deserializing unregistered type router.PerceptionResult from checkpoint. This will be blocked in a future version. Add to allowed_msgpack_modules to silence: [('router', 'PerceptionResult')]
Deserializing unregistered type router.RouteDecision from checkpoint. This will be blocked in a future version. Add to allowed_msgpack_modules to silence: [('router', 'RouteDecision')]
2026-04-14 11:02:56,235 - SessionLogger - INFO - [sim_Baseline_P2_M-BUO-001_9bfb1f] Teacher: 你说得很对，这就是“平均密度”的概念。

那如果我把这个铁碗做得特别大、特别薄，让它排开的水的重力刚好等于它自身的重力，这时候它会处于什么状态呢？
2026-04-14 11:02:57,538 - SessionLogger - INFO - [sim_Baseline_P1_M-BUO-002_208e84] Teacher: 咱们别凭感觉，来算笔账试试？

假设物体高 10cm，现在从水深 20cm 处下潜到 30cm 处。你能分别算出这两种情况下，上下表面的**压强差**是多少吗？
2026-04-14 11:02:57,567 - SessionLogger - INFO - [sim_Baseline_P2_M-BUO-001_9bfb1f] Student: 那它应该既不上浮也不下沉，就悬在水里或者漂在水面上吧？
原来只要排开的水够重，哪怕铁本身很重也能浮起来，我之前只盯着铁的重量看真是想岔了。
2026-04-14 11:02:57,567 - SessionLogger - INFO - [sim_Baseline_P2_M-BUO-001_9bfb1f] Session finished. Resolved: False
2026-04-14 11:02:57,568 - SessionLogger - INFO - [sim_Baseline_P2_M-BUO-002_e85d09] Starting session
2026-04-14 11:02:57,568 - SessionLogger - INFO - Initialized Session sim_Baseline_P2_M-BUO-002_e85d09 on Unknown for Unknown with version FSM+Guardrail
2026-04-14 11:02:58,767 - SessionLogger - INFO - [sim_Baseline_P2_M-BUO-002_e85d09] Student Opening: 老师，我觉得物体在水里沉得越深，受到的浮力应该就越大吧？毕竟水越深压强不是越大吗？
2026-04-14 11:02:59,229 - SessionLogger - INFO - [sim_Baseline_P1_M-BUO-002_208e84] Student: 算出来压强差肯定是一样的啊，因为高度没变嘛。
但这只能说明压强差不变，不能说明浮力不变吧？毕竟深处的水压那么大，感觉浮力就是应该更大才对。
Deserializing unregistered type router.SessionMemory from checkpoint. This will be blocked in a future version. Add to allowed_msgpack_modules to silence: [('router', 'SessionMemory')]
Deserializing unregistered type router.PerceptionResult from checkpoint. This will be blocked in a future version. Add to allowed_msgpack_modules to silence: [('router', 'PerceptionResult')]
Deserializing unregistered type router.RouteDecision from checkpoint. This will be blocked in a future version. Add to allowed_msgpack_modules to silence: [('router', 'RouteDecision')]
2026-04-14 11:03:08,128 - SessionLogger - INFO - [sim_FSM+Guardrail_P3_M-BUO-001_f0aa81] Teacher: 没错，这就是关键！既然同体积的铁比水重，那反过来想，如果有一个物体，它排开的那部分水比它自己还重，你觉得水是会把它是“挤”下去，还是把它“托”起来？
2026-04-14 11:03:08,128 - SessionLogger - INFO - [sim_FSM+Guardrail_P3_M-BUO-001_f0aa81] Session finished. Resolved: True
2026-04-14 11:03:08,129 - SessionLogger - INFO - [sim_FSM_P2_M-BUO-002_8caa20] Starting session
2026-04-14 11:03:08,129 - SessionLogger - INFO - Initialized Session sim_FSM_P2_M-BUO-002_8caa20 on Unknown for Unknown with version FSM+Guardrail
2026-04-14 11:03:09,037 - SessionLogger - INFO - [sim_FSM_P2_M-BUO-002_8caa20] Student Opening: 老师，我觉得潜水艇潜得越深，受到的浮力应该越大吧？毕竟水越深压强不是越大吗？
2026-04-14 11:03:09,082 - SessionLogger - INFO - [sim_FSM_P1_M-BUO-002_09a2a7] Teacher: 你说得对，重力确实抵消了一部分。但请注意，潜水艇下潜过程中，它的钢铁外壳并没有被压缩变小，也就是说它排开水的体积其实没变。

既然排开的水量没变，你觉得那个“托着它的力”真的会随着深度发生巨大的改变吗？
2026-04-14 11:03:09,087 - SessionLogger - INFO - [sim_FSM+Guardrail_P1_M-BUO-002_a1607a] Teacher: 照这个逻辑，如果把一个铁块扔到世界上最深的马里亚纳海沟，那里压强极大，它受到的浮力会不会大到让它像皮球一样自动浮出水面？
2026-04-14 11:03:11,835 - SessionLogger - INFO - [sim_Baseline_P3_M-BUO-001_fde536] Teacher: 水当然不认形状，但它只认“被挤占了多少地盘”。你想想，碗状和球状，谁挤占的水更多？这多挤占的水，对铁块产生的向上托力会有什么不同？
2026-04-14 11:03:12,158 - SessionLogger - INFO - [sim_Baseline_P1_M-BUO-002_208e84] Teacher: 既然压强差没变，而物体的底面积也是固定的，根据 $F=pS$，你觉得这个压力差（也就是浮力）会变吗？
2026-04-14 11:03:12,159 - SessionLogger - INFO - [sim_Baseline_P1_M-BUO-002_208e84] Extending max_turns by 3 because cognitive_state is '新概念探索'
2026-04-14 11:03:12,969 - SessionLogger - INFO - [sim_FSM+Guardrail_P1_M-BUO-002_a1607a] Student: 那……那肯定还是沉底啊，铁块那么重。但我觉得在海底它受到的向上推力，绝对比在浅水区要大得多！
Deserializing unregistered type router.SessionMemory from checkpoint. This will be blocked in a future version. Add to allowed_msgpack_modules to silence: [('router', 'SessionMemory')]
Deserializing unregistered type router.PerceptionResult from checkpoint. This will be blocked in a future version. Add to allowed_msgpack_modules to silence: [('router', 'PerceptionResult')]
Deserializing unregistered type router.RouteDecision from checkpoint. This will be blocked in a future version. Add to allowed_msgpack_modules to silence: [('router', 'RouteDecision')]
2026-04-14 11:03:13,113 - SessionLogger - INFO - [sim_FSM_P1_M-BUO-002_09a2a7] Student: 可是老师，虽然体积没变，但深处的水压那么大，那种挤压的感觉明明更强了，向上的力怎么可能不变呢？我还是觉得深度越深，那个托力肯定越大。
Deserializing unregistered type router.SessionMemory from checkpoint. This will be blocked in a future version. Add to allowed_msgpack_modules to silence: [('router', 'SessionMemory')]
Deserializing unregistered type router.PerceptionResult from checkpoint. This will be blocked in a future version. Add to allowed_msgpack_modules to silence: [('router', 'PerceptionResult')]
Deserializing unregistered type router.RouteDecision from checkpoint. This will be blocked in a future version. Add to allowed_msgpack_modules to silence: [('router', 'RouteDecision')]
2026-04-14 11:03:13,754 - SessionLogger - INFO - [sim_Baseline_P2_M-BUO-002_e85d09] Teacher: 这个直觉很有趣！不过咱们回想一下阿基米德原理，浮力的大小主要取决于哪两个因素？

当物体完全没入水中后，再往下沉，它排开水的体积发生变化了吗？
2026-04-14 11:03:15,285 - SessionLogger - INFO - [sim_Baseline_P2_M-BUO-002_e85d09] Student: 排开水的体积……好像确实没变，一直是物体的体积。但老师，深度增加压强不是变大很多吗？这不会影响浮力的大小吗？
Deserializing unregistered type router.SessionMemory from checkpoint. This will be blocked in a future version. Add to allowed_msgpack_modules to silence: [('router', 'SessionMemory')]
Deserializing unregistered type router.PerceptionResult from checkpoint. This will be blocked in a future version. Add to allowed_msgpack_modules to silence: [('router', 'PerceptionResult')]
Deserializing unregistered type router.RouteDecision from checkpoint. This will be blocked in a future version. Add to allowed_msgpack_modules to silence: [('router', 'RouteDecision')]
2026-04-14 11:03:16,588 - SessionLogger - INFO - [sim_Baseline_P1_M-BUO-002_208e84] Student: 可是老师，虽然公式算出来一样，但直觉告诉我深处水压那么大，托力肯定更强啊。
您这只是在玩文字游戏，我不信实际感觉会跟公式说的一模一样。
Deserializing unregistered type router.SessionMemory from checkpoint. This will be blocked in a future version. Add to allowed_msgpack_modules to silence: [('router', 'SessionMemory')]
Deserializing unregistered type router.PerceptionResult from checkpoint. This will be blocked in a future version. Add to allowed_msgpack_modules to silence: [('router', 'PerceptionResult')]
Deserializing unregistered type router.RouteDecision from checkpoint. This will be blocked in a future version. Add to allowed_msgpack_modules to silence: [('router', 'RouteDecision')]
2026-04-14 11:03:16,976 - SessionLogger - INFO - [sim_Baseline_P3_M-BUO-001_fde536] Student: 碗挤占的水更多……所以水给它的向上托力也更大？
可是，如果这个托力大到能抵消重量，那是不是因为碗“包”住了很多空气，让它整体变“轻”了？
Deserializing unregistered type router.SessionMemory from checkpoint. This will be blocked in a future version. Add to allowed_msgpack_modules to silence: [('router', 'SessionMemory')]
Deserializing unregistered type router.PerceptionResult from checkpoint. This will be blocked in a future version. Add to allowed_msgpack_modules to silence: [('router', 'PerceptionResult')]
Deserializing unregistered type router.RouteDecision from checkpoint. This will be blocked in a future version. Add to allowed_msgpack_modules to silence: [('router', 'RouteDecision')]
2026-04-14 11:03:21,080 - SessionLogger - INFO - [sim_FSM_P1_M-BUO-002_09a2a7] Teacher: 这种“挤压感”确实很强，但别忘了，巨大的水压是四面八方同时作用的。

既然上下表面都承受了同样巨大的额外压力，你觉得它们之间的“压力差”（也就是浮力）真的会因此变大吗？
2026-04-14 11:03:22,971 - SessionLogger - INFO - [sim_FSM_P1_M-BUO-002_09a2a7] Student: 可是上下表面的压力都变大了呀，既然下面的压力变得超级大，那向上的推力肯定也变大了啊。光说“压力差”太抽象了，我还是觉得深度越深浮力越大。
Deserializing unregistered type router.SessionMemory from checkpoint. This will be blocked in a future version. Add to allowed_msgpack_modules to silence: [('router', 'SessionMemory')]
Deserializing unregistered type router.PerceptionResult from checkpoint. This will be blocked in a future version. Add to allowed_msgpack_modules to silence: [('router', 'PerceptionResult')]
Deserializing unregistered type router.RouteDecision from checkpoint. This will be blocked in a future version. Add to allowed_msgpack_modules to silence: [('router', 'RouteDecision')]
2026-04-14 11:03:23,346 - SessionLogger - INFO - [sim_Baseline_P3_M-BUO-001_fde536] Teacher: 咱们先做个思想实验：如果把这个铁碗按到水底，把里面的空气全挤跑，只留铁壳浸在水里，你觉得它还能浮着吗？
2026-04-14 11:03:24,087 - SessionLogger - INFO - [sim_Baseline_P2_M-BUO-002_e85d09] Teacher: 你说得对，压强确实变大了。但别忘了，浮力其实是物体**上下表面受到的压力差**。

你想想看，当物体下沉时，它上表面和下表面受到的压强是同时增大的，那它们之间的“差值”会变吗？
2026-04-14 11:03:24,342 - SessionLogger - INFO - [sim_FSM_P2_M-BUO-002_8caa20] Teacher: 如果按这个逻辑，当潜水艇潜到几千米深的海底时，那里的压强是表面的几百倍，它受到的浮力也会变大几百倍，然后像弹簧一样把自己“嗖”地弹回水面吗？
2026-04-14 11:03:24,445 - SessionLogger - INFO - [sim_FSM+Guardrail_P1_M-BUO-002_a1607a] Teacher: 这个直觉确实很诱人，毕竟深海压强那么大。但如果浮力真的随深度一直变大，那潜水艇下潜到一定深度后，岂不是不用排水就能自动上浮了？
2026-04-14 11:03:25,323 - SessionLogger - INFO - [sim_Baseline_P3_M-BUO-001_fde536] Student: 啊？如果空气没了，它是不是就变回“纯铁”了？
那……没有空气帮忙，光靠那个薄薄的铁壳，应该就会沉下去吧？
Deserializing unregistered type router.SessionMemory from checkpoint. This will be blocked in a future version. Add to allowed_msgpack_modules to silence: [('router', 'SessionMemory')]
Deserializing unregistered type router.PerceptionResult from checkpoint. This will be blocked in a future version. Add to allowed_msgpack_modules to silence: [('router', 'PerceptionResult')]
Deserializing unregistered type router.RouteDecision from checkpoint. This will be blocked in a future version. Add to allowed_msgpack_modules to silence: [('router', 'RouteDecision')]
2026-04-14 11:03:27,382 - SessionLogger - INFO - [sim_FSM_P2_M-BUO-002_8caa20] Student: 呃……好像确实没听说过潜水艇会自己弹回来。那为什么压强变大了，浮力却不会跟着变大呢？
Deserializing unregistered type router.SessionMemory from checkpoint. This will be blocked in a future version. Add to allowed_msgpack_modules to silence: [('router', 'SessionMemory')]
Deserializing unregistered type router.PerceptionResult from checkpoint. This will be blocked in a future version. Add to allowed_msgpack_modules to silence: [('router', 'PerceptionResult')]
Deserializing unregistered type router.RouteDecision from checkpoint. This will be blocked in a future version. Add to allowed_msgpack_modules to silence: [('router', 'RouteDecision')]
2026-04-14 11:03:27,439 - SessionLogger - INFO - [sim_Baseline_P2_M-BUO-002_e85d09] Student: 呃……上下表面都变大了，那差值好像确实可能不变？但我还是有点晕，能不能举个具体的数字例子算给我看看？
Deserializing unregistered type router.SessionMemory from checkpoint. This will be blocked in a future version. Add to allowed_msgpack_modules to silence: [('router', 'SessionMemory')]
Deserializing unregistered type router.PerceptionResult from checkpoint. This will be blocked in a future version. Add to allowed_msgpack_modules to silence: [('router', 'PerceptionResult')]
Deserializing unregistered type router.RouteDecision from checkpoint. This will be blocked in a future version. Add to allowed_msgpack_modules to silence: [('router', 'RouteDecision')]
2026-04-14 11:03:28,239 - SessionLogger - INFO - [sim_FSM+Guardrail_P1_M-BUO-002_a1607a] Student: 潜水艇那是靠改变自身重力才浮起来的，跟浮力变不变没关系。反正我觉得水越深，挤得越紧，往上顶的力肯定越大，这有什么好怀疑的？
Deserializing unregistered type router.SessionMemory from checkpoint. This will be blocked in a future version. Add to allowed_msgpack_modules to silence: [('router', 'SessionMemory')]
Deserializing unregistered type router.PerceptionResult from checkpoint. This will be blocked in a future version. Add to allowed_msgpack_modules to silence: [('router', 'PerceptionResult')]
Deserializing unregistered type router.RouteDecision from checkpoint. This will be blocked in a future version. Add to allowed_msgpack_modules to silence: [('router', 'RouteDecision')]
2026-04-14 11:03:30,289 - SessionLogger - INFO - [sim_Baseline_P3_M-BUO-001_fde536] Teacher: 没错，光靠那点铁壳确实浮不起来。那这说明，真正让船浮起来的“主力军”，到底是那层薄薄的铁皮，还是它排开的那一大部分水呢？
2026-04-14 11:03:31,059 - SessionLogger - INFO - [sim_FSM_P1_M-BUO-002_09a2a7] Teacher: 想象你站在拥挤的电梯里，头顶和脚底同时增加了同样的重量（比如都压了100公斤）。

虽然你承受的总压力变大了，但把你“托起来”的那股净力（脚底支持力减去头顶压力），真的会因此改变吗？
2026-04-14 11:03:31,378 - SessionLogger - INFO - [sim_Baseline_P3_M-BUO-001_fde536] Student: 那是……排开的水？
可是水明明是往旁边流的，它怎么会有力气把那么重的铁船托起来呢？这感觉有点反直觉。
Deserializing unregistered type router.SessionMemory from checkpoint. This will be blocked in a future version. Add to allowed_msgpack_modules to silence: [('router', 'SessionMemory')]
Deserializing unregistered type router.PerceptionResult from checkpoint. This will be blocked in a future version. Add to allowed_msgpack_modules to silence: [('router', 'PerceptionResult')]
Deserializing unregistered type router.RouteDecision from checkpoint. This will be blocked in a future version. Add to allowed_msgpack_modules to silence: [('router', 'RouteDecision')]
2026-04-14 11:03:32,457 - SessionLogger - INFO - [sim_FSM_P1_M-BUO-002_09a2a7] Student: 电梯那个例子跟水又不一样，水是流体，越深压强越大，下面的推力肯定比上面大得多啊。我觉得只要深度增加，这个差值就会一直变大，浮力当然也变大。
Deserializing unregistered type router.SessionMemory from checkpoint. This will be blocked in a future version. Add to allowed_msgpack_modules to silence: [('router', 'SessionMemory')]
Deserializing unregistered type router.PerceptionResult from checkpoint. This will be blocked in a future version. Add to allowed_msgpack_modules to silence: [('router', 'PerceptionResult')]
Deserializing unregistered type router.RouteDecision from checkpoint. This will be blocked in a future version. Add to allowed_msgpack_modules to silence: [('router', 'RouteDecision')]
2026-04-14 11:03:36,068 - SessionLogger - INFO - [sim_Baseline_P3_M-BUO-001_fde536] Teacher: 想象一下，你往装满水的浴缸里猛地坐下去，水是不是会溢出来？

那些溢出去的水原本是在那里的，现在被你的身体“挤”占了位置。你觉得，是水想把你推回去填补那个空缺，还是水在主动给你让路？
2026-04-14 11:03:36,081 - SessionLogger - INFO - [sim_FSM_P2_M-BUO-002_8caa20] Teacher: 这确实很反直觉，因为我们很容易把“压强”直接等同于“向上的推力”。

但浮力其实是物体**下表面受到的向上压力**减去**上表面受到的向下压力**后的“差值”。

你想一想，当潜水艇整体再往下潜一点时，它上表面和下表面受到的压强都变大了，但它们之间压强的“差值”会改变吗？
2026-04-14 11:03:36,192 - SessionLogger - INFO - [sim_Baseline_P2_M-BUO-002_e85d09] Teacher: 好，那咱们假设有个边长10厘米的正方体。

第一次它上表面在水下10厘米处，第二次在水下20厘米处。你能分别算出这两次情况下，它下表面比上表面多承受了多少压强吗？
2026-04-14 11:03:36,429 - SessionLogger - INFO - [sim_FSM+Guardrail_P1_M-BUO-002_a1607a] Teacher: 既然你觉得“挤得紧”会让向上的力变大，那物体**向下**受到的压力是不是也因为“挤得紧”而变得更大了？
2026-04-14 11:03:37,247 - SessionLogger - INFO - [sim_FSM_P2_M-BUO-002_8caa20] Student: 咦？如果上下表面都增加了同样的压强，那它们的差值好像确实没变……所以我之前想的“越深浮力越大”是错的？
Deserializing unregistered type router.SessionMemory from checkpoint. This will be blocked in a future version. Add to allowed_msgpack_modules to silence: [('router', 'SessionMemory')]
Deserializing unregistered type router.PerceptionResult from checkpoint. This will be blocked in a future version. Add to allowed_msgpack_modules to silence: [('router', 'PerceptionResult')]
Deserializing unregistered type router.RouteDecision from checkpoint. This will be blocked in a future version. Add to allowed_msgpack_modules to silence: [('router', 'RouteDecision')]
2026-04-14 11:03:38,111 - SessionLogger - INFO - [sim_Baseline_P3_M-BUO-001_fde536] Student: 应该是水想把我推回去吧……毕竟是我强行占了它的地盘。
所以，是不是我挤走的水越多，它们“反抗”想把我推回去的力气就越大？
Deserializing unregistered type router.SessionMemory from checkpoint. This will be blocked in a future version. Add to allowed_msgpack_modules to silence: [('router', 'SessionMemory')]
Deserializing unregistered type router.PerceptionResult from checkpoint. This will be blocked in a future version. Add to allowed_msgpack_modules to silence: [('router', 'PerceptionResult')]
Deserializing unregistered type router.RouteDecision from checkpoint. This will be blocked in a future version. Add to allowed_msgpack_modules to silence: [('router', 'RouteDecision')]
2026-04-14 11:03:39,498 - SessionLogger - INFO - [sim_Baseline_P2_M-BUO-002_e85d09] Student: 第一次下表面比上表面深10厘米，压强差是1000帕；第二次虽然更深了，但上下表面还是只差10厘米，压强差好像……也是1000帕？
Deserializing unregistered type router.SessionMemory from checkpoint. This will be blocked in a future version. Add to allowed_msgpack_modules to silence: [('router', 'SessionMemory')]
Deserializing unregistered type router.PerceptionResult from checkpoint. This will be blocked in a future version. Add to allowed_msgpack_modules to silence: [('router', 'PerceptionResult')]
Deserializing unregistered type router.RouteDecision from checkpoint. This will be blocked in a future version. Add to allowed_msgpack_modules to silence: [('router', 'RouteDecision')]
2026-04-14 11:03:39,895 - SessionLogger - INFO - [sim_FSM+Guardrail_P1_M-BUO-002_a1607a] Student: 那肯定啊，上面压得也更狠了。但下面是硬底或者更深的水，托力增加得更多吧？反正我觉得深度越深，总的效果就是浮力变大。
Deserializing unregistered type router.SessionMemory from checkpoint. This will be blocked in a future version. Add to allowed_msgpack_modules to silence: [('router', 'SessionMemory')]
Deserializing unregistered type router.PerceptionResult from checkpoint. This will be blocked in a future version. Add to allowed_msgpack_modules to silence: [('router', 'PerceptionResult')]
Deserializing unregistered type router.RouteDecision from checkpoint. This will be blocked in a future version. Add to allowed_msgpack_modules to silence: [('router', 'RouteDecision')]
2026-04-14 11:03:41,715 - SessionLogger - INFO - [sim_FSM_P1_M-BUO-002_09a2a7] Teacher: 好，那我们就顺着你的逻辑推演一下：如果深度每增加一点，浮力就显著变大。

想象一个刚好悬浮在水中的铁块，如果我们把它轻轻往下按深一点点，它受到的向上托力突然变得比重力大很多，接下来会发生什么？
2026-04-14 11:03:42,901 - SessionLogger - INFO - [sim_Baseline_P2_M-BUO-002_e85d09] Teacher: 没错！既然压强差没变，受力面积（正方体的底面积）也没变，那这个压力差——也就是浮力，会变吗？
2026-04-14 11:03:43,319 - SessionLogger - INFO - [sim_FSM_P1_M-BUO-002_09a2a7] Student: 那它就会加速往上冲啊，这有什么不对？深度变了浮力肯定变，它当然会动。
Deserializing unregistered type router.SessionMemory from checkpoint. This will be blocked in a future version. Add to allowed_msgpack_modules to silence: [('router', 'SessionMemory')]
Deserializing unregistered type router.PerceptionResult from checkpoint. This will be blocked in a future version. Add to allowed_msgpack_modules to silence: [('router', 'PerceptionResult')]
Deserializing unregistered type router.RouteDecision from checkpoint. This will be blocked in a future version. Add to allowed_msgpack_modules to silence: [('router', 'RouteDecision')]
2026-04-14 11:03:44,086 - SessionLogger - INFO - [sim_Baseline_P2_M-BUO-002_e85d09] Student: 啊？所以浮力其实没变？我一直以为深度越深浮力越大，原来是因为上下表面的压强是“一起”增加的，差值反而不变……是这样吗？
Deserializing unregistered type router.SessionMemory from checkpoint. This will be blocked in a future version. Add to allowed_msgpack_modules to silence: [('router', 'SessionMemory')]
Deserializing unregistered type router.PerceptionResult from checkpoint. This will be blocked in a future version. Add to allowed_msgpack_modules to silence: [('router', 'PerceptionResult')]
Deserializing unregistered type router.RouteDecision from checkpoint. This will be blocked in a future version. Add to allowed_msgpack_modules to silence: [('router', 'RouteDecision')]
2026-04-14 11:03:44,639 - SessionLogger - WARNING - LLM Judge blocked response. Reason: 助教在第一句话中直接陈述了正确的物理结论（'无论它潜多深，这个压力差（也就是浮力）都保持不变'），这直接否定了学生的错误概念并给出了本题的标准答案。根据违规定义第1条'助教直接告诉了学生本题最终的物理结论或标准答案'，此行为属于违规。虽然助教后续进行了提问引导，但核心结论已提前泄露，剥夺了学生通过思考纠正错误概念的机会。
2026-04-14 11:03:44,645 - SessionLogger - INFO - [sim_FSM_P2_M-BUO-002_8caa20] Teacher: 没错，只要潜水艇完全浸没在水中，无论它潜多深，这个压力差（也就是浮力）都保持不变。

那你还记得我们之前做过的实验吗？在什么情况下，潜水艇受到的浮力才会真正发生变化呢？
2026-04-14 11:03:45,866 - SessionLogger - INFO - [sim_FSM_P2_M-BUO-002_8caa20] Student: 哦……那是不是只有当它还没完全没入水里，排开的水变多的时候，浮力才会变大？一旦全进去了，再怎么下潜都没用了？
Deserializing unregistered type router.SessionMemory from checkpoint. This will be blocked in a future version. Add to allowed_msgpack_modules to silence: [('router', 'SessionMemory')]
Deserializing unregistered type router.PerceptionResult from checkpoint. This will be blocked in a future version. Add to allowed_msgpack_modules to silence: [('router', 'PerceptionResult')]
Deserializing unregistered type router.RouteDecision from checkpoint. This will be blocked in a future version. Add to allowed_msgpack_modules to silence: [('router', 'RouteDecision')]
2026-04-14 11:03:48,928 - SessionLogger - INFO - [sim_FSM+Guardrail_P1_M-BUO-002_a1607a] Teacher: 如果物体上下表面受到的压力都因为深度增加而变大了，你觉得它们增加的“量”是一样的，还是下面增加得更多？
2026-04-14 11:03:49,454 - SessionLogger - INFO - [sim_Baseline_P2_M-BUO-002_e85d09] Teacher: 没错，只要物体完全浸没，这个“高度差”就固定了。

那你想想，如果物体还没完全浸入水中，随着它慢慢往下按，这个“高度差”是在变大还是不变呢？
2026-04-14 11:03:50,331 - SessionLogger - INFO - [sim_FSM+Guardrail_P1_M-BUO-002_a1607a] Student: 那肯定是下面增加得更多啊，因为下面更深嘛。既然下面增加的推力比上面大，那合起来不就是浮力变大了吗？
Deserializing unregistered type router.SessionMemory from checkpoint. This will be blocked in a future version. Add to allowed_msgpack_modules to silence: [('router', 'SessionMemory')]
Deserializing unregistered type router.PerceptionResult from checkpoint. This will be blocked in a future version. Add to allowed_msgpack_modules to silence: [('router', 'PerceptionResult')]
Deserializing unregistered type router.RouteDecision from checkpoint. This will be blocked in a future version. Add to allowed_msgpack_modules to silence: [('router', 'RouteDecision')]
2026-04-14 11:03:51,218 - SessionLogger - INFO - [sim_Baseline_P1_M-BUO-002_208e84] Teacher: 想象一下，你在深水里推一个箱子，是不是觉得四面八方都有巨大的力在挤你？

既然上下左右都被“挤”得这么厉害，为什么箱子没有直接被压扁或者突然飞起来呢？
2026-04-14 11:03:52,546 - SessionLogger - INFO - [sim_Baseline_P2_M-BUO-002_e85d09] Student: 还没完全浸没的话，下表面在往下走，但上表面还在水面上……那这个“高度差”应该是在变大吧？
Deserializing unregistered type router.SessionMemory from checkpoint. This will be blocked in a future version. Add to allowed_msgpack_modules to silence: [('router', 'SessionMemory')]
Deserializing unregistered type router.PerceptionResult from checkpoint. This will be blocked in a future version. Add to allowed_msgpack_modules to silence: [('router', 'PerceptionResult')]
Deserializing unregistered type router.RouteDecision from checkpoint. This will be blocked in a future version. Add to allowed_msgpack_modules to silence: [('router', 'RouteDecision')]
2026-04-14 11:03:53,503 - SessionLogger - INFO - [sim_Baseline_P1_M-BUO-002_208e84] Student: 那是因为它硬啊，或者因为水是从四面八方一起挤的，互相抵消了呗。
但这跟浮力有什么关系？我觉得下面的水更深，向上的劲儿肯定比向下的劲儿大得多，所以才会浮起来或者被托住啊。
Deserializing unregistered type router.SessionMemory from checkpoint. This will be blocked in a future version. Add to allowed_msgpack_modules to silence: [('router', 'SessionMemory')]
Deserializing unregistered type router.PerceptionResult from checkpoint. This will be blocked in a future version. Add to allowed_msgpack_modules to silence: [('router', 'PerceptionResult')]
Deserializing unregistered type router.RouteDecision from checkpoint. This will be blocked in a future version. Add to allowed_msgpack_modules to silence: [('router', 'RouteDecision')]
2026-04-14 11:04:04,309 - SessionLogger - INFO - [sim_FSM_P2_M-BUO-002_8caa20] Teacher: 你说得很对！一旦完全浸没，排开水的体积就不再增加了。

所以，决定浮力大小的关键，到底是“深度”，还是“排开液体的多少”呢？
2026-04-14 11:04:04,310 - SessionLogger - INFO - [sim_FSM_P2_M-BUO-002_8caa20] Session finished. Resolved: True
2026-04-14 11:04:04,310 - SessionLogger - INFO - [sim_FSM+Guardrail_P2_M-BUO-002_807ee0] Starting session
2026-04-14 11:04:04,311 - SessionLogger - INFO - Initialized Session sim_FSM+Guardrail_P2_M-BUO-002_807ee0 on Unknown for Unknown with version FSM+Guardrail
2026-04-14 11:04:05,450 - SessionLogger - INFO - [sim_FSM+Guardrail_P2_M-BUO-002_807ee0] Student Opening: 老师，我觉得潜水艇潜得越深受到的浮力应该越大吧，毕竟水越深压强不是越大吗？
2026-04-14 11:04:08,032 - SessionLogger - INFO - [sim_Baseline_P1_M-BUO-002_208e84] Teacher: 没错，浮力确实就是下面向上的力比上面向下的力多出来的那部分。

既然你刚才承认了“压强差”是不变的，而受力面积也没变，那这个“多出来的力”怎么会突然变大呢？
2026-04-14 11:04:10,020 - SessionLogger - INFO - [sim_Baseline_P2_M-BUO-002_e85d09] Teacher: 对，这时候排开水的体积也在变大。

那你觉得，浮力的大小到底是跟“深度”有关，还是跟“排开水的体积”更直接相关呢？
2026-04-14 11:04:10,021 - SessionLogger - INFO - [sim_Baseline_P2_M-BUO-002_e85d09] Extending max_turns by 3 because cognitive_state is '新概念探索'
2026-04-14 11:04:10,139 - SessionLogger - INFO - [sim_FSM+Guardrail_P1_M-BUO-002_a1607a] Teacher: 想象一下，你和一个朋友手拉手垂直站在水里，你的头顶和脚底之间始终隔着固定的身高。当你俩一起往下潜时，你头顶受到的压力增加了，那你脚底受到的压力增加的量，是比头顶多、少，还是一样多？
2026-04-14 11:04:11,713 - SessionLogger - INFO - [sim_Baseline_P1_M-BUO-002_208e84] Student: 压强差是不变，但深处的绝对压强大啊，基数大了，多出来的部分肯定也跟着变大嘛。
您别老拿那个差不变的说法来绕我，我觉得越深浮力越大是常识。
Deserializing unregistered type router.SessionMemory from checkpoint. This will be blocked in a future version. Add to allowed_msgpack_modules to silence: [('router', 'SessionMemory')]
Deserializing unregistered type router.PerceptionResult from checkpoint. This will be blocked in a future version. Add to allowed_msgpack_modules to silence: [('router', 'PerceptionResult')]
Deserializing unregistered type router.RouteDecision from checkpoint. This will be blocked in a future version. Add to allowed_msgpack_modules to silence: [('router', 'RouteDecision')]
2026-04-14 11:04:13,292 - SessionLogger - INFO - [sim_Baseline_P2_M-BUO-002_e85d09] Student: 好像……是跟排开水的体积更直接？因为刚才完全浸没后，虽然深度增加了，但排开体积没变，浮力也没变。
Deserializing unregistered type router.SessionMemory from checkpoint. This will be blocked in a future version. Add to allowed_msgpack_modules to silence: [('router', 'SessionMemory')]
Deserializing unregistered type router.PerceptionResult from checkpoint. This will be blocked in a future version. Add to allowed_msgpack_modules to silence: [('router', 'PerceptionResult')]
Deserializing unregistered type router.RouteDecision from checkpoint. This will be blocked in a future version. Add to allowed_msgpack_modules to silence: [('router', 'RouteDecision')]
2026-04-14 11:04:14,524 - SessionLogger - INFO - [sim_FSM+Guardrail_P1_M-BUO-002_a1607a] Student: 肯定是一样多啊，因为我们是一起往下潜的，深度增加的量是一样的。既然上下增加的压力一样，那原来的差距还在，但整体被“挤”得更厉害了，浮力应该还是变大了吧？
Deserializing unregistered type router.SessionMemory from checkpoint. This will be blocked in a future version. Add to allowed_msgpack_modules to silence: [('router', 'SessionMemory')]
Deserializing unregistered type router.PerceptionResult from checkpoint. This will be blocked in a future version. Add to allowed_msgpack_modules to silence: [('router', 'PerceptionResult')]
Deserializing unregistered type router.RouteDecision from checkpoint. This will be blocked in a future version. Add to allowed_msgpack_modules to silence: [('router', 'RouteDecision')]
2026-04-14 11:04:18,199 - SessionLogger - INFO - [sim_Baseline_P3_M-BUO-001_fde536] Teacher: 太棒了，就是这个“反抗”的力！

那咱们来算笔账：如果船排开的水重 1000 吨，这股“反抗力”就有 1000 吨。这时候，如果船本身的总重量只有 800 吨，你觉得船会沉底，还是会漂在水面上？
2026-04-14 11:04:18,833 - SessionLogger - INFO - [sim_Baseline_P1_M-BUO-002_208e84] Teacher: 咱们来做个简单的算术：如果上面压强是 10，下面是 12，差值是 2；到了深处，上面变成 100，下面变成 102，差值还是多少？

这个“多出来的部分”真的随着基数变大而变大了吗？
2026-04-14 11:04:20,328 - SessionLogger - INFO - [sim_Baseline_P3_M-BUO-001_fde536] Student: 既然向上的推力（1000吨）比向下的重力（800吨）大，那肯定会被推上去啊。
所以……只要排开的水够重，哪怕船本身是铁做的，也能浮起来？
Deserializing unregistered type router.SessionMemory from checkpoint. This will be blocked in a future version. Add to allowed_msgpack_modules to silence: [('router', 'SessionMemory')]
Deserializing unregistered type router.PerceptionResult from checkpoint. This will be blocked in a future version. Add to allowed_msgpack_modules to silence: [('router', 'PerceptionResult')]
Deserializing unregistered type router.RouteDecision from checkpoint. This will be blocked in a future version. Add to allowed_msgpack_modules to silence: [('router', 'RouteDecision')]
2026-04-14 11:04:20,685 - SessionLogger - INFO - [sim_Baseline_P1_M-BUO-002_208e84] Student: 那差值还是2啊……但这只是数字游戏，实际上深处的水更“紧实”，托力肯定不一样。
您这例子太理想化了，我不信实际里会这么简单抵消。
Deserializing unregistered type router.SessionMemory from checkpoint. This will be blocked in a future version. Add to allowed_msgpack_modules to silence: [('router', 'SessionMemory')]
Deserializing unregistered type router.PerceptionResult from checkpoint. This will be blocked in a future version. Add to allowed_msgpack_modules to silence: [('router', 'PerceptionResult')]
Deserializing unregistered type router.RouteDecision from checkpoint. This will be blocked in a future version. Add to allowed_msgpack_modules to silence: [('router', 'RouteDecision')]
2026-04-14 11:04:23,096 - SessionLogger - INFO - [sim_FSM+Guardrail_P1_M-BUO-002_a1607a] Teacher: 如果上下表面增加的压力完全一样，那它们相减之后的“差值”（也就是浮力）到底是变大了，还是保持不变呢？
2026-04-14 11:04:24,552 - SessionLogger - INFO - [sim_FSM+Guardrail_P1_M-BUO-002_a1607a] Student: 可是下面本来就比上面压强大啊，深度越深，这个压强差肯定也越大吧。你不能光看增加的量一样，得看最后的总结果，越深肯定托力越大。
Deserializing unregistered type router.SessionMemory from checkpoint. This will be blocked in a future version. Add to allowed_msgpack_modules to silence: [('router', 'SessionMemory')]
Deserializing unregistered type router.PerceptionResult from checkpoint. This will be blocked in a future version. Add to allowed_msgpack_modules to silence: [('router', 'PerceptionResult')]
Deserializing unregistered type router.RouteDecision from checkpoint. This will be blocked in a future version. Add to allowed_msgpack_modules to silence: [('router', 'RouteDecision')]
2026-04-14 11:04:24,676 - SessionLogger - INFO - [sim_Baseline_P1_M-BUO-002_208e84] Teacher: 水其实是很难被压缩的，深处的密度和浅处几乎没区别，所以并不是更“紧实”。

既然上下表面的压强是同步增加的，就像两个人同时往上涨工资，他们之间的差距会变吗？
2026-04-14 11:04:24,943 - SessionLogger - INFO - [sim_FSM+Guardrail_P2_M-BUO-002_807ee0] Teacher: 按你的说法，要是潜得特别特别深，压强变得巨大，那向上的浮力是不是也会大到把潜水艇直接“弹”回水面？
2026-04-14 11:04:26,178 - SessionLogger - INFO - [sim_FSM+Guardrail_P2_M-BUO-002_807ee0] Student: 呃……好像确实没听说过潜水艇会被自动弹回来。那您的意思是，虽然压强变大了，但浮力其实并没有跟着变大吗？
Deserializing unregistered type router.SessionMemory from checkpoint. This will be blocked in a future version. Add to allowed_msgpack_modules to silence: [('router', 'SessionMemory')]
Deserializing unregistered type router.PerceptionResult from checkpoint. This will be blocked in a future version. Add to allowed_msgpack_modules to silence: [('router', 'PerceptionResult')]
Deserializing unregistered type router.RouteDecision from checkpoint. This will be blocked in a future version. Add to allowed_msgpack_modules to silence: [('router', 'RouteDecision')]
2026-04-14 11:04:26,228 - SessionLogger - INFO - [sim_Baseline_P3_M-BUO-001_fde536] Teacher: 没错，关键在于“排开的水”够不够重。

那你想想，如果把那艘船揉成一个实心的铁球扔进水里，它还能排开那么多水吗？这时候浮力和重力谁大？
2026-04-14 11:04:26,379 - SessionLogger - INFO - [sim_Baseline_P1_M-BUO-002_208e84] Student: 工资那个比喻不恰当，水压是实实在在的物理挤压，跟钱不一样。
反正我觉得越深压力越大，那托着物体的力肯定也变大了，您别老想忽悠我。
Deserializing unregistered type router.SessionMemory from checkpoint. This will be blocked in a future version. Add to allowed_msgpack_modules to silence: [('router', 'SessionMemory')]
Deserializing unregistered type router.PerceptionResult from checkpoint. This will be blocked in a future version. Add to allowed_msgpack_modules to silence: [('router', 'PerceptionResult')]
Deserializing unregistered type router.RouteDecision from checkpoint. This will be blocked in a future version. Add to allowed_msgpack_modules to silence: [('router', 'RouteDecision')]
2026-04-14 11:04:27,493 - SessionLogger - INFO - [sim_Baseline_P3_M-BUO-001_fde536] Student: 变成实心球的话，体积变小了，排开的水肯定就少多了吧？
那这时候“反抗力”变小，但铁球还是很重，所以它就沉下去了？
2026-04-14 11:04:27,493 - SessionLogger - INFO - [sim_Baseline_P3_M-BUO-001_fde536] Session finished. Resolved: False
2026-04-14 11:04:27,493 - SessionLogger - INFO - [sim_Baseline_P3_M-BUO-002_eca9f0] Starting session
2026-04-14 11:04:27,493 - SessionLogger - INFO - Initialized Session sim_Baseline_P3_M-BUO-002_eca9f0 on Unknown for Unknown with version FSM+Guardrail
2026-04-14 11:04:28,591 - SessionLogger - INFO - [sim_Baseline_P3_M-BUO-002_eca9f0] Student Opening: 老师，我觉得潜水艇潜得越深，受到的浮力应该越大吧？毕竟水越深压强不是越大吗？
2026-04-14 11:04:31,044 - SessionLogger - INFO - [sim_Baseline_P1_M-BUO-002_208e84] Teacher: 咱们别争比喻，就看受力：浮力是“向上推力”减去“向下压力”。

如果深度增加时，向上的推力和向下的压力都增加了完全相同的数值，你觉得它们的差值会变吗？
2026-04-14 11:04:33,087 - SessionLogger - INFO - [sim_Baseline_P1_M-BUO-002_208e84] Student: 都增加相同的数值，那差值肯定不变啊……但这不符合我的直觉，深处明明感觉更“重”更有劲。
您是不是忽略了侧面也有压力？我觉得不能只算上下两面。
Deserializing unregistered type router.SessionMemory from checkpoint. This will be blocked in a future version. Add to allowed_msgpack_modules to silence: [('router', 'SessionMemory')]
Deserializing unregistered type router.PerceptionResult from checkpoint. This will be blocked in a future version. Add to allowed_msgpack_modules to silence: [('router', 'PerceptionResult')]
Deserializing unregistered type router.RouteDecision from checkpoint. This will be blocked in a future version. Add to allowed_msgpack_modules to silence: [('router', 'RouteDecision')]
2026-04-14 11:04:35,005 - SessionLogger - INFO - [sim_Baseline_P3_M-BUO-002_eca9f0] Teacher: 压强确实随深度增加而变大，但你还记得阿基米德原理中，浮力的大小主要取决于哪两个因素吗？
2026-04-14 11:04:35,362 - SessionLogger - INFO - [sim_FSM_P1_M-BUO-002_09a2a7] Teacher: 如果真是这样，那水底沉着的石头只要被水流稍微扰动往下一点点，就会因为浮力暴增而像火箭一样自动弹回水面。

你在海边或泳池里，见过这种“越往下按、反弹越猛烈”的现象吗？
2026-04-14 11:04:36,115 - SessionLogger - INFO - [sim_Baseline_P3_M-BUO-002_eca9f0] Student: 记得是排开液体的体积和液体密度……但这跟深度没关系吗？压强变大了，托着物体的力不应该也变大吗？
Deserializing unregistered type router.SessionMemory from checkpoint. This will be blocked in a future version. Add to allowed_msgpack_modules to silence: [('router', 'SessionMemory')]
Deserializing unregistered type router.PerceptionResult from checkpoint. This will be blocked in a future version. Add to allowed_msgpack_modules to silence: [('router', 'PerceptionResult')]
Deserializing unregistered type router.RouteDecision from checkpoint. This will be blocked in a future version. Add to allowed_msgpack_modules to silence: [('router', 'RouteDecision')]
2026-04-14 11:04:37,146 - SessionLogger - INFO - [sim_FSM+Guardrail_P2_M-BUO-002_807ee0] Teacher: 这个直觉确实很反常，毕竟我们通常觉得“压力越大，托力也越大”。

但浮力其实是物体**下表面受到的向上压力**减去**上表面受到的向下压力**后的“差值”。

你想想，当潜水艇完全没入水中继续下潜时，它上下表面受到的压强都变大了，但这个“差值”会跟着变大吗？
2026-04-14 11:04:38,529 - SessionLogger - INFO - [sim_FSM+Guardrail_P2_M-BUO-002_807ee0] Student: 好像……上下表面的压强是同时增加的？如果增加的量一样，那它们的差值确实可能不变。
Deserializing unregistered type router.SessionMemory from checkpoint. This will be blocked in a future version. Add to allowed_msgpack_modules to silence: [('router', 'SessionMemory')]
Deserializing unregistered type router.PerceptionResult from checkpoint. This will be blocked in a future version. Add to allowed_msgpack_modules to silence: [('router', 'PerceptionResult')]
Deserializing unregistered type router.RouteDecision from checkpoint. This will be blocked in a future version. Add to allowed_msgpack_modules to silence: [('router', 'RouteDecision')]
2026-04-14 11:04:38,673 - SessionLogger - INFO - [sim_FSM_P1_M-BUO-002_09a2a7] Student: 那……那是石头太重了，浮力虽然变大了但还是没超过重力啊。我说的只是浮力变大，又没说它一定能浮起来，这俩是一回事吗？
Deserializing unregistered type router.SessionMemory from checkpoint. This will be blocked in a future version. Add to allowed_msgpack_modules to silence: [('router', 'SessionMemory')]
Deserializing unregistered type router.PerceptionResult from checkpoint. This will be blocked in a future version. Add to allowed_msgpack_modules to silence: [('router', 'PerceptionResult')]
Deserializing unregistered type router.RouteDecision from checkpoint. This will be blocked in a future version. Add to allowed_msgpack_modules to silence: [('router', 'RouteDecision')]
2026-04-14 11:04:43,231 - SessionLogger - INFO - [sim_Baseline_P3_M-BUO-002_eca9f0] Teacher: 想象一下，当潜水艇已经完全没入水中后，再往下潜，它排开水的体积（$V_{排}$）会发生变化吗？
2026-04-14 11:04:44,693 - SessionLogger - INFO - [sim_Baseline_P3_M-BUO-002_eca9f0] Student: 好像……不会变？因为它整个都在水里了，体积是固定的。但这不就矛盾了吗？明明下面水压那么大，为什么浮力不跟着变大呢？
Deserializing unregistered type router.SessionMemory from checkpoint. This will be blocked in a future version. Add to allowed_msgpack_modules to silence: [('router', 'SessionMemory')]
Deserializing unregistered type router.PerceptionResult from checkpoint. This will be blocked in a future version. Add to allowed_msgpack_modules to silence: [('router', 'PerceptionResult')]
Deserializing unregistered type router.RouteDecision from checkpoint. This will be blocked in a future version. Add to allowed_msgpack_modules to silence: [('router', 'RouteDecision')]
2026-04-14 11:04:46,318 - SessionLogger - INFO - [sim_FSM_P1_M-BUO-002_09a2a7] Teacher: 你说得对，浮力变大不代表一定能浮起来。

但我们可以用弹簧测力计做个实验：把一个金属块完全浸没后，继续往下放，你觉得测力计的示数（拉力）会一直变小吗？
2026-04-14 11:04:47,099 - SessionLogger - WARNING - LLM Judge blocked response. Reason: 助教在回复的第一句话中直接给出了本题的核心物理结论：'它们的差值（也就是浮力）就保持不变'。这直接否定了学生的错误概念并告知了正确答案（浮力与深度无关/不变），违反了违规定义第1条（直接告诉学生本题最终的物理结论）。虽然随后使用了提问引导，但关键结论已提前泄露，未给学生留出通过思考或思想实验自行推导的机会。
2026-04-14 11:04:47,386 - SessionLogger - INFO - [sim_FSM_P1_M-BUO-002_09a2a7] Student: 肯定会变小啊，因为越深浮力越大，抵消的重力就越多，拉力自然就小了。这不是很明显的道理吗？
Deserializing unregistered type router.SessionMemory from checkpoint. This will be blocked in a future version. Add to allowed_msgpack_modules to silence: [('router', 'SessionMemory')]
Deserializing unregistered type router.PerceptionResult from checkpoint. This will be blocked in a future version. Add to allowed_msgpack_modules to silence: [('router', 'PerceptionResult')]
Deserializing unregistered type router.RouteDecision from checkpoint. This will be blocked in a future version. Add to allowed_msgpack_modules to silence: [('router', 'RouteDecision')]
2026-04-14 11:04:48,908 - SessionLogger - INFO - [sim_Baseline_P3_M-BUO-002_eca9f0] Teacher: 浮力其实是物体上下表面受到的压力差。既然水越深压强越大，那潜水艇的“顶部”和“底部”受到的压强是怎么变化的呢？
2026-04-14 11:04:50,702 - SessionLogger - INFO - [sim_Baseline_P3_M-BUO-002_eca9f0] Student: 呃……顶部和底部的压强应该都变大了吧？因为深度都增加了。可是，如果两边都变大，那它们的差值（也就是浮力）为什么不会变大呢？我还是有点晕。
Deserializing unregistered type router.SessionMemory from checkpoint. This will be blocked in a future version. Add to allowed_msgpack_modules to silence: [('router', 'SessionMemory')]
Deserializing unregistered type router.PerceptionResult from checkpoint. This will be blocked in a future version. Add to allowed_msgpack_modules to silence: [('router', 'PerceptionResult')]
Deserializing unregistered type router.RouteDecision from checkpoint. This will be blocked in a future version. Add to allowed_msgpack_modules to silence: [('router', 'RouteDecision')]
2026-04-14 11:04:51,798 - SessionLogger - INFO - [sim_FSM+Guardrail_P2_M-BUO-002_807ee0] Teacher: 没错，上下表面的压强确实是同步增加的。

那我们可以换个角度想：如果潜水艇已经完全浸没在水里了，它继续下潜时，排开水的体积（也就是它占据的空间大小）有没有发生变化？
2026-04-14 11:04:52,970 - SessionLogger - INFO - [sim_Baseline_P2_M-BUO-002_e85d09] Teacher: 观察得很仔细！既然浮力取决于排开水的体积，那如果把这个正方体换成一个同样体积的铁球，你觉得它受到的浮力会变吗？
2026-04-14 11:04:53,473 - SessionLogger - INFO - [sim_FSM+Guardrail_P2_M-BUO-002_807ee0] Student: 潜水艇是硬的，体积应该没变吧……所以排开的水量也是一样的？难道浮力真的跟深度没关系，只看排开多少水吗？
Deserializing unregistered type router.SessionMemory from checkpoint. This will be blocked in a future version. Add to allowed_msgpack_modules to silence: [('router', 'SessionMemory')]
Deserializing unregistered type router.PerceptionResult from checkpoint. This will be blocked in a future version. Add to allowed_msgpack_modules to silence: [('router', 'PerceptionResult')]
Deserializing unregistered type router.RouteDecision from checkpoint. This will be blocked in a future version. Add to allowed_msgpack_modules to silence: [('router', 'RouteDecision')]
2026-04-14 11:04:55,167 - SessionLogger - INFO - [sim_Baseline_P3_M-BUO-002_eca9f0] Teacher: 试着算算看：如果顶部深度增加 1 米，底部深度是不是也增加了 1 米？既然两者增加的幅度一样，它们之间的“差值”会变吗？
2026-04-14 11:04:55,720 - SessionLogger - INFO - [sim_FSM_P1_M-BUO-002_09a2a7] Teacher: 如果这个规律成立，那我们把物体按到水底最深处时，测力计的读数应该变得非常小，甚至接近零。

但实际实验中，只要物体完全没入水中，无论再往下放多少，测力计的示数几乎都不变，这和你预测的“一直变小”矛盾吗？
2026-04-14 11:04:56,410 - SessionLogger - INFO - [sim_Baseline_P2_M-BUO-002_e85d09] Student: 应该不变吧？因为体积一样，排开水的体积也就一样……可是铁球那么重，真的跟正方体受到的浮力完全一样吗？
Deserializing unregistered type router.SessionMemory from checkpoint. This will be blocked in a future version. Add to allowed_msgpack_modules to silence: [('router', 'SessionMemory')]
Deserializing unregistered type router.PerceptionResult from checkpoint. This will be blocked in a future version. Add to allowed_msgpack_modules to silence: [('router', 'PerceptionResult')]
Deserializing unregistered type router.RouteDecision from checkpoint. This will be blocked in a future version. Add to allowed_msgpack_modules to silence: [('router', 'RouteDecision')]
2026-04-14 11:04:56,843 - SessionLogger - INFO - [sim_Baseline_P3_M-BUO-002_eca9f0] Student: 啊？如果两边都加一样的数，那减出来的结果确实没变……
等等，所以我之前感觉“压力变大浮力就变大”是错的？因为虽然压强大了，但上下抵消的部分也一起大了？
Deserializing unregistered type router.SessionMemory from checkpoint. This will be blocked in a future version. Add to allowed_msgpack_modules to silence: [('router', 'SessionMemory')]
Deserializing unregistered type router.PerceptionResult from checkpoint. This will be blocked in a future version. Add to allowed_msgpack_modules to silence: [('router', 'PerceptionResult')]
Deserializing unregistered type router.RouteDecision from checkpoint. This will be blocked in a future version. Add to allowed_msgpack_modules to silence: [('router', 'RouteDecision')]
2026-04-14 11:04:58,911 - SessionLogger - INFO - [sim_FSM_P1_M-BUO-002_09a2a7] Student: 那肯定是实验做得不准，或者水不够深，变化太小看不出来。反正深度越深压强越大，浮力怎么可能不变？
Deserializing unregistered type router.SessionMemory from checkpoint. This will be blocked in a future version. Add to allowed_msgpack_modules to silence: [('router', 'SessionMemory')]
Deserializing unregistered type router.PerceptionResult from checkpoint. This will be blocked in a future version. Add to allowed_msgpack_modules to silence: [('router', 'PerceptionResult')]
Deserializing unregistered type router.RouteDecision from checkpoint. This will be blocked in a future version. Add to allowed_msgpack_modules to silence: [('router', 'RouteDecision')]
2026-04-14 11:05:02,537 - SessionLogger - INFO - [sim_Baseline_P3_M-BUO-002_eca9f0] Teacher: 没错，你抓住了关键！浮力看的是“差值”，而不是绝对的压强大小。既然差值没变，你觉得浮力会变吗？
2026-04-14 11:05:02,687 - SessionLogger - INFO - [sim_Baseline_P2_M-BUO-002_e85d09] Teacher: “重”影响的是它往下掉的趋势（重力），而浮力是水往上托的力。

你想想，水知道它托着的是铁还是木头吗？它“感受”到的区别究竟是什么？
2026-04-14 11:05:03,429 - SessionLogger - INFO - [sim_FSM+Guardrail_P2_M-BUO-002_807ee0] Teacher: 你的推导很严密：既然排开的水量没变，那它“挤走”的那部分水的重力自然也没变。

那么，如果现在有一个形状不规则的石块，它也完全浸没在水中并继续下沉，你觉得它受到的浮力会像潜水艇一样保持不变吗？
2026-04-14 11:05:04,542 - SessionLogger - INFO - [sim_Baseline_P3_M-BUO-002_eca9f0] Student: 哦……所以只要物体完全没入水里，不管潜多深，那个“差值”都是固定的？
那我之前以为越深浮力越大，其实是把“压强”和“浮力”搞混了？
Deserializing unregistered type router.SessionMemory from checkpoint. This will be blocked in a future version. Add to allowed_msgpack_modules to silence: [('router', 'SessionMemory')]
Deserializing unregistered type router.PerceptionResult from checkpoint. This will be blocked in a future version. Add to allowed_msgpack_modules to silence: [('router', 'PerceptionResult')]
Deserializing unregistered type router.RouteDecision from checkpoint. This will be blocked in a future version. Add to allowed_msgpack_modules to silence: [('router', 'RouteDecision')]
2026-04-14 11:05:04,879 - SessionLogger - INFO - [sim_FSM+Guardrail_P1_M-BUO-002_a1607a] Teacher: 咱们来算笔账：假设上面压强是 2，下面是 5，差值是 3。如果一起下潜，上下都增加了 10，变成上面 12，下面 15，这时候新的差值是多少？
2026-04-14 11:05:05,873 - SessionLogger - INFO - [sim_FSM+Guardrail_P1_M-BUO-002_a1607a] Student: 差值还是3啊……但这只是巧合吧？毕竟水越深压力越大，感觉上就是应该浮力变大才对。
Deserializing unregistered type router.SessionMemory from checkpoint. This will be blocked in a future version. Add to allowed_msgpack_modules to silence: [('router', 'SessionMemory')]
Deserializing unregistered type router.PerceptionResult from checkpoint. This will be blocked in a future version. Add to allowed_msgpack_modules to silence: [('router', 'PerceptionResult')]
Deserializing unregistered type router.RouteDecision from checkpoint. This will be blocked in a future version. Add to allowed_msgpack_modules to silence: [('router', 'RouteDecision')]
2026-04-14 11:05:06,113 - SessionLogger - INFO - [sim_Baseline_P2_M-BUO-002_e85d09] Student: 水应该不知道里面是什么吧……它感受到的应该只是被挤占了多少空间？所以只要体积一样，浮力就真的一样？
Deserializing unregistered type router.SessionMemory from checkpoint. This will be blocked in a future version. Add to allowed_msgpack_modules to silence: [('router', 'SessionMemory')]
Deserializing unregistered type router.PerceptionResult from checkpoint. This will be blocked in a future version. Add to allowed_msgpack_modules to silence: [('router', 'PerceptionResult')]
Deserializing unregistered type router.RouteDecision from checkpoint. This will be blocked in a future version. Add to allowed_msgpack_modules to silence: [('router', 'RouteDecision')]
2026-04-14 11:05:06,589 - SessionLogger - INFO - [sim_FSM+Guardrail_P2_M-BUO-002_807ee0] Student: 既然排开水的体积也没变，那应该也是一样的吧？看来只要完全浸没，不管什么形状，浮力都不随深度变化了？
Deserializing unregistered type router.SessionMemory from checkpoint. This will be blocked in a future version. Add to allowed_msgpack_modules to silence: [('router', 'SessionMemory')]
Deserializing unregistered type router.PerceptionResult from checkpoint. This will be blocked in a future version. Add to allowed_msgpack_modules to silence: [('router', 'PerceptionResult')]
Deserializing unregistered type router.RouteDecision from checkpoint. This will be blocked in a future version. Add to allowed_msgpack_modules to silence: [('router', 'RouteDecision')]
2026-04-14 11:05:10,166 - SessionLogger - INFO - [sim_Baseline_P3_M-BUO-002_eca9f0] Teacher: 没错，你理清了！只要物体完全浸没，排开水的体积不变，这个“压力差”就不变。那如果物体只浸入了一半，继续往下按直到完全浸没，这个差值会怎么变呢？
2026-04-14 11:05:10,166 - SessionLogger - INFO - [sim_Baseline_P3_M-BUO-002_eca9f0] Extending max_turns by 3 because cognitive_state is '新概念探索'
2026-04-14 11:05:10,215 - SessionLogger - INFO - [sim_FSM_P1_M-BUO-002_09a2a7] Teacher: 那我们换个极端点的场景：如果潜水艇潜到马里亚纳海沟（约1万米深），那里的压强是海面的1000倍。

按照你的逻辑，这时候它受到的向上托力也应该是海面的1000倍，那潜艇岂不是会像被巨型弹簧弹射一样，瞬间冲出水面？
2026-04-14 11:05:11,066 - SessionLogger - INFO - [sim_Baseline_P2_M-BUO-002_e85d09] Teacher: 没错，水只在乎你占了它多少地盘。

那如果把这个铁球按进盐水里，排开体积还是没变，你觉得浮力会和在水里时一样吗？
2026-04-14 11:05:11,527 - SessionLogger - INFO - [sim_Baseline_P3_M-BUO-002_eca9f0] Student: 这时候底部的深度在增加，但顶部还在水面上……所以“差值”是在变大吗？
是不是因为排开的水变多了，所以上下表面的压力差也跟着变大了？
Deserializing unregistered type router.SessionMemory from checkpoint. This will be blocked in a future version. Add to allowed_msgpack_modules to silence: [('router', 'SessionMemory')]
Deserializing unregistered type router.PerceptionResult from checkpoint. This will be blocked in a future version. Add to allowed_msgpack_modules to silence: [('router', 'PerceptionResult')]
Deserializing unregistered type router.RouteDecision from checkpoint. This will be blocked in a future version. Add to allowed_msgpack_modules to silence: [('router', 'RouteDecision')]
2026-04-14 11:05:12,141 - SessionLogger - INFO - [sim_FSM_P1_M-BUO-002_09a2a7] Student: 潜艇那么重，就算浮力变大一千倍也不一定就能弹射出去啊，可能还是被重力压着呢。你不能拿这种极端例子来否定深度影响浮力吧？
2026-04-14 11:05:12,142 - SessionLogger - INFO - [sim_FSM_P1_M-BUO-002_09a2a7] Session finished. Resolved: False
2026-04-14 11:05:12,142 - SessionLogger - INFO - [sim_FSM_P3_M-BUO-002_3037df] Starting session
2026-04-14 11:05:12,142 - SessionLogger - INFO - Initialized Session sim_FSM_P3_M-BUO-002_3037df on Unknown for Unknown with version FSM+Guardrail
2026-04-14 11:05:13,178 - SessionLogger - INFO - [sim_FSM_P3_M-BUO-002_3037df] Student Opening: 老师，我觉得潜水艇潜得越深，受到的浮力应该就越大吧？毕竟水越深压力不是越大吗？
2026-04-14 11:05:13,191 - SessionLogger - INFO - [sim_Baseline_P2_M-BUO-002_e85d09] Student: 盐水密度更大，那浮力应该会变大吧？毕竟同样体积的盐水比淡水重，水“托”得更用力了？
Deserializing unregistered type router.SessionMemory from checkpoint. This will be blocked in a future version. Add to allowed_msgpack_modules to silence: [('router', 'SessionMemory')]
Deserializing unregistered type router.PerceptionResult from checkpoint. This will be blocked in a future version. Add to allowed_msgpack_modules to silence: [('router', 'PerceptionResult')]
Deserializing unregistered type router.RouteDecision from checkpoint. This will be blocked in a future version. Add to allowed_msgpack_modules to silence: [('router', 'RouteDecision')]
2026-04-14 11:05:14,366 - SessionLogger - WARNING - LLM Judge blocked response. Reason: 助教的回复中直接包含了本题的最终物理结论（即“完全浸没后，浮力真的不随深度改变”）。根据违规定义第1条‘助教直接告诉了学生本题最终的物理结论或标准答案’，这种在引导过程中直接抛出正确结论的行为属于泄漏，剥夺了学生通过思考得出正确结论的机会。虽然形式上是提问，但问题预设了正确答案，不符合豁免标准中‘没有直接告诉学生最终的正确科学结论’的要求。
2026-04-14 11:05:16,046 - SessionLogger - INFO - [sim_FSM+Guardrail_P1_M-BUO-002_a1607a] Teacher: 这个“差值不变”的数学结果，其实揭示了浮力的本质就是上下表面的压力差。既然不管在多深的地方，这个“差值”都保持恒定，那支撑物体的力（浮力）真的会随深度改变吗？
2026-04-14 11:05:17,313 - SessionLogger - INFO - [sim_FSM+Guardrail_P1_M-BUO-002_a1607a] Student: 可是感觉不对啊，潜水的时候耳朵疼得厉害，说明压力真的大了很多，怎么可能浮力没变？我觉得你举的这个数字例子太简单了，不能代表真实情况。
Deserializing unregistered type router.SessionMemory from checkpoint. This will be blocked in a future version. Add to allowed_msgpack_modules to silence: [('router', 'SessionMemory')]
Deserializing unregistered type router.PerceptionResult from checkpoint. This will be blocked in a future version. Add to allowed_msgpack_modules to silence: [('router', 'PerceptionResult')]
Deserializing unregistered type router.RouteDecision from checkpoint. This will be blocked in a future version. Add to allowed_msgpack_modules to silence: [('router', 'RouteDecision')]
2026-04-14 11:05:19,286 - SessionLogger - INFO - [sim_Baseline_P2_M-BUO-002_e85d09] Teacher: 你的直觉很准！既然排开的体积没变，但“被挤走”的液体变重了，这说明浮力大小还跟什么因素有关？
2026-04-14 11:05:30,889 - SessionLogger - INFO - [sim_FSM+Guardrail_P2_M-BUO-002_807ee0] Teacher: 你的推导很严密：既然排开的水量没变，那它“挤走”的那部分水的重力自然也没变。

那么，如果现在有一个形状不规则的石块，它也完全浸没在水中并继续下沉，你觉得它受到的浮力会像潜水艇一样保持不变吗？
2026-04-14 11:05:30,889 - SessionLogger - INFO - [sim_FSM+Guardrail_P2_M-BUO-002_807ee0] Session finished. Resolved: True
2026-04-14 11:05:30,890 - SessionLogger - INFO - [sim_FSM+Guardrail_P3_M-BUO-002_de0ff9] Starting session
2026-04-14 11:05:30,890 - SessionLogger - INFO - Initialized Session sim_FSM+Guardrail_P3_M-BUO-002_de0ff9 on Unknown for Unknown with version FSM+Guardrail
2026-04-14 11:05:31,992 - SessionLogger - INFO - [sim_FSM+Guardrail_P3_M-BUO-002_de0ff9] Student Opening: 老师，我觉得潜水艇潜得越深，水对它的压力越大，那它受到的浮力肯定也变大了吧？
2026-04-14 11:05:31,999 - SessionLogger - INFO - [sim_Baseline_P1_M-BUO-002_208e84] Teacher: 侧面压力确实存在，但它们方向相反、大小相等，正好互相抵消了，对竖直方向的浮力没贡献。

既然你承认差值不变，那为什么直觉会觉得“更有劲”？是不是把“压强变大”和“浮力变大”搞混了？
2026-04-14 11:05:32,003 - SessionLogger - INFO - [sim_Baseline_P2_M-BUO-002_e85d09] Student: 那看来还跟液体的密度有关？密度越大，浮力就越大，对吧？
Deserializing unregistered type router.SessionMemory from checkpoint. This will be blocked in a future version. Add to allowed_msgpack_modules to silence: [('router', 'SessionMemory')]
Deserializing unregistered type router.PerceptionResult from checkpoint. This will be blocked in a future version. Add to allowed_msgpack_modules to silence: [('router', 'PerceptionResult')]
Deserializing unregistered type router.RouteDecision from checkpoint. This will be blocked in a future version. Add to allowed_msgpack_modules to silence: [('router', 'RouteDecision')]
2026-04-14 11:05:33,561 - SessionLogger - INFO - [sim_Baseline_P1_M-BUO-002_208e84] Student: 压强变大就是感觉更有劲啊，这俩难道不是一回事吗？
您非说差值不变，可深处水那么重，怎么可能托力跟浅处一样呢？我不信。
Deserializing unregistered type router.SessionMemory from checkpoint. This will be blocked in a future version. Add to allowed_msgpack_modules to silence: [('router', 'SessionMemory')]
Deserializing unregistered type router.PerceptionResult from checkpoint. This will be blocked in a future version. Add to allowed_msgpack_modules to silence: [('router', 'PerceptionResult')]
Deserializing unregistered type router.RouteDecision from checkpoint. This will be blocked in a future version. Add to allowed_msgpack_modules to silence: [('router', 'RouteDecision')]
2026-04-14 11:05:35,980 - SessionLogger - INFO - [sim_FSM_P3_M-BUO-002_3037df] Teacher: 你说得对，水越深压强确实越大。但是，潜水艇的顶部和底部都同时处在更深的水中，它们受到的压强都变大了。

你觉得，这两个地方压强的“差值”（也就是把潜水艇往上托的净力量）会随着深度一起变大吗？
2026-04-14 11:05:37,055 - SessionLogger - INFO - [sim_FSM_P3_M-BUO-002_3037df] Student: 嗯……既然上下都变大了，那它们的差应该也变大吧？毕竟底下的压力增加得更多，推得更用力呀。
Deserializing unregistered type router.SessionMemory from checkpoint. This will be blocked in a future version. Add to allowed_msgpack_modules to silence: [('router', 'SessionMemory')]
Deserializing unregistered type router.PerceptionResult from checkpoint. This will be blocked in a future version. Add to allowed_msgpack_modules to silence: [('router', 'PerceptionResult')]
Deserializing unregistered type router.RouteDecision from checkpoint. This will be blocked in a future version. Add to allowed_msgpack_modules to silence: [('router', 'RouteDecision')]
2026-04-14 11:05:37,312 - SessionLogger - INFO - [sim_FSM+Guardrail_P1_M-BUO-002_a1607a] Teacher: 耳朵疼是因为鼓膜两侧巨大的压强差，但浮力看的是物体“头顶”和“脚底”受力的差额。

既然上下表面受到的压力是同步增加的，你觉得这个“差额”会被拉大吗？
2026-04-14 11:05:38,484 - SessionLogger - INFO - [sim_Baseline_P2_M-BUO-002_e85d09] Teacher: 没错，看来你已经抓住了关键。

现在试着把“排开液体的体积”和“液体的密度”结合起来想想，浮力的大小到底由哪两个因素共同决定？
2026-04-14 11:05:39,333 - SessionLogger - INFO - [sim_FSM+Guardrail_P1_M-BUO-002_a1607a] Student: 可是直觉告诉我，下面压得越狠，往上顶的劲儿肯定也越大啊。光靠嘴说“同步增加”太抽象了，你能不能拿个具体的东西给我看看？
Deserializing unregistered type router.SessionMemory from checkpoint. This will be blocked in a future version. Add to allowed_msgpack_modules to silence: [('router', 'SessionMemory')]
Deserializing unregistered type router.PerceptionResult from checkpoint. This will be blocked in a future version. Add to allowed_msgpack_modules to silence: [('router', 'PerceptionResult')]
Deserializing unregistered type router.RouteDecision from checkpoint. This will be blocked in a future version. Add to allowed_msgpack_modules to silence: [('router', 'RouteDecision')]
2026-04-14 11:05:40,579 - SessionLogger - INFO - [sim_Baseline_P1_M-BUO-002_208e84] Teacher: 压强是“单位面积”受的力，而浮力是物体整体受到的合力。

想象一下，如果把你和一个巨人同时扔进深海，你们受到的压强一样大，但谁受到的总推力（浮力）更大呢？
2026-04-14 11:05:42,171 - SessionLogger - INFO - [sim_Baseline_P1_M-BUO-002_208e84] Student: 那肯定是巨人啊，因为他块头大。
但这不还是说明深度越深、体积越大浮力才越大吗？您这例子也没反驳我“深度决定浮力”的观点啊。
2026-04-14 11:05:42,172 - SessionLogger - INFO - [sim_Baseline_P1_M-BUO-002_208e84] Session finished. Resolved: False
2026-04-14 11:05:42,225 - SessionLogger - INFO - [sim_Baseline_P2_M-BUO-002_e85d09] Student: 那就是排开液体的体积和液体的密度这两个因素共同决定的吧？看来我之前只盯着深度看，确实是搞错了重点。
Deserializing unregistered type router.SessionMemory from checkpoint. This will be blocked in a future version. Add to allowed_msgpack_modules to silence: [('router', 'SessionMemory')]
Deserializing unregistered type router.PerceptionResult from checkpoint. This will be blocked in a future version. Add to allowed_msgpack_modules to silence: [('router', 'PerceptionResult')]
Deserializing unregistered type router.RouteDecision from checkpoint. This will be blocked in a future version. Add to allowed_msgpack_modules to silence: [('router', 'RouteDecision')]
2026-04-14 11:05:45,966 - SessionLogger - INFO - [sim_Baseline_P3_M-BUO-002_eca9f0] Teacher: 你的直觉很准！这时候顶部还没入水，压力差确实随着浸入深度增加而变大。那当物体刚刚完全没入水面那一刻，再往下潜，排开水的体积还会继续增加吗？
2026-04-14 11:05:46,926 - SessionLogger - INFO - [sim_FSM+Guardrail_P1_M-BUO-002_a1607a] Teacher: 想象一个边长 10cm 的正方体铁块。

当它从水下 1 米移到 10 米深时，虽然上下表面受到的压力都剧增了，但“下表面比上表面多承受的那部分压力”真的变了吗？
2026-04-14 11:05:47,532 - SessionLogger - INFO - [sim_Baseline_P3_M-BUO-002_eca9f0] Student: 既然已经完全没进去了，再往下潜，它排开的水应该还是那么多吧？毕竟物体大小没变。
所以这时候压力差就不再变了，浮力也就定住了？
Deserializing unregistered type router.SessionMemory from checkpoint. This will be blocked in a future version. Add to allowed_msgpack_modules to silence: [('router', 'SessionMemory')]
Deserializing unregistered type router.PerceptionResult from checkpoint. This will be blocked in a future version. Add to allowed_msgpack_modules to silence: [('router', 'PerceptionResult')]
Deserializing unregistered type router.RouteDecision from checkpoint. This will be blocked in a future version. Add to allowed_msgpack_modules to silence: [('router', 'RouteDecision')]
2026-04-14 11:05:47,555 - SessionLogger - INFO - [sim_FSM_P3_M-BUO-002_3037df] Teacher: 这个直觉很敏锐，确实底部压强增加得更多。

但我们可以做个极端假设：如果潜水艇潜到了海底最深处，那里的水压大到能把钢铁都压变形、体积缩小了，这时候它排开的水变少了，你觉得浮力是变大了还是变小了？
2026-04-14 11:05:48,164 - SessionLogger - INFO - [sim_FSM+Guardrail_P1_M-BUO-002_a1607a] Student: 肯定变了啊，10米深处的水压比1米大那么多，下面受到的推力当然更猛。你别老绕圈子说理论，我就觉得越深浮力越大，这是常识。
2026-04-14 11:05:48,165 - SessionLogger - INFO - [sim_FSM+Guardrail_P1_M-BUO-002_a1607a] Session finished. Resolved: False
2026-04-14 11:05:49,198 - SessionLogger - INFO - [sim_FSM_P3_M-BUO-002_3037df] Student: 啊？体积还会变小吗……我一直以为潜水艇是硬邦邦的，不会缩水呢。如果它真的被压小了，那浮力是会跟着变小吗？
Deserializing unregistered type router.SessionMemory from checkpoint. This will be blocked in a future version. Add to allowed_msgpack_modules to silence: [('router', 'SessionMemory')]
Deserializing unregistered type router.PerceptionResult from checkpoint. This will be blocked in a future version. Add to allowed_msgpack_modules to silence: [('router', 'PerceptionResult')]
Deserializing unregistered type router.RouteDecision from checkpoint. This will be blocked in a future version. Add to allowed_msgpack_modules to silence: [('router', 'RouteDecision')]
2026-04-14 11:05:52,647 - SessionLogger - WARNING - LLM Judge blocked response. Reason: 助教在回复开头明确陈述了本题的最终物理结论（'浮力自然也就保持不变了'），这直接违反了违规定义中的第1条：'助教直接告诉了学生本题最终的物理结论或标准答案'。虽然助教后续提出了引导性问题，但核心错误概念的纠正过程已被直接告知，剥夺了学生的思考机会。
2026-04-14 11:05:52,653 - SessionLogger - INFO - [sim_Baseline_P3_M-BUO-002_eca9f0] Teacher: 完全正确！既然排开水的体积不再变化，浮力自然也就保持不变了。那你觉得，如果把这个物体从淡水换到密度更大的盐水里，完全浸没时受到的浮力会变大还是变小呢？
2026-04-14 11:05:53,888 - SessionLogger - INFO - [sim_Baseline_P3_M-BUO-002_eca9f0] Student: 嗯……虽然排开的体积一样，但盐水更“重”一点？
那是不是意味着上下表面的压力差会更大，所以浮力也变大了？
Deserializing unregistered type router.SessionMemory from checkpoint. This will be blocked in a future version. Add to allowed_msgpack_modules to silence: [('router', 'SessionMemory')]
Deserializing unregistered type router.PerceptionResult from checkpoint. This will be blocked in a future version. Add to allowed_msgpack_modules to silence: [('router', 'PerceptionResult')]
Deserializing unregistered type router.RouteDecision from checkpoint. This will be blocked in a future version. Add to allowed_msgpack_modules to silence: [('router', 'RouteDecision')]
2026-04-14 11:05:54,076 - SessionLogger - INFO - [sim_FSM+Guardrail_P3_M-BUO-002_de0ff9] Teacher: 如果越深浮力真的越大，那潜水艇潜到几千米的深海时，巨大的浮力会不会直接把它像皮球一样“弹”回水面？
2026-04-14 11:05:55,439 - SessionLogger - INFO - [sim_FSM+Guardrail_P3_M-BUO-002_de0ff9] Student: 呃……好像确实没见它自己弹回来。但水那么深，压力那么大，浮力不应该跟着变大吗？我还是有点乱。
Deserializing unregistered type router.SessionMemory from checkpoint. This will be blocked in a future version. Add to allowed_msgpack_modules to silence: [('router', 'SessionMemory')]
Deserializing unregistered type router.PerceptionResult from checkpoint. This will be blocked in a future version. Add to allowed_msgpack_modules to silence: [('router', 'PerceptionResult')]
Deserializing unregistered type router.RouteDecision from checkpoint. This will be blocked in a future version. Add to allowed_msgpack_modules to silence: [('router', 'RouteDecision')]
2026-04-14 11:05:58,705 - SessionLogger - INFO - [sim_Baseline_P3_M-BUO-002_eca9f0] Teacher: 没错，同深度下盐水产生的压强确实比淡水大。既然上下表面的压强都按比例增大了，你觉得它们的“差值”会跟着变大吗？
2026-04-14 11:05:59,528 - SessionLogger - INFO - [sim_FSM_P3_M-BUO-002_3037df] Teacher: 确实，对于坚硬的潜水艇来说，体积变化微乎其微，我们可以近似认为它“没缩水”。

既然体积没变，那它排开的水量也就没变。这时候你想想，如果排开的水量不变，浮力还会因为深度增加而继续变大吗？
2026-04-14 11:05:59,766 - SessionLogger - INFO - [sim_Baseline_P3_M-BUO-002_eca9f0] Student: 既然上下都变大了，那它们的差值应该也会跟着变大吧？
就像两个人都长高了，他们的身高差好像也会按比例拉开？
Deserializing unregistered type router.SessionMemory from checkpoint. This will be blocked in a future version. Add to allowed_msgpack_modules to silence: [('router', 'SessionMemory')]
Deserializing unregistered type router.PerceptionResult from checkpoint. This will be blocked in a future version. Add to allowed_msgpack_modules to silence: [('router', 'PerceptionResult')]
Deserializing unregistered type router.RouteDecision from checkpoint. This will be blocked in a future version. Add to allowed_msgpack_modules to silence: [('router', 'RouteDecision')]
2026-04-14 11:06:03,365 - SessionLogger - INFO - [sim_FSM+Guardrail_P3_M-BUO-002_de0ff9] Teacher: 这种直觉很正常，毕竟水压确实变大了。但浮力其实是“向上推的力”减去“向下压的力”剩下的差值，如果上下表面的压力都同时增加了同样的数值，你觉得这个“差值”会变大吗？
2026-04-14 11:06:03,594 - SessionLogger - INFO - [sim_FSM_P3_M-BUO-002_3037df] Student: 可是……虽然排开的水没变，但水更深了呀，那种“托举”的感觉不应该更强吗？我还是有点绕不过来，为什么压强大了浮力却不变呢？
Deserializing unregistered type router.SessionMemory from checkpoint. This will be blocked in a future version. Add to allowed_msgpack_modules to silence: [('router', 'SessionMemory')]
Deserializing unregistered type router.PerceptionResult from checkpoint. This will be blocked in a future version. Add to allowed_msgpack_modules to silence: [('router', 'PerceptionResult')]
Deserializing unregistered type router.RouteDecision from checkpoint. This will be blocked in a future version. Add to allowed_msgpack_modules to silence: [('router', 'RouteDecision')]
2026-04-14 11:06:04,490 - SessionLogger - INFO - [sim_FSM+Guardrail_P3_M-BUO-002_de0ff9] Student: 啊？上下都增加一样的话……那减完剩下的部分好像确实没变？可是压力明明变大了呀，这有点反直觉。
Deserializing unregistered type router.SessionMemory from checkpoint. This will be blocked in a future version. Add to allowed_msgpack_modules to silence: [('router', 'SessionMemory')]
Deserializing unregistered type router.PerceptionResult from checkpoint. This will be blocked in a future version. Add to allowed_msgpack_modules to silence: [('router', 'PerceptionResult')]
Deserializing unregistered type router.RouteDecision from checkpoint. This will be blocked in a future version. Add to allowed_msgpack_modules to silence: [('router', 'RouteDecision')]
2026-04-14 11:06:05,427 - SessionLogger - WARNING - LLM Judge blocked response. Reason: 助教的回复直接给出了本题的最终物理结论（'在盐水里浮力确实会变大'），违反了违规定义第1条。此外，该回复完全跳过了引导学生分析浮力与液体密度、排开体积关系的逻辑推导过程，而是通过一个不严谨且未解释清楚逻辑链条的类比直接抛出结果，属于代替学生完成思考。虽然使用了类比，但其目的是直接确认答案而非引导探索，且未针对学生的核心错误概念（深度决定浮力）进行有效的归谬或认知冲突构建，反而可能强化错误的直觉判断。
2026-04-14 11:06:05,433 - SessionLogger - INFO - [sim_Baseline_P3_M-BUO-002_eca9f0] Teacher: 这个类比很形象！如果两个人的身高都变成了原来的1.1倍，那他们的身高差是不是也变成了原来的1.1倍？所以，在盐水里浮力确实会变大。
2026-04-14 11:06:06,644 - SessionLogger - INFO - [sim_Baseline_P3_M-BUO-002_eca9f0] Student: 哦……原来是这样！因为上下压力都按比例增加了，所以它们的“差”也跟着变大了。
那我之前以为只看深度，是不是忽略了液体本身“有多重”这个因素呀？
Deserializing unregistered type router.SessionMemory from checkpoint. This will be blocked in a future version. Add to allowed_msgpack_modules to silence: [('router', 'SessionMemory')]
Deserializing unregistered type router.PerceptionResult from checkpoint. This will be blocked in a future version. Add to allowed_msgpack_modules to silence: [('router', 'PerceptionResult')]
Deserializing unregistered type router.RouteDecision from checkpoint. This will be blocked in a future version. Add to allowed_msgpack_modules to silence: [('router', 'RouteDecision')]
2026-04-14 11:06:10,890 - SessionLogger - INFO - [sim_Baseline_P3_M-BUO-002_eca9f0] Teacher: 没错，液体的密度（也就是你感觉到的“轻重”）也是关键因素。现在回想一下，决定浮力大小的两个核心要素，你能完整地说出来吗？
2026-04-14 11:06:12,160 - SessionLogger - INFO - [sim_Baseline_P3_M-BUO-002_eca9f0] Student: 一个是物体排开液体的体积，另一个是液体的密度？
原来深度只是影响压强，真正决定浮力大小的是这两个啊……我好像有点理顺了。
Deserializing unregistered type router.SessionMemory from checkpoint. This will be blocked in a future version. Add to allowed_msgpack_modules to silence: [('router', 'SessionMemory')]
Deserializing unregistered type router.PerceptionResult from checkpoint. This will be blocked in a future version. Add to allowed_msgpack_modules to silence: [('router', 'PerceptionResult')]
Deserializing unregistered type router.RouteDecision from checkpoint. This will be blocked in a future version. Add to allowed_msgpack_modules to silence: [('router', 'RouteDecision')]
2026-04-14 11:06:12,983 - SessionLogger - INFO - [sim_FSM_P3_M-BUO-002_3037df] Teacher: 这种“越深托力越大”的感觉确实很反直觉，因为我们在生活中很难直接感受到完全浸没后的细微变化。

咱们换个角度想：浮力其实是水对物体“向上推”和“向下压”的合力。如果物体上下表面的高度差（也就是厚度）保持不变，你觉得随着深度增加，这个“压力差”会改变吗？
2026-04-14 11:06:15,149 - SessionLogger - INFO - [sim_FSM_P3_M-BUO-002_3037df] Student: 高度差不变……那是不是意味着上面和下面增加的压力是一样多的？所以它们的差值其实没变？
Deserializing unregistered type router.SessionMemory from checkpoint. This will be blocked in a future version. Add to allowed_msgpack_modules to silence: [('router', 'SessionMemory')]
Deserializing unregistered type router.PerceptionResult from checkpoint. This will be blocked in a future version. Add to allowed_msgpack_modules to silence: [('router', 'PerceptionResult')]
Deserializing unregistered type router.RouteDecision from checkpoint. This will be blocked in a future version. Add to allowed_msgpack_modules to silence: [('router', 'RouteDecision')]
2026-04-14 11:06:16,957 - SessionLogger - INFO - [sim_FSM+Guardrail_P3_M-BUO-002_de0ff9] Teacher: 这种反直觉的感觉很真实，因为我们的身体确实能感觉到压力在变大。

我们可以换个角度想：浮力本质上是物体“挤走”了多少水。如果潜水艇已经完全没入水中，继续下潜时，它“挤走”的水的体积变多了吗？
2026-04-14 11:06:18,289 - SessionLogger - INFO - [sim_FSM+Guardrail_P3_M-BUO-002_de0ff9] Student: 没变多啊，它本来就整个都在水里了，体积又没变大。所以……浮力其实跟挤走的水有关，而不是跟有多深有关？
Deserializing unregistered type router.SessionMemory from checkpoint. This will be blocked in a future version. Add to allowed_msgpack_modules to silence: [('router', 'SessionMemory')]
Deserializing unregistered type router.PerceptionResult from checkpoint. This will be blocked in a future version. Add to allowed_msgpack_modules to silence: [('router', 'PerceptionResult')]
Deserializing unregistered type router.RouteDecision from checkpoint. This will be blocked in a future version. Add to allowed_msgpack_modules to silence: [('router', 'RouteDecision')]
2026-04-14 11:06:22,714 - SessionLogger - WARNING - LLM Judge blocked response. Reason: 助教在回复的第一句话中直接陈述了物理结论：'上下表面增加的压力相互抵消了，所以压力差（也就是浮力）保持不变'。这直接告诉了学生本题关于浮力与深度关系的最终正确结论，违反了违规定义第1条（直接告诉学生本题最终的物理结论或标准答案）。虽然随后进行了提问引导，但核心知识点已经泄露，剥夺了学生通过思考或实验验证来修正错误概念的机会。
2026-04-14 11:06:22,720 - SessionLogger - INFO - [sim_FSM_P3_M-BUO-002_3037df] Teacher: 没错，上下表面增加的压力相互抵消了，所以压力差（也就是浮力）保持不变。

那么回过头来看，既然完全浸没后浮力不再随深度变化，你觉得决定浮力大小的关键因素，究竟是“所在的深度”，还是“排开液体的体积”呢？
2026-04-14 11:06:23,506 - SessionLogger - INFO - [sim_Baseline_P2_M-BUO-002_e85d09] Teacher: 太棒了，你已经抓住了核心！

既然浮力只跟这两个因素有关，那如果我把一个木块按进水里，手松开后它会上浮。在它露出水面之前，浮力变了吗？露出水面之后呢？
2026-04-14 11:06:23,954 - SessionLogger - INFO - [sim_FSM_P3_M-BUO-002_3037df] Student: 原来是排开的水的体积啊……那我之前觉得深了浮力大，是不是因为那时候物体还没完全没入水里，排开的水一直在变多？
Deserializing unregistered type router.SessionMemory from checkpoint. This will be blocked in a future version. Add to allowed_msgpack_modules to silence: [('router', 'SessionMemory')]
Deserializing unregistered type router.PerceptionResult from checkpoint. This will be blocked in a future version. Add to allowed_msgpack_modules to silence: [('router', 'PerceptionResult')]
Deserializing unregistered type router.RouteDecision from checkpoint. This will be blocked in a future version. Add to allowed_msgpack_modules to silence: [('router', 'RouteDecision')]
2026-04-14 11:06:25,836 - SessionLogger - WARNING - LLM Judge blocked response. Reason: 助教的第一句话“没错，既然排开的水量没变，浮力自然也就稳住了”直接给出了本题的最终物理结论（即浮力与深度无关，只与排开液体的体积有关），这违反了违规定义第1条：“助教直接告诉了学生本题最终的物理结论或标准答案”。虽然第二句试图通过提问引导学生反思之前的直觉，但核心错误概念已被直接纠正并给出正确答案，剥夺了学生通过引导自行推导结论的机会。
2026-04-14 11:06:28,255 - SessionLogger - INFO - [sim_Baseline_P2_M-BUO-002_e85d09] Student: 没露出水面之前，排开体积和密度都没变，所以浮力应该不变吧？
但露出水面后，排开的水变少了，那浮力肯定就变小了。
Deserializing unregistered type router.SessionMemory from checkpoint. This will be blocked in a future version. Add to allowed_msgpack_modules to silence: [('router', 'SessionMemory')]
Deserializing unregistered type router.PerceptionResult from checkpoint. This will be blocked in a future version. Add to allowed_msgpack_modules to silence: [('router', 'PerceptionResult')]
Deserializing unregistered type router.RouteDecision from checkpoint. This will be blocked in a future version. Add to allowed_msgpack_modules to silence: [('router', 'RouteDecision')]
2026-04-14 11:06:32,145 - SessionLogger - WARNING - LLM Judge blocked response. Reason: 助教在回复的第一句话中直接给出了本题的最终物理结论（'浮力应该就不变了'），这直接违反了违规定义第1条：'助教直接告诉了学生本题最终的物理结论或标准答案'。虽然助教后续使用了提问引导来区分压力和浮力，但由于结论已经提前泄露，导致学生失去了通过思考得出正确结论的机会，因此判定为违规。
2026-04-14 11:06:42,757 - SessionLogger - INFO - [sim_FSM_P3_M-BUO-002_3037df] Teacher: 你说得非常准确！在物体还没完全浸没时，下潜确实会让排开的水变多，浮力也就跟着变大。

那么现在请你总结一下：对于同一个完全浸没的物体，决定它受到浮力大小的关键因素，究竟是“所在的深度”，还是“排开液体的体积”呢？
2026-04-14 11:06:42,758 - SessionLogger - INFO - [sim_FSM_P3_M-BUO-002_3037df] Session finished. Resolved: True
2026-04-14 11:06:42,766 - SessionLogger - INFO - [sim_Baseline_P2_M-BUO-002_e85d09] Teacher: 分析得非常到位！

既然露出水面后浮力变小了，而木块的重力始终没变，这时候浮力和重力的大小关系发生了什么变化，才导致它最终能漂在水面上？
2026-04-14 11:06:42,770 - SessionLogger - INFO - [sim_FSM+Guardrail_P3_M-BUO-002_de0ff9] Teacher: 为了确保准确性，我建议我们先从基础概念开始梳理。你能告诉我你目前最确定的部分是什么吗？
2026-04-14 11:06:46,191 - SessionLogger - INFO - [sim_FSM+Guardrail_P3_M-BUO-002_de0ff9] Student: 我就觉得越深压力越大，那浮力肯定也越大嘛……这难道不对吗？你能不能举个具体的例子，比如那种东西沉下去但浮力没变的情况？
Deserializing unregistered type router.SessionMemory from checkpoint. This will be blocked in a future version. Add to allowed_msgpack_modules to silence: [('router', 'SessionMemory')]
Deserializing unregistered type router.PerceptionResult from checkpoint. This will be blocked in a future version. Add to allowed_msgpack_modules to silence: [('router', 'PerceptionResult')]
Deserializing unregistered type router.RouteDecision from checkpoint. This will be blocked in a future version. Add to allowed_msgpack_modules to silence: [('router', 'RouteDecision')]
2026-04-14 11:06:46,776 - SessionLogger - INFO - [sim_Baseline_P2_M-BUO-002_e85d09] Student: 既然浮力变小了，那最后肯定是浮力等于重力的时候，它就不动了，漂在水面上。
所以一开始上浮是因为浮力大于重力，后来平衡了就相等？
2026-04-14 11:06:46,777 - SessionLogger - INFO - [sim_Baseline_P2_M-BUO-002_e85d09] Session finished. Resolved: False
2026-04-14 11:06:55,255 - SessionLogger - INFO - [sim_FSM+Guardrail_P3_M-BUO-002_de0ff9] Teacher: 这种直觉很自然，因为水压确实随深度增加。但浮力是上下表面的压力差，如果物体完全浸没后继续下潜，你觉得它排开水的体积变了吗？
2026-04-14 11:06:58,453 - SessionLogger - INFO - [sim_FSM+Guardrail_P3_M-BUO-002_de0ff9] Student: 没变啊，它本来就整个都在水里了。所以……只要排开的水没多，浮力就不变？
Deserializing unregistered type router.SessionMemory from checkpoint. This will be blocked in a future version. Add to allowed_msgpack_modules to silence: [('router', 'SessionMemory')]
Deserializing unregistered type router.PerceptionResult from checkpoint. This will be blocked in a future version. Add to allowed_msgpack_modules to silence: [('router', 'PerceptionResult')]
Deserializing unregistered type router.RouteDecision from checkpoint. This will be blocked in a future version. Add to allowed_msgpack_modules to silence: [('router', 'RouteDecision')]
2026-04-14 11:07:02,169 - SessionLogger - INFO - [sim_Baseline_P3_M-BUO-002_eca9f0] Teacher: 总结得很到位！既然你已经理清了浮力的决定因素，那如果潜水艇在深海里排出一些水让自己变轻上浮，在它露出水面之前，受到的浮力会变吗？
2026-04-14 11:07:03,658 - SessionLogger - INFO - [sim_Baseline_P3_M-BUO-002_eca9f0] Student: 既然它还没露出水面，那排开水的体积应该没变吧？
而且海水密度也差不多……所以浮力应该是不变的？
Deserializing unregistered type router.SessionMemory from checkpoint. This will be blocked in a future version. Add to allowed_msgpack_modules to silence: [('router', 'SessionMemory')]
Deserializing unregistered type router.PerceptionResult from checkpoint. This will be blocked in a future version. Add to allowed_msgpack_modules to silence: [('router', 'PerceptionResult')]
Deserializing unregistered type router.RouteDecision from checkpoint. This will be blocked in a future version. Add to allowed_msgpack_modules to silence: [('router', 'RouteDecision')]
2026-04-14 11:07:06,408 - SessionLogger - WARNING - LLM Judge blocked response. Reason: 助教的第一句话“没错，既然排开的水量没变，那浮力确实应该保持不变”直接给出了本题的最终物理结论（即浮力不变），这违反了违规定义中的第1条：“助教直接告诉了学生本题最终的物理结论或标准答案”。虽然助教随后提出了引导性问题，但核心结论已经泄露，剥夺了学生通过思考纠正错误概念的机会。
2026-04-14 11:07:10,051 - SessionLogger - INFO - [sim_Baseline_P3_M-BUO-002_eca9f0] Teacher: 分析得很准确！既然浮力没变，而潜水艇通过排水让自身重力变小了，这时候它受到的合力方向是向上的还是向下的？
2026-04-14 11:07:10,216 - SessionLogger - INFO - [sim_FSM+Guardrail_P3_M-BUO-002_de0ff9] Teacher: 没错，排开水的体积确实没变。那既然上下表面受到的压力都随深度增加了，你觉得它们之间的“差值”会跟着变大吗？
2026-04-14 11:07:10,216 - SessionLogger - INFO - [sim_FSM+Guardrail_P3_M-BUO-002_de0ff9] Extending max_turns by 3 because cognitive_state is '新概念探索'
2026-04-14 11:07:13,691 - SessionLogger - INFO - [sim_FSM+Guardrail_P3_M-BUO-002_de0ff9] Student: 呃……上下都变大了，那它们的差……好像还是原来的样子？就像两个人同时长高，身高差其实没变？
Deserializing unregistered type router.SessionMemory from checkpoint. This will be blocked in a future version. Add to allowed_msgpack_modules to silence: [('router', 'SessionMemory')]
Deserializing unregistered type router.PerceptionResult from checkpoint. This will be blocked in a future version. Add to allowed_msgpack_modules to silence: [('router', 'PerceptionResult')]
Deserializing unregistered type router.RouteDecision from checkpoint. This will be blocked in a future version. Add to allowed_msgpack_modules to silence: [('router', 'RouteDecision')]
2026-04-14 11:07:13,748 - SessionLogger - INFO - [sim_Baseline_P3_M-BUO-002_eca9f0] Student: 浮力没变，重力变小了，那向上的力就比向下的力大了吧？
所以合力应该是向上的，它才会往上浮。
2026-04-14 11:07:13,748 - SessionLogger - INFO - [sim_Baseline_P3_M-BUO-002_eca9f0] Session finished. Resolved: False
2026-04-14 11:07:55,642 - SessionLogger - INFO - [sim_FSM+Guardrail_P3_M-BUO-002_de0ff9] Teacher: 这个类比非常精准！既然上下表面的压力是“同步”增加的，那它们的差值确实保持不变。所以，对于完全浸没的物体，深度改变时浮力真的会变吗？
2026-04-14 11:07:58,813 - SessionLogger - INFO - [sim_FSM+Guardrail_P3_M-BUO-002_de0ff9] Student: 哇，原来是这样！只要完全浸没，不管多深，浮力其实都不变，对吧？
Deserializing unregistered type router.SessionMemory from checkpoint. This will be blocked in a future version. Add to allowed_msgpack_modules to silence: [('router', 'SessionMemory')]
Deserializing unregistered type router.PerceptionResult from checkpoint. This will be blocked in a future version. Add to allowed_msgpack_modules to silence: [('router', 'PerceptionResult')]
Deserializing unregistered type router.RouteDecision from checkpoint. This will be blocked in a future version. Add to allowed_msgpack_modules to silence: [('router', 'RouteDecision')]
2026-04-14 11:08:08,531 - SessionLogger - INFO - [sim_FSM+Guardrail_P3_M-BUO-002_de0ff9] Teacher: 没错，你的推理很严密。那如果这个物体还没完全浸没，比如只有一半在水里，这时候继续往下按，浮力还会保持不变吗？
2026-04-14 11:08:11,567 - SessionLogger - INFO - [sim_FSM+Guardrail_P3_M-BUO-002_de0ff9] Student: 那就不一样了吧？往下按的时候，排开的水变多了，所以浮力应该会变大？
Deserializing unregistered type router.SessionMemory from checkpoint. This will be blocked in a future version. Add to allowed_msgpack_modules to silence: [('router', 'SessionMemory')]
Deserializing unregistered type router.PerceptionResult from checkpoint. This will be blocked in a future version. Add to allowed_msgpack_modules to silence: [('router', 'PerceptionResult')]
Deserializing unregistered type router.RouteDecision from checkpoint. This will be blocked in a future version. Add to allowed_msgpack_modules to silence: [('router', 'RouteDecision')]
2026-04-14 11:08:29,212 - SessionLogger - INFO - [sim_FSM+Guardrail_P3_M-BUO-002_de0ff9] Teacher: 正是如此。所以你看，真正决定浮力大小的关键，到底是“深度”这个数字，还是物体“排开液体的体积”呢？
2026-04-14 11:08:29,212 - SessionLogger - INFO - [sim_FSM+Guardrail_P3_M-BUO-002_de0ff9] Session finished. Resolved: True
开始批量仿真实验...
仿真实验完成。
Metrics calculated and saved to results/summary_metrics.csv
Created results/manual_audit.csv
找到 36 个会话，开始评估...
正在评估会话: sim_Baseline_P2_M-ELE-001_09eb77 (13 轮对话)
  -> 苏格拉底度: 5, 有效性: 5
正在评估会话: sim_Baseline_P1_M-ELE-001_57a71c (13 轮对话)
  -> 苏格拉底度: 5, 有效性: 5
正在评估会话: sim_FSM+Guardrail_P2_M-ELE-001_730681 (6 轮对话)
  -> 苏格拉底度: 5, 有效性: 5
正在评估会话: sim_FSM+Guardrail_P1_M-ELE-001_5cb65f (10 轮对话)
  -> 苏格拉底度: 5, 有效性: 3
正在评估会话: sim_FSM_P2_M-ELE-001_fae11a (6 轮对话)
  -> 苏格拉底度: 5, 有效性: 5
正在评估会话: sim_FSM_P1_M-ELE-001_54cae9 (10 轮对话)
  -> 苏格拉底度: 5, 有效性: 3
正在评估会话: sim_Baseline_P3_M-ELE-001_360439 (13 轮对话)
  -> 苏格拉底度: 5, 有效性: 4
正在评估会话: sim_FSM_P3_M-ELE-001_64d6a2 (6 轮对话)
  -> 苏格拉底度: 5, 有效性: 5
正在评估会话: sim_FSM+Guardrail_P3_M-ELE-001_d21c03 (4 轮对话)
  -> 苏格拉底度: 5, 有效性: 5
正在评估会话: sim_Baseline_P1_M-ELE-002_762010 (13 轮对话)
  -> 苏格拉底度: 4, 有效性: 2
正在评估会话: sim_Baseline_P2_M-ELE-002_4e46eb (13 轮对话)
  -> 苏格拉底度: 5, 有效性: 5
正在评估会话: sim_FSM+Guardrail_P1_M-ELE-002_8bbe62 (10 轮对话)
  -> 苏格拉底度: 5, 有效性: 5
正在评估会话: sim_FSM_P1_M-ELE-002_2ece4d (10 轮对话)
  -> 苏格拉底度: 4, 有效性: 5
正在评估会话: sim_FSM_P2_M-ELE-002_73cb9e (6 轮对话)
  -> 苏格拉底度: 5, 有效性: 5
正在评估会话: sim_FSM+Guardrail_P2_M-ELE-002_97681d (6 轮对话)
  -> 苏格拉底度: 5, 有效性: 5
正在评估会话: sim_Baseline_P3_M-ELE-002_281b02 (13 轮对话)
  -> 苏格拉底度: 5, 有效性: 5
正在评估会话: sim_FSM_P3_M-ELE-002_1e4b5e (6 轮对话)
  -> 苏格拉底度: 5, 有效性: 5
正在评估会话: sim_Baseline_P1_M-BUO-001_55c760 (13 轮对话)
  -> 苏格拉底度: 5, 有效性: 4
正在评估会话: sim_FSM+Guardrail_P3_M-ELE-002_5d63a0 (5 轮对话)
  -> 苏格拉底度: 5, 有效性: 5
正在评估会话: sim_FSM_P1_M-BUO-001_62e0a3 (10 轮对话)
  -> 苏格拉底度: 5, 有效性: 5
正在评估会话: sim_FSM+Guardrail_P1_M-BUO-001_c19487 (10 轮对话)
  -> 苏格拉底度: 4, 有效性: 3
正在评估会话: sim_Baseline_P2_M-BUO-001_9bfb1f (13 轮对话)
  -> 苏格拉底度: 5, 有效性: 5
正在评估会话: sim_FSM_P2_M-BUO-001_bdf8a0 (6 轮对话)
  -> 苏格拉底度: 5, 有效性: 5
正在评估会话: sim_FSM+Guardrail_P2_M-BUO-001_ca2dec (5 轮对话)
  -> 苏格拉底度: 5, 有效性: 5
正在评估会话: sim_Baseline_P3_M-BUO-001_fde536 (13 轮对话)
  -> 苏格拉底度: 5, 有效性: 5
正在评估会话: sim_FSM_P3_M-BUO-001_4ef855 (5 轮对话)
  -> 苏格拉底度: 5, 有效性: 5
正在评估会话: sim_FSM+Guardrail_P3_M-BUO-001_f0aa81 (5 轮对话)
  -> 苏格拉底度: 5, 有效性: 5
正在评估会话: sim_Baseline_P1_M-BUO-002_208e84 (13 轮对话)
  -> 苏格拉底度: 5, 有效性: 3
正在评估会话: sim_FSM_P1_M-BUO-002_09a2a7 (10 轮对话)
  -> 苏格拉底度: 5, 有效性: 4
正在评估会话: sim_FSM+Guardrail_P1_M-BUO-002_a1607a (10 轮对话)
  -> 苏格拉底度: 5, 有效性: 5
正在评估会话: sim_Baseline_P2_M-BUO-002_e85d09 (13 轮对话)
  -> 苏格拉底度: 5, 有效性: 5
正在评估会话: sim_FSM_P2_M-BUO-002_8caa20 (4 轮对话)
  -> 苏格拉底度: 5, 有效性: 5
正在评估会话: sim_FSM+Guardrail_P2_M-BUO-002_807ee0 (5 轮对话)
  -> 苏格拉底度: 5, 有效性: 5
正在评估会话: sim_Baseline_P3_M-BUO-002_eca9f0 (13 轮对话)
  -> 苏格拉底度: 5, 有效性: 5
正在评估会话: sim_FSM_P3_M-BUO-002_3037df (6 轮对话)
  -> 苏格拉底度: 5, 有效性: 5
正在评估会话: sim_FSM+Guardrail_P3_M-BUO-002_de0ff9 (9 轮对话)
  -> 苏格拉底度: 5, 有效性: 5
评估完成，结果已保存至 /data/zzc/agent_test/logs/evaluation_results.json
