2026-04-13 23:07:12,509 - SessionLogger - INFO - [sim_Baseline_P1_M-ELE-001_849dc4] Starting session
2026-04-13 23:07:12,509 - SessionLogger - INFO - Initialized Session sim_Baseline_P1_M-ELE-001_849dc4 on Unknown for Unknown with version FSM+Guardrail
2026-04-13 23:07:15,858 - SessionLogger - INFO - [sim_Baseline_P1_M-ELE-001_849dc4] Student Opening: 老师，我觉得串联电路里，第一个灯泡肯定比第二个亮，因为电流流过去的时候被第一个灯泡“用掉”了一部分，剩下的才流到第二个灯泡那里。
2026-04-13 23:07:15,859 - SessionLogger - INFO - [sim_FSM_P1_M-ELE-001_1a4609] Starting session
2026-04-13 23:07:15,859 - SessionLogger - INFO - Initialized Session sim_FSM_P1_M-ELE-001_1a4609 on Unknown for Unknown with version FSM+Guardrail
2026-04-13 23:07:16,923 - SessionLogger - INFO - [sim_FSM_P1_M-ELE-001_1a4609] Student Opening: 老师，我觉得串联电路里，第一个灯泡肯定比第二个亮，因为电流流过去的时候被第一个灯泡“用掉”了一部分，剩下的才轮到第二个。
2026-04-13 23:07:16,926 - SessionLogger - INFO - [sim_FSM+Guardrail_P1_M-ELE-001_58c565] Starting session
2026-04-13 23:07:16,926 - SessionLogger - INFO - Initialized Session sim_FSM+Guardrail_P1_M-ELE-001_58c565 on Unknown for Unknown with version FSM+Guardrail
2026-04-13 23:07:18,013 - SessionLogger - INFO - [sim_FSM+Guardrail_P1_M-ELE-001_58c565] Student Opening: 老师，我觉得串联电路里，电流流过第一个灯泡肯定被消耗掉了一部分，所以第二个灯泡分到的电流应该比第一个少吧？
2026-04-13 23:07:18,014 - SessionLogger - INFO - [sim_Baseline_P2_M-ELE-001_649bc1] Starting session
2026-04-13 23:07:18,014 - SessionLogger - INFO - Initialized Session sim_Baseline_P2_M-ELE-001_649bc1 on Unknown for Unknown with version FSM+Guardrail
2026-04-13 23:07:19,083 - SessionLogger - INFO - [sim_Baseline_P2_M-ELE-001_649bc1] Student Opening: 老师，串联电路里第二个灯泡是不是比第一个暗呀？毕竟电流流过第一个灯泡时被消耗掉了一部分，剩下的肯定不够第二个灯泡用了吧。
2026-04-13 23:07:19,085 - SessionLogger - INFO - [sim_FSM_P2_M-ELE-001_92ccfd] Starting session
2026-04-13 23:07:19,085 - SessionLogger - INFO - Initialized Session sim_FSM_P2_M-ELE-001_92ccfd on Unknown for Unknown with version FSM+Guardrail
2026-04-13 23:07:20,338 - SessionLogger - INFO - [sim_FSM_P2_M-ELE-001_92ccfd] Student Opening: 老师，我觉得串联电路里，电流流过第一个灯泡时被“用掉”了一部分，所以流到第二个灯泡的电流肯定比第一个小吧？
2026-04-13 23:07:20,339 - SessionLogger - INFO - [sim_FSM+Guardrail_P2_M-ELE-001_12b075] Starting session
2026-04-13 23:07:20,339 - SessionLogger - INFO - Initialized Session sim_FSM+Guardrail_P2_M-ELE-001_12b075 on Unknown for Unknown with version FSM+Guardrail
2026-04-13 23:07:21,380 - SessionLogger - INFO - [sim_FSM+Guardrail_P2_M-ELE-001_12b075] Student Opening: 老师，串联电路里第二个灯泡是不是比第一个暗呀？因为电流流过第一个灯泡时被消耗掉了一部分，剩下的电流变少了嘛。
2026-04-13 23:07:25,929 - SessionLogger - INFO - [sim_Baseline_P1_M-ELE-001_849dc4] Teacher: 想象一下水管里的水流，如果水在流过第一个水车时“少”了一部分，那剩下的水去哪儿了呢？电荷也是同样的道理，你觉得它们会在灯泡里消失吗？
2026-04-13 23:07:28,988 - SessionLogger - INFO - [sim_Baseline_P2_M-ELE-001_649bc1] Teacher: 你可以把电流想象成在单行道上排队跑步的人。如果第一个人跑过去了，第二个人没跟上，队伍中间会不会断开或者堆积起来？
2026-04-13 23:07:29,260 - SessionLogger - INFO - [sim_Baseline_P1_M-ELE-001_849dc4] Student: 水车转起来是因为用了水的力气，电流也是被灯泡消耗掉变成光和热了呀。反正流到后面的肯定变少了，不然两个灯泡应该一样亮才对。
Deserializing unregistered type router.SessionMemory from checkpoint. This will be blocked in a future version. Add to allowed_msgpack_modules to silence: [('router', 'SessionMemory')]
Deserializing unregistered type router.PerceptionResult from checkpoint. This will be blocked in a future version. Add to allowed_msgpack_modules to silence: [('router', 'PerceptionResult')]
Deserializing unregistered type router.RouteDecision from checkpoint. This will be blocked in a future version. Add to allowed_msgpack_modules to silence: [('router', 'RouteDecision')]
2026-04-13 23:07:32,397 - SessionLogger - INFO - [sim_Baseline_P2_M-ELE-001_649bc1] Student: 可是老师，灯泡发光不是得“吃”掉电流吗？就像人跑步累了要喝水一样，电流被用掉了，后面的人自然就变少了呀。
Deserializing unregistered type router.SessionMemory from checkpoint. This will be blocked in a future version. Add to allowed_msgpack_modules to silence: [('router', 'SessionMemory')]
Deserializing unregistered type router.PerceptionResult from checkpoint. This will be blocked in a future version. Add to allowed_msgpack_modules to silence: [('router', 'PerceptionResult')]
Deserializing unregistered type router.RouteDecision from checkpoint. This will be blocked in a future version. Add to allowed_msgpack_modules to silence: [('router', 'RouteDecision')]
2026-04-13 23:07:33,842 - SessionLogger - INFO - [sim_FSM+Guardrail_P1_M-ELE-001_58c565] Teacher: 如果流进第一个灯泡的电流比流出来的多，那你觉得那些“多出来”的电荷会堆积在灯泡里吗？
2026-04-13 23:07:34,595 - SessionLogger - INFO - [sim_FSM_P2_M-ELE-001_92ccfd] Teacher: 如果电流真的像你说的那样被第一个灯泡“用掉”了一部分，那么这些“被用掉”的电荷现在去哪里了呢？
2026-04-13 23:07:35,119 - SessionLogger - INFO - [sim_FSM+Guardrail_P1_M-ELE-001_58c565] Student: 电荷又不是水，怎么会堆积呢？反正灯泡发光就是要用电流的，电流肯定变少了啊。
Deserializing unregistered type router.SessionMemory from checkpoint. This will be blocked in a future version. Add to allowed_msgpack_modules to silence: [('router', 'SessionMemory')]
Deserializing unregistered type router.PerceptionResult from checkpoint. This will be blocked in a future version. Add to allowed_msgpack_modules to silence: [('router', 'PerceptionResult')]
Deserializing unregistered type router.RouteDecision from checkpoint. This will be blocked in a future version. Add to allowed_msgpack_modules to silence: [('router', 'RouteDecision')]
2026-04-13 23:07:35,390 - SessionLogger - INFO - [sim_FSM_P2_M-ELE-001_92ccfd] Student: 呃……变成光和热散失掉了吧？就像电池里的电用完了就没了呀。
Deserializing unregistered type router.SessionMemory from checkpoint. This will be blocked in a future version. Add to allowed_msgpack_modules to silence: [('router', 'SessionMemory')]
Deserializing unregistered type router.PerceptionResult from checkpoint. This will be blocked in a future version. Add to allowed_msgpack_modules to silence: [('router', 'PerceptionResult')]
Deserializing unregistered type router.RouteDecision from checkpoint. This will be blocked in a future version. Add to allowed_msgpack_modules to silence: [('router', 'RouteDecision')]
2026-04-13 23:07:36,637 - SessionLogger - INFO - [sim_Baseline_P1_M-ELE-001_849dc4] Teacher: 如果电流真的变少了，那多出来的电荷岂不是都堆积在第一个灯泡里了？你觉得电荷会在那里越积越多吗？
2026-04-13 23:07:37,622 - SessionLogger - INFO - [sim_Baseline_P1_M-ELE-001_849dc4] Student: 电荷又不是水，不会在那儿堵住的。反正能量被用掉了，电流肯定就变小了，我觉得这俩不是一回事。
Deserializing unregistered type router.SessionMemory from checkpoint. This will be blocked in a future version. Add to allowed_msgpack_modules to silence: [('router', 'SessionMemory')]
Deserializing unregistered type router.PerceptionResult from checkpoint. This will be blocked in a future version. Add to allowed_msgpack_modules to silence: [('router', 'PerceptionResult')]
Deserializing unregistered type router.RouteDecision from checkpoint. This will be blocked in a future version. Add to allowed_msgpack_modules to silence: [('router', 'RouteDecision')]
2026-04-13 23:07:39,150 - SessionLogger - INFO - [sim_FSM+Guardrail_P2_M-ELE-001_12b075] Teacher: 如果电流真的被第一个灯泡“吃掉”了一部分，那你觉得这些被吃掉的电流去哪儿了呢？它们是凭空消失了吗？
2026-04-13 23:07:40,274 - SessionLogger - INFO - [sim_FSM+Guardrail_P2_M-ELE-001_12b075] Student: 它们变成光和热散发出去了啊，就像电池里的电被用掉了一样。所以流过去的电流肯定变少了嘛。
Deserializing unregistered type router.SessionMemory from checkpoint. This will be blocked in a future version. Add to allowed_msgpack_modules to silence: [('router', 'SessionMemory')]
Deserializing unregistered type router.PerceptionResult from checkpoint. This will be blocked in a future version. Add to allowed_msgpack_modules to silence: [('router', 'PerceptionResult')]
Deserializing unregistered type router.RouteDecision from checkpoint. This will be blocked in a future version. Add to allowed_msgpack_modules to silence: [('router', 'RouteDecision')]
2026-04-13 23:07:40,321 - SessionLogger - INFO - [sim_Baseline_P2_M-ELE-001_649bc1] Teacher: 那咱们换个角度想：如果电流真的被第一个灯泡“吃”掉变少了，你觉得第二个灯泡后面的导线里，电流是不是就更少了？
2026-04-13 23:07:40,350 - SessionLogger - INFO - [sim_FSM_P2_M-ELE-001_92ccfd] Teacher: 没关系，把“能量”和“电荷”混淆是很常见的困惑。

如果电荷真的变成了光和热“消失”了，那电路后半段岂不是没有电荷可以流动了？
2026-04-13 23:07:40,778 - SessionLogger - INFO - [sim_FSM_P1_M-ELE-001_1a4609] Teacher: 如果电流真的被第一个灯泡“用掉”了一部分，那流回电源负极的电流，是不是应该比从正极流出来的电流要小很多？
2026-04-13 23:07:41,598 - SessionLogger - INFO - [sim_FSM_P2_M-ELE-001_92ccfd] Student: 啊？那后半段确实就没电了……可是灯泡明明还亮着呀。难道电荷没消失，只是“劲儿”变小了？
Deserializing unregistered type router.SessionMemory from checkpoint. This will be blocked in a future version. Add to allowed_msgpack_modules to silence: [('router', 'SessionMemory')]
Deserializing unregistered type router.PerceptionResult from checkpoint. This will be blocked in a future version. Add to allowed_msgpack_modules to silence: [('router', 'PerceptionResult')]
Deserializing unregistered type router.RouteDecision from checkpoint. This will be blocked in a future version. Add to allowed_msgpack_modules to silence: [('router', 'RouteDecision')]
2026-04-13 23:07:41,875 - SessionLogger - INFO - [sim_Baseline_P2_M-ELE-001_649bc1] Student: 对啊，那肯定的。第一个灯泡“吃”掉一部分，剩下的流到第二个，再被“吃”掉一点，最后流回电源的电流肯定比刚出来时少多了吧？
Deserializing unregistered type router.SessionMemory from checkpoint. This will be blocked in a future version. Add to allowed_msgpack_modules to silence: [('router', 'SessionMemory')]
Deserializing unregistered type router.PerceptionResult from checkpoint. This will be blocked in a future version. Add to allowed_msgpack_modules to silence: [('router', 'PerceptionResult')]
Deserializing unregistered type router.RouteDecision from checkpoint. This will be blocked in a future version. Add to allowed_msgpack_modules to silence: [('router', 'RouteDecision')]
2026-04-13 23:07:41,892 - SessionLogger - INFO - [sim_Baseline_P1_M-ELE-001_849dc4] Teacher: 你说得对，消耗的是能量（电压），而不是电荷本身。既然电荷没有堆积也没有消失，那单位时间内流过第一个灯泡的电荷量，和流过第二个的相比，会有什么不同吗？
2026-04-13 23:07:44,339 - SessionLogger - INFO - [sim_FSM_P1_M-ELE-001_1a4609] Student: 对啊，肯定变小了呀。电流就是被灯泡消耗掉的能量，用一点少一点，流回去的当然就少了。
Deserializing unregistered type router.SessionMemory from checkpoint. This will be blocked in a future version. Add to allowed_msgpack_modules to silence: [('router', 'SessionMemory')]
Deserializing unregistered type router.PerceptionResult from checkpoint. This will be blocked in a future version. Add to allowed_msgpack_modules to silence: [('router', 'PerceptionResult')]
Deserializing unregistered type router.RouteDecision from checkpoint. This will be blocked in a future version. Add to allowed_msgpack_modules to silence: [('router', 'RouteDecision')]
2026-04-13 23:07:44,375 - SessionLogger - INFO - [sim_Baseline_P1_M-ELE-001_849dc4] Student: 可是老师，电流不就是电的能量流吗？能量都被第一个灯泡用掉了，那剩下的“流”肯定就弱了呀，我还是觉得后面的电流小。
Deserializing unregistered type router.SessionMemory from checkpoint. This will be blocked in a future version. Add to allowed_msgpack_modules to silence: [('router', 'SessionMemory')]
Deserializing unregistered type router.PerceptionResult from checkpoint. This will be blocked in a future version. Add to allowed_msgpack_modules to silence: [('router', 'PerceptionResult')]
Deserializing unregistered type router.RouteDecision from checkpoint. This will be blocked in a future version. Add to allowed_msgpack_modules to silence: [('router', 'RouteDecision')]
2026-04-13 23:07:46,468 - SessionLogger - INFO - [sim_FSM+Guardrail_P1_M-ELE-001_58c565] Teacher: 那如果我们把这两个灯泡的位置互换一下，你觉得原本在后面的那个灯泡，因为跑到了前面，分到的电流会变多从而变得更亮吗？
2026-04-13 23:07:47,445 - SessionLogger - INFO - [sim_FSM+Guardrail_P1_M-ELE-001_58c565] Student: 那肯定啊，跑到前面就能先“吃”到更多的电流，当然会更亮一点。后面的只能捡剩下的，所以比较暗。
Deserializing unregistered type router.SessionMemory from checkpoint. This will be blocked in a future version. Add to allowed_msgpack_modules to silence: [('router', 'SessionMemory')]
Deserializing unregistered type router.PerceptionResult from checkpoint. This will be blocked in a future version. Add to allowed_msgpack_modules to silence: [('router', 'PerceptionResult')]
Deserializing unregistered type router.RouteDecision from checkpoint. This will be blocked in a future version. Add to allowed_msgpack_modules to silence: [('router', 'RouteDecision')]
2026-04-13 23:07:47,655 - SessionLogger - INFO - [sim_FSM_P2_M-ELE-001_92ccfd] Teacher: 没错，电荷本身并没有消失，只是它们携带的能量（也就是你说的“劲儿”）在灯泡处转化成了光和热。

既然流过两个灯泡的电荷数量是一样的，你觉得电流的大小会改变吗？
2026-04-13 23:07:48,878 - SessionLogger - INFO - [sim_FSM_P1_M-ELE-001_1a4609] Teacher: 如果流回电源的电流真的变少了，那多出来的电荷都去哪儿了呢？它们会在电路里凭空消失吗？
2026-04-13 23:07:49,105 - SessionLogger - INFO - [sim_FSM_P2_M-ELE-001_92ccfd] Student: 可是老师，虽然电荷没少，但它们流过第一个灯泡后“劲儿”变小了呀。流动的速度或者力量变弱了，那电流不应该也算变小了吗？
Deserializing unregistered type router.SessionMemory from checkpoint. This will be blocked in a future version. Add to allowed_msgpack_modules to silence: [('router', 'SessionMemory')]
Deserializing unregistered type router.PerceptionResult from checkpoint. This will be blocked in a future version. Add to allowed_msgpack_modules to silence: [('router', 'PerceptionResult')]
Deserializing unregistered type router.RouteDecision from checkpoint. This will be blocked in a future version. Add to allowed_msgpack_modules to silence: [('router', 'RouteDecision')]
2026-04-13 23:07:49,173 - SessionLogger - INFO - [sim_Baseline_P1_M-ELE-001_849dc4] Teacher: 咱们换个比方：快递员（电荷）把包裹（能量）送给第一家后，快递员本人是消失了，还是空着手继续去送第二家？
2026-04-13 23:07:49,319 - SessionLogger - INFO - [sim_FSM+Guardrail_P2_M-ELE-001_12b075] Teacher: 那如果我们在这个电路里串联上10个相同的灯泡，按照你的说法，流到第10个灯泡的电流应该已经非常少了，对吗？
2026-04-13 23:07:49,971 - SessionLogger - INFO - [sim_FSM_P1_M-ELE-001_1a4609] Student: 电荷没消失，但是电流变小了啊。就像水流过水车，水还在，但推动水车的“劲儿”被用掉了，后面的电流自然就弱了。
Deserializing unregistered type router.SessionMemory from checkpoint. This will be blocked in a future version. Add to allowed_msgpack_modules to silence: [('router', 'SessionMemory')]
Deserializing unregistered type router.PerceptionResult from checkpoint. This will be blocked in a future version. Add to allowed_msgpack_modules to silence: [('router', 'PerceptionResult')]
Deserializing unregistered type router.RouteDecision from checkpoint. This will be blocked in a future version. Add to allowed_msgpack_modules to silence: [('router', 'RouteDecision')]
2026-04-13 23:07:50,205 - SessionLogger - INFO - [sim_Baseline_P1_M-ELE-001_849dc4] Student: 快递员虽然还在，但他手里没货了呀，空手跑和扛着包裹跑能一样吗？我觉得电流肯定还是变小了。
Deserializing unregistered type router.SessionMemory from checkpoint. This will be blocked in a future version. Add to allowed_msgpack_modules to silence: [('router', 'SessionMemory')]
Deserializing unregistered type router.PerceptionResult from checkpoint. This will be blocked in a future version. Add to allowed_msgpack_modules to silence: [('router', 'PerceptionResult')]
Deserializing unregistered type router.RouteDecision from checkpoint. This will be blocked in a future version. Add to allowed_msgpack_modules to silence: [('router', 'RouteDecision')]
2026-04-13 23:07:52,330 - SessionLogger - INFO - [sim_FSM+Guardrail_P1_M-ELE-001_58c565] Teacher: 如果真是这样，那我们在家里把串联的彩灯换个顺序，亮度应该也会跟着变吧？你实际观察过这种现象吗？
2026-04-13 23:07:52,351 - SessionLogger - INFO - [sim_FSM+Guardrail_P2_M-ELE-001_12b075] Student: 对啊，那第10个灯泡应该几乎不亮才对，毕竟前面的9个把电都“吃”得差不多了。
Deserializing unregistered type router.SessionMemory from checkpoint. This will be blocked in a future version. Add to allowed_msgpack_modules to silence: [('router', 'SessionMemory')]
Deserializing unregistered type router.PerceptionResult from checkpoint. This will be blocked in a future version. Add to allowed_msgpack_modules to silence: [('router', 'PerceptionResult')]
Deserializing unregistered type router.RouteDecision from checkpoint. This will be blocked in a future version. Add to allowed_msgpack_modules to silence: [('router', 'RouteDecision')]
2026-04-13 23:07:52,857 - SessionLogger - INFO - [sim_Baseline_P2_M-ELE-001_649bc1] Teacher: 想象大家手拉手传递篮球，第一个人传给第二个，球的数量会变少吗？还是说，每个人传完球后，自己剩下的“力气”变小了？
2026-04-13 23:07:53,337 - SessionLogger - INFO - [sim_FSM+Guardrail_P1_M-ELE-001_58c565] Student: 家里彩灯哪有那么多讲究，反正我觉得前面的就是比后面的亮。你老问观察没观察过，难道实验还能骗人不成？
Deserializing unregistered type router.SessionMemory from checkpoint. This will be blocked in a future version. Add to allowed_msgpack_modules to silence: [('router', 'SessionMemory')]
Deserializing unregistered type router.PerceptionResult from checkpoint. This will be blocked in a future version. Add to allowed_msgpack_modules to silence: [('router', 'PerceptionResult')]
Deserializing unregistered type router.RouteDecision from checkpoint. This will be blocked in a future version. Add to allowed_msgpack_modules to silence: [('router', 'RouteDecision')]
2026-04-13 23:07:53,386 - SessionLogger - INFO - [sim_Baseline_P1_M-ELE-001_849dc4] Teacher: 快递员空手跑，确实没那么“累”（电势能低了），但他跑步的速度变慢了吗？如果后面的人跑得比前面慢，队伍会不会断开？
2026-04-13 23:07:53,964 - SessionLogger - INFO - [sim_Baseline_P2_M-ELE-001_649bc1] Student: 可是灯泡亮起来明明是消耗了东西呀，球虽然没少，但传球的“劲儿”肯定变小了吧？我觉得电流就是那个被消耗的“劲儿”。
Deserializing unregistered type router.SessionMemory from checkpoint. This will be blocked in a future version. Add to allowed_msgpack_modules to silence: [('router', 'SessionMemory')]
Deserializing unregistered type router.PerceptionResult from checkpoint. This will be blocked in a future version. Add to allowed_msgpack_modules to silence: [('router', 'PerceptionResult')]
Deserializing unregistered type router.RouteDecision from checkpoint. This will be blocked in a future version. Add to allowed_msgpack_modules to silence: [('router', 'RouteDecision')]
2026-04-13 23:07:54,388 - SessionLogger - INFO - [sim_Baseline_P1_M-ELE-001_849dc4] Student: 队伍不会断，但后面的人肯定没劲儿了呀。我觉得电流大小跟有没有能量没关系，反正能量没了，电流肯定就小了。
Deserializing unregistered type router.SessionMemory from checkpoint. This will be blocked in a future version. Add to allowed_msgpack_modules to silence: [('router', 'SessionMemory')]
Deserializing unregistered type router.PerceptionResult from checkpoint. This will be blocked in a future version. Add to allowed_msgpack_modules to silence: [('router', 'PerceptionResult')]
Deserializing unregistered type router.RouteDecision from checkpoint. This will be blocked in a future version. Add to allowed_msgpack_modules to silence: [('router', 'RouteDecision')]
2026-04-13 23:07:55,929 - SessionLogger - INFO - [sim_FSM_P1_M-ELE-001_1a4609] Teacher: 你说得对，水流过水车后，水的“劲儿”（能量）确实变小了。

但请你想一想，如果水管里没有漏水，流过第一个水车的水量，和流过第二个水车的水量，会不一样吗？
2026-04-13 23:07:55,940 - SessionLogger - INFO - [sim_FSM_P2_M-ELE-001_92ccfd] Teacher: 别担心，这个直觉很自然，但我们要区分“力气”和“流量”。

想象一下环形跑道上的接力跑，如果后面的人跑得没前面的人有劲儿（速度慢一点），队伍会不会在中间断开或者堆积起来？
2026-04-13 23:07:56,963 - SessionLogger - INFO - [sim_FSM_P1_M-ELE-001_1a4609] Student: 水量可能一样，但电流不一样啊。电流是带着能量的，能量被灯泡吃掉了，电流肯定就变弱了，这跟漏水没关系。
Deserializing unregistered type router.SessionMemory from checkpoint. This will be blocked in a future version. Add to allowed_msgpack_modules to silence: [('router', 'SessionMemory')]
Deserializing unregistered type router.PerceptionResult from checkpoint. This will be blocked in a future version. Add to allowed_msgpack_modules to silence: [('router', 'PerceptionResult')]
Deserializing unregistered type router.RouteDecision from checkpoint. This will be blocked in a future version. Add to allowed_msgpack_modules to silence: [('router', 'RouteDecision')]
2026-04-13 23:07:57,149 - SessionLogger - INFO - [sim_FSM_P2_M-ELE-001_92ccfd] Student: 呃……如果后面跑得慢，前面的人确实会撞在一起或者堵住吧？
可是灯泡发光不就是因为它“累”了吗？如果电流大小完全不变，那它是怎么把能量交出来的呢？
Deserializing unregistered type router.SessionMemory from checkpoint. This will be blocked in a future version. Add to allowed_msgpack_modules to silence: [('router', 'SessionMemory')]
Deserializing unregistered type router.PerceptionResult from checkpoint. This will be blocked in a future version. Add to allowed_msgpack_modules to silence: [('router', 'PerceptionResult')]
Deserializing unregistered type router.RouteDecision from checkpoint. This will be blocked in a future version. Add to allowed_msgpack_modules to silence: [('router', 'RouteDecision')]
2026-04-13 23:07:58,130 - SessionLogger - INFO - [sim_Baseline_P2_M-ELE-001_649bc1] Teacher: 你说得很对，确实有东西被“消耗”了，但那个被消耗的是推动电荷运动的能量（电压），而不是电荷本身。

如果电荷真的像水一样流进灯泡就消失了，那电线里的电荷会不会越积越少，最后电路就“断流”了？
2026-04-13 23:07:58,345 - SessionLogger - INFO - [sim_FSM+Guardrail_P1_M-ELE-001_58c565] Teacher: 别急，实验当然不会骗人，咱们正好可以借实验来验证一下你的想法。

如果在电路的不同位置分别串联一个电流表，你猜它们的读数会是一样的，还是像你想的那样越来越小？
2026-04-13 23:07:59,342 - SessionLogger - INFO - [sim_Baseline_P2_M-ELE-001_649bc1] Student: 呃……好像有点道理，如果电荷真没了，灯确实亮不了多久。但我还是觉得奇怪，既然电荷没少，那灯泡发光用的到底是什么？
Deserializing unregistered type router.SessionMemory from checkpoint. This will be blocked in a future version. Add to allowed_msgpack_modules to silence: [('router', 'SessionMemory')]
Deserializing unregistered type router.PerceptionResult from checkpoint. This will be blocked in a future version. Add to allowed_msgpack_modules to silence: [('router', 'PerceptionResult')]
Deserializing unregistered type router.RouteDecision from checkpoint. This will be blocked in a future version. Add to allowed_msgpack_modules to silence: [('router', 'RouteDecision')]
2026-04-13 23:07:59,349 - SessionLogger - INFO - [sim_FSM+Guardrail_P1_M-ELE-001_58c565] Student: 那肯定是越来越小啊，前面的表读数大，后面的表读数小。毕竟电流都被灯泡用掉了一部分嘛。
Deserializing unregistered type router.SessionMemory from checkpoint. This will be blocked in a future version. Add to allowed_msgpack_modules to silence: [('router', 'SessionMemory')]
Deserializing unregistered type router.PerceptionResult from checkpoint. This will be blocked in a future version. Add to allowed_msgpack_modules to silence: [('router', 'PerceptionResult')]
Deserializing unregistered type router.RouteDecision from checkpoint. This will be blocked in a future version. Add to allowed_msgpack_modules to silence: [('router', 'RouteDecision')]
2026-04-13 23:08:02,477 - SessionLogger - INFO - [sim_FSM_P1_M-ELE-001_1a4609] Teacher: 咱们来做个思想实验：如果电流真的像你说的那样，每经过一个灯泡就“变弱”一点。

那你把两个完全一样的小灯泡串联起来，靠近电源正极的那个，和靠近负极的那个，亮度应该一样吗？
2026-04-13 23:08:03,425 - SessionLogger - INFO - [sim_Baseline_P2_M-ELE-001_649bc1] Teacher: 电荷就像送货的卡车，它们本身没少，但把“货物”（能量）卸在灯泡里了。

你觉得卡车卸完货空车回来，和满载出发时，车上的“货物”有什么不同？
2026-04-13 23:08:03,566 - SessionLogger - INFO - [sim_FSM_P1_M-ELE-001_1a4609] Student: 那肯定不一样啊，第一个灯泡先“吃”掉了一部分电流，剩下的流到第二个灯泡时肯定就少了，所以第二个应该更暗。
Deserializing unregistered type router.SessionMemory from checkpoint. This will be blocked in a future version. Add to allowed_msgpack_modules to silence: [('router', 'SessionMemory')]
Deserializing unregistered type router.PerceptionResult from checkpoint. This will be blocked in a future version. Add to allowed_msgpack_modules to silence: [('router', 'PerceptionResult')]
Deserializing unregistered type router.RouteDecision from checkpoint. This will be blocked in a future version. Add to allowed_msgpack_modules to silence: [('router', 'RouteDecision')]
2026-04-13 23:08:03,709 - SessionLogger - INFO - [sim_FSM+Guardrail_P1_M-ELE-001_58c565] Teacher: 想象一下操场上的环形跑道，如果前面的人突然变少了，后面的人还能保持同样的队形连续跑下去吗？
2026-04-13 23:08:04,521 - SessionLogger - INFO - [sim_Baseline_P2_M-ELE-001_649bc1] Student: 哦……所以电荷只是负责搬运能量的“车”？那是不是说，流进灯泡和流出灯泡的电荷数量其实是一样的，只是它们带的“能量”变少了？
Deserializing unregistered type router.SessionMemory from checkpoint. This will be blocked in a future version. Add to allowed_msgpack_modules to silence: [('router', 'SessionMemory')]
Deserializing unregistered type router.PerceptionResult from checkpoint. This will be blocked in a future version. Add to allowed_msgpack_modules to silence: [('router', 'PerceptionResult')]
Deserializing unregistered type router.RouteDecision from checkpoint. This will be blocked in a future version. Add to allowed_msgpack_modules to silence: [('router', 'RouteDecision')]
2026-04-13 23:08:04,791 - SessionLogger - INFO - [sim_Baseline_P1_M-ELE-001_849dc4] Teacher: 如果后面的电荷因为“没劲”跑得慢了，那前面源源不断涌过来的电荷岂不是要堵在半路上了？你觉得导线里能像堵车那样堆积大量电荷吗？
2026-04-13 23:08:05,073 - SessionLogger - INFO - [sim_FSM+Guardrail_P1_M-ELE-001_58c565] Student: 这跟跑道有什么关系？我说的是电流被灯泡“用”掉了，又不是人跑累了。你别老打比方，直接说电流表读数不就行了吗？
Deserializing unregistered type router.SessionMemory from checkpoint. This will be blocked in a future version. Add to allowed_msgpack_modules to silence: [('router', 'SessionMemory')]
Deserializing unregistered type router.PerceptionResult from checkpoint. This will be blocked in a future version. Add to allowed_msgpack_modules to silence: [('router', 'PerceptionResult')]
Deserializing unregistered type router.RouteDecision from checkpoint. This will be blocked in a future version. Add to allowed_msgpack_modules to silence: [('router', 'RouteDecision')]
2026-04-13 23:08:05,475 - SessionLogger - INFO - [sim_FSM_P2_M-ELE-001_92ccfd] Teacher: 你说得对，如果流速变慢，电荷确实会“堵车”，这在稳定电路里是不会发生的。

其实灯泡消耗的是电荷携带的“能量”（就像快递员送完货，人还在，但货没了），而不是电荷本身。

既然电荷没有堆积也没有消失，你觉得单位时间内流过前后两个位置的电荷数量会变吗？
2026-04-13 23:08:05,801 - SessionLogger - INFO - [sim_FSM+Guardrail_P2_M-ELE-001_12b075] Teacher: 想象一下家里封闭的暖气管道，水流过暖气片散发热量后，流回去的水量真的会变少吗？
2026-04-13 23:08:06,232 - SessionLogger - INFO - [sim_Baseline_P1_M-ELE-001_849dc4] Student: 导线里又不会真的堵车，电荷肯定是一个接一个慢慢流过去的。反正我觉得前面的灯泡把电“吃”掉了一部分，后面的电流就是会变小。
Deserializing unregistered type router.SessionMemory from checkpoint. This will be blocked in a future version. Add to allowed_msgpack_modules to silence: [('router', 'SessionMemory')]
Deserializing unregistered type router.PerceptionResult from checkpoint. This will be blocked in a future version. Add to allowed_msgpack_modules to silence: [('router', 'PerceptionResult')]
Deserializing unregistered type router.RouteDecision from checkpoint. This will be blocked in a future version. Add to allowed_msgpack_modules to silence: [('router', 'RouteDecision')]
2026-04-13 23:08:06,791 - SessionLogger - INFO - [sim_FSM_P2_M-ELE-001_92ccfd] Student: 可是老师，如果“货”被卸掉了，电荷变轻了或者没负担了，流动的状态难道不会受影响吗？
我还是觉得流过去之后，电流应该会稍微变小一点点，毕竟能量都被用掉了呀。
Deserializing unregistered type router.SessionMemory from checkpoint. This will be blocked in a future version. Add to allowed_msgpack_modules to silence: [('router', 'SessionMemory')]
Deserializing unregistered type router.PerceptionResult from checkpoint. This will be blocked in a future version. Add to allowed_msgpack_modules to silence: [('router', 'PerceptionResult')]
Deserializing unregistered type router.RouteDecision from checkpoint. This will be blocked in a future version. Add to allowed_msgpack_modules to silence: [('router', 'RouteDecision')]
2026-04-13 23:08:06,915 - SessionLogger - INFO - [sim_FSM+Guardrail_P1_M-ELE-001_58c565] Teacher: 为了确保准确性，我建议我们先从基础概念开始梳理。你能告诉我你目前最确定的部分是什么吗？
2026-04-13 23:08:07,802 - SessionLogger - INFO - [sim_FSM+Guardrail_P1_M-ELE-001_58c565] Student: 我最确定的就是灯泡亮了肯定是因为消耗了电流啊，不然它凭什么发光？这难道不是常识吗？
Deserializing unregistered type router.SessionMemory from checkpoint. This will be blocked in a future version. Add to allowed_msgpack_modules to silence: [('router', 'SessionMemory')]
Deserializing unregistered type router.PerceptionResult from checkpoint. This will be blocked in a future version. Add to allowed_msgpack_modules to silence: [('router', 'PerceptionResult')]
Deserializing unregistered type router.RouteDecision from checkpoint. This will be blocked in a future version. Add to allowed_msgpack_modules to silence: [('router', 'RouteDecision')]
2026-04-13 23:08:08,631 - SessionLogger - INFO - [sim_FSM_P1_M-ELE-001_1a4609] Teacher: 你可以找两个一样的小灯泡串联试试，看看它们真的是一亮一暗，还是一样亮？
2026-04-13 23:08:09,259 - SessionLogger - INFO - [sim_FSM+Guardrail_P2_M-ELE-001_12b075] Student: 嗯……水确实没少，但电和水不一样吧？电是被灯泡“用”掉了的。不过你这么一说，我有点拿不准了，难道电流真的不会变少吗？
Deserializing unregistered type router.SessionMemory from checkpoint. This will be blocked in a future version. Add to allowed_msgpack_modules to silence: [('router', 'SessionMemory')]
Deserializing unregistered type router.PerceptionResult from checkpoint. This will be blocked in a future version. Add to allowed_msgpack_modules to silence: [('router', 'PerceptionResult')]
Deserializing unregistered type router.RouteDecision from checkpoint. This will be blocked in a future version. Add to allowed_msgpack_modules to silence: [('router', 'RouteDecision')]
2026-04-13 23:08:09,576 - SessionLogger - INFO - [sim_Baseline_P2_M-ELE-001_649bc1] Teacher: 没错，就是这个意思！电荷把能量“卸”在灯丝上让它发光发热，自己则继续流回电源。

既然进出的电荷数量一样，你觉得我们用电流表测灯泡前后的电流，读数会变化吗？
2026-04-13 23:08:09,662 - SessionLogger - INFO - [sim_FSM_P1_M-ELE-001_1a4609] Student: 实验可能有误差吧，或者电池本身就不稳。反正道理上电流被用掉了就是会变少，我不信它们能完全一样亮。
Deserializing unregistered type router.SessionMemory from checkpoint. This will be blocked in a future version. Add to allowed_msgpack_modules to silence: [('router', 'SessionMemory')]
Deserializing unregistered type router.PerceptionResult from checkpoint. This will be blocked in a future version. Add to allowed_msgpack_modules to silence: [('router', 'PerceptionResult')]
Deserializing unregistered type router.RouteDecision from checkpoint. This will be blocked in a future version. Add to allowed_msgpack_modules to silence: [('router', 'RouteDecision')]
2026-04-13 23:08:10,686 - SessionLogger - INFO - [sim_Baseline_P2_M-ELE-001_649bc1] Student: 那……读数应该是一样的？毕竟“车”的数量没变。但我还是有点不习惯，感觉灯泡明明“吃”掉了电，电流怎么会完全不变呢？
Deserializing unregistered type router.SessionMemory from checkpoint. This will be blocked in a future version. Add to allowed_msgpack_modules to silence: [('router', 'SessionMemory')]
Deserializing unregistered type router.PerceptionResult from checkpoint. This will be blocked in a future version. Add to allowed_msgpack_modules to silence: [('router', 'PerceptionResult')]
Deserializing unregistered type router.RouteDecision from checkpoint. This will be blocked in a future version. Add to allowed_msgpack_modules to silence: [('router', 'RouteDecision')]
2026-04-13 23:08:13,091 - SessionLogger - INFO - [sim_FSM_P2_M-ELE-001_92ccfd] Teacher: 没关系，这种“能量没了，流动就该变弱”的感觉确实很顽固，我们换个更直观的视角。

想象一条装满水的封闭环形水管，水泵推动水循环。如果中间有个水轮机消耗了水的压力（能量），你觉得水管里水的**流速**会因为经过水轮机而突然变慢，导致后面的水跟不上前面的水吗？
2026-04-13 23:08:14,191 - SessionLogger - INFO - [sim_FSM+Guardrail_P2_M-ELE-001_12b075] Teacher: 没关系，这种直觉上的冲突很正常。

如果电流真的像你说的那样被“用掉”变少了，你觉得在实验室里，把电流表分别接在第一个灯泡前和最后一个灯泡后，测出来的读数会一样吗？
2026-04-13 23:08:14,509 - SessionLogger - INFO - [sim_FSM_P2_M-ELE-001_92ccfd] Student: 水管里水确实是连着的，后面推前面，好像确实没法突然变慢……
但是老师，灯泡那里不是有电阻吗？电阻不就是阻碍电流的吗，阻碍了难道不会让流过去的电流变少吗？
Deserializing unregistered type router.SessionMemory from checkpoint. This will be blocked in a future version. Add to allowed_msgpack_modules to silence: [('router', 'SessionMemory')]
Deserializing unregistered type router.PerceptionResult from checkpoint. This will be blocked in a future version. Add to allowed_msgpack_modules to silence: [('router', 'PerceptionResult')]
Deserializing unregistered type router.RouteDecision from checkpoint. This will be blocked in a future version. Add to allowed_msgpack_modules to silence: [('router', 'RouteDecision')]
2026-04-13 23:08:14,767 - SessionLogger - INFO - [sim_FSM_P1_M-ELE-001_1a4609] Teacher: 没关系，这种直觉上的冲突确实让人纠结。

咱们换个角度想：如果电流真的像水流过水车那样被“消耗”变少了，那流回电源负极的电荷，是不是就比从正极出来的少了？
2026-04-13 23:08:15,713 - SessionLogger - INFO - [sim_FSM+Guardrail_P2_M-ELE-001_12b075] Student: 我觉得读数肯定不一样，接在后面的电流表测到的数应该更小才对。毕竟电流都被前面的灯泡消耗掉了嘛。
Deserializing unregistered type router.SessionMemory from checkpoint. This will be blocked in a future version. Add to allowed_msgpack_modules to silence: [('router', 'SessionMemory')]
Deserializing unregistered type router.PerceptionResult from checkpoint. This will be blocked in a future version. Add to allowed_msgpack_modules to silence: [('router', 'PerceptionResult')]
Deserializing unregistered type router.RouteDecision from checkpoint. This will be blocked in a future version. Add to allowed_msgpack_modules to silence: [('router', 'RouteDecision')]
2026-04-13 23:08:15,808 - SessionLogger - INFO - [sim_FSM_P1_M-ELE-001_1a4609] Student: 那又怎样？电荷进去了，能量被灯泡拿走了，出来的电流自然就弱了呀。我觉得你这是在把电荷和电流混为一谈。
Deserializing unregistered type router.SessionMemory from checkpoint. This will be blocked in a future version. Add to allowed_msgpack_modules to silence: [('router', 'SessionMemory')]
Deserializing unregistered type router.PerceptionResult from checkpoint. This will be blocked in a future version. Add to allowed_msgpack_modules to silence: [('router', 'PerceptionResult')]
Deserializing unregistered type router.RouteDecision from checkpoint. This will be blocked in a future version. Add to allowed_msgpack_modules to silence: [('router', 'RouteDecision')]
2026-04-13 23:08:20,382 - SessionLogger - INFO - [sim_FSM+Guardrail_P2_M-ELE-001_12b075] Teacher: 想象一下环形跑道上正在匀速跑步的队伍，如果前面的人没有停下或离开跑道，后面的人数会变少吗？
2026-04-13 23:08:21,484 - SessionLogger - INFO - [sim_FSM+Guardrail_P2_M-ELE-001_12b075] Student: 人数确实不会变少，但这只是人数啊……电流不是能量吗？能量被灯泡发光发热用掉了，那剩下的“电流”不应该就变弱了吗？
Deserializing unregistered type router.SessionMemory from checkpoint. This will be blocked in a future version. Add to allowed_msgpack_modules to silence: [('router', 'SessionMemory')]
Deserializing unregistered type router.PerceptionResult from checkpoint. This will be blocked in a future version. Add to allowed_msgpack_modules to silence: [('router', 'PerceptionResult')]
Deserializing unregistered type router.RouteDecision from checkpoint. This will be blocked in a future version. Add to allowed_msgpack_modules to silence: [('router', 'RouteDecision')]
2026-04-13 23:08:27,170 - SessionLogger - INFO - [sim_FSM+Guardrail_P2_M-ELE-001_12b075] Teacher: 你说得很对，能量确实被消耗了，但我们要区分“电荷”和“能量”。

这就好比送快递的卡车（电荷）把货物（能量）卸在灯泡那里，卡车本身并没有消失，而是空车继续开往下一个地方，你觉得这时候路上的卡车数量会减少吗？
2026-04-13 23:08:31,929 - SessionLogger - INFO - [sim_FSM+Guardrail_P2_M-ELE-001_12b075] Student: 好像有点道理……卡车确实还在跑。但空车和满载的车，感觉“劲儿”不一样大吧？后面的电流会不会因为没“货”了所以变小呢？
Deserializing unregistered type router.SessionMemory from checkpoint. This will be blocked in a future version. Add to allowed_msgpack_modules to silence: [('router', 'SessionMemory')]
Deserializing unregistered type router.PerceptionResult from checkpoint. This will be blocked in a future version. Add to allowed_msgpack_modules to silence: [('router', 'PerceptionResult')]
Deserializing unregistered type router.RouteDecision from checkpoint. This will be blocked in a future version. Add to allowed_msgpack_modules to silence: [('router', 'RouteDecision')]
2026-04-13 23:08:52,811 - SessionLogger - INFO - [sim_FSM_P2_M-ELE-001_92ccfd] Teacher: 你的直觉很敏锐，电阻确实会“阻碍”流动，但它是对整条回路起作用。

想象一下，如果环形跑道上某一段路特别难走（有电阻），是只有跑到这一段的人变慢了，还是整个队伍所有人的速度都得一起慢下来，才能保持队形不散开？
2026-04-13 23:08:55,798 - SessionLogger - INFO - [sim_FSM+Guardrail_P1_M-ELE-001_58c565] Teacher: 没关系，这种直觉非常普遍，因为灯泡发光确实需要“消耗”某种东西。

但我们可以换个角度想：如果电流真的像燃料一样被前面的灯泡“烧”掉了，那流回电源负极的电荷岂不是变少了？你觉得电荷会在电路里凭空消失吗？
2026-04-13 23:08:56,133 - SessionLogger - INFO - [sim_FSM_P2_M-ELE-001_92ccfd] Student: 嗯……如果队伍不能散开，那确实所有人都得一起慢下来。
所以您的意思是，电阻是让整个电路的电流都变小了，而不是只让流过灯泡后的电流变小？
Deserializing unregistered type router.SessionMemory from checkpoint. This will be blocked in a future version. Add to allowed_msgpack_modules to silence: [('router', 'SessionMemory')]
Deserializing unregistered type router.PerceptionResult from checkpoint. This will be blocked in a future version. Add to allowed_msgpack_modules to silence: [('router', 'PerceptionResult')]
Deserializing unregistered type router.RouteDecision from checkpoint. This will be blocked in a future version. Add to allowed_msgpack_modules to silence: [('router', 'RouteDecision')]
2026-04-13 23:08:58,297 - SessionLogger - INFO - [sim_Baseline_P2_M-ELE-001_649bc1] Teacher: 这种“被吃掉”的感觉，其实是因为电荷的“劲儿”（电压/电势能）变小了，而不是电荷本身变少了。

想象一下，如果一条单行道上，前面的车突然变少或变慢，后面的车是不是马上就会堵起来？
2026-04-13 23:08:58,861 - SessionLogger - INFO - [sim_FSM+Guardrail_P1_M-ELE-001_58c565] Student: 电荷消不消失我不知道，反正电流就是变少了。灯泡发光肯定要“吃”掉一部分电流，这有什么好怀疑的？
Deserializing unregistered type router.SessionMemory from checkpoint. This will be blocked in a future version. Add to allowed_msgpack_modules to silence: [('router', 'SessionMemory')]
Deserializing unregistered type router.PerceptionResult from checkpoint. This will be blocked in a future version. Add to allowed_msgpack_modules to silence: [('router', 'PerceptionResult')]
Deserializing unregistered type router.RouteDecision from checkpoint. This will be blocked in a future version. Add to allowed_msgpack_modules to silence: [('router', 'RouteDecision')]
2026-04-13 23:08:59,417 - SessionLogger - INFO - [sim_Baseline_P2_M-ELE-001_649bc1] Student: 唔……如果后面的车堵起来，那确实说明前面的车流没断。所以你的意思是，因为电荷不能堆积也不能消失，所以流进去多少就得流出来多少？
Deserializing unregistered type router.SessionMemory from checkpoint. This will be blocked in a future version. Add to allowed_msgpack_modules to silence: [('router', 'SessionMemory')]
Deserializing unregistered type router.PerceptionResult from checkpoint. This will be blocked in a future version. Add to allowed_msgpack_modules to silence: [('router', 'PerceptionResult')]
Deserializing unregistered type router.RouteDecision from checkpoint. This will be blocked in a future version. Add to allowed_msgpack_modules to silence: [('router', 'RouteDecision')]
2026-04-13 23:09:00,092 - SessionLogger - INFO - [sim_Baseline_P1_M-ELE-001_849dc4] Teacher: 既然不会堵车，那每秒钟流过第一个灯泡的电荷数量，和流过第二个灯泡的数量，必须得保持什么关系？
2026-04-13 23:09:01,151 - SessionLogger - INFO - [sim_Baseline_P1_M-ELE-001_849dc4] Student: 那肯定前面多后面少啊，因为中间的灯泡把电荷给“用”掉了嘛。我都说了电流是被消耗的，你怎么老是不信呢？
Deserializing unregistered type router.SessionMemory from checkpoint. This will be blocked in a future version. Add to allowed_msgpack_modules to silence: [('router', 'SessionMemory')]
Deserializing unregistered type router.PerceptionResult from checkpoint. This will be blocked in a future version. Add to allowed_msgpack_modules to silence: [('router', 'PerceptionResult')]
Deserializing unregistered type router.RouteDecision from checkpoint. This will be blocked in a future version. Add to allowed_msgpack_modules to silence: [('router', 'RouteDecision')]
2026-04-13 23:09:01,307 - SessionLogger - INFO - [sim_FSM_P2_M-ELE-001_92ccfd] Teacher: 没错，电阻决定了整个队伍的整体速度。

既然大家的速度都一样，而且队伍中间没有断开也没有人插队，那你觉得在灯泡“前面”和“后面”数人数，单位时间内通过的数量会不一样吗？
2026-04-13 23:09:02,641 - SessionLogger - INFO - [sim_FSM_P2_M-ELE-001_92ccfd] Student: 如果速度一样，也没人插队或消失，那前后通过的人数应该是一样的……
可是老师，灯泡发光发热不是消耗了东西吗？如果电流（电荷）没少，那到底被“消耗”掉的是什么呀？
Deserializing unregistered type router.SessionMemory from checkpoint. This will be blocked in a future version. Add to allowed_msgpack_modules to silence: [('router', 'SessionMemory')]
Deserializing unregistered type router.PerceptionResult from checkpoint. This will be blocked in a future version. Add to allowed_msgpack_modules to silence: [('router', 'PerceptionResult')]
Deserializing unregistered type router.RouteDecision from checkpoint. This will be blocked in a future version. Add to allowed_msgpack_modules to silence: [('router', 'RouteDecision')]
2026-04-13 23:09:04,302 - SessionLogger - INFO - [sim_FSM+Guardrail_P1_M-ELE-001_58c565] Teacher: 没关系，这种直觉很常见，毕竟灯泡发光确实需要能量。

既然你觉得电流被“吃”掉了，那如果我们在第一个灯泡后面和第二个灯泡前面分别接上电流表，你预测这两个表的读数会一样吗？
2026-04-13 23:09:04,526 - SessionLogger - INFO - [sim_Baseline_P1_M-ELE-001_849dc4] Teacher: 灯泡发光消耗的是电荷携带的“能量”，还是电荷这个“粒子”本身？如果电荷真的被灯泡“吃掉”消失了，那流回电源负极的电荷从哪儿来呢？
2026-04-13 23:09:05,360 - SessionLogger - INFO - [sim_FSM+Guardrail_P1_M-ELE-001_58c565] Student: 肯定不一样啊，第一个表读数大，第二个表读数小。因为电流经过第一个灯泡时被消耗了一部分，剩下的才流到第二个灯泡那里。
Deserializing unregistered type router.SessionMemory from checkpoint. This will be blocked in a future version. Add to allowed_msgpack_modules to silence: [('router', 'SessionMemory')]
Deserializing unregistered type router.PerceptionResult from checkpoint. This will be blocked in a future version. Add to allowed_msgpack_modules to silence: [('router', 'PerceptionResult')]
Deserializing unregistered type router.RouteDecision from checkpoint. This will be blocked in a future version. Add to allowed_msgpack_modules to silence: [('router', 'RouteDecision')]
2026-04-13 23:09:05,673 - SessionLogger - INFO - [sim_Baseline_P2_M-ELE-001_649bc1] Teacher: 正是如此！电荷既不会在灯泡里“堆积”，也不会凭空消失，这就是电流的连续性。

既然“车”的数量没变，但每辆车卸货后都变得“轻松”了（电势能降低），你觉得这会导致流过灯泡的速度变慢吗？
2026-04-13 23:09:06,677 - SessionLogger - INFO - [sim_Baseline_P2_M-ELE-001_649bc1] Student: 呃……如果车变“轻松”了，难道不会跑得更快一点吗？还是说在电路里，所有车的速度都被强行保持一致了？
Deserializing unregistered type router.SessionMemory from checkpoint. This will be blocked in a future version. Add to allowed_msgpack_modules to silence: [('router', 'SessionMemory')]
Deserializing unregistered type router.PerceptionResult from checkpoint. This will be blocked in a future version. Add to allowed_msgpack_modules to silence: [('router', 'PerceptionResult')]
Deserializing unregistered type router.RouteDecision from checkpoint. This will be blocked in a future version. Add to allowed_msgpack_modules to silence: [('router', 'RouteDecision')]
2026-04-13 23:09:07,684 - SessionLogger - INFO - [sim_Baseline_P1_M-ELE-001_849dc4] Student: 能量和电荷本来就是一回事儿，没能量了电荷肯定就变少了。流回去的当然比出来的少啊，不然灯泡亮个什么劲？
Deserializing unregistered type router.SessionMemory from checkpoint. This will be blocked in a future version. Add to allowed_msgpack_modules to silence: [('router', 'SessionMemory')]
Deserializing unregistered type router.PerceptionResult from checkpoint. This will be blocked in a future version. Add to allowed_msgpack_modules to silence: [('router', 'PerceptionResult')]
Deserializing unregistered type router.RouteDecision from checkpoint. This will be blocked in a future version. Add to allowed_msgpack_modules to silence: [('router', 'RouteDecision')]
2026-04-13 23:09:09,965 - SessionLogger - INFO - [sim_FSM_P2_M-ELE-001_92ccfd] Teacher: 没错，电荷确实一个都没少。

其实被“消耗”掉的是电荷携带的**能量**，就像快递员（电荷）把包裹（能量）送到灯泡家后，人还是继续往前跑，只是手里的包裹空了。

你觉得如果快递员手里的包裹变轻了，会影响他跑步的速度吗？
2026-04-13 23:09:10,110 - SessionLogger - INFO - [sim_Baseline_P2_M-ELE-001_649bc1] Teacher: 哈哈，直觉很敏锐！但电路里有个“严厉的交通规则”：同一时刻，整条路上的车流速度必须一致。

如果灯泡后面的电荷突然加速，而前面的还没动，中间会发生什么？（提示：想想电荷之间的排斥力）
2026-04-13 23:09:10,970 - SessionLogger - INFO - [sim_FSM+Guardrail_P1_M-ELE-001_58c565] Teacher: 想象一下环形跑道上正在跑步的人群，如果跑道是单行道且没有岔路，前面的人跑过去了，后面的人是不是也得跟着跑过去，否则队伍不就断开了或者挤成一团了吗？
2026-04-13 23:09:11,027 - SessionLogger - INFO - [sim_FSM_P1_M-ELE-001_1a4609] Teacher: 你说得很对，电荷和电流确实不是一回事，能区分这点很棒。

咱们想象一下环形跑道上正在匀速跑步的人群：如果前面的人因为“累了”（能量被消耗）而跑得慢了，后面还没“累”的人会发生什么？
2026-04-13 23:09:11,490 - SessionLogger - INFO - [sim_Baseline_P2_M-ELE-001_649bc1] Student: 那……后面的电荷会挤到前面的电荷身上？因为它们都带负电，应该会互相排斥吧。
Deserializing unregistered type router.SessionMemory from checkpoint. This will be blocked in a future version. Add to allowed_msgpack_modules to silence: [('router', 'SessionMemory')]
Deserializing unregistered type router.PerceptionResult from checkpoint. This will be blocked in a future version. Add to allowed_msgpack_modules to silence: [('router', 'PerceptionResult')]
Deserializing unregistered type router.RouteDecision from checkpoint. This will be blocked in a future version. Add to allowed_msgpack_modules to silence: [('router', 'RouteDecision')]
2026-04-13 23:09:11,733 - SessionLogger - INFO - [sim_FSM_P2_M-ELE-001_92ccfd] Student: 原来消耗的是能量不是电荷啊……这个比喻好像有点道理。
但是老师，快递员送完货变轻松了，按理说跑起来应该更快或者更省力吧？为什么电流速度反而没变呢？
Deserializing unregistered type router.SessionMemory from checkpoint. This will be blocked in a future version. Add to allowed_msgpack_modules to silence: [('router', 'SessionMemory')]
Deserializing unregistered type router.PerceptionResult from checkpoint. This will be blocked in a future version. Add to allowed_msgpack_modules to silence: [('router', 'PerceptionResult')]
Deserializing unregistered type router.RouteDecision from checkpoint. This will be blocked in a future version. Add to allowed_msgpack_modules to silence: [('router', 'RouteDecision')]
2026-04-13 23:09:13,719 - SessionLogger - INFO - [sim_Baseline_P1_M-ELE-001_849dc4] Teacher: 想象一下运煤的车队，煤在电厂烧完了，车是不是也跟着消失了？如果车没了，后面的路不就空出来断档了吗？
2026-04-13 23:09:14,458 - SessionLogger - INFO - [sim_FSM+Guardrail_P1_M-ELE-001_58c565] Student: 跑步的人又不会发光发热，跟电流能一样吗？灯泡明明是把电流“用”掉了，这个类比根本说不通。
Deserializing unregistered type router.SessionMemory from checkpoint. This will be blocked in a future version. Add to allowed_msgpack_modules to silence: [('router', 'SessionMemory')]
Deserializing unregistered type router.PerceptionResult from checkpoint. This will be blocked in a future version. Add to allowed_msgpack_modules to silence: [('router', 'PerceptionResult')]
Deserializing unregistered type router.RouteDecision from checkpoint. This will be blocked in a future version. Add to allowed_msgpack_modules to silence: [('router', 'RouteDecision')]
2026-04-13 23:09:14,554 - SessionLogger - INFO - [sim_FSM_P1_M-ELE-001_1a4609] Student: 这跟灯泡没关系吧，电流是电，又不是人。我觉得你就是想绕晕我，反正前面的灯泡肯定先分走了一部分电流。
Deserializing unregistered type router.SessionMemory from checkpoint. This will be blocked in a future version. Add to allowed_msgpack_modules to silence: [('router', 'SessionMemory')]
Deserializing unregistered type router.PerceptionResult from checkpoint. This will be blocked in a future version. Add to allowed_msgpack_modules to silence: [('router', 'PerceptionResult')]
Deserializing unregistered type router.RouteDecision from checkpoint. This will be blocked in a future version. Add to allowed_msgpack_modules to silence: [('router', 'RouteDecision')]
2026-04-13 23:09:14,946 - SessionLogger - INFO - [sim_Baseline_P1_M-ELE-001_849dc4] Student: 煤烧完了车还在，但电流不一样啊，电流就是被灯泡“烧”没的。你这比喻不恰当，反正我觉得流过第一个灯泡后，电流肯定就变小了。
Deserializing unregistered type router.SessionMemory from checkpoint. This will be blocked in a future version. Add to allowed_msgpack_modules to silence: [('router', 'SessionMemory')]
Deserializing unregistered type router.PerceptionResult from checkpoint. This will be blocked in a future version. Add to allowed_msgpack_modules to silence: [('router', 'PerceptionResult')]
Deserializing unregistered type router.RouteDecision from checkpoint. This will be blocked in a future version. Add to allowed_msgpack_modules to silence: [('router', 'RouteDecision')]
2026-04-13 23:09:15,880 - SessionLogger - INFO - [sim_Baseline_P2_M-ELE-001_649bc1] Teacher: 没错，这种排斥力会瞬间把前面的电荷也“推”快一点。

所以，只要电源一接通，整条电路里的电荷几乎是在同一时刻开始以相同的速度流动的。你觉得这能解释为什么串联电路里电流处处相等吗？
2026-04-13 23:09:16,517 - SessionLogger - INFO - [sim_FSM+Guardrail_P2_M-ELE-001_12b075] Teacher: 这个直觉很敏锐，但电流表测量的其实是“单位时间内通过的卡车数量”，而不是卡车的载重。

既然卡车没有在半路消失或堆积，你觉得单位时间内流进灯泡的卡车数量，和流出灯泡的卡车数量，会不一样吗？
2026-04-13 23:09:17,188 - SessionLogger - INFO - [sim_Baseline_P2_M-ELE-001_649bc1] Student: 好像有点道理，既然大家被推着一起动，速度确实应该一样。但是……灯泡发光不是要“用”掉电流吗？如果电流没少，那灯泡到底消耗了啥？
2026-04-13 23:09:17,189 - SessionLogger - INFO - [sim_Baseline_P2_M-ELE-001_649bc1] Session finished. Resolved: False
2026-04-13 23:09:17,189 - SessionLogger - INFO - [sim_Baseline_P3_M-ELE-001_1da357] Starting session
2026-04-13 23:09:17,189 - SessionLogger - INFO - Initialized Session sim_Baseline_P3_M-ELE-001_1da357 on Unknown for Unknown with version FSM+Guardrail
2026-04-13 23:09:18,189 - SessionLogger - INFO - [sim_Baseline_P3_M-ELE-001_1da357] Student Opening: 老师，串联电路里第二个灯泡是不是比第一个暗呀？因为电流流过第一个灯泡的时候，应该被它“用掉”了一部分吧？
2026-04-13 23:09:18,196 - SessionLogger - INFO - [sim_FSM+Guardrail_P2_M-ELE-001_12b075] Student: 如果不消失也不堆积，那数量应该是一样的……可是老师，如果电流没变小，为什么后面的灯泡看起来会暗一点呢？这不就是因为“电”变少了吗？
Deserializing unregistered type router.SessionMemory from checkpoint. This will be blocked in a future version. Add to allowed_msgpack_modules to silence: [('router', 'SessionMemory')]
Deserializing unregistered type router.PerceptionResult from checkpoint. This will be blocked in a future version. Add to allowed_msgpack_modules to silence: [('router', 'PerceptionResult')]
Deserializing unregistered type router.RouteDecision from checkpoint. This will be blocked in a future version. Add to allowed_msgpack_modules to silence: [('router', 'RouteDecision')]
2026-04-13 23:09:18,235 - SessionLogger - INFO - [sim_FSM_P2_M-ELE-001_92ccfd] Teacher: 这个观察很敏锐！但别忘了，快递员送完货还得跑回起点去领新的包裹，对吧？

在回程的路上，他是不是又得重新背上沉甸甸的包裹，变得“吃力”起来？
2026-04-13 23:09:19,911 - SessionLogger - INFO - [sim_FSM_P2_M-ELE-001_92ccfd] Student: 哦……所以他是带着空包裹跑回去，然后在起点重新装满？
那这样看来，整个队伍确实得保持同样的速度循环跑，不然前面堵住了后面也动不了。我好像有点明白为什么电流不会变少了。
2026-04-13 23:09:19,911 - SessionLogger - INFO - [sim_FSM_P2_M-ELE-001_92ccfd] Session finished. Resolved: False
2026-04-13 23:09:19,911 - SessionLogger - INFO - [sim_FSM_P3_M-ELE-001_078656] Starting session
2026-04-13 23:09:19,911 - SessionLogger - INFO - Initialized Session sim_FSM_P3_M-ELE-001_078656 on Unknown for Unknown with version FSM+Guardrail
2026-04-13 23:09:20,898 - SessionLogger - INFO - [sim_FSM_P3_M-ELE-001_078656] Student Opening: 老师，如果两个灯泡串联，第一个灯泡是不是会把电流“用掉”一部分，所以流到第二个灯泡的电流就变小了呀？
2026-04-13 23:09:20,921 - SessionLogger - INFO - [sim_FSM_P1_M-ELE-001_1a4609] Teacher: 别急，我绝对没有绕晕你的意思，咱们慢慢来。

既然你觉得前面的灯泡会“分走”电流，那如果我们在第一个灯泡后面再串联十个同样的灯泡，你觉得这第十一个灯泡还会亮吗？
2026-04-13 23:09:20,922 - SessionLogger - INFO - [sim_FSM+Guardrail_P1_M-ELE-001_58c565] Teacher: 没关系，类比确实不能涵盖所有细节，我们换个更贴切的。

想象一下家里的自来水管形成一个闭合回路，水泵推动水流动。如果中间装了一个水轮机（类似灯泡）利用水流转动，你觉得流进水轮机的水量和流出来的水量会变少吗？
2026-04-13 23:09:21,890 - SessionLogger - INFO - [sim_FSM+Guardrail_P1_M-ELE-001_58c565] Student: 水轮机转动肯定是靠消耗水流啊，流出来的水肯定比流进去的少。不然它哪来的力气去转？
2026-04-13 23:09:21,890 - SessionLogger - INFO - [sim_FSM+Guardrail_P1_M-ELE-001_58c565] Session finished. Resolved: False
2026-04-13 23:09:21,890 - SessionLogger - INFO - [sim_FSM+Guardrail_P3_M-ELE-001_b01521] Starting session
2026-04-13 23:09:21,891 - SessionLogger - INFO - Initialized Session sim_FSM+Guardrail_P3_M-ELE-001_b01521 on Unknown for Unknown with version FSM+Guardrail
2026-04-13 23:09:23,540 - SessionLogger - INFO - [sim_FSM+Guardrail_P3_M-ELE-001_b01521] Student Opening: 老师，串联电路里第二个灯泡是不是比第一个暗呀？因为电流流过第一个灯泡的时候被“用掉”了一部分，剩下的流到第二个灯泡的电流就变少了吧？
2026-04-13 23:09:23,548 - SessionLogger - INFO - [sim_FSM_P1_M-ELE-001_1a4609] Student: 肯定还会亮啊，只是会变得非常暗，因为电流传到后面都快被用光了。这正好证明了我的观点，后面的灯泡得到的电流就是比前面的少。
Deserializing unregistered type router.SessionMemory from checkpoint. This will be blocked in a future version. Add to allowed_msgpack_modules to silence: [('router', 'SessionMemory')]
Deserializing unregistered type router.PerceptionResult from checkpoint. This will be blocked in a future version. Add to allowed_msgpack_modules to silence: [('router', 'PerceptionResult')]
Deserializing unregistered type router.RouteDecision from checkpoint. This will be blocked in a future version. Add to allowed_msgpack_modules to silence: [('router', 'RouteDecision')]
2026-04-13 23:09:23,563 - SessionLogger - INFO - [sim_Baseline_P1_M-ELE-001_849dc4] Teacher: 如果灯泡真的“吃掉”了电荷，那它岂不是会越积越多电子，最后因为太“挤”而把后面的电荷都堵在外面进不来？
2026-04-13 23:09:23,575 - SessionLogger - INFO - [sim_Baseline_P3_M-ELE-001_1da357] Teacher: 想象一下水管里的水流，如果前面的水轮机“用掉”了一些水，那流到后面的水会变少吗？那些被“用掉”的水跑去哪儿了呢？
2026-04-13 23:09:24,425 - SessionLogger - INFO - [sim_FSM+Guardrail_P2_M-ELE-001_12b075] Teacher: 其实，在串联电路里，无论灯泡在前还是在后，它们的亮度通常是一样亮的，并不会出现“前亮后暗”的情况。

你可以回想一下，如果电流真的被第一个灯泡“吃掉”了一部分，那第二个灯泡是不是应该明显比第一个暗很多？
2026-04-13 23:09:24,649 - SessionLogger - INFO - [sim_Baseline_P1_M-ELE-001_849dc4] Student: 灯泡才没那么笨，它把电荷转化成光和热散发到空气里去了，根本不会积在里面。所以电流肯定是越流越少，这有什么好堵的？
2026-04-13 23:09:24,649 - SessionLogger - INFO - [sim_Baseline_P1_M-ELE-001_849dc4] Session finished. Resolved: False
2026-04-13 23:09:24,649 - SessionLogger - INFO - [sim_Baseline_P1_M-ELE-002_951b5a] Starting session
2026-04-13 23:09:24,649 - SessionLogger - INFO - Initialized Session sim_Baseline_P1_M-ELE-002_951b5a on Unknown for Unknown with version FSM+Guardrail
2026-04-13 23:09:25,830 - SessionLogger - INFO - [sim_Baseline_P1_M-ELE-002_951b5a] Student Opening: 老师，我就纳闷了，电池明明有电，导线也连在正极上了，电流直接“射”进灯泡里它就该亮啊，干嘛非得绕一圈回去？
2026-04-13 23:09:25,837 - SessionLogger - INFO - [sim_Baseline_P3_M-ELE-001_1da357] Student: 可是水轮机转起来不就是靠水流推动的吗？那水流过去之后肯定没劲儿了呀，就像电池里的电被用光了一样。
Deserializing unregistered type router.SessionMemory from checkpoint. This will be blocked in a future version. Add to allowed_msgpack_modules to silence: [('router', 'SessionMemory')]
Deserializing unregistered type router.PerceptionResult from checkpoint. This will be blocked in a future version. Add to allowed_msgpack_modules to silence: [('router', 'PerceptionResult')]
Deserializing unregistered type router.RouteDecision from checkpoint. This will be blocked in a future version. Add to allowed_msgpack_modules to silence: [('router', 'RouteDecision')]
2026-04-13 23:09:27,585 - SessionLogger - INFO - [sim_FSM+Guardrail_P2_M-ELE-001_12b075] Student: 啊？真的是一样亮吗？我好像记得以前做实验时，总觉得离电源远的那个会暗一点……如果真的一样亮，那我之前的想法确实有点问题了。
Deserializing unregistered type router.SessionMemory from checkpoint. This will be blocked in a future version. Add to allowed_msgpack_modules to silence: [('router', 'SessionMemory')]
Deserializing unregistered type router.PerceptionResult from checkpoint. This will be blocked in a future version. Add to allowed_msgpack_modules to silence: [('router', 'PerceptionResult')]
Deserializing unregistered type router.RouteDecision from checkpoint. This will be blocked in a future version. Add to allowed_msgpack_modules to silence: [('router', 'RouteDecision')]
2026-04-13 23:09:28,003 - SessionLogger - INFO - [sim_FSM_P3_M-ELE-001_078656] Teacher: 没关系，这个直觉很常见，很多初学者都会这么想。

不过，如果电流真的像“燃料”一样被第一个灯泡消耗掉了，那你觉得流回电源负极的电荷，和从正极出发的电荷数量还会一样多吗？
2026-04-13 23:09:29,113 - SessionLogger - INFO - [sim_FSM_P3_M-ELE-001_078656] Student: 啊？电荷……是那个带电的小粒子吗？我不太确定它们是不是一回事，反正感觉电被灯泡发光用掉了，回去的应该就少了吧？
Deserializing unregistered type router.SessionMemory from checkpoint. This will be blocked in a future version. Add to allowed_msgpack_modules to silence: [('router', 'SessionMemory')]
Deserializing unregistered type router.PerceptionResult from checkpoint. This will be blocked in a future version. Add to allowed_msgpack_modules to silence: [('router', 'PerceptionResult')]
Deserializing unregistered type router.RouteDecision from checkpoint. This will be blocked in a future version. Add to allowed_msgpack_modules to silence: [('router', 'RouteDecision')]
2026-04-13 23:09:29,366 - SessionLogger - INFO - [sim_FSM_P1_M-ELE-001_1a4609] Teacher: 这个直觉很常见，但咱们做个思想实验：如果电流真的像水流过水车那样被“用掉”变少了，那在串联电路里，靠近电源正极的第一个灯泡，是不是应该比最后一个亮得多？
2026-04-13 23:09:30,460 - SessionLogger - INFO - [sim_FSM_P1_M-ELE-001_1a4609] Student: 那当然啊，第一个灯泡肯定最亮，因为它截获的电流最多。后面的灯泡只能分到剩下的那点“残羹冷炙”，所以才会暗一些。
Deserializing unregistered type router.SessionMemory from checkpoint. This will be blocked in a future version. Add to allowed_msgpack_modules to silence: [('router', 'SessionMemory')]
Deserializing unregistered type router.PerceptionResult from checkpoint. This will be blocked in a future version. Add to allowed_msgpack_modules to silence: [('router', 'PerceptionResult')]
Deserializing unregistered type router.RouteDecision from checkpoint. This will be blocked in a future version. Add to allowed_msgpack_modules to silence: [('router', 'RouteDecision')]
2026-04-13 23:09:30,669 - SessionLogger - INFO - [sim_Baseline_P1_M-ELE-002_951b5a] Teacher: 想象一下，如果电荷只冲进灯泡却回不去，它们会不会在灯泡那里越积越多，把后来的电荷“堵”在外面？
2026-04-13 23:09:30,800 - SessionLogger - INFO - [sim_Baseline_P3_M-ELE-001_1da357] Teacher: 你说得对，水确实把“劲儿”（能量）留给了水轮机。但你想一想，流进水轮机的水和流出来的水，数量变少了吗？
2026-04-13 23:09:31,950 - SessionLogger - INFO - [sim_Baseline_P3_M-ELE-001_1da357] Student: 数量……应该没变吧？可是老师，如果水没少，那灯泡发光用的“电”是从哪儿来的呢？难道电流只是路过，什么都没留下吗？
Deserializing unregistered type router.SessionMemory from checkpoint. This will be blocked in a future version. Add to allowed_msgpack_modules to silence: [('router', 'SessionMemory')]
Deserializing unregistered type router.PerceptionResult from checkpoint. This will be blocked in a future version. Add to allowed_msgpack_modules to silence: [('router', 'PerceptionResult')]
Deserializing unregistered type router.RouteDecision from checkpoint. This will be blocked in a future version. Add to allowed_msgpack_modules to silence: [('router', 'RouteDecision')]
2026-04-13 23:09:32,637 - SessionLogger - INFO - [sim_Baseline_P1_M-ELE-002_951b5a] Student: 不会堵的，电荷进灯泡里就被“用掉”发光了呀，又不是水会积在那儿。只要电池一直送电出来，灯泡就应该一直亮才对。
Deserializing unregistered type router.SessionMemory from checkpoint. This will be blocked in a future version. Add to allowed_msgpack_modules to silence: [('router', 'SessionMemory')]
Deserializing unregistered type router.PerceptionResult from checkpoint. This will be blocked in a future version. Add to allowed_msgpack_modules to silence: [('router', 'PerceptionResult')]
Deserializing unregistered type router.RouteDecision from checkpoint. This will be blocked in a future version. Add to allowed_msgpack_modules to silence: [('router', 'RouteDecision')]
2026-04-13 23:09:34,730 - SessionLogger - INFO - [sim_FSM_P3_M-ELE-001_078656] Teacher: 别担心，电荷确实就是那些带电的小粒子，你的直觉很敏锐，灯泡发光确实需要“消耗”东西。

但我们可以换个角度想：如果流回去的电荷真的变少了，那多出来的电荷都堆积在哪里了呢？
2026-04-13 23:09:35,479 - SessionLogger - INFO - [sim_FSM_P1_M-ELE-001_1a4609] Teacher: 咱们来做个简单的实验验证一下：如果你把这两个灯泡的位置互换，原本“吃剩饭”的那个灯泡到了前面，它会突然变亮吗？
2026-04-13 23:09:35,603 - SessionLogger - INFO - [sim_FSM_P3_M-ELE-001_078656] Student: 堆积？呃……是不是积在灯泡里面了？毕竟灯泡变热发光，肯定是把电流里的什么东西留下来了吧。
Deserializing unregistered type router.SessionMemory from checkpoint. This will be blocked in a future version. Add to allowed_msgpack_modules to silence: [('router', 'SessionMemory')]
Deserializing unregistered type router.PerceptionResult from checkpoint. This will be blocked in a future version. Add to allowed_msgpack_modules to silence: [('router', 'PerceptionResult')]
Deserializing unregistered type router.RouteDecision from checkpoint. This will be blocked in a future version. Add to allowed_msgpack_modules to silence: [('router', 'RouteDecision')]
2026-04-13 23:09:35,801 - SessionLogger - INFO - [sim_FSM+Guardrail_P2_M-ELE-001_12b075] Teacher: 这种视觉上的错觉很常见，别担心。

如果我们在电路的不同位置串联接入电流表，你觉得这些电流表的读数会显示出“越往后数值越小”的变化吗？
2026-04-13 23:09:36,384 - SessionLogger - INFO - [sim_Baseline_P3_M-ELE-001_1da357] Teacher: 电流确实“路过”了，但它留下了能量，就像水流推动水轮机后，水压会降低一样。你觉得在串联电路里，流过两个灯泡的电流大小是一样的，那决定灯泡亮暗的，除了电流，还可能和什么有关呢？
2026-04-13 23:09:36,510 - SessionLogger - INFO - [sim_FSM_P1_M-ELE-001_1a4609] Student: 那肯定会变亮啊，因为它现在排在前面了，能抢到更多的电流。位置变了，分到的电流自然就多了，这不是很明显吗？
2026-04-13 23:09:36,511 - SessionLogger - INFO - [sim_FSM_P1_M-ELE-001_1a4609] Session finished. Resolved: False
2026-04-13 23:09:36,511 - SessionLogger - INFO - [sim_FSM_P1_M-ELE-002_e0fa2b] Starting session
2026-04-13 23:09:36,511 - SessionLogger - INFO - Initialized Session sim_FSM_P1_M-ELE-002_e0fa2b on Unknown for Unknown with version FSM+Guardrail
2026-04-13 23:09:37,768 - SessionLogger - INFO - [sim_FSM_P1_M-ELE-002_e0fa2b] Student Opening: 老师，我就把灯泡的一头接在电池正极上，它为什么不亮？电不是从正极出来流进灯泡就行了吗？
2026-04-13 23:09:37,775 - SessionLogger - INFO - [sim_FSM+Guardrail_P2_M-ELE-001_12b075] Student: 如果灯泡亮度真的一样，那电流表读数应该也是一样的吧？看来电流真的没有被“用掉”，那我之前想的“电流减少”肯定是错的。
Deserializing unregistered type router.SessionMemory from checkpoint. This will be blocked in a future version. Add to allowed_msgpack_modules to silence: [('router', 'SessionMemory')]
Deserializing unregistered type router.PerceptionResult from checkpoint. This will be blocked in a future version. Add to allowed_msgpack_modules to silence: [('router', 'PerceptionResult')]
Deserializing unregistered type router.RouteDecision from checkpoint. This will be blocked in a future version. Add to allowed_msgpack_modules to silence: [('router', 'RouteDecision')]
2026-04-13 23:09:38,830 - SessionLogger - INFO - [sim_Baseline_P1_M-ELE-002_951b5a] Teacher: 如果电荷真的在灯泡里“消失”了，那电池负极那边空出来的位置，谁来填补呢？
2026-04-13 23:09:40,094 - SessionLogger - INFO - [sim_Baseline_P3_M-ELE-001_1da357] Student: 啊？电流一样大，那灯泡亮暗难道不是看谁“吃”掉的电流多吗？如果电流没少，那它是怎么让灯泡发光的呀，我还是有点晕。
Deserializing unregistered type router.SessionMemory from checkpoint. This will be blocked in a future version. Add to allowed_msgpack_modules to silence: [('router', 'SessionMemory')]
Deserializing unregistered type router.PerceptionResult from checkpoint. This will be blocked in a future version. Add to allowed_msgpack_modules to silence: [('router', 'PerceptionResult')]
Deserializing unregistered type router.RouteDecision from checkpoint. This will be blocked in a future version. Add to allowed_msgpack_modules to silence: [('router', 'RouteDecision')]
2026-04-13 23:09:40,294 - SessionLogger - INFO - [sim_Baseline_P1_M-ELE-002_951b5a] Student: 负极那边空着就空着呗，反正电池的任务就是把电从正极送出来。只要正极有电送出来，灯泡就能亮，跟负极有没有人填补有什么关系？
Deserializing unregistered type router.SessionMemory from checkpoint. This will be blocked in a future version. Add to allowed_msgpack_modules to silence: [('router', 'SessionMemory')]
Deserializing unregistered type router.PerceptionResult from checkpoint. This will be blocked in a future version. Add to allowed_msgpack_modules to silence: [('router', 'PerceptionResult')]
Deserializing unregistered type router.RouteDecision from checkpoint. This will be blocked in a future version. Add to allowed_msgpack_modules to silence: [('router', 'RouteDecision')]
2026-04-13 23:09:40,569 - SessionLogger - INFO - [sim_FSM+Guardrail_P3_M-ELE-001_b01521] Teacher: 如果真的是因为“排在前面”的灯泡先“用掉”了一部分电流，那我们把这两个灯泡的位置互换一下，你猜它们的亮度会发生什么变化？
2026-04-13 23:09:41,219 - SessionLogger - INFO - [sim_FSM_P3_M-ELE-001_078656] Teacher: 没关系，这种“电被用掉”的感觉确实很直观。

我们可以把电流想象成环形跑道上正在跑步的人流：如果前面的人停下来或者变少了，后面的人还能保持同样的速度源源不断地跟上来吗？
2026-04-13 23:09:41,784 - SessionLogger - INFO - [sim_FSM+Guardrail_P3_M-ELE-001_b01521] Student: 那……换位置后，原来暗的那个变亮了？因为它现在排在前面，能先“抢”到更多的电流？
Deserializing unregistered type router.SessionMemory from checkpoint. This will be blocked in a future version. Add to allowed_msgpack_modules to silence: [('router', 'SessionMemory')]
Deserializing unregistered type router.PerceptionResult from checkpoint. This will be blocked in a future version. Add to allowed_msgpack_modules to silence: [('router', 'PerceptionResult')]
Deserializing unregistered type router.RouteDecision from checkpoint. This will be blocked in a future version. Add to allowed_msgpack_modules to silence: [('router', 'RouteDecision')]
2026-04-13 23:09:42,268 - SessionLogger - INFO - [sim_FSM_P3_M-ELE-001_078656] Student: 可是灯泡发光不是把电“烧”掉了吗？就像人跑累了会停下来休息，电流经过灯泡肯定也会变弱或者变少吧？
Deserializing unregistered type router.SessionMemory from checkpoint. This will be blocked in a future version. Add to allowed_msgpack_modules to silence: [('router', 'SessionMemory')]
Deserializing unregistered type router.PerceptionResult from checkpoint. This will be blocked in a future version. Add to allowed_msgpack_modules to silence: [('router', 'PerceptionResult')]
Deserializing unregistered type router.RouteDecision from checkpoint. This will be blocked in a future version. Add to allowed_msgpack_modules to silence: [('router', 'RouteDecision')]
2026-04-13 23:09:45,680 - SessionLogger - INFO - [sim_FSM+Guardrail_P2_M-ELE-001_12b075] Teacher: 没错，电流表读数一致确实证明了电荷没有中途消失。

既然“电流”（电荷的流动）没有被消耗，那你觉得灯泡发光发热时，真正被“用掉”或转化掉的究竟是什么？
2026-04-13 23:09:45,705 - SessionLogger - INFO - [sim_FSM_P1_M-ELE-002_e0fa2b] Teacher: 没关系，觉得电只要“进去”就能工作是很直观的想法。

但如果电流只进不出，就像水只流进管子却堵死出口一样，你觉得它还能持续流动吗？
2026-04-13 23:09:46,774 - SessionLogger - INFO - [sim_FSM_P1_M-ELE-002_e0fa2b] Student: 电又不是水，它是电池发出来的能量，只要连上一头就能传过去。我觉得灯泡不亮肯定是因为接触不良，跟有没有回路没关系。
Deserializing unregistered type router.SessionMemory from checkpoint. This will be blocked in a future version. Add to allowed_msgpack_modules to silence: [('router', 'SessionMemory')]
Deserializing unregistered type router.PerceptionResult from checkpoint. This will be blocked in a future version. Add to allowed_msgpack_modules to silence: [('router', 'PerceptionResult')]
Deserializing unregistered type router.RouteDecision from checkpoint. This will be blocked in a future version. Add to allowed_msgpack_modules to silence: [('router', 'RouteDecision')]
2026-04-13 23:09:47,505 - SessionLogger - INFO - [sim_FSM+Guardrail_P2_M-ELE-001_12b075] Student: 嗯……既然电荷没少，那是不是电能被转化成了光和热？所以我之前是把“电流”和“能量”搞混了？
2026-04-13 23:09:47,506 - SessionLogger - INFO - [sim_FSM+Guardrail_P2_M-ELE-001_12b075] Session finished. Resolved: False
2026-04-13 23:09:47,506 - SessionLogger - INFO - [sim_FSM+Guardrail_P1_M-ELE-002_d03cb4] Starting session
2026-04-13 23:09:47,506 - SessionLogger - INFO - Initialized Session sim_FSM+Guardrail_P1_M-ELE-002_d03cb4 on Unknown for Unknown with version FSM+Guardrail
2026-04-13 23:09:48,442 - SessionLogger - INFO - [sim_FSM+Guardrail_P1_M-ELE-002_d03cb4] Student Opening: 老师，我把电池正极连到灯泡上，灯泡就该亮啊，电不是从电池里射出来的吗？
2026-04-13 23:09:48,462 - SessionLogger - INFO - [sim_Baseline_P1_M-ELE-002_951b5a] Teacher: 那咱们换个角度想：导线里本来就有大量的自由电子，电池只是推着它们动。如果电子只往一个方向跑却回不来，灯泡那一端是不是很快就会挤满电子，导致后面的电子再也推不动了？
2026-04-13 23:09:48,948 - SessionLogger - INFO - [sim_Baseline_P3_M-ELE-001_1da357] Teacher: 想象一下，快递员把包裹送到你家，快递员本人并没有被“吃掉”，但他把包裹（能量）留下了。你觉得在电路里，是什么代表了那个“包裹”呢？
2026-04-13 23:09:49,378 - SessionLogger - INFO - [sim_FSM+Guardrail_P3_M-ELE-001_b01521] Teacher: 没关系，这个直觉很自然。但如果灯泡真的会“抢”电流，那我们把两个完全一样的灯泡互换位置后，它们的亮度顺序会跟着变吗？
2026-04-13 23:09:49,680 - SessionLogger - INFO - [sim_FSM_P3_M-ELE-001_078656] Teacher: 没关系，把电能转化成光能确实很像“消耗”了能量，这很容易让人混淆。

但我们可以想想：如果前面的灯泡真的让电流（电荷的流动）变少或变慢了，那后面还没流过去的电荷会不会因为“堵车”而堆积在导线里？
2026-04-13 23:09:50,272 - SessionLogger - INFO - [sim_Baseline_P3_M-ELE-001_1da357] Student: 可是快递员送完一家去下一家，包裹不就少了一个吗？那后面的灯泡岂不是就没包裹收了？我还是觉得电流流过去肯定会变少的。
Deserializing unregistered type router.SessionMemory from checkpoint. This will be blocked in a future version. Add to allowed_msgpack_modules to silence: [('router', 'SessionMemory')]
Deserializing unregistered type router.PerceptionResult from checkpoint. This will be blocked in a future version. Add to allowed_msgpack_modules to silence: [('router', 'PerceptionResult')]
Deserializing unregistered type router.RouteDecision from checkpoint. This will be blocked in a future version. Add to allowed_msgpack_modules to silence: [('router', 'RouteDecision')]
2026-04-13 23:09:50,912 - SessionLogger - INFO - [sim_Baseline_P1_M-ELE-002_951b5a] Student: 电子没那么容易挤住吧，它们进灯泡里变成光和热就没了。只要电池劲儿够大，一直往外推，灯就应该一直亮，哪会堵啊。
Deserializing unregistered type router.SessionMemory from checkpoint. This will be blocked in a future version. Add to allowed_msgpack_modules to silence: [('router', 'SessionMemory')]
Deserializing unregistered type router.PerceptionResult from checkpoint. This will be blocked in a future version. Add to allowed_msgpack_modules to silence: [('router', 'PerceptionResult')]
Deserializing unregistered type router.RouteDecision from checkpoint. This will be blocked in a future version. Add to allowed_msgpack_modules to silence: [('router', 'RouteDecision')]
2026-04-13 23:09:52,235 - SessionLogger - INFO - [sim_FSM_P1_M-ELE-002_e0fa2b] Teacher: 如果真的是接触不良，那你用力压紧或者换个新灯泡，它应该就能亮了吧？

你可以试着操作一下，看看在确保接触绝对良好的情况下，只接一头它会不会亮？
2026-04-13 23:09:52,568 - SessionLogger - INFO - [sim_FSM+Guardrail_P3_M-ELE-001_b01521] Student: 呃……如果换位置后亮度也跟着变，那确实说得通。可是老师，电流不是像水流一样流过去就没了吗？怎么会不减少呢？我还是有点晕。
Deserializing unregistered type router.SessionMemory from checkpoint. This will be blocked in a future version. Add to allowed_msgpack_modules to silence: [('router', 'SessionMemory')]
Deserializing unregistered type router.PerceptionResult from checkpoint. This will be blocked in a future version. Add to allowed_msgpack_modules to silence: [('router', 'PerceptionResult')]
Deserializing unregistered type router.RouteDecision from checkpoint. This will be blocked in a future version. Add to allowed_msgpack_modules to silence: [('router', 'RouteDecision')]
2026-04-13 23:09:52,755 - SessionLogger - INFO - [sim_FSM_P3_M-ELE-001_078656] Student: 堵车？可是导线那么细，电荷那么小，就算堆一点我们也看不见呀。而且灯泡亮了不就是证明电被用掉了吗？
Deserializing unregistered type router.SessionMemory from checkpoint. This will be blocked in a future version. Add to allowed_msgpack_modules to silence: [('router', 'SessionMemory')]
Deserializing unregistered type router.PerceptionResult from checkpoint. This will be blocked in a future version. Add to allowed_msgpack_modules to silence: [('router', 'PerceptionResult')]
Deserializing unregistered type router.RouteDecision from checkpoint. This will be blocked in a future version. Add to allowed_msgpack_modules to silence: [('router', 'RouteDecision')]
2026-04-13 23:09:54,110 - SessionLogger - INFO - [sim_FSM_P1_M-ELE-002_e0fa2b] Student: 我试过了，压得紧紧的也不亮，但这只能说明这根线没把电送过去。肯定是电池正极那边的“推力”不够大，或者导线太长了电在半路耗光了。
Deserializing unregistered type router.SessionMemory from checkpoint. This will be blocked in a future version. Add to allowed_msgpack_modules to silence: [('router', 'SessionMemory')]
Deserializing unregistered type router.PerceptionResult from checkpoint. This will be blocked in a future version. Add to allowed_msgpack_modules to silence: [('router', 'PerceptionResult')]
Deserializing unregistered type router.RouteDecision from checkpoint. This will be blocked in a future version. Add to allowed_msgpack_modules to silence: [('router', 'RouteDecision')]
2026-04-13 23:09:54,984 - SessionLogger - INFO - [sim_FSM+Guardrail_P1_M-ELE-002_d03cb4] Teacher: 如果电真的像箭一样射进灯泡就不出来了，你觉得电池里的电够用多久？
2026-04-13 23:09:56,178 - SessionLogger - INFO - [sim_FSM+Guardrail_P1_M-ELE-002_d03cb4] Student: 电池里的电多得是，怎么可能一下就没了？反正只要连上一头，灯就该亮。
Deserializing unregistered type router.SessionMemory from checkpoint. This will be blocked in a future version. Add to allowed_msgpack_modules to silence: [('router', 'SessionMemory')]
Deserializing unregistered type router.PerceptionResult from checkpoint. This will be blocked in a future version. Add to allowed_msgpack_modules to silence: [('router', 'PerceptionResult')]
Deserializing unregistered type router.RouteDecision from checkpoint. This will be blocked in a future version. Add to allowed_msgpack_modules to silence: [('router', 'RouteDecision')]
2026-04-13 23:09:57,773 - SessionLogger - INFO - [sim_FSM+Guardrail_P3_M-ELE-001_b01521] Teacher: 没关系，这种“流过去就没了”的感觉确实很常见。我们可以把电流想象成在环形跑道上跑步的人，如果跑道是单行道且没有出口，你觉得跑在前面的人和后面的人，速度会有区别吗？
2026-04-13 23:09:58,328 - SessionLogger - INFO - [sim_Baseline_P1_M-ELE-002_951b5a] Teacher: 能量确实变成了光和热，但携带能量的“搬运工”——电子，它们本身是有质量的粒子，难道也跟着一起变成光飞走了吗？
2026-04-13 23:09:58,543 - SessionLogger - INFO - [sim_FSM_P3_M-ELE-001_078656] Teacher: 没关系，看不见确实很难想象，但我们可以换个更直观的类比。

想象一下自行车的链条，当你踩动踏板时，整条链条是同时转动的。如果前面的链节因为“用力”变慢了，后面的链节还能保持原来的速度紧紧跟着它吗？
2026-04-13 23:09:58,975 - SessionLogger - INFO - [sim_FSM+Guardrail_P3_M-ELE-001_b01521] Student: 可是老师，灯泡不是会发光发热吗？那肯定是用掉了什么东西呀。如果电流完全没少，那电是从哪儿来的能量让灯亮的呢？
Deserializing unregistered type router.SessionMemory from checkpoint. This will be blocked in a future version. Add to allowed_msgpack_modules to silence: [('router', 'SessionMemory')]
Deserializing unregistered type router.PerceptionResult from checkpoint. This will be blocked in a future version. Add to allowed_msgpack_modules to silence: [('router', 'PerceptionResult')]
Deserializing unregistered type router.RouteDecision from checkpoint. This will be blocked in a future version. Add to allowed_msgpack_modules to silence: [('router', 'RouteDecision')]
2026-04-13 23:09:59,751 - SessionLogger - INFO - [sim_Baseline_P3_M-ELE-001_1da357] Teacher: 快递员本人确实没少，但他把手里的“包裹”（能量）卸下来了呀。

你觉得，是让很多空手的快递员经过灯泡更亮，还是让少数几个满载包裹的快递员经过更亮呢？
2026-04-13 23:10:01,276 - SessionLogger - INFO - [sim_FSM+Guardrail_P1_M-ELE-002_d03cb4] Teacher: 想象一下，如果电流像水流一样，只把水管接到水龙头上，而另一头悬空不接回下水道，水能持续流出来吗？
2026-04-13 23:10:01,686 - SessionLogger - INFO - [sim_Baseline_P3_M-ELE-001_1da357] Student: 那肯定是包裹多的亮吧……可是老师，如果前面的灯泡把包裹都卸下来了，后面的快递员不就是空手了吗？那后面的灯泡不就完全不亮了吗？
Deserializing unregistered type router.SessionMemory from checkpoint. This will be blocked in a future version. Add to allowed_msgpack_modules to silence: [('router', 'SessionMemory')]
Deserializing unregistered type router.PerceptionResult from checkpoint. This will be blocked in a future version. Add to allowed_msgpack_modules to silence: [('router', 'PerceptionResult')]
Deserializing unregistered type router.RouteDecision from checkpoint. This will be blocked in a future version. Add to allowed_msgpack_modules to silence: [('router', 'RouteDecision')]
2026-04-13 23:10:01,697 - SessionLogger - INFO - [sim_Baseline_P1_M-ELE-002_951b5a] Student: 电子肯定没飞走，但它们留在灯泡里也不影响发光啊。只要电池能把新的电子推过来，旧的留在那儿也没关系，灯照样亮。
Deserializing unregistered type router.SessionMemory from checkpoint. This will be blocked in a future version. Add to allowed_msgpack_modules to silence: [('router', 'SessionMemory')]
Deserializing unregistered type router.PerceptionResult from checkpoint. This will be blocked in a future version. Add to allowed_msgpack_modules to silence: [('router', 'PerceptionResult')]
Deserializing unregistered type router.RouteDecision from checkpoint. This will be blocked in a future version. Add to allowed_msgpack_modules to silence: [('router', 'RouteDecision')]
2026-04-13 23:10:02,268 - SessionLogger - INFO - [sim_FSM_P1_M-ELE-002_e0fa2b] Teacher: 如果真的是导线太长把电“耗光”了，那我们把导线剪短到几乎为零，直接让灯泡金属壳紧贴正极，你觉得这时候电还需要“走很远的路”吗？
2026-04-13 23:10:02,546 - SessionLogger - INFO - [sim_FSM_P3_M-ELE-001_078656] Student: 链条是连在一起的当然分不开，但电流是在导线里跑的呀，又不是连成一体的。前面的灯泡把电“吃”掉一部分，剩下的流到后面，后面的肯定就变弱了嘛。
Deserializing unregistered type router.SessionMemory from checkpoint. This will be blocked in a future version. Add to allowed_msgpack_modules to silence: [('router', 'SessionMemory')]
Deserializing unregistered type router.PerceptionResult from checkpoint. This will be blocked in a future version. Add to allowed_msgpack_modules to silence: [('router', 'PerceptionResult')]
Deserializing unregistered type router.RouteDecision from checkpoint. This will be blocked in a future version. Add to allowed_msgpack_modules to silence: [('router', 'RouteDecision')]
2026-04-13 23:10:03,944 - SessionLogger - INFO - [sim_FSM_P1_M-ELE-002_e0fa2b] Student: 就算贴得再紧，只要没接负极，电就只有一边能进来。我觉得问题肯定出在电池本身，可能这节电池正极的“电量”已经用完了，换节新的肯定能亮。
Deserializing unregistered type router.SessionMemory from checkpoint. This will be blocked in a future version. Add to allowed_msgpack_modules to silence: [('router', 'SessionMemory')]
Deserializing unregistered type router.PerceptionResult from checkpoint. This will be blocked in a future version. Add to allowed_msgpack_modules to silence: [('router', 'PerceptionResult')]
Deserializing unregistered type router.RouteDecision from checkpoint. This will be blocked in a future version. Add to allowed_msgpack_modules to silence: [('router', 'RouteDecision')]
2026-04-13 23:10:04,251 - SessionLogger - INFO - [sim_FSM+Guardrail_P3_M-ELE-001_b01521] Teacher: 没关系，能想到“能量被消耗”说明你思考得很深入。其实灯泡消耗的是电荷携带的“能量”，而不是电荷本身；就像快递员把货送到后，人还是得原路返回继续送下一单，你觉得快递员的人数会变少吗？
2026-04-13 23:10:05,170 - SessionLogger - INFO - [sim_FSM+Guardrail_P1_M-ELE-002_d03cb4] Student: 水跟电又不一样，电是电池自己发出来的能量。只要导线接在正极上，电就能传过去让灯泡发光。
Deserializing unregistered type router.SessionMemory from checkpoint. This will be blocked in a future version. Add to allowed_msgpack_modules to silence: [('router', 'SessionMemory')]
Deserializing unregistered type router.PerceptionResult from checkpoint. This will be blocked in a future version. Add to allowed_msgpack_modules to silence: [('router', 'PerceptionResult')]
Deserializing unregistered type router.RouteDecision from checkpoint. This will be blocked in a future version. Add to allowed_msgpack_modules to silence: [('router', 'RouteDecision')]
2026-04-13 23:10:05,342 - SessionLogger - INFO - [sim_Baseline_P1_M-ELE-002_951b5a] Teacher: 如果旧电子赖在灯泡里不走，新电子又源源不断地从正极那边挤过来，你觉得灯泡里的电子密度会发生什么变化？
2026-04-13 23:10:05,370 - SessionLogger - INFO - [sim_Baseline_P3_M-ELE-001_1da357] Teacher: 哈哈，前面的灯泡确实很“贪心”，但它通常只卸下一部分包裹，不会全抢光哦。

如果两个完全一样的灯泡串联，你觉得它们会怎么“分”这些包裹呢？
2026-04-13 23:10:05,459 - SessionLogger - INFO - [sim_FSM+Guardrail_P3_M-ELE-001_b01521] Student: 可是……如果快递员（电流）没变少，只是把货（能量）卸下了，那为什么后面的灯泡看起来还是比前面的暗一点呢？感觉像是剩下的“力气”不够了呀。
Deserializing unregistered type router.SessionMemory from checkpoint. This will be blocked in a future version. Add to allowed_msgpack_modules to silence: [('router', 'SessionMemory')]
Deserializing unregistered type router.PerceptionResult from checkpoint. This will be blocked in a future version. Add to allowed_msgpack_modules to silence: [('router', 'PerceptionResult')]
Deserializing unregistered type router.RouteDecision from checkpoint. This will be blocked in a future version. Add to allowed_msgpack_modules to silence: [('router', 'RouteDecision')]
2026-04-13 23:10:06,595 - SessionLogger - INFO - [sim_Baseline_P1_M-ELE-002_951b5a] Student: 密度变大又怎样？只要电池还在推，电子就能继续往前挤。我觉得灯泡根本不在乎里面挤了多少电子，只要有电过来就行。
Deserializing unregistered type router.SessionMemory from checkpoint. This will be blocked in a future version. Add to allowed_msgpack_modules to silence: [('router', 'SessionMemory')]
Deserializing unregistered type router.PerceptionResult from checkpoint. This will be blocked in a future version. Add to allowed_msgpack_modules to silence: [('router', 'PerceptionResult')]
Deserializing unregistered type router.RouteDecision from checkpoint. This will be blocked in a future version. Add to allowed_msgpack_modules to silence: [('router', 'RouteDecision')]
2026-04-13 23:10:06,637 - SessionLogger - INFO - [sim_Baseline_P3_M-ELE-001_1da357] Student: 那……它们一人一半？可是老师，我还是想不通，如果电流（快递员）没变少，为什么我们常说“用电器消耗电能”而不是“消耗电流”呢？这俩不是一回事吗？
Deserializing unregistered type router.SessionMemory from checkpoint. This will be blocked in a future version. Add to allowed_msgpack_modules to silence: [('router', 'SessionMemory')]
Deserializing unregistered type router.PerceptionResult from checkpoint. This will be blocked in a future version. Add to allowed_msgpack_modules to silence: [('router', 'PerceptionResult')]
Deserializing unregistered type router.RouteDecision from checkpoint. This will be blocked in a future version. Add to allowed_msgpack_modules to silence: [('router', 'RouteDecision')]
2026-04-13 23:10:09,531 - SessionLogger - INFO - [sim_FSM_P3_M-ELE-001_078656] Teacher: 确实，电荷不像链条那样物理连接，但它们就像在单行隧道里行驶的车队。

如果前面的车因为“消耗”而变少或变慢，后面的车还能保持同样的密度和速度源源不断地开进来吗？
2026-04-13 23:10:09,869 - SessionLogger - INFO - [sim_FSM+Guardrail_P1_M-ELE-002_d03cb4] Teacher: 那电流流进灯泡的灯丝后，如果没有另一根导线把它引回电池的负极，它该往哪里去呢？
2026-04-13 23:10:09,991 - SessionLogger - INFO - [sim_Baseline_P1_M-ELE-002_951b5a] Teacher: 想象一下，如果灯泡里挤满了电子，它们之间会产生很强的排斥力。你觉得这股“反向”的推力，会不会抵消掉电池想把新电子推过来的力？
2026-04-13 23:10:10,371 - SessionLogger - INFO - [sim_FSM_P1_M-ELE-002_e0fa2b] Teacher: 那我们来做个对比实验：用这节“没电”的电池连成一个完整的回路（正负极都接上），灯泡亮吗？
2026-04-13 23:10:10,628 - SessionLogger - INFO - [sim_FSM_P3_M-ELE-001_078656] Student: 可是车开过去就没了呀，但电被灯泡用掉后应该就消失了吧？后面的车当然会少，因为前面的已经把“电”给耗光了。
Deserializing unregistered type router.SessionMemory from checkpoint. This will be blocked in a future version. Add to allowed_msgpack_modules to silence: [('router', 'SessionMemory')]
Deserializing unregistered type router.PerceptionResult from checkpoint. This will be blocked in a future version. Add to allowed_msgpack_modules to silence: [('router', 'PerceptionResult')]
Deserializing unregistered type router.RouteDecision from checkpoint. This will be blocked in a future version. Add to allowed_msgpack_modules to silence: [('router', 'RouteDecision')]
2026-04-13 23:10:11,044 - SessionLogger - INFO - [sim_Baseline_P1_M-ELE-002_951b5a] Student: 电池劲儿那么大，那点排斥力肯定挡不住。我觉得电子还是能硬挤过去的，灯应该还是会亮。
Deserializing unregistered type router.SessionMemory from checkpoint. This will be blocked in a future version. Add to allowed_msgpack_modules to silence: [('router', 'SessionMemory')]
Deserializing unregistered type router.PerceptionResult from checkpoint. This will be blocked in a future version. Add to allowed_msgpack_modules to silence: [('router', 'PerceptionResult')]
Deserializing unregistered type router.RouteDecision from checkpoint. This will be blocked in a future version. Add to allowed_msgpack_modules to silence: [('router', 'RouteDecision')]
2026-04-13 23:10:11,061 - SessionLogger - INFO - [sim_FSM+Guardrail_P1_M-ELE-002_d03cb4] Student: 它就在灯丝里转化成光和热了啊，消耗掉不就行了吗？干嘛非要流回去，我又没让它循环。
Deserializing unregistered type router.SessionMemory from checkpoint. This will be blocked in a future version. Add to allowed_msgpack_modules to silence: [('router', 'SessionMemory')]
Deserializing unregistered type router.PerceptionResult from checkpoint. This will be blocked in a future version. Add to allowed_msgpack_modules to silence: [('router', 'PerceptionResult')]
Deserializing unregistered type router.RouteDecision from checkpoint. This will be blocked in a future version. Add to allowed_msgpack_modules to silence: [('router', 'RouteDecision')]
2026-04-13 23:10:11,064 - SessionLogger - INFO - [sim_FSM+Guardrail_P3_M-ELE-001_b01521] Teacher: 没关系，这种“力气变小”的感觉很直观。不过在实际的串联电路实验里，两个相同的灯泡亮度其实是一模一样的；如果电流真的像水流过水车那样变少了，你觉得把两个灯泡换个位置，原本暗的那个会变亮吗？
2026-04-13 23:10:12,307 - SessionLogger - INFO - [sim_FSM+Guardrail_P3_M-ELE-001_b01521] Student: 啊？真的是一样亮吗？我一直以为离电源近的那个会更亮……如果换位置亮度不变，那是不是说明电流其实根本没被“用掉”？
Deserializing unregistered type router.SessionMemory from checkpoint. This will be blocked in a future version. Add to allowed_msgpack_modules to silence: [('router', 'SessionMemory')]
Deserializing unregistered type router.PerceptionResult from checkpoint. This will be blocked in a future version. Add to allowed_msgpack_modules to silence: [('router', 'PerceptionResult')]
Deserializing unregistered type router.RouteDecision from checkpoint. This will be blocked in a future version. Add to allowed_msgpack_modules to silence: [('router', 'RouteDecision')]
2026-04-13 23:10:14,458 - SessionLogger - INFO - [sim_FSM_P1_M-ELE-002_e0fa2b] Student: 连成回路肯定亮啊，因为那样电就能顺畅地流过去了。但这正好说明只要接通一头让电“射”出来就行，回路只是让电走得更远而已，不是发光的原因。
Deserializing unregistered type router.SessionMemory from checkpoint. This will be blocked in a future version. Add to allowed_msgpack_modules to silence: [('router', 'SessionMemory')]
Deserializing unregistered type router.PerceptionResult from checkpoint. This will be blocked in a future version. Add to allowed_msgpack_modules to silence: [('router', 'PerceptionResult')]
Deserializing unregistered type router.RouteDecision from checkpoint. This will be blocked in a future version. Add to allowed_msgpack_modules to silence: [('router', 'RouteDecision')]
2026-04-13 23:10:16,616 - SessionLogger - INFO - [sim_FSM+Guardrail_P1_M-ELE-002_d03cb4] Teacher: 没关系，把“能量”和“电荷”搞混是很常见的，别着急。

如果电荷真的在灯泡里被“消耗”没了，那电池负极那边的导线里，还会有电荷流动吗？
2026-04-13 23:10:17,645 - SessionLogger - INFO - [sim_FSM+Guardrail_P1_M-ELE-002_d03cb4] Student: 负极那边本来就没接东西，当然没有电荷流动啊。反正正极送过去的电够灯泡亮就行了，负极又不干活。
Deserializing unregistered type router.SessionMemory from checkpoint. This will be blocked in a future version. Add to allowed_msgpack_modules to silence: [('router', 'SessionMemory')]
Deserializing unregistered type router.PerceptionResult from checkpoint. This will be blocked in a future version. Add to allowed_msgpack_modules to silence: [('router', 'PerceptionResult')]
Deserializing unregistered type router.RouteDecision from checkpoint. This will be blocked in a future version. Add to allowed_msgpack_modules to silence: [('router', 'RouteDecision')]
2026-04-13 23:10:18,332 - SessionLogger - INFO - [sim_FSM+Guardrail_P3_M-ELE-001_b01521] Teacher: 没错，实验证实它们确实一样亮，而且交换位置后亮度也不变。既然流过两个灯泡的电荷数量完全相同，你觉得被“用掉”的究竟是这些电荷本身，还是它们携带的某种东西？
2026-04-13 23:10:19,317 - SessionLogger - INFO - [sim_FSM+Guardrail_P3_M-ELE-001_b01521] Student: 那是……它们带的“能量”被用掉了？可是老师，电荷本身如果没少，它流回电源的时候还是原来的样子吗？
Deserializing unregistered type router.SessionMemory from checkpoint. This will be blocked in a future version. Add to allowed_msgpack_modules to silence: [('router', 'SessionMemory')]
Deserializing unregistered type router.PerceptionResult from checkpoint. This will be blocked in a future version. Add to allowed_msgpack_modules to silence: [('router', 'PerceptionResult')]
Deserializing unregistered type router.RouteDecision from checkpoint. This will be blocked in a future version. Add to allowed_msgpack_modules to silence: [('router', 'RouteDecision')]
2026-04-13 23:10:19,553 - SessionLogger - INFO - [sim_FSM_P1_M-ELE-002_e0fa2b] Teacher: 想象一下公园里的环形滑水道，如果只把水抽到最高处（接正极），但出口堵死不让水流回水池（不接负极），水还能在滑梯上持续流动冲刷吗？
2026-04-13 23:10:21,028 - SessionLogger - INFO - [sim_FSM_P1_M-ELE-002_e0fa2b] Student: 水不一样，电是电池自己“喷”出来的动力，不像水非得靠重力流回来。我觉得只要正极有电喷出来，灯泡就该亮，跟回不回来没关系。
Deserializing unregistered type router.SessionMemory from checkpoint. This will be blocked in a future version. Add to allowed_msgpack_modules to silence: [('router', 'SessionMemory')]
Deserializing unregistered type router.PerceptionResult from checkpoint. This will be blocked in a future version. Add to allowed_msgpack_modules to silence: [('router', 'PerceptionResult')]
Deserializing unregistered type router.RouteDecision from checkpoint. This will be blocked in a future version. Add to allowed_msgpack_modules to silence: [('router', 'RouteDecision')]
2026-04-13 23:10:23,166 - SessionLogger - INFO - [sim_FSM+Guardrail_P1_M-ELE-002_d03cb4] Teacher: 想象一下，如果电池正极不断往外“送”电荷，而负极完全不接收，那电池内部很快就会因为电荷堆积而“堵车”，你觉得这时候电流还能顺畅地流出来吗？
2026-04-13 23:10:25,635 - SessionLogger - INFO - [sim_FSM+Guardrail_P1_M-ELE-002_d03cb4] Student: 电池里面肯定有办法处理这些电荷的，不然厂家早就解决这个“堵车”问题了。我觉得只要正极连着，电就能一直送出来，不会堵住的。
Deserializing unregistered type router.SessionMemory from checkpoint. This will be blocked in a future version. Add to allowed_msgpack_modules to silence: [('router', 'SessionMemory')]
Deserializing unregistered type router.PerceptionResult from checkpoint. This will be blocked in a future version. Add to allowed_msgpack_modules to silence: [('router', 'PerceptionResult')]
Deserializing unregistered type router.RouteDecision from checkpoint. This will be blocked in a future version. Add to allowed_msgpack_modules to silence: [('router', 'RouteDecision')]
2026-04-13 23:10:26,998 - SessionLogger - INFO - [sim_FSM_P1_M-ELE-002_e0fa2b] Teacher: 如果电真的像喷雾一样只从正极“喷”出来而不回去，那电池里的电荷岂不是很快就全喷光了？
2026-04-13 23:10:28,053 - SessionLogger - INFO - [sim_FSM_P1_M-ELE-002_e0fa2b] Student: 电池里存的电多着呢，哪能那么快喷光。我觉得是灯泡把喷出来的电“吃”掉发光了，跟回不回去没关系。
Deserializing unregistered type router.SessionMemory from checkpoint. This will be blocked in a future version. Add to allowed_msgpack_modules to silence: [('router', 'SessionMemory')]
Deserializing unregistered type router.PerceptionResult from checkpoint. This will be blocked in a future version. Add to allowed_msgpack_modules to silence: [('router', 'PerceptionResult')]
Deserializing unregistered type router.RouteDecision from checkpoint. This will be blocked in a future version. Add to allowed_msgpack_modules to silence: [('router', 'RouteDecision')]
2026-04-13 23:10:31,138 - SessionLogger - INFO - [sim_FSM+Guardrail_P1_M-ELE-002_d03cb4] Teacher: 想象一下游乐场的旋转木马，如果只让人从入口进去，却不让任何人从出口出来，你觉得里面的座位很快会被坐满，还是能一直让新的人进去玩？
2026-04-13 23:10:32,450 - SessionLogger - INFO - [sim_FSM+Guardrail_P1_M-ELE-002_d03cb4] Student: 灯泡又不是旋转木马，它是把电“用掉”了，不是让人坐着不动。电进去了变成光，自然就没了，哪来的座位被坐满？
Deserializing unregistered type router.SessionMemory from checkpoint. This will be blocked in a future version. Add to allowed_msgpack_modules to silence: [('router', 'SessionMemory')]
Deserializing unregistered type router.PerceptionResult from checkpoint. This will be blocked in a future version. Add to allowed_msgpack_modules to silence: [('router', 'PerceptionResult')]
Deserializing unregistered type router.RouteDecision from checkpoint. This will be blocked in a future version. Add to allowed_msgpack_modules to silence: [('router', 'RouteDecision')]
2026-04-13 23:10:39,751 - SessionLogger - INFO - [sim_Baseline_P3_M-ELE-001_1da357] Teacher: 快递员（电流）是“搬运工”，包裹里的货物（电能）才是被消耗的东西。

如果快递员空着手回来，你觉得他是“消失”了，还是只是“没货”了？
2026-04-13 23:10:43,114 - SessionLogger - INFO - [sim_Baseline_P3_M-ELE-001_1da357] Student: 没货了……可是老师，如果快递员只是空手回来，那为什么电池用久了会“没电”呢？难道不是因为里面的“快递员”跑光了吗？
Deserializing unregistered type router.SessionMemory from checkpoint. This will be blocked in a future version. Add to allowed_msgpack_modules to silence: [('router', 'SessionMemory')]
Deserializing unregistered type router.PerceptionResult from checkpoint. This will be blocked in a future version. Add to allowed_msgpack_modules to silence: [('router', 'PerceptionResult')]
Deserializing unregistered type router.RouteDecision from checkpoint. This will be blocked in a future version. Add to allowed_msgpack_modules to silence: [('router', 'RouteDecision')]
2026-04-13 23:10:46,679 - SessionLogger - INFO - [sim_Baseline_P3_M-ELE-001_1da357] Teacher: 电池就像个“打包站”，它负责给快递员装上包裹（提供能量），而不是提供快递员本身。

如果打包站里的“包装材料”用完了，你觉得是快递员没了，还是没法再装新包裹了？
2026-04-13 23:10:47,865 - SessionLogger - INFO - [sim_Baseline_P3_M-ELE-001_1da357] Student: 那是没法装新包裹了……可是老师，如果快递员一直都在循环跑，那为什么串联两个灯泡时，感觉后面的那个总是比较暗，像是“吃”剩下的电流一样？
Deserializing unregistered type router.SessionMemory from checkpoint. This will be blocked in a future version. Add to allowed_msgpack_modules to silence: [('router', 'SessionMemory')]
Deserializing unregistered type router.PerceptionResult from checkpoint. This will be blocked in a future version. Add to allowed_msgpack_modules to silence: [('router', 'PerceptionResult')]
Deserializing unregistered type router.RouteDecision from checkpoint. This will be blocked in a future version. Add to allowed_msgpack_modules to silence: [('router', 'RouteDecision')]
2026-04-13 23:10:51,122 - SessionLogger - INFO - [sim_Baseline_P3_M-ELE-001_1da357] Teacher: 如果两个灯泡完全一样，它们“抢”包裹的能力应该也相同吧？

你觉得在这种情况下，谁更有理由多拿一点，还是说大家只能平分？
2026-04-13 23:10:52,794 - SessionLogger - INFO - [sim_Baseline_P3_M-ELE-001_1da357] Student: 应该是平分吧……可是老师，如果前面的灯泡已经“拿”走了一部分能量，那流到后面的电流（快递员）身上背的包裹变轻了，它跑得会不会更快或者更慢？这不影响亮度吗？
Deserializing unregistered type router.SessionMemory from checkpoint. This will be blocked in a future version. Add to allowed_msgpack_modules to silence: [('router', 'SessionMemory')]
Deserializing unregistered type router.PerceptionResult from checkpoint. This will be blocked in a future version. Add to allowed_msgpack_modules to silence: [('router', 'PerceptionResult')]
Deserializing unregistered type router.RouteDecision from checkpoint. This will be blocked in a future version. Add to allowed_msgpack_modules to silence: [('router', 'RouteDecision')]
2026-04-13 23:10:55,716 - SessionLogger - INFO - [sim_Baseline_P3_M-ELE-001_1da357] Teacher: 想象一下早高峰的地铁，如果前面的人下车了，后面的人能突然加速冲过去吗？

在串联电路这条“单行道”上，你觉得快递员的速度是由谁决定的，还是说大家必须保持同样的步调？
2026-04-13 23:10:57,713 - SessionLogger - INFO - [sim_Baseline_P3_M-ELE-001_1da357] Student: 那……应该是大家步调一致吧，毕竟路只有一条。可是老师，如果步调一样，为什么前面的灯泡把能量“用掉”后，后面的灯泡分到的就变少了呢？这不还是说明电流被消耗了吗？
2026-04-13 23:10:57,713 - SessionLogger - INFO - [sim_Baseline_P3_M-ELE-001_1da357] Session finished. Resolved: False
2026-04-13 23:10:57,714 - SessionLogger - INFO - [sim_Baseline_P2_M-ELE-002_d1255e] Starting session
2026-04-13 23:10:57,714 - SessionLogger - INFO - Initialized Session sim_Baseline_P2_M-ELE-002_d1255e on Unknown for Unknown with version FSM+Guardrail
2026-04-13 23:10:58,783 - SessionLogger - INFO - [sim_Baseline_P2_M-ELE-002_d1255e] Student Opening: 老师，我把电池正极用导线连到灯泡上，灯泡怎么不亮啊？电不是从正极出来流进灯泡就能发光吗？
2026-04-13 23:11:05,873 - SessionLogger - INFO - [sim_Baseline_P2_M-ELE-002_d1255e] Teacher: 电流流进灯泡后，如果没有路回到电池的负极，它是不是就“堵”在那儿了？你觉得还需要连哪根线，才能让电流真正“跑”起来？
2026-04-13 23:11:08,530 - SessionLogger - INFO - [sim_FSM_P3_M-ELE-001_078656] Teacher: 没关系，这种“被用掉就消失”的感觉确实很直观。

但我们要区分一下：灯泡消耗的是电荷携带的**能量**（就像车卸下了货物），还是电荷**本身**（就像车被销毁了）？如果电荷真的消失了，电路不就断开了吗？
2026-04-13 23:11:08,901 - SessionLogger - INFO - [sim_Baseline_P2_M-ELE-002_d1255e] Student: 堵？电又不是水，怎么会堵呢？它流进灯泡把灯丝烧热发光不就行了吗，干嘛非得回去？
Deserializing unregistered type router.SessionMemory from checkpoint. This will be blocked in a future version. Add to allowed_msgpack_modules to silence: [('router', 'SessionMemory')]
Deserializing unregistered type router.PerceptionResult from checkpoint. This will be blocked in a future version. Add to allowed_msgpack_modules to silence: [('router', 'PerceptionResult')]
Deserializing unregistered type router.RouteDecision from checkpoint. This will be blocked in a future version. Add to allowed_msgpack_modules to silence: [('router', 'RouteDecision')]
2026-04-13 23:11:09,688 - SessionLogger - INFO - [sim_Baseline_P1_M-ELE-002_951b5a] Teacher: 如果电子只进不出，灯泡里的负电荷会无限积累。你觉得这种不断增强的排斥力，真的能被电池永远克服吗？
2026-04-13 23:11:10,724 - SessionLogger - INFO - [sim_Baseline_P1_M-ELE-002_951b5a] Student: 电池电压是固定的，但我觉得它足够强，能一直把电子塞进去。反正只要连着正极，电就能过去，灯就该亮。
Deserializing unregistered type router.SessionMemory from checkpoint. This will be blocked in a future version. Add to allowed_msgpack_modules to silence: [('router', 'SessionMemory')]
Deserializing unregistered type router.PerceptionResult from checkpoint. This will be blocked in a future version. Add to allowed_msgpack_modules to silence: [('router', 'PerceptionResult')]
Deserializing unregistered type router.RouteDecision from checkpoint. This will be blocked in a future version. Add to allowed_msgpack_modules to silence: [('router', 'RouteDecision')]
2026-04-13 23:11:11,038 - SessionLogger - INFO - [sim_FSM+Guardrail_P1_M-ELE-002_d03cb4] Teacher: 确实，电能让灯泡发光，说明能量被“用掉”了。

但请你想一想，如果电荷（也就是载着能量的“小车”）真的在灯泡里消失了，那流出灯泡的导线里，还会有东西在流动吗？
2026-04-13 23:11:11,710 - SessionLogger - INFO - [sim_FSM_P3_M-ELE-001_078656] Student: 可是能量和电不是一回事吗？灯泡发光发热，不就是把电流给“烧”没了吗？如果电还在，那它去哪儿了呀？
Deserializing unregistered type router.SessionMemory from checkpoint. This will be blocked in a future version. Add to allowed_msgpack_modules to silence: [('router', 'SessionMemory')]
Deserializing unregistered type router.PerceptionResult from checkpoint. This will be blocked in a future version. Add to allowed_msgpack_modules to silence: [('router', 'PerceptionResult')]
Deserializing unregistered type router.RouteDecision from checkpoint. This will be blocked in a future version. Add to allowed_msgpack_modules to silence: [('router', 'RouteDecision')]
2026-04-13 23:11:12,425 - SessionLogger - INFO - [sim_FSM+Guardrail_P1_M-ELE-002_d03cb4] Student: 能量用掉了，但电荷不一定非要流回来啊。只要正极那边源源不断地送新电荷过来，灯泡就能一直亮，负极接不接无所谓。
Deserializing unregistered type router.SessionMemory from checkpoint. This will be blocked in a future version. Add to allowed_msgpack_modules to silence: [('router', 'SessionMemory')]
Deserializing unregistered type router.PerceptionResult from checkpoint. This will be blocked in a future version. Add to allowed_msgpack_modules to silence: [('router', 'PerceptionResult')]
Deserializing unregistered type router.RouteDecision from checkpoint. This will be blocked in a future version. Add to allowed_msgpack_modules to silence: [('router', 'RouteDecision')]
2026-04-13 23:11:14,612 - SessionLogger - INFO - [sim_FSM+Guardrail_P3_M-ELE-001_b01521] Teacher: 没错，被消耗的是能量。你可以把电荷想象成在环形跑道上跑步的人，跑完一圈回到起点时，他们的人数变了吗？
2026-04-13 23:11:15,671 - SessionLogger - INFO - [sim_Baseline_P2_M-ELE-002_d1255e] Teacher: 想象一下，如果一群人只挤进房间却没人出来，门口是不是很快就堵得谁也进不去了？

电荷也是一样，如果只进不出，灯泡那端很快就会“塞满”，新的电荷就再也推不动了。你觉得该怎么解决这个问题？
2026-04-13 23:11:16,182 - SessionLogger - INFO - [sim_FSM+Guardrail_P3_M-ELE-001_b01521] Student: 人数……应该没变吧？可是如果他们跑累了（能量没了），还能跑得动吗？会不会因为“累”了所以流得慢了，导致电流变小？
Deserializing unregistered type router.SessionMemory from checkpoint. This will be blocked in a future version. Add to allowed_msgpack_modules to silence: [('router', 'SessionMemory')]
Deserializing unregistered type router.PerceptionResult from checkpoint. This will be blocked in a future version. Add to allowed_msgpack_modules to silence: [('router', 'PerceptionResult')]
Deserializing unregistered type router.RouteDecision from checkpoint. This will be blocked in a future version. Add to allowed_msgpack_modules to silence: [('router', 'RouteDecision')]
2026-04-13 23:11:16,968 - SessionLogger - INFO - [sim_FSM+Guardrail_P1_M-ELE-002_d03cb4] Teacher: 那我们来做个思想实验：如果电荷只进不出，就像往一个没有底洞的杯子里不停倒水，你觉得电池里的“电荷库存”能支撑灯泡亮多久呢？
2026-04-13 23:11:17,326 - SessionLogger - INFO - [sim_Baseline_P1_M-ELE-002_951b5a] Teacher: 想象一下，如果灯泡这端因为电子堆积，电势变得和电池正极一样高了，两边没有“落差”了，你觉得电子还会继续往那边跑吗？
2026-04-13 23:11:17,345 - SessionLogger - INFO - [sim_FSM_P3_M-ELE-001_078656] Teacher: 别急，把“电”和“能量”分开想确实有点难，我们换个更贴切的例子。

想象快递员（电荷）骑着车送包裹（能量），灯泡就像收货人。当快递员把包裹交给收货人后，快递员本人是消失了，还是空着手继续骑向下一站？
2026-04-13 23:11:17,438 - SessionLogger - INFO - [sim_Baseline_P2_M-ELE-002_d1255e] Student: 呃……塞满？可是电池里的电不是源源不断的吗，怎么会塞住呢？

不过如果真像你说的那样进不去新的电荷……那是不是得从灯泡另一头再接根线连回负极，让电荷能流走？
Deserializing unregistered type router.SessionMemory from checkpoint. This will be blocked in a future version. Add to allowed_msgpack_modules to silence: [('router', 'SessionMemory')]
Deserializing unregistered type router.PerceptionResult from checkpoint. This will be blocked in a future version. Add to allowed_msgpack_modules to silence: [('router', 'PerceptionResult')]
Deserializing unregistered type router.RouteDecision from checkpoint. This will be blocked in a future version. Add to allowed_msgpack_modules to silence: [('router', 'RouteDecision')]
2026-04-13 23:11:18,376 - SessionLogger - INFO - [sim_FSM+Guardrail_P1_M-ELE-002_d03cb4] Student: 电池又不是普通杯子，它是专门产生电的装置，里面的电荷是源源不断生成的。只要电池有电，它就能一直送出来，根本不用担心库存不够。
Deserializing unregistered type router.SessionMemory from checkpoint. This will be blocked in a future version. Add to allowed_msgpack_modules to silence: [('router', 'SessionMemory')]
Deserializing unregistered type router.PerceptionResult from checkpoint. This will be blocked in a future version. Add to allowed_msgpack_modules to silence: [('router', 'PerceptionResult')]
Deserializing unregistered type router.RouteDecision from checkpoint. This will be blocked in a future version. Add to allowed_msgpack_modules to silence: [('router', 'RouteDecision')]
2026-04-13 23:11:20,400 - SessionLogger - INFO - [sim_FSM_P3_M-ELE-001_078656] Student: 可是快递员送完货不就该下班回家了吗？怎么会空着手继续往前骑去下一家呢？这不合逻辑呀。
Deserializing unregistered type router.SessionMemory from checkpoint. This will be blocked in a future version. Add to allowed_msgpack_modules to silence: [('router', 'SessionMemory')]
Deserializing unregistered type router.PerceptionResult from checkpoint. This will be blocked in a future version. Add to allowed_msgpack_modules to silence: [('router', 'PerceptionResult')]
Deserializing unregistered type router.RouteDecision from checkpoint. This will be blocked in a future version. Add to allowed_msgpack_modules to silence: [('router', 'RouteDecision')]
2026-04-13 23:11:20,519 - SessionLogger - INFO - [sim_Baseline_P1_M-ELE-002_951b5a] Student: 我觉得电池内部有化学能，它肯定能强行把电子推过去，不管那边电势多高。只要连着线，电就应该能流过去让灯亮。
Deserializing unregistered type router.SessionMemory from checkpoint. This will be blocked in a future version. Add to allowed_msgpack_modules to silence: [('router', 'SessionMemory')]
Deserializing unregistered type router.PerceptionResult from checkpoint. This will be blocked in a future version. Add to allowed_msgpack_modules to silence: [('router', 'PerceptionResult')]
Deserializing unregistered type router.RouteDecision from checkpoint. This will be blocked in a future version. Add to allowed_msgpack_modules to silence: [('router', 'RouteDecision')]
2026-04-13 23:11:22,121 - SessionLogger - INFO - [sim_FSM+Guardrail_P3_M-ELE-001_b01521] Teacher: 这个担心很有道理，但别忘了电源就像跑道边的“补给站”，它负责把跑完一圈的电荷重新“充满能量”再推出去。既然电荷是首尾相连、一个推着一个走的，你觉得在电路的任何位置，它们移动的速度会有快慢之分吗？
2026-04-13 23:11:23,173 - SessionLogger - WARNING - LLM Judge blocked response. Reason: 助教直接给出了本题的最终物理结论（'连回负极就通了'），明确告知学生正确的接线方式，违反了违规定义第1条。此外，助教通过'电荷泵'的类比直接解释了闭合回路的必要性，代替了学生思考'为什么需要回路'的关键逻辑推导过程，违反了违规定义第2条。虽然最后有提问，但核心答案和原理已直接泄露。
2026-04-13 23:11:23,179 - SessionLogger - INFO - [sim_Baseline_P2_M-ELE-002_d1255e] Teacher: 没错，连回负极就通了！你可以把电池想象成一个“电荷泵”，它必须把流回来的电荷再推出去，才能维持源源不断的流动。

现在你试着把这两根线都接好，看看灯泡亮了吗？
2026-04-13 23:11:23,198 - SessionLogger - INFO - [sim_FSM+Guardrail_P3_M-ELE-001_b01521] Student: 可是……如果前面的灯泡把能量“吃”掉了，后面的电荷不是应该没力气跑了吗？既然没力气了，为什么速度不会变慢呢？
Deserializing unregistered type router.SessionMemory from checkpoint. This will be blocked in a future version. Add to allowed_msgpack_modules to silence: [('router', 'SessionMemory')]
Deserializing unregistered type router.PerceptionResult from checkpoint. This will be blocked in a future version. Add to allowed_msgpack_modules to silence: [('router', 'PerceptionResult')]
Deserializing unregistered type router.RouteDecision from checkpoint. This will be blocked in a future version. Add to allowed_msgpack_modules to silence: [('router', 'RouteDecision')]
2026-04-13 23:11:23,368 - SessionLogger - INFO - [sim_FSM+Guardrail_P1_M-ELE-002_d03cb4] Teacher: 其实电池更像是一个“电荷搬运工”，它并不生产电荷，只是把流回来的电荷再推出去。

如果负极不接，电荷回不来，你觉得这个“搬运工”还能继续把新的电荷从正极推出来吗？
2026-04-13 23:11:24,561 - SessionLogger - INFO - [sim_Baseline_P2_M-ELE-002_d1255e] Student: 哇，真的亮了！看来电荷确实得有个“回路”才能一直跑。

不过老师，如果我把负极那根线剪断一半，只留一点点连着，它还会亮吗？还是说必须完全连上才行？
Deserializing unregistered type router.SessionMemory from checkpoint. This will be blocked in a future version. Add to allowed_msgpack_modules to silence: [('router', 'SessionMemory')]
Deserializing unregistered type router.PerceptionResult from checkpoint. This will be blocked in a future version. Add to allowed_msgpack_modules to silence: [('router', 'PerceptionResult')]
Deserializing unregistered type router.RouteDecision from checkpoint. This will be blocked in a future version. Add to allowed_msgpack_modules to silence: [('router', 'RouteDecision')]
2026-04-13 23:11:24,825 - SessionLogger - INFO - [sim_FSM+Guardrail_P1_M-ELE-002_d03cb4] Student: 老师你太死板了，电池明明就是电源，它自己就能产生电荷往外推。只要正极连着灯泡，电送过去了灯就会亮，跟回不回来有什么关系？
Deserializing unregistered type router.SessionMemory from checkpoint. This will be blocked in a future version. Add to allowed_msgpack_modules to silence: [('router', 'SessionMemory')]
Deserializing unregistered type router.PerceptionResult from checkpoint. This will be blocked in a future version. Add to allowed_msgpack_modules to silence: [('router', 'PerceptionResult')]
Deserializing unregistered type router.RouteDecision from checkpoint. This will be blocked in a future version. Add to allowed_msgpack_modules to silence: [('router', 'RouteDecision')]
2026-04-13 23:11:26,899 - SessionLogger - INFO - [sim_Baseline_P1_M-ELE-002_951b5a] Teacher: 电池确实有劲儿，但它能克服的“阻力”是有上限的（也就是电压）。如果灯泡那端堆积的电子产生的反向推力超过了这个上限，你觉得电池还能推得动吗？
2026-04-13 23:11:27,054 - SessionLogger - INFO - [sim_FSM_P3_M-ELE-001_078656] Teacher: 没关系，这个类比确实容易让人想到“送完即止”。

但在电路这个特殊的“环形单行道”里，如果前面的快递员真的“下班”消失了，后面的路是不是立刻就堵死或者断开了？
2026-04-13 23:11:27,663 - SessionLogger - INFO - [sim_FSM+Guardrail_P3_M-ELE-001_b01521] Teacher: 没关系，这个直觉很自然。想象一下拥挤的环形跑道，如果前面的人突然减速，后面紧跟着的人会发生什么？
2026-04-13 23:11:28,005 - SessionLogger - INFO - [sim_Baseline_P1_M-ELE-002_951b5a] Student: 我觉得电池没那么弱，它肯定能一直推。反正我只要把线接上正极，灯就应该亮，哪来那么多反向推力。
Deserializing unregistered type router.SessionMemory from checkpoint. This will be blocked in a future version. Add to allowed_msgpack_modules to silence: [('router', 'SessionMemory')]
Deserializing unregistered type router.PerceptionResult from checkpoint. This will be blocked in a future version. Add to allowed_msgpack_modules to silence: [('router', 'PerceptionResult')]
Deserializing unregistered type router.RouteDecision from checkpoint. This will be blocked in a future version. Add to allowed_msgpack_modules to silence: [('router', 'RouteDecision')]
2026-04-13 23:11:28,270 - SessionLogger - INFO - [sim_FSM_P3_M-ELE-001_078656] Student: 可是如果后面的路没断，那前面的快递员肯定变少了呀？毕竟他们都把“货”卸在那儿了，不可能还像原来那么多吧。
Deserializing unregistered type router.SessionMemory from checkpoint. This will be blocked in a future version. Add to allowed_msgpack_modules to silence: [('router', 'SessionMemory')]
Deserializing unregistered type router.PerceptionResult from checkpoint. This will be blocked in a future version. Add to allowed_msgpack_modules to silence: [('router', 'PerceptionResult')]
Deserializing unregistered type router.RouteDecision from checkpoint. This will be blocked in a future version. Add to allowed_msgpack_modules to silence: [('router', 'RouteDecision')]
2026-04-13 23:11:28,446 - SessionLogger - INFO - [sim_Baseline_P2_M-ELE-002_d1255e] Teacher: 这取决于那“一点点”是不是还紧紧挨在一起，能让电荷跨过去。

如果中间有一丁点空气隔开，你觉得电荷能像跳远运动员一样直接“跳”过这个缝隙吗？
2026-04-13 23:11:30,454 - SessionLogger - INFO - [sim_FSM+Guardrail_P1_M-ELE-002_d03cb4] Teacher: 没关系，这个想法确实很直观，毕竟我们叫它“电源”嘛。

咱们换个角度想：如果电荷真的只从正极出来，却回不去负极，那电池内部会不会因为电荷“堆积”或者“空缺”而很快产生巨大的阻力，导致后面的电荷再也推不动了呢？
2026-04-13 23:11:30,473 - SessionLogger - INFO - [sim_Baseline_P2_M-ELE-002_d1255e] Student: 跳过去？应该不行吧，空气不是绝缘的吗，电荷又不是超人。

那如果我把两根线头拧在一起，是不是就算“连上”了？只要它们碰着就行对吧？
Deserializing unregistered type router.SessionMemory from checkpoint. This will be blocked in a future version. Add to allowed_msgpack_modules to silence: [('router', 'SessionMemory')]
Deserializing unregistered type router.PerceptionResult from checkpoint. This will be blocked in a future version. Add to allowed_msgpack_modules to silence: [('router', 'PerceptionResult')]
Deserializing unregistered type router.RouteDecision from checkpoint. This will be blocked in a future version. Add to allowed_msgpack_modules to silence: [('router', 'RouteDecision')]
2026-04-13 23:11:30,906 - SessionLogger - INFO - [sim_FSM+Guardrail_P3_M-ELE-001_b01521] Student: 那后面的人就会撞上去，或者挤在一起吧？可是灯泡那里并没有把电荷“拦住”呀，它只是拿走了能量，电荷不是应该还能继续顺畅地流过去吗？
Deserializing unregistered type router.SessionMemory from checkpoint. This will be blocked in a future version. Add to allowed_msgpack_modules to silence: [('router', 'SessionMemory')]
Deserializing unregistered type router.PerceptionResult from checkpoint. This will be blocked in a future version. Add to allowed_msgpack_modules to silence: [('router', 'PerceptionResult')]
Deserializing unregistered type router.RouteDecision from checkpoint. This will be blocked in a future version. Add to allowed_msgpack_modules to silence: [('router', 'RouteDecision')]
2026-04-13 23:11:31,193 - SessionLogger - INFO - [sim_Baseline_P1_M-ELE-002_951b5a] Teacher: 咱们做个思想实验：如果电子真的只进不出，灯泡里的负电荷会越积越多。你觉得这种同性电荷间的排斥力，会随着电子数量的增加而变大还是保持不变？
2026-04-13 23:11:31,782 - SessionLogger - INFO - [sim_FSM+Guardrail_P1_M-ELE-002_d03cb4] Student: 电池电压那么强，肯定能一直把电荷硬推出来，哪有那么容易就被堵住。我觉得只要连着正极，电就能一直流过去让灯泡亮。
2026-04-13 23:11:31,782 - SessionLogger - INFO - [sim_FSM+Guardrail_P1_M-ELE-002_d03cb4] Session finished. Resolved: False
2026-04-13 23:11:31,782 - SessionLogger - INFO - [sim_FSM_P2_M-ELE-002_aaf43e] Starting session
2026-04-13 23:11:31,782 - SessionLogger - INFO - Initialized Session sim_FSM_P2_M-ELE-002_aaf43e on Unknown for Unknown with version FSM+Guardrail
2026-04-13 23:11:32,713 - SessionLogger - INFO - [sim_FSM_P2_M-ELE-002_aaf43e] Student Opening: 老师，我把电池正极连到灯泡上，灯泡怎么不亮啊？电不是从正极流出来就能用了吗？
2026-04-13 23:11:33,683 - SessionLogger - INFO - [sim_FSM_P3_M-ELE-001_078656] Teacher: 别急，咱们顺着你的思路想：如果前面的快递员真的“变少”了（比如10个进去，5个出来），那多出来的5个去哪儿了呢？
2026-04-13 23:11:33,770 - SessionLogger - INFO - [sim_Baseline_P1_M-ELE-002_951b5a] Student: 就算排斥力变大，电池也会一直硬推啊。反正只要接上一头，电就能过去让灯亮，不用想那么复杂。
2026-04-13 23:11:33,770 - SessionLogger - INFO - [sim_Baseline_P1_M-ELE-002_951b5a] Session finished. Resolved: False
2026-04-13 23:11:33,770 - SessionLogger - INFO - [sim_FSM+Guardrail_P2_M-ELE-002_33fde6] Starting session
2026-04-13 23:11:33,770 - SessionLogger - INFO - Initialized Session sim_FSM+Guardrail_P2_M-ELE-002_33fde6 on Unknown for Unknown with version FSM+Guardrail
2026-04-13 23:11:34,971 - SessionLogger - INFO - [sim_FSM+Guardrail_P2_M-ELE-002_33fde6] Student Opening: 老师，我把电池正极用导线连到灯泡上，灯怎么不亮啊？电不是从正极出来就能让灯泡发光吗？
2026-04-13 23:11:34,990 - SessionLogger - INFO - [sim_FSM_P3_M-ELE-001_078656] Student: 那5个肯定是变成光和热散掉了吧？毕竟灯泡亮起来就是消耗了东西，不可能凭空消失呀。
2026-04-13 23:11:34,991 - SessionLogger - INFO - [sim_FSM_P3_M-ELE-001_078656] Session finished. Resolved: False
2026-04-13 23:11:34,991 - SessionLogger - INFO - [sim_Baseline_P3_M-ELE-002_ea003f] Starting session
2026-04-13 23:11:34,991 - SessionLogger - INFO - Initialized Session sim_Baseline_P3_M-ELE-002_ea003f on Unknown for Unknown with version FSM+Guardrail
2026-04-13 23:11:35,931 - SessionLogger - INFO - [sim_Baseline_P3_M-ELE-002_ea003f] Student Opening: 老师，我把电池正极连到灯泡上，灯泡怎么不亮啊？电不是从正极流出来就能用了吗？
2026-04-13 23:11:35,933 - SessionLogger - INFO - [sim_Baseline_P2_M-ELE-002_d1255e] Teacher: 没错，只要金属部分紧紧接触，电荷就能顺畅通过。

不过你想想，如果这两根线头只是轻轻搭在一起，稍微一碰就分开，灯泡会一直亮着吗？
2026-04-13 23:11:37,179 - SessionLogger - INFO - [sim_FSM+Guardrail_P3_M-ELE-001_b01521] Teacher: 你说得对，电荷确实顺畅地流过去了。既然整个电路里电荷既没有堆积也没有消失，你觉得在任何一个位置，单位时间内流过去的电荷数量会不一样吗？
2026-04-13 23:11:37,476 - SessionLogger - INFO - [sim_Baseline_P2_M-ELE-002_d1255e] Student: 那肯定不行啊，线都分开了路就断了，灯自然就灭了。

所以是不是只要有一丁点没接好，或者中间断开了，电流就彻底过不去了？
Deserializing unregistered type router.SessionMemory from checkpoint. This will be blocked in a future version. Add to allowed_msgpack_modules to silence: [('router', 'SessionMemory')]
Deserializing unregistered type router.PerceptionResult from checkpoint. This will be blocked in a future version. Add to allowed_msgpack_modules to silence: [('router', 'PerceptionResult')]
Deserializing unregistered type router.RouteDecision from checkpoint. This will be blocked in a future version. Add to allowed_msgpack_modules to silence: [('router', 'RouteDecision')]
2026-04-13 23:11:39,150 - SessionLogger - INFO - [sim_FSM+Guardrail_P3_M-ELE-001_b01521] Student: 单位时间……是指每一秒吗？可是如果前面的灯泡“用”掉了一部分电流，那流到后面的数量不应该就变少了吗？我不明白为什么数量会一样。
2026-04-13 23:11:39,150 - SessionLogger - INFO - [sim_FSM+Guardrail_P3_M-ELE-001_b01521] Session finished. Resolved: False
2026-04-13 23:11:39,150 - SessionLogger - INFO - [sim_FSM_P3_M-ELE-002_f14491] Starting session
2026-04-13 23:11:39,150 - SessionLogger - INFO - Initialized Session sim_FSM_P3_M-ELE-002_f14491 on Unknown for Unknown with version FSM+Guardrail
2026-04-13 23:11:42,163 - SessionLogger - INFO - [sim_FSM_P3_M-ELE-002_f14491] Student Opening: 老师，我把电池正极连到灯泡上，灯泡怎么不亮啊？电不是从正极流出来进灯泡就行了吗？
2026-04-13 23:11:42,173 - SessionLogger - INFO - [sim_FSM_P1_M-ELE-002_e0fa2b] Teacher: 想象一下环形跑道上的接力跑，如果前面的运动员把“人”都留下了，后面的路段还会一直有人跑过吗？
2026-04-13 23:11:42,185 - SessionLogger - INFO - [sim_Baseline_P3_M-ELE-002_ea003f] Teacher: 想象一下，如果水只从水管一头流出来，另一头没接回去，水能一直流吗？你看看电池的负极现在连在哪里呢？
2026-04-13 23:11:42,185 - SessionLogger - INFO - [sim_FSM+Guardrail_P2_M-ELE-002_33fde6] Teacher: 别着急，这种直觉很常见。如果电像水流一样，只把水管的一头接在水龙头上，另一头悬空，水能流出来吗？
2026-04-13 23:11:42,187 - SessionLogger - INFO - [sim_FSM_P2_M-ELE-002_aaf43e] Teacher: 没关系，这种直觉很常见，很多初学者都会这么想。

如果电流像水流一样，只把水管的一头接在水龙头上，另一头悬空着，水能持续流出来吗？
2026-04-13 23:11:43,185 - SessionLogger - INFO - [sim_Baseline_P3_M-ELE-002_ea003f] Student: 水管？可电又不是水……而且负极不是就在电池底下嘛，它自己待着不行吗？
Deserializing unregistered type router.SessionMemory from checkpoint. This will be blocked in a future version. Add to allowed_msgpack_modules to silence: [('router', 'SessionMemory')]
Deserializing unregistered type router.PerceptionResult from checkpoint. This will be blocked in a future version. Add to allowed_msgpack_modules to silence: [('router', 'PerceptionResult')]
Deserializing unregistered type router.RouteDecision from checkpoint. This will be blocked in a future version. Add to allowed_msgpack_modules to silence: [('router', 'RouteDecision')]
2026-04-13 23:11:43,187 - SessionLogger - INFO - [sim_FSM_P1_M-ELE-002_e0fa2b] Student: 接力跑是人，电是能量，不一样的。我觉得只要电池一直往外送电，灯泡就能一直亮，不需要后面有人接着跑。
Deserializing unregistered type router.SessionMemory from checkpoint. This will be blocked in a future version. Add to allowed_msgpack_modules to silence: [('router', 'SessionMemory')]
Deserializing unregistered type router.PerceptionResult from checkpoint. This will be blocked in a future version. Add to allowed_msgpack_modules to silence: [('router', 'PerceptionResult')]
Deserializing unregistered type router.RouteDecision from checkpoint. This will be blocked in a future version. Add to allowed_msgpack_modules to silence: [('router', 'RouteDecision')]
2026-04-13 23:11:44,498 - SessionLogger - INFO - [sim_Baseline_P2_M-ELE-002_d1255e] Teacher: 没错，就像水管只要有一个地方堵死或断开，水就流不过去了。

在物理上，我们把这种断开的状态叫做“断路”。那你觉得，如果我们在电路里故意加一个能随时断开和连接的装置，会有什么用处呢？
2026-04-13 23:11:45,596 - SessionLogger - INFO - [sim_FSM+Guardrail_P2_M-ELE-002_33fde6] Student: 水肯定流不出来啊，但电跟水不一样吧？我觉得电只要从电池里“射”出来碰到灯泡就行了，不需要流回去。
Deserializing unregistered type router.SessionMemory from checkpoint. This will be blocked in a future version. Add to allowed_msgpack_modules to silence: [('router', 'SessionMemory')]
Deserializing unregistered type router.PerceptionResult from checkpoint. This will be blocked in a future version. Add to allowed_msgpack_modules to silence: [('router', 'PerceptionResult')]
Deserializing unregistered type router.RouteDecision from checkpoint. This will be blocked in a future version. Add to allowed_msgpack_modules to silence: [('router', 'RouteDecision')]
2026-04-13 23:11:45,599 - SessionLogger - INFO - [sim_FSM_P2_M-ELE-002_aaf43e] Student: 可是电和水不一样吧？水会流得到处都是，但电是被导线包着的，应该能顺着导线一直往前跑才对。
Deserializing unregistered type router.SessionMemory from checkpoint. This will be blocked in a future version. Add to allowed_msgpack_modules to silence: [('router', 'SessionMemory')]
Deserializing unregistered type router.PerceptionResult from checkpoint. This will be blocked in a future version. Add to allowed_msgpack_modules to silence: [('router', 'PerceptionResult')]
Deserializing unregistered type router.RouteDecision from checkpoint. This will be blocked in a future version. Add to allowed_msgpack_modules to silence: [('router', 'RouteDecision')]
2026-04-13 23:11:45,917 - SessionLogger - INFO - [sim_Baseline_P2_M-ELE-002_d1255e] Student: 那不就是开关嘛，想让它亮就接通，不想亮就断开。

不过老师，只要开关是闭合的，哪怕电池另一头没接线，灯泡是不是也能靠这一头的电亮起来？
Deserializing unregistered type router.SessionMemory from checkpoint. This will be blocked in a future version. Add to allowed_msgpack_modules to silence: [('router', 'SessionMemory')]
Deserializing unregistered type router.PerceptionResult from checkpoint. This will be blocked in a future version. Add to allowed_msgpack_modules to silence: [('router', 'PerceptionResult')]
Deserializing unregistered type router.RouteDecision from checkpoint. This will be blocked in a future version. Add to allowed_msgpack_modules to silence: [('router', 'RouteDecision')]
2026-04-13 23:11:47,518 - SessionLogger - INFO - [sim_FSM_P3_M-ELE-002_f14491] Teacher: 别着急，这个想法很直观，很多初学者都会这么想。

如果电流像水流一样，只从一头“灌”进灯泡却没有出口流走，你觉得灯泡里的灯丝能形成持续的流动吗？
2026-04-13 23:11:47,750 - SessionLogger - INFO - [sim_Baseline_P3_M-ELE-002_ea003f] Teacher: 电确实不是水，但它像跑步一样，得有个起点和终点才能跑完全程。如果负极“自己待着”，你觉得电子从正极出来后，最后能回到电池里去吗？
2026-04-13 23:11:48,325 - SessionLogger - INFO - [sim_FSM_P1_M-ELE-002_e0fa2b] Teacher: 那我们换个角度：如果灯泡真的把“电”吃掉了，那从灯泡流出来的线和没接灯泡的空线，你觉得会有什么区别吗？
2026-04-13 23:11:48,502 - SessionLogger - INFO - [sim_Baseline_P3_M-ELE-002_ea003f] Student: 为什么要回去？电从正极出来，进灯泡让它发光，任务不就完成了吗？
Deserializing unregistered type router.SessionMemory from checkpoint. This will be blocked in a future version. Add to allowed_msgpack_modules to silence: [('router', 'SessionMemory')]
Deserializing unregistered type router.PerceptionResult from checkpoint. This will be blocked in a future version. Add to allowed_msgpack_modules to silence: [('router', 'PerceptionResult')]
Deserializing unregistered type router.RouteDecision from checkpoint. This will be blocked in a future version. Add to allowed_msgpack_modules to silence: [('router', 'RouteDecision')]
2026-04-13 23:11:49,598 - SessionLogger - INFO - [sim_FSM_P1_M-ELE-002_e0fa2b] Student: 没区别啊，反正电都被灯泡吃光了，后面那根线里肯定是空的。我觉得只要正极连上，电送过去灯泡就亮了，后面的线有没有根本无所谓。
Deserializing unregistered type router.SessionMemory from checkpoint. This will be blocked in a future version. Add to allowed_msgpack_modules to silence: [('router', 'SessionMemory')]
Deserializing unregistered type router.PerceptionResult from checkpoint. This will be blocked in a future version. Add to allowed_msgpack_modules to silence: [('router', 'PerceptionResult')]
Deserializing unregistered type router.RouteDecision from checkpoint. This will be blocked in a future version. Add to allowed_msgpack_modules to silence: [('router', 'RouteDecision')]
2026-04-13 23:11:49,800 - SessionLogger - INFO - [sim_FSM_P3_M-ELE-002_f14491] Student: 可是水灌进杯子里，杯子满了也能存住呀？电是不是只要“挤”进灯丝里，把它烧热了就能亮，不一定非要流走吧？
Deserializing unregistered type router.SessionMemory from checkpoint. This will be blocked in a future version. Add to allowed_msgpack_modules to silence: [('router', 'SessionMemory')]
Deserializing unregistered type router.PerceptionResult from checkpoint. This will be blocked in a future version. Add to allowed_msgpack_modules to silence: [('router', 'PerceptionResult')]
Deserializing unregistered type router.RouteDecision from checkpoint. This will be blocked in a future version. Add to allowed_msgpack_modules to silence: [('router', 'RouteDecision')]
2026-04-13 23:11:50,889 - SessionLogger - INFO - [sim_FSM_P2_M-ELE-002_aaf43e] Teacher: 没关系，觉得电和水不一样是很正常的直觉。

那如果电流真的只从正极“跑”出来，到了灯泡这里没有路回负极，这些电荷会不会在灯泡里越积越多，把灯泡撑爆呢？
2026-04-13 23:11:51,600 - SessionLogger - INFO - [sim_Baseline_P3_M-ELE-002_ea003f] Teacher: 如果电子只出不进，电池正极很快就会堆满“回不去”的电子，你觉得这时候它们还愿意继续往外挤吗？
2026-04-13 23:11:51,968 - SessionLogger - INFO - [sim_FSM_P2_M-ELE-002_aaf43e] Student: 呃……好像确实没见灯泡因为“电太多”而炸掉。但也许电到了灯泡那里就被“用光”了，所以不会堆积？
Deserializing unregistered type router.SessionMemory from checkpoint. This will be blocked in a future version. Add to allowed_msgpack_modules to silence: [('router', 'SessionMemory')]
Deserializing unregistered type router.PerceptionResult from checkpoint. This will be blocked in a future version. Add to allowed_msgpack_modules to silence: [('router', 'PerceptionResult')]
Deserializing unregistered type router.RouteDecision from checkpoint. This will be blocked in a future version. Add to allowed_msgpack_modules to silence: [('router', 'RouteDecision')]
2026-04-13 23:11:52,667 - SessionLogger - INFO - [sim_Baseline_P3_M-ELE-002_ea003f] Student: 啊？电子是回不去才堆在那里的吗……可是老师，我只连了一根线，电不是应该直接“流”过去就完事了吗？
Deserializing unregistered type router.SessionMemory from checkpoint. This will be blocked in a future version. Add to allowed_msgpack_modules to silence: [('router', 'SessionMemory')]
Deserializing unregistered type router.PerceptionResult from checkpoint. This will be blocked in a future version. Add to allowed_msgpack_modules to silence: [('router', 'PerceptionResult')]
Deserializing unregistered type router.RouteDecision from checkpoint. This will be blocked in a future version. Add to allowed_msgpack_modules to silence: [('router', 'RouteDecision')]
2026-04-13 23:11:54,483 - SessionLogger - INFO - [sim_FSM_P1_M-ELE-002_e0fa2b] Teacher: 如果后面的线里真的是“空”的，没有任何东西在流动，那这根线连不连回电池负极，对灯泡来说应该都没影响吧？
2026-04-13 23:11:54,740 - SessionLogger - INFO - [sim_FSM_P3_M-ELE-002_f14491] Teacher: 没关系，这个类比很有创意，说明你在努力建立联系。

不过，如果电真的像水一样只“挤”进去却流不出来，就像水管的一头被堵死了一样，你觉得里面的水还能持续流动起来去推动水车吗？
2026-04-13 23:11:55,801 - SessionLogger - INFO - [sim_FSM_P1_M-ELE-002_e0fa2b] Student: 对啊，本来就没影响。只要电池把电送过去，灯泡亮了就行，负极那根线就是个摆设，连不连都一样。
Deserializing unregistered type router.SessionMemory from checkpoint. This will be blocked in a future version. Add to allowed_msgpack_modules to silence: [('router', 'SessionMemory')]
Deserializing unregistered type router.PerceptionResult from checkpoint. This will be blocked in a future version. Add to allowed_msgpack_modules to silence: [('router', 'PerceptionResult')]
Deserializing unregistered type router.RouteDecision from checkpoint. This will be blocked in a future version. Add to allowed_msgpack_modules to silence: [('router', 'RouteDecision')]
2026-04-13 23:11:55,812 - SessionLogger - INFO - [sim_FSM_P3_M-ELE-002_f14491] Student: 可是电池一直在“推”呀，不像水管堵死就不动了。电是不是只要不停地往里塞，灯丝就会因为太挤而发热发光呢？
Deserializing unregistered type router.SessionMemory from checkpoint. This will be blocked in a future version. Add to allowed_msgpack_modules to silence: [('router', 'SessionMemory')]
Deserializing unregistered type router.PerceptionResult from checkpoint. This will be blocked in a future version. Add to allowed_msgpack_modules to silence: [('router', 'PerceptionResult')]
Deserializing unregistered type router.RouteDecision from checkpoint. This will be blocked in a future version. Add to allowed_msgpack_modules to silence: [('router', 'RouteDecision')]
2026-04-13 23:11:56,363 - SessionLogger - INFO - [sim_Baseline_P3_M-ELE-002_ea003f] Teacher: 就像你推箱子，如果前面堵死了推不动，你还能一直推得动吗？电子也是一样，如果没有路让它们回到电池另一端，它们很快就会“堵”住不再流动了。
2026-04-13 23:11:56,709 - SessionLogger - INFO - [sim_FSM+Guardrail_P2_M-ELE-002_33fde6] Teacher: 如果电真的只从正极“射”进灯泡却不流回去，你觉得电荷会在灯泡里无限堆积吗？这样还能让它持续发光吗？
2026-04-13 23:11:57,108 - SessionLogger - INFO - [sim_FSM_P2_M-ELE-002_aaf43e] Teacher: 没关系，能想到“用光”这个点说明你在努力找原因。

如果电流真的被灯泡“吃”掉了，那流过第一个灯泡后的电流，是不是应该比流进去之前变小了？
2026-04-13 23:11:57,354 - SessionLogger - INFO - [sim_Baseline_P3_M-ELE-002_ea003f] Student: 可是……灯泡那里不是空的吗？电怎么会被堵住呢？它不是穿过去就消失了吗？
Deserializing unregistered type router.SessionMemory from checkpoint. This will be blocked in a future version. Add to allowed_msgpack_modules to silence: [('router', 'SessionMemory')]
Deserializing unregistered type router.PerceptionResult from checkpoint. This will be blocked in a future version. Add to allowed_msgpack_modules to silence: [('router', 'PerceptionResult')]
Deserializing unregistered type router.RouteDecision from checkpoint. This will be blocked in a future version. Add to allowed_msgpack_modules to silence: [('router', 'RouteDecision')]
2026-04-13 23:11:57,742 - SessionLogger - INFO - [sim_FSM+Guardrail_P2_M-ELE-002_33fde6] Student: 呃……好像确实不能一直堆在那儿吧？但我还是觉得只要电进去了就能亮，不一定非要流回电池负极呀。
Deserializing unregistered type router.SessionMemory from checkpoint. This will be blocked in a future version. Add to allowed_msgpack_modules to silence: [('router', 'SessionMemory')]
Deserializing unregistered type router.PerceptionResult from checkpoint. This will be blocked in a future version. Add to allowed_msgpack_modules to silence: [('router', 'PerceptionResult')]
Deserializing unregistered type router.RouteDecision from checkpoint. This will be blocked in a future version. Add to allowed_msgpack_modules to silence: [('router', 'RouteDecision')]
2026-04-13 23:11:59,984 - SessionLogger - INFO - [sim_FSM_P2_M-ELE-002_aaf43e] Student: 应该是吧？毕竟灯泡发光发热肯定消耗了能量，那电流变少也很合理啊。
Deserializing unregistered type router.SessionMemory from checkpoint. This will be blocked in a future version. Add to allowed_msgpack_modules to silence: [('router', 'SessionMemory')]
Deserializing unregistered type router.PerceptionResult from checkpoint. This will be blocked in a future version. Add to allowed_msgpack_modules to silence: [('router', 'PerceptionResult')]
Deserializing unregistered type router.RouteDecision from checkpoint. This will be blocked in a future version. Add to allowed_msgpack_modules to silence: [('router', 'RouteDecision')]
2026-04-13 23:12:00,422 - SessionLogger - INFO - [sim_FSM_P1_M-ELE-002_e0fa2b] Teacher: 既然你觉得负极那根线是“摆设”，那我们现在就把它拔掉，只留正极连着灯泡，你看看灯泡还会亮吗？
2026-04-13 23:12:00,483 - SessionLogger - INFO - [sim_Baseline_P3_M-ELE-002_ea003f] Teacher: 电子可是实实在在的粒子，不会凭空消失哦。如果它们只进不出，灯泡里很快就会挤满电子，你觉得后来者还能挤得进去吗？
2026-04-13 23:12:00,663 - SessionLogger - INFO - [sim_FSM_P3_M-ELE-002_f14491] Teacher: 别担心，这种“挤”的感觉确实容易让人产生误解。

想象一下，如果一条单行道的尽头被堵死了，后面的车还能不停地开进去并持续移动吗？
2026-04-13 23:12:01,421 - SessionLogger - INFO - [sim_FSM_P1_M-ELE-002_e0fa2b] Student: 肯定亮啊，电都从正极送过去了。你是不是故意把接触弄坏了？只要连着正极就应该有电。
2026-04-13 23:12:01,421 - SessionLogger - INFO - [sim_FSM_P1_M-ELE-002_e0fa2b] Session finished. Resolved: False
2026-04-13 23:12:01,421 - SessionLogger - INFO - [sim_FSM+Guardrail_P3_M-ELE-002_137899] Starting session
2026-04-13 23:12:01,421 - SessionLogger - INFO - Initialized Session sim_FSM+Guardrail_P3_M-ELE-002_137899 on Unknown for Unknown with version FSM+Guardrail
2026-04-13 23:12:02,902 - SessionLogger - INFO - [sim_FSM+Guardrail_P3_M-ELE-002_137899] Student Opening: 老师，我照电路图连了，电池正极接灯泡，灯泡怎么不亮啊？电流不是从正极出来流进灯泡就行了吗，还要连回负极干嘛？
2026-04-13 23:12:02,909 - SessionLogger - INFO - [sim_Baseline_P3_M-ELE-002_ea003f] Student: 可是灯泡那么小，能装多少电子啊？而且电不是像光一样，“嗖”一下过去就亮了吗，为什么要一直挤在里面？
Deserializing unregistered type router.SessionMemory from checkpoint. This will be blocked in a future version. Add to allowed_msgpack_modules to silence: [('router', 'SessionMemory')]
Deserializing unregistered type router.PerceptionResult from checkpoint. This will be blocked in a future version. Add to allowed_msgpack_modules to silence: [('router', 'PerceptionResult')]
Deserializing unregistered type router.RouteDecision from checkpoint. This will be blocked in a future version. Add to allowed_msgpack_modules to silence: [('router', 'RouteDecision')]
2026-04-13 23:12:02,918 - SessionLogger - INFO - [sim_FSM_P3_M-ELE-002_f14491] Student: 可是电池不像堵车呀，它一直在用力推。难道电不是像喷雾一样，只要喷到灯丝上就能让它工作吗？
Deserializing unregistered type router.SessionMemory from checkpoint. This will be blocked in a future version. Add to allowed_msgpack_modules to silence: [('router', 'SessionMemory')]
Deserializing unregistered type router.PerceptionResult from checkpoint. This will be blocked in a future version. Add to allowed_msgpack_modules to silence: [('router', 'PerceptionResult')]
Deserializing unregistered type router.RouteDecision from checkpoint. This will be blocked in a future version. Add to allowed_msgpack_modules to silence: [('router', 'RouteDecision')]
2026-04-13 23:12:03,008 - SessionLogger - INFO - [sim_FSM+Guardrail_P2_M-ELE-002_33fde6] Teacher: 没关系，这个想法确实有点反直觉。

如果电流只进不出，就像跑步时只能往前冲却没法绕回起点，你觉得这条路能一直跑下去吗？
2026-04-13 23:12:04,084 - SessionLogger - INFO - [sim_FSM+Guardrail_P2_M-ELE-002_33fde6] Student: 好像有点道理，如果只进不出确实会堵住……但这跟灯泡亮不亮有啥直接关系吗？我就想知道为啥连上一头它就不工作。
Deserializing unregistered type router.SessionMemory from checkpoint. This will be blocked in a future version. Add to allowed_msgpack_modules to silence: [('router', 'SessionMemory')]
Deserializing unregistered type router.PerceptionResult from checkpoint. This will be blocked in a future version. Add to allowed_msgpack_modules to silence: [('router', 'PerceptionResult')]
Deserializing unregistered type router.RouteDecision from checkpoint. This will be blocked in a future version. Add to allowed_msgpack_modules to silence: [('router', 'RouteDecision')]
2026-04-13 23:12:06,679 - SessionLogger - INFO - [sim_FSM_P2_M-ELE-002_aaf43e] Teacher: 你说得对，能量确实被消耗了，变成了光和热。

但电流代表的是电荷流动的“快慢”或“数量”，如果前面的灯泡把电荷“吃”掉了一些，那后面剩下的电荷是不是就变少了？
2026-04-13 23:12:07,532 - SessionLogger - INFO - [sim_FSM_P2_M-ELE-002_aaf43e] Student: 对啊，剩下的电荷变少了，那后面的灯泡应该会更暗一点才对吧？这不是很正常吗？
Deserializing unregistered type router.SessionMemory from checkpoint. This will be blocked in a future version. Add to allowed_msgpack_modules to silence: [('router', 'SessionMemory')]
Deserializing unregistered type router.PerceptionResult from checkpoint. This will be blocked in a future version. Add to allowed_msgpack_modules to silence: [('router', 'PerceptionResult')]
Deserializing unregistered type router.RouteDecision from checkpoint. This will be blocked in a future version. Add to allowed_msgpack_modules to silence: [('router', 'RouteDecision')]
2026-04-13 23:12:07,764 - SessionLogger - INFO - [sim_Baseline_P3_M-ELE-002_ea003f] Teacher: 灯泡亮是因为电子在“流动”中做功，而不是被存起来。如果只有一根线，电子流过去没路回来，就像单行道堵死，流动瞬间就停止了，灯还能持续亮吗？
2026-04-13 23:12:09,170 - SessionLogger - INFO - [sim_Baseline_P3_M-ELE-002_ea003f] Student: 可是……它不是“瞬间”流过去让灯亮一下吗？哪怕只亮一刹那也行啊，为什么我觉得它应该能一直亮着呢？
Deserializing unregistered type router.SessionMemory from checkpoint. This will be blocked in a future version. Add to allowed_msgpack_modules to silence: [('router', 'SessionMemory')]
Deserializing unregistered type router.PerceptionResult from checkpoint. This will be blocked in a future version. Add to allowed_msgpack_modules to silence: [('router', 'PerceptionResult')]
Deserializing unregistered type router.RouteDecision from checkpoint. This will be blocked in a future version. Add to allowed_msgpack_modules to silence: [('router', 'RouteDecision')]
2026-04-13 23:12:09,498 - SessionLogger - INFO - [sim_FSM+Guardrail_P2_M-ELE-002_33fde6] Teacher: 灯泡发光是因为电流流过灯丝产生了热。如果路没通，电荷根本没法“流过”灯丝，你觉得灯丝还能发热发光吗？
2026-04-13 23:12:09,515 - SessionLogger - INFO - [sim_FSM+Guardrail_P3_M-ELE-002_137899] Teacher: 没关系，这个困惑很常见，咱们一起捋捋。

如果电流只从正极“流进”灯泡却回不去，就像水只往管子里灌却不让它流出来，你觉得这水流能一直持续动起来吗？
2026-04-13 23:12:09,611 - SessionLogger - INFO - [sim_FSM_P3_M-ELE-002_f14491] Teacher: 没关系，这种“喷雾”的想象很生动，说明你在尝试不同的理解方式。

如果电真的像喷雾一样只喷到灯丝上却不流走，你觉得灯丝里的电荷是会一直堆积在那里，还是能形成一种持续的流动来维持发光呢？
2026-04-13 23:12:10,817 - SessionLogger - INFO - [sim_FSM+Guardrail_P2_M-ELE-002_33fde6] Student: 可是我觉得电只要“撞”到灯丝就能产生热啊，不一定非要穿过去吧？就像扔石头砸玻璃，石头不用穿过玻璃也能把它弄碎呀。
Deserializing unregistered type router.SessionMemory from checkpoint. This will be blocked in a future version. Add to allowed_msgpack_modules to silence: [('router', 'SessionMemory')]
Deserializing unregistered type router.PerceptionResult from checkpoint. This will be blocked in a future version. Add to allowed_msgpack_modules to silence: [('router', 'PerceptionResult')]
Deserializing unregistered type router.RouteDecision from checkpoint. This will be blocked in a future version. Add to allowed_msgpack_modules to silence: [('router', 'RouteDecision')]
2026-04-13 23:12:12,598 - SessionLogger - INFO - [sim_FSM_P2_M-ELE-002_aaf43e] Teacher: 那我们来做个思想实验：如果你把两个完全一样的灯泡串联在一起，你觉得是靠近电源正极的那个更亮，还是靠近负极的那个更亮？
2026-04-13 23:12:12,750 - SessionLogger - INFO - [sim_FSM+Guardrail_P3_M-ELE-002_137899] Student: 可是电池里不是有很多电吗？就像水管里本来就有水，我只要把龙头打开让水流出来浇花（灯泡）不就行了，干嘛非要让它流回去？
Deserializing unregistered type router.SessionMemory from checkpoint. This will be blocked in a future version. Add to allowed_msgpack_modules to silence: [('router', 'SessionMemory')]
Deserializing unregistered type router.PerceptionResult from checkpoint. This will be blocked in a future version. Add to allowed_msgpack_modules to silence: [('router', 'PerceptionResult')]
Deserializing unregistered type router.RouteDecision from checkpoint. This will be blocked in a future version. Add to allowed_msgpack_modules to silence: [('router', 'RouteDecision')]
2026-04-13 23:12:13,036 - SessionLogger - INFO - [sim_FSM_P3_M-ELE-002_f14491] Student: 堆积？可是灯泡一直亮着也没见它“爆”掉或者变重呀。如果电真的堆在那儿，为什么灯丝不会很快就“满”了然后就不亮了呢？
Deserializing unregistered type router.SessionMemory from checkpoint. This will be blocked in a future version. Add to allowed_msgpack_modules to silence: [('router', 'SessionMemory')]
Deserializing unregistered type router.PerceptionResult from checkpoint. This will be blocked in a future version. Add to allowed_msgpack_modules to silence: [('router', 'PerceptionResult')]
Deserializing unregistered type router.RouteDecision from checkpoint. This will be blocked in a future version. Add to allowed_msgpack_modules to silence: [('router', 'RouteDecision')]
2026-04-13 23:12:13,598 - SessionLogger - INFO - [sim_FSM_P2_M-ELE-002_aaf43e] Student: 那肯定是靠近正极的那个更亮啊，因为电流先经过它，被“吃”掉一部分后，剩下的才流到第二个灯泡嘛。
Deserializing unregistered type router.SessionMemory from checkpoint. This will be blocked in a future version. Add to allowed_msgpack_modules to silence: [('router', 'SessionMemory')]
Deserializing unregistered type router.PerceptionResult from checkpoint. This will be blocked in a future version. Add to allowed_msgpack_modules to silence: [('router', 'PerceptionResult')]
Deserializing unregistered type router.RouteDecision from checkpoint. This will be blocked in a future version. Add to allowed_msgpack_modules to silence: [('router', 'RouteDecision')]
2026-04-13 23:12:15,850 - SessionLogger - INFO - [sim_FSM+Guardrail_P2_M-ELE-002_33fde6] Teacher: 这个比喻很生动，但电流更像是一队必须手拉手连续行进的人。

如果路断了，后面的人进不来，前面的人也动不了，你觉得这队“人”还能在灯丝那里持续产生热量吗？
2026-04-13 23:12:17,154 - SessionLogger - INFO - [sim_FSM+Guardrail_P2_M-ELE-002_33fde6] Student: 手拉手……那如果我只接正极，是不是意味着只有“半队人”挤在灯丝那儿？
虽然动不了，但挤在一起难道不会产生摩擦或者热量让灯泡闪一下吗？
Deserializing unregistered type router.SessionMemory from checkpoint. This will be blocked in a future version. Add to allowed_msgpack_modules to silence: [('router', 'SessionMemory')]
Deserializing unregistered type router.PerceptionResult from checkpoint. This will be blocked in a future version. Add to allowed_msgpack_modules to silence: [('router', 'PerceptionResult')]
Deserializing unregistered type router.RouteDecision from checkpoint. This will be blocked in a future version. Add to allowed_msgpack_modules to silence: [('router', 'RouteDecision')]
2026-04-13 23:12:17,966 - SessionLogger - INFO - [sim_FSM+Guardrail_P3_M-ELE-002_137899] Teacher: 没关系，这个类比确实容易让人产生误解。

想象一下，如果水从水管流出来浇完花后，没有管道让它流回水泵或水箱，水泵还能持续不断地把水压出来吗？
2026-04-13 23:12:19,293 - SessionLogger - INFO - [sim_FSM_P3_M-ELE-002_f14491] Teacher: 你说得非常对，电荷确实不会无限堆积，否则灯泡早就“撑爆”了。

既然电荷没有堆积，也没有消失，那它们进入灯丝后，必须得有个去处才能保持这种持续的流动，你觉得它们去哪儿了呢？
2026-04-13 23:12:19,419 - SessionLogger - INFO - [sim_FSM+Guardrail_P3_M-ELE-002_137899] Student: 可是电池又不是水泵，它里面不是存着电吗？就像杯子里的水，我倒出来一点就少一点，只要还有电，灯泡就应该亮啊，跟流回去有什么关系？
Deserializing unregistered type router.SessionMemory from checkpoint. This will be blocked in a future version. Add to allowed_msgpack_modules to silence: [('router', 'SessionMemory')]
Deserializing unregistered type router.PerceptionResult from checkpoint. This will be blocked in a future version. Add to allowed_msgpack_modules to silence: [('router', 'PerceptionResult')]
Deserializing unregistered type router.RouteDecision from checkpoint. This will be blocked in a future version. Add to allowed_msgpack_modules to silence: [('router', 'RouteDecision')]
2026-04-13 23:12:19,571 - SessionLogger - INFO - [sim_FSM_P2_M-ELE-002_aaf43e] Teacher: 想象一下环形跑道上正在跑步的人群，如果前面的人突然“消失”了一部分，后面的人流密度会不会立刻变得稀疏？
2026-04-13 23:12:20,612 - SessionLogger - INFO - [sim_FSM_P2_M-ELE-002_aaf43e] Student: 呃……好像是有道理，如果前面人少了，后面确实会变空。但这跟电池供电有什么关系？电池不是在源源不断地“推”人出来吗？
Deserializing unregistered type router.SessionMemory from checkpoint. This will be blocked in a future version. Add to allowed_msgpack_modules to silence: [('router', 'SessionMemory')]
Deserializing unregistered type router.PerceptionResult from checkpoint. This will be blocked in a future version. Add to allowed_msgpack_modules to silence: [('router', 'PerceptionResult')]
Deserializing unregistered type router.RouteDecision from checkpoint. This will be blocked in a future version. Add to allowed_msgpack_modules to silence: [('router', 'RouteDecision')]
2026-04-13 23:12:22,366 - SessionLogger - INFO - [sim_FSM_P3_M-ELE-002_f14491] Student: 它们……是不是被灯丝“用掉”变成光了？反正只要电池那边一直送新的过来，旧的在哪应该不重要吧？
Deserializing unregistered type router.SessionMemory from checkpoint. This will be blocked in a future version. Add to allowed_msgpack_modules to silence: [('router', 'SessionMemory')]
Deserializing unregistered type router.PerceptionResult from checkpoint. This will be blocked in a future version. Add to allowed_msgpack_modules to silence: [('router', 'PerceptionResult')]
Deserializing unregistered type router.RouteDecision from checkpoint. This will be blocked in a future version. Add to allowed_msgpack_modules to silence: [('router', 'RouteDecision')]
2026-04-13 23:12:22,978 - SessionLogger - INFO - [sim_FSM+Guardrail_P2_M-ELE-002_33fde6] Teacher: 其实，如果没有回路，电荷根本不会在灯丝那里“挤”起来，因为后面没有推力让它们持续进入。

就像水管如果只接了水龙头却没接通下水道，水根本流不进去，你觉得这时候会有水流冲击管壁产生热量吗？
2026-04-13 23:12:24,282 - SessionLogger - INFO - [sim_FSM+Guardrail_P2_M-ELE-002_33fde6] Student: 水管那个例子好像有点道理，水确实流不进去……
但电池不是有“电压力”吗？就算没回路，这股压力难道不能硬把电塞进灯丝里让它亮一下吗？
Deserializing unregistered type router.SessionMemory from checkpoint. This will be blocked in a future version. Add to allowed_msgpack_modules to silence: [('router', 'SessionMemory')]
Deserializing unregistered type router.PerceptionResult from checkpoint. This will be blocked in a future version. Add to allowed_msgpack_modules to silence: [('router', 'PerceptionResult')]
Deserializing unregistered type router.RouteDecision from checkpoint. This will be blocked in a future version. Add to allowed_msgpack_modules to silence: [('router', 'RouteDecision')]
2026-04-13 23:12:25,992 - SessionLogger - INFO - [sim_FSM+Guardrail_P3_M-ELE-002_137899] Teacher: 没关系，把电池想象成存电的容器是很自然的想法。

但你可以试着想一下，如果电荷只从正极跑出来堆积在灯泡里，却没有任何路径让它们回到负极，正负极之间很快会发生什么变化，导致电荷再也“推”不动了？
2026-04-13 23:12:26,036 - SessionLogger - INFO - [sim_Baseline_P2_M-ELE-002_d1255e] Teacher: 电流要流动，是不是得像跑步一样，得有个起点也得有个终点，形成一个完整的圈？

如果电池的另一头悬空了，你觉得电荷流进灯泡后，还能回到电池的“家”吗？
2026-04-13 23:12:27,230 - SessionLogger - INFO - [sim_Baseline_P2_M-ELE-002_d1255e] Student: 可是电池不是像水泵一样把电“推”出来吗？只要推出来了，灯泡就应该亮啊。

电荷到了灯泡那里任务不就完成了吗？为什么非得再跑回电池里去？
Deserializing unregistered type router.SessionMemory from checkpoint. This will be blocked in a future version. Add to allowed_msgpack_modules to silence: [('router', 'SessionMemory')]
Deserializing unregistered type router.PerceptionResult from checkpoint. This will be blocked in a future version. Add to allowed_msgpack_modules to silence: [('router', 'PerceptionResult')]
Deserializing unregistered type router.RouteDecision from checkpoint. This will be blocked in a future version. Add to allowed_msgpack_modules to silence: [('router', 'RouteDecision')]
2026-04-13 23:12:27,519 - SessionLogger - INFO - [sim_FSM+Guardrail_P3_M-ELE-002_137899] Student: 堆积？电荷怎么会堆积在灯泡里呢？它不是被灯泡“用掉”变成光了吗？既然用掉了，就不需要回去了吧。
Deserializing unregistered type router.SessionMemory from checkpoint. This will be blocked in a future version. Add to allowed_msgpack_modules to silence: [('router', 'SessionMemory')]
Deserializing unregistered type router.PerceptionResult from checkpoint. This will be blocked in a future version. Add to allowed_msgpack_modules to silence: [('router', 'PerceptionResult')]
Deserializing unregistered type router.RouteDecision from checkpoint. This will be blocked in a future version. Add to allowed_msgpack_modules to silence: [('router', 'RouteDecision')]
2026-04-13 23:12:28,711 - SessionLogger - INFO - [sim_FSM_P3_M-ELE-002_f14491] Teacher: 没关系，觉得“被用掉”是很直观的感受，毕竟灯确实亮了。

我们可以试着把电流想象成环形跑道上正在跑步的人：如果跑道中间有一段特别难跑（就像灯丝），导致前面的人速度变慢或停下了，后面紧跟着的人还能保持原来的速度冲上来吗？
2026-04-13 23:12:29,802 - SessionLogger - INFO - [sim_FSM_P3_M-ELE-002_f14491] Student: 可是电池不是在后面一直推吗？就像排队一样，只要后面有人挤，前面的人就算慢一点也应该能动吧，不一定非要跑完一圈回来呀。
Deserializing unregistered type router.SessionMemory from checkpoint. This will be blocked in a future version. Add to allowed_msgpack_modules to silence: [('router', 'SessionMemory')]
Deserializing unregistered type router.PerceptionResult from checkpoint. This will be blocked in a future version. Add to allowed_msgpack_modules to silence: [('router', 'PerceptionResult')]
Deserializing unregistered type router.RouteDecision from checkpoint. This will be blocked in a future version. Add to allowed_msgpack_modules to silence: [('router', 'RouteDecision')]
2026-04-13 23:12:30,207 - SessionLogger - INFO - [sim_Baseline_P2_M-ELE-002_d1255e] Teacher: 想象一下，如果水泵把水推出去后，水却回不来，泵里的水是不是很快就抽干了？

电池里的化学能也是有限的，如果电荷只出不进，你觉得电池还能持续提供推力吗？
2026-04-13 23:12:32,376 - SessionLogger - INFO - [sim_Baseline_P2_M-ELE-002_d1255e] Student: 呃……好像有点道理，如果只出不进，电池里的“电”确实会很快用完。

但是老师，就算不能持续很久，那一瞬间电流冲过去的时候，灯泡难道不应该闪一下吗？为什么我试的时候连闪都不闪？
Deserializing unregistered type router.SessionMemory from checkpoint. This will be blocked in a future version. Add to allowed_msgpack_modules to silence: [('router', 'SessionMemory')]
Deserializing unregistered type router.PerceptionResult from checkpoint. This will be blocked in a future version. Add to allowed_msgpack_modules to silence: [('router', 'PerceptionResult')]
Deserializing unregistered type router.RouteDecision from checkpoint. This will be blocked in a future version. Add to allowed_msgpack_modules to silence: [('router', 'RouteDecision')]
2026-04-13 23:12:32,647 - SessionLogger - INFO - [sim_FSM+Guardrail_P3_M-ELE-002_137899] Teacher: 没关系，觉得电荷被“消耗”掉是很直观的感受。

我们可以换个角度想：灯泡发光发热，消耗的是电荷携带的“能量”，还是电荷这个“载体”本身呢？就像快递员送货，送完货后，快递员这个人消失了吗？
2026-04-13 23:12:33,720 - SessionLogger - INFO - [sim_FSM+Guardrail_P3_M-ELE-002_137899] Student: 快递员是不消失，但他送完货就下班回家了呀，不需要再回到发货点吧？只要把货（能量）送到灯泡那里不就行了吗？
Deserializing unregistered type router.SessionMemory from checkpoint. This will be blocked in a future version. Add to allowed_msgpack_modules to silence: [('router', 'SessionMemory')]
Deserializing unregistered type router.PerceptionResult from checkpoint. This will be blocked in a future version. Add to allowed_msgpack_modules to silence: [('router', 'PerceptionResult')]
Deserializing unregistered type router.RouteDecision from checkpoint. This will be blocked in a future version. Add to allowed_msgpack_modules to silence: [('router', 'RouteDecision')]
2026-04-13 23:12:35,851 - SessionLogger - INFO - [sim_Baseline_P2_M-ELE-002_d1255e] Teacher: 你可以把导线里的自由电子想象成已经排好队、挤满整条管子的“人群”。

如果队伍的另一头是堵死的（断路），你在这头推一下，后面的人动得了吗？
2026-04-13 23:12:37,208 - SessionLogger - INFO - [sim_Baseline_P2_M-ELE-002_d1255e] Student: 可是老师，如果我只推一下，最前面的人（电子）不是应该能往前挤一点点吗？

哪怕只动了一丁点，灯泡不应该也能感觉到有电流经过而亮一下吗？
Deserializing unregistered type router.SessionMemory from checkpoint. This will be blocked in a future version. Add to allowed_msgpack_modules to silence: [('router', 'SessionMemory')]
Deserializing unregistered type router.PerceptionResult from checkpoint. This will be blocked in a future version. Add to allowed_msgpack_modules to silence: [('router', 'PerceptionResult')]
Deserializing unregistered type router.RouteDecision from checkpoint. This will be blocked in a future version. Add to allowed_msgpack_modules to silence: [('router', 'RouteDecision')]
2026-04-13 23:12:39,873 - SessionLogger - INFO - [sim_FSM+Guardrail_P3_M-ELE-002_137899] Teacher: 这个比喻很生动！但你想过没有，如果快递员把货送到后都“下班”留在客户家不回来了，发货点很快就没有快递员可用了，后面的货还怎么送出去呢？
2026-04-13 23:12:41,236 - SessionLogger - INFO - [sim_FSM+Guardrail_P3_M-ELE-002_137899] Student: 可是电池里不是有很多很多电荷吗？就像仓库里堆满了快递员，用掉几个也没关系吧，没必要非得让同一个快递员跑回来呀。
Deserializing unregistered type router.SessionMemory from checkpoint. This will be blocked in a future version. Add to allowed_msgpack_modules to silence: [('router', 'SessionMemory')]
Deserializing unregistered type router.PerceptionResult from checkpoint. This will be blocked in a future version. Add to allowed_msgpack_modules to silence: [('router', 'PerceptionResult')]
Deserializing unregistered type router.RouteDecision from checkpoint. This will be blocked in a future version. Add to allowed_msgpack_modules to silence: [('router', 'RouteDecision')]
2026-04-13 23:12:41,994 - SessionLogger - INFO - [sim_Baseline_P2_M-ELE-002_d1255e] Teacher: 那一点点移动确实发生了，但这就像推一堵墙，墙纹丝不动。

你觉得要让灯丝热到发光，是需要电子“路过”并持续摩擦，还是只要它们稍微“挤”一下就行？
2026-04-13 23:12:43,572 - SessionLogger - INFO - [sim_Baseline_P2_M-ELE-002_d1255e] Student: 应该是需要持续摩擦吧，毕竟灯泡亮起来是需要能量的。

但如果回路没闭合，电子不就卡在半路了吗？那它们怎么在灯丝那里“持续”摩擦呢？
2026-04-13 23:12:43,572 - SessionLogger - INFO - [sim_Baseline_P2_M-ELE-002_d1255e] Session finished. Resolved: False
2026-04-13 23:12:43,572 - SessionLogger - INFO - [sim_Baseline_P1_M-BUO-001_bff605] Starting session
2026-04-13 23:12:43,572 - SessionLogger - INFO - Initialized Session sim_Baseline_P1_M-BUO-001_bff605 on Unknown for Unknown with version FSM+Guardrail
2026-04-13 23:12:44,484 - SessionLogger - INFO - [sim_Baseline_P1_M-BUO-001_bff605] Student Opening: 老师，我觉得只要是重的东西扔进水里肯定就会沉下去，轻的才会浮起来，这不是很明显吗？
2026-04-13 23:12:46,288 - SessionLogger - INFO - [sim_FSM+Guardrail_P3_M-ELE-002_137899] Teacher: 如果快递员只去不回，发货点的快递员很快就会发完，而客户家门口会挤满不再干活的快递员，这时候新的快递员还能挤得进去送货吗？
2026-04-13 23:12:47,227 - SessionLogger - INFO - [sim_FSM+Guardrail_P3_M-ELE-002_137899] Student: 可是电池里的电荷不是源源不断产生的吗？就像仓库一直在进货，应该够送吧……而且灯泡那里怎么会堵住呢？
Deserializing unregistered type router.SessionMemory from checkpoint. This will be blocked in a future version. Add to allowed_msgpack_modules to silence: [('router', 'SessionMemory')]
Deserializing unregistered type router.PerceptionResult from checkpoint. This will be blocked in a future version. Add to allowed_msgpack_modules to silence: [('router', 'PerceptionResult')]
Deserializing unregistered type router.RouteDecision from checkpoint. This will be blocked in a future version. Add to allowed_msgpack_modules to silence: [('router', 'RouteDecision')]
2026-04-13 23:12:49,232 - SessionLogger - INFO - [sim_Baseline_P1_M-BUO-001_bff605] Teacher: 那为什么几万吨重的钢铁轮船能浮在海面上，而一颗小小的石子却会沉底呢？
2026-04-13 23:12:50,476 - SessionLogger - INFO - [sim_Baseline_P1_M-BUO-001_bff605] Student: 轮船那么大，肯定有很多地方是空的，所以它整体其实很轻啊。石子虽然小，但是它是实心的，密度大，所以肯定比轮船“重”，当然要沉下去。
Deserializing unregistered type router.SessionMemory from checkpoint. This will be blocked in a future version. Add to allowed_msgpack_modules to silence: [('router', 'SessionMemory')]
Deserializing unregistered type router.PerceptionResult from checkpoint. This will be blocked in a future version. Add to allowed_msgpack_modules to silence: [('router', 'PerceptionResult')]
Deserializing unregistered type router.RouteDecision from checkpoint. This will be blocked in a future version. Add to allowed_msgpack_modules to silence: [('router', 'RouteDecision')]
2026-04-13 23:12:53,812 - SessionLogger - INFO - [sim_Baseline_P1_M-BUO-001_bff605] Teacher: 你说得对，轮船确实利用了空心结构。但如果我们把那艘几万吨的轮船压成一个实心的铁块扔进水里，它还会浮着吗？
2026-04-13 23:12:54,749 - SessionLogger - INFO - [sim_Baseline_P1_M-BUO-001_bff605] Student: 那肯定沉啊，变成实心铁块后就变得超级重了。重的东西当然会沉，这跟我之前说的一样嘛。
Deserializing unregistered type router.SessionMemory from checkpoint. This will be blocked in a future version. Add to allowed_msgpack_modules to silence: [('router', 'SessionMemory')]
Deserializing unregistered type router.PerceptionResult from checkpoint. This will be blocked in a future version. Add to allowed_msgpack_modules to silence: [('router', 'PerceptionResult')]
Deserializing unregistered type router.RouteDecision from checkpoint. This will be blocked in a future version. Add to allowed_msgpack_modules to silence: [('router', 'RouteDecision')]
2026-04-13 23:12:58,823 - SessionLogger - INFO - [sim_Baseline_P1_M-BUO-001_bff605] Teacher: 变成实心铁块后，它的总重量其实并没有变，还是那几万吨。

既然重量没变，却从“浮”变成了“沉”，你觉得真正决定沉浮的关键，除了重量，还跟什么有关？
2026-04-13 23:12:58,973 - SessionLogger - INFO - [sim_Baseline_P3_M-ELE-002_ea003f] Teacher: 那一刹那确实会有极微弱的电流，但电荷堆积产生的反向电压会瞬间抵消电池电压。你觉得这个“堵塞”过程需要很长时间，还是几乎在接通的同时就完成了？
2026-04-13 23:13:00,804 - SessionLogger - INFO - [sim_Baseline_P1_M-BUO-001_bff605] Student: 老师你骗人，压成实心块肯定更“重”手啊，感觉都不一样。反正我觉得重的就是会沉，你别绕弯子了。
Deserializing unregistered type router.SessionMemory from checkpoint. This will be blocked in a future version. Add to allowed_msgpack_modules to silence: [('router', 'SessionMemory')]
Deserializing unregistered type router.PerceptionResult from checkpoint. This will be blocked in a future version. Add to allowed_msgpack_modules to silence: [('router', 'PerceptionResult')]
Deserializing unregistered type router.RouteDecision from checkpoint. This will be blocked in a future version. Add to allowed_msgpack_modules to silence: [('router', 'RouteDecision')]
2026-04-13 23:13:02,006 - SessionLogger - INFO - [sim_Baseline_P3_M-ELE-002_ea003f] Student: 啊？这么快吗？可是我看不到它堵在那里呀……既然堵住了，那电去哪儿了？
Deserializing unregistered type router.SessionMemory from checkpoint. This will be blocked in a future version. Add to allowed_msgpack_modules to silence: [('router', 'SessionMemory')]
Deserializing unregistered type router.PerceptionResult from checkpoint. This will be blocked in a future version. Add to allowed_msgpack_modules to silence: [('router', 'PerceptionResult')]
Deserializing unregistered type router.RouteDecision from checkpoint. This will be blocked in a future version. Add to allowed_msgpack_modules to silence: [('router', 'RouteDecision')]
2026-04-13 23:13:04,595 - SessionLogger - INFO - [sim_Baseline_P1_M-BUO-001_bff605] Teacher: 哈哈，我理解你的感觉，拿在手里的“轻重”确实不一样。

但咱们先不谈手感，想象一下：如果我把那艘轮船和压成的铁块分别放在一个巨大的天平两端，你觉得天平会向哪边倾斜？
2026-04-13 23:13:05,339 - SessionLogger - INFO - [sim_Baseline_P3_M-ELE-002_ea003f] Teacher: 电荷其实都堆积在导线的表面和灯泡的灯丝里，只是数量太少，肉眼根本看不见。既然路被堵死了，没有持续的电子流通过，你觉得灯丝还能持续发热发光吗？
2026-04-13 23:13:05,678 - SessionLogger - INFO - [sim_Baseline_P1_M-BUO-001_bff605] Student: 天平肯定是平的啊，因为都是同一艘船变的，东西没多也没少。但这跟它沉不沉有什么关系？反正我觉得重的就会沉。
Deserializing unregistered type router.SessionMemory from checkpoint. This will be blocked in a future version. Add to allowed_msgpack_modules to silence: [('router', 'SessionMemory')]
Deserializing unregistered type router.PerceptionResult from checkpoint. This will be blocked in a future version. Add to allowed_msgpack_modules to silence: [('router', 'PerceptionResult')]
Deserializing unregistered type router.RouteDecision from checkpoint. This will be blocked in a future version. Add to allowed_msgpack_modules to silence: [('router', 'RouteDecision')]
2026-04-13 23:13:06,801 - SessionLogger - INFO - [sim_Baseline_P3_M-ELE-002_ea003f] Student: 可是……如果电都堆在灯丝里，那灯丝不应该更热、更亮吗？为什么非要流走才能发光呢？
Deserializing unregistered type router.SessionMemory from checkpoint. This will be blocked in a future version. Add to allowed_msgpack_modules to silence: [('router', 'SessionMemory')]
Deserializing unregistered type router.PerceptionResult from checkpoint. This will be blocked in a future version. Add to allowed_msgpack_modules to silence: [('router', 'PerceptionResult')]
Deserializing unregistered type router.RouteDecision from checkpoint. This will be blocked in a future version. Add to allowed_msgpack_modules to silence: [('router', 'RouteDecision')]
2026-04-13 23:13:07,894 - SessionLogger - INFO - [sim_FSM_P3_M-ELE-002_f14491] Teacher: 这个“排队推挤”的想法很有创意，确实能解释为什么电荷会动。

但你想过没有，如果前面是死胡同（断路），后面的人越推，前面的人就会挤得越紧，很快就会彻底卡住动不了了；而灯泡却能一直亮着，这说明电荷并没有被“卡”在灯丝那里，对吗？
2026-04-13 23:13:08,979 - SessionLogger - INFO - [sim_FSM_P3_M-ELE-002_f14491] Student: 可是……如果它们没被卡住，那它们是穿过去了吗？穿过去之后去哪了呀？难道直接消失在空气里了？
Deserializing unregistered type router.SessionMemory from checkpoint. This will be blocked in a future version. Add to allowed_msgpack_modules to silence: [('router', 'SessionMemory')]
Deserializing unregistered type router.PerceptionResult from checkpoint. This will be blocked in a future version. Add to allowed_msgpack_modules to silence: [('router', 'PerceptionResult')]
Deserializing unregistered type router.RouteDecision from checkpoint. This will be blocked in a future version. Add to allowed_msgpack_modules to silence: [('router', 'RouteDecision')]
2026-04-13 23:13:09,914 - SessionLogger - INFO - [sim_Baseline_P1_M-BUO-001_bff605] Teacher: 既然重量没变，那为什么形状改变后，它排开的水的体积会不一样呢？

你可以试着把手掌平着按进水里，再握成拳头按进去，感受一下水对你的阻力有什么不同？
2026-04-13 23:13:11,079 - SessionLogger - INFO - [sim_Baseline_P1_M-BUO-001_bff605] Student: 平着按确实感觉水托着我，但这只是手感而已。我觉得关键还是看东西重不重，跟排开多少水没关系，重的肯定沉。
Deserializing unregistered type router.SessionMemory from checkpoint. This will be blocked in a future version. Add to allowed_msgpack_modules to silence: [('router', 'SessionMemory')]
Deserializing unregistered type router.PerceptionResult from checkpoint. This will be blocked in a future version. Add to allowed_msgpack_modules to silence: [('router', 'PerceptionResult')]
Deserializing unregistered type router.RouteDecision from checkpoint. This will be blocked in a future version. Add to allowed_msgpack_modules to silence: [('router', 'RouteDecision')]
2026-04-13 23:13:12,077 - SessionLogger - INFO - [sim_Baseline_P3_M-ELE-002_ea003f] Teacher: 想象一下，你用力把手按在桌面上不动，手会发烫吗？还是说只有当你来回搓动（流动）时，摩擦才会产生热量？
2026-04-13 23:13:13,150 - SessionLogger - INFO - [sim_Baseline_P3_M-ELE-002_ea003f] Student: 搓动确实会热……但电池不是在一直“推”那些电荷吗？只要它使劲推，就算电荷不动，不应该也能挤出热量来吗？
Deserializing unregistered type router.SessionMemory from checkpoint. This will be blocked in a future version. Add to allowed_msgpack_modules to silence: [('router', 'SessionMemory')]
Deserializing unregistered type router.PerceptionResult from checkpoint. This will be blocked in a future version. Add to allowed_msgpack_modules to silence: [('router', 'PerceptionResult')]
Deserializing unregistered type router.RouteDecision from checkpoint. This will be blocked in a future version. Add to allowed_msgpack_modules to silence: [('router', 'RouteDecision')]
2026-04-13 23:13:15,031 - SessionLogger - INFO - [sim_Baseline_P1_M-BUO-001_bff605] Teacher: 那如果我把一块很轻的泡沫塑料做得非常非常大，大到像房子一样，你觉得它会沉下去吗？
2026-04-13 23:13:15,136 - SessionLogger - INFO - [sim_FSM_P3_M-ELE-002_f14491] Teacher: 别担心，电荷肯定不会凭空消失，否则电路早就断了。

既然它们穿过了灯丝，而导线又是连成一圈的，你觉得这些穿过灯丝的电荷，接下来会沿着导线流向哪里呢？
2026-04-13 23:13:15,843 - SessionLogger - INFO - [sim_Baseline_P1_M-BUO-001_bff605] Student: 那肯定沉啊，房子那么大的泡沫得多重啊！重的东西肯定会沉下去的。
Deserializing unregistered type router.SessionMemory from checkpoint. This will be blocked in a future version. Add to allowed_msgpack_modules to silence: [('router', 'SessionMemory')]
Deserializing unregistered type router.PerceptionResult from checkpoint. This will be blocked in a future version. Add to allowed_msgpack_modules to silence: [('router', 'PerceptionResult')]
Deserializing unregistered type router.RouteDecision from checkpoint. This will be blocked in a future version. Add to allowed_msgpack_modules to silence: [('router', 'RouteDecision')]
2026-04-13 23:13:16,998 - SessionLogger - INFO - [sim_FSM_P2_M-ELE-002_aaf43e] Teacher: 没关系，这个类比确实需要一点想象力。

既然电池在不停地“推”人进跑道，如果前面的人真的变少了（被消耗了），那跑道上会不会出现前面挤、后面空的情况，导致人流断断续续？
2026-04-13 23:13:17,116 - SessionLogger - INFO - [sim_Baseline_P3_M-ELE-002_ea003f] Teacher: “推”确实存在，但如果没有移动距离，物理上就不算“做功”，也就没有能量转化。就像你用力推一堵墙，墙不动，你会觉得累（消耗生物能），但墙会发热变亮吗？
2026-04-13 23:13:18,563 - SessionLogger - INFO - [sim_FSM_P2_M-ELE-002_aaf43e] Student: 嗯……如果后面空了，那确实推不动了，电流应该会断断续续的吧？但我实际做实验时灯泡是持续亮着的呀，这又怎么解释呢？
Deserializing unregistered type router.SessionMemory from checkpoint. This will be blocked in a future version. Add to allowed_msgpack_modules to silence: [('router', 'SessionMemory')]
Deserializing unregistered type router.PerceptionResult from checkpoint. This will be blocked in a future version. Add to allowed_msgpack_modules to silence: [('router', 'PerceptionResult')]
Deserializing unregistered type router.RouteDecision from checkpoint. This will be blocked in a future version. Add to allowed_msgpack_modules to silence: [('router', 'RouteDecision')]
2026-04-13 23:13:18,652 - SessionLogger - INFO - [sim_FSM+Guardrail_P2_M-ELE-002_33fde6] Teacher: 这种“硬塞”确实会让电荷在接触瞬间有一点点移动，但因为没有回路让它们流走，这个动作瞬间就停止了。

你想一下，如果只是一瞬间的微小移动，产生的能量够让灯丝热到发光吗？
2026-04-13 23:13:19,095 - SessionLogger - INFO - [sim_FSM_P3_M-ELE-002_f14491] Student: 呃……它们不是已经完成任务发光了吗？为什么还要流回电池那边？电池不是只负责“发射”吗，它还需要回收吗？
Deserializing unregistered type router.SessionMemory from checkpoint. This will be blocked in a future version. Add to allowed_msgpack_modules to silence: [('router', 'SessionMemory')]
Deserializing unregistered type router.PerceptionResult from checkpoint. This will be blocked in a future version. Add to allowed_msgpack_modules to silence: [('router', 'PerceptionResult')]
Deserializing unregistered type router.RouteDecision from checkpoint. This will be blocked in a future version. Add to allowed_msgpack_modules to silence: [('router', 'RouteDecision')]
2026-04-13 23:13:19,755 - SessionLogger - INFO - [sim_FSM+Guardrail_P2_M-ELE-002_33fde6] Student: 呃……如果只是一瞬间，那确实可能不够热。
但我以前试过只接一根线，好像隐约看到灯丝闪了一下？难道那是我的错觉吗？
Deserializing unregistered type router.SessionMemory from checkpoint. This will be blocked in a future version. Add to allowed_msgpack_modules to silence: [('router', 'SessionMemory')]
Deserializing unregistered type router.PerceptionResult from checkpoint. This will be blocked in a future version. Add to allowed_msgpack_modules to silence: [('router', 'PerceptionResult')]
Deserializing unregistered type router.RouteDecision from checkpoint. This will be blocked in a future version. Add to allowed_msgpack_modules to silence: [('router', 'RouteDecision')]
2026-04-13 23:13:20,353 - SessionLogger - INFO - [sim_Baseline_P3_M-ELE-002_ea003f] Student: 墙是不亮，但灯泡里的灯丝那么细，电荷挤在一起难道不会像堵车一样“摩擦”生热吗？我觉得只要挤得够紧，应该就能亮吧……
2026-04-13 23:13:20,353 - SessionLogger - INFO - [sim_Baseline_P3_M-ELE-002_ea003f] Session finished. Resolved: False
2026-04-13 23:13:20,353 - SessionLogger - INFO - [sim_FSM_P1_M-BUO-001_3b2378] Starting session
2026-04-13 23:13:20,354 - SessionLogger - INFO - Initialized Session sim_FSM_P1_M-BUO-001_3b2378 on Unknown for Unknown with version FSM+Guardrail
2026-04-13 23:13:21,343 - SessionLogger - INFO - [sim_FSM_P1_M-BUO-001_3b2378] Student Opening: 老师，我觉得只要东西够重就肯定会沉下去，毕竟重的东西压得住水嘛。
2026-04-13 23:13:24,965 - SessionLogger - INFO - [sim_FSM_P2_M-ELE-002_aaf43e] Teacher: 你说得很对，实验中灯泡确实是稳定持续发光的。

既然人流没有断断续续，也没有出现前面挤后面空的现象，这是否暗示着在闭合的跑道（电路）里，每一处经过的人数其实是保持一样的？
2026-04-13 23:13:25,347 - SessionLogger - INFO - [sim_FSM_P3_M-ELE-002_f14491] Teacher: 没关系，把电池想象成只负责“发射”的炮台确实很直观。

但如果炮台只管往外打炮弹，却没有任何炮弹能回到装填口，你觉得这个炮台里的“弹药”（能量）是取之不尽的吗？
2026-04-13 23:13:26,244 - SessionLogger - INFO - [sim_FSM+Guardrail_P2_M-ELE-002_33fde6] Teacher: 没关系，你的观察很敏锐，那确实不是错觉。

那一瞬间的闪烁，其实是电荷在刚接触时为了“填满”导线和灯丝内部空间而产生的极短暂移动。

既然这种移动在电荷填满后就立刻停止了，你觉得它产生的热量，足以让灯丝持续保持白炽发光的状态吗？
2026-04-13 23:13:26,547 - SessionLogger - INFO - [sim_FSM_P2_M-ELE-002_aaf43e] Student: 所以你的意思是，电流并没有被灯泡“吃掉”，而是像跑圈一样一直在循环？可是如果没被消耗，那电池的能量去哪了呀？
Deserializing unregistered type router.SessionMemory from checkpoint. This will be blocked in a future version. Add to allowed_msgpack_modules to silence: [('router', 'SessionMemory')]
Deserializing unregistered type router.PerceptionResult from checkpoint. This will be blocked in a future version. Add to allowed_msgpack_modules to silence: [('router', 'PerceptionResult')]
Deserializing unregistered type router.RouteDecision from checkpoint. This will be blocked in a future version. Add to allowed_msgpack_modules to silence: [('router', 'RouteDecision')]
2026-04-13 23:13:28,553 - SessionLogger - INFO - [sim_FSM_P3_M-ELE-002_f14491] Student: 可是电池里的化学能不是本来就存好的吗？就像水枪里的水，挤出来就没了，不需要水流回来也能喷水呀。
Deserializing unregistered type router.SessionMemory from checkpoint. This will be blocked in a future version. Add to allowed_msgpack_modules to silence: [('router', 'SessionMemory')]
Deserializing unregistered type router.PerceptionResult from checkpoint. This will be blocked in a future version. Add to allowed_msgpack_modules to silence: [('router', 'PerceptionResult')]
Deserializing unregistered type router.RouteDecision from checkpoint. This will be blocked in a future version. Add to allowed_msgpack_modules to silence: [('router', 'RouteDecision')]
2026-04-13 23:13:29,407 - SessionLogger - INFO - [sim_FSM+Guardrail_P2_M-ELE-002_33fde6] Student: 填满之后就停了……那确实没法一直亮着。
所以灯泡要一直发光，电荷就必须得不停地流过去，不能停在那儿？
Deserializing unregistered type router.SessionMemory from checkpoint. This will be blocked in a future version. Add to allowed_msgpack_modules to silence: [('router', 'SessionMemory')]
Deserializing unregistered type router.PerceptionResult from checkpoint. This will be blocked in a future version. Add to allowed_msgpack_modules to silence: [('router', 'PerceptionResult')]
Deserializing unregistered type router.RouteDecision from checkpoint. This will be blocked in a future version. Add to allowed_msgpack_modules to silence: [('router', 'RouteDecision')]
2026-04-13 23:13:31,610 - SessionLogger - INFO - [sim_FSM_P2_M-ELE-002_aaf43e] Teacher: 没关系，能区分“电荷”和“能量”是非常关键的一步！

你可以把跑步的人想象成搬运工，他们本身（电荷）没有变少，但他们手里搬着的“货物”（能量）在灯泡那里卸下来了。你觉得这个“货物”变成什么形式释放出来了呢？
2026-04-13 23:13:33,184 - SessionLogger - INFO - [sim_FSM_P2_M-ELE-002_aaf43e] Student: 哦，变成光和热了……所以电荷只是负责搬运的“车”，本身不减少？那如果我不接回负极，这些“车”是不是就堵在灯泡那儿进不去了？
Deserializing unregistered type router.SessionMemory from checkpoint. This will be blocked in a future version. Add to allowed_msgpack_modules to silence: [('router', 'SessionMemory')]
Deserializing unregistered type router.PerceptionResult from checkpoint. This will be blocked in a future version. Add to allowed_msgpack_modules to silence: [('router', 'PerceptionResult')]
Deserializing unregistered type router.RouteDecision from checkpoint. This will be blocked in a future version. Add to allowed_msgpack_modules to silence: [('router', 'RouteDecision')]
2026-04-13 23:13:33,968 - SessionLogger - INFO - [sim_FSM_P3_M-ELE-002_f14491] Teacher: 这个水枪的比喻很生动，确实水喷出去就不回来了。

但你想过没有，水枪里的水是有限的，喷完就没了；而只要开关闭合，灯泡是可以持续发光很久的，这说明电荷并没有像水那样“被消耗掉”，对吗？
2026-04-13 23:13:35,308 - SessionLogger - INFO - [sim_FSM_P3_M-ELE-002_f14491] Student: 可是……如果电荷没被消耗，那灯泡发光用的“能量”是从哪来的？难道电荷只是路过一下，把能量留下，然后自己还完好无损地跑回去了？
2026-04-13 23:13:35,309 - SessionLogger - INFO - [sim_FSM_P3_M-ELE-002_f14491] Session finished. Resolved: False
2026-04-13 23:13:35,309 - SessionLogger - INFO - [sim_FSM+Guardrail_P1_M-BUO-001_656714] Starting session
2026-04-13 23:13:35,309 - SessionLogger - INFO - Initialized Session sim_FSM+Guardrail_P1_M-BUO-001_656714 on Unknown for Unknown with version FSM+Guardrail
2026-04-13 23:13:36,566 - SessionLogger - INFO - [sim_FSM+Guardrail_P1_M-BUO-001_656714] Student Opening: 老师，我觉得只要东西够重，扔进水里肯定就沉底了，轻的才会浮起来嘛。
2026-04-13 23:13:36,589 - SessionLogger - INFO - [sim_FSM_P1_M-BUO-001_3b2378] Teacher: 那如果有一根巨大的原木，它比一颗小小的铁珠重得多，你觉得这根原木放进水里会沉下去吗？
2026-04-13 23:13:36,594 - SessionLogger - INFO - [sim_FSM+Guardrail_P2_M-ELE-002_33fde6] Teacher: 没错，只有电荷持续不断地流过灯丝，才能源源不断地产生热量让它发光。

那为了让电荷能“不停地流”，你觉得电路的连接方式需要满足什么条件，才能让电荷有去也有回？
2026-04-13 23:13:37,765 - SessionLogger - INFO - [sim_FSM+Guardrail_P2_M-ELE-002_33fde6] Student: 那是不是得让电荷流过去之后，还能从另一头流回来？
所以必须把电池的两头都连上，形成一个圈，它们才能一直转着走？
Deserializing unregistered type router.SessionMemory from checkpoint. This will be blocked in a future version. Add to allowed_msgpack_modules to silence: [('router', 'SessionMemory')]
Deserializing unregistered type router.PerceptionResult from checkpoint. This will be blocked in a future version. Add to allowed_msgpack_modules to silence: [('router', 'PerceptionResult')]
Deserializing unregistered type router.RouteDecision from checkpoint. This will be blocked in a future version. Add to allowed_msgpack_modules to silence: [('router', 'RouteDecision')]
2026-04-13 23:13:38,390 - SessionLogger - INFO - [sim_FSM_P2_M-ELE-002_aaf43e] Teacher: 没错，你的直觉很敏锐。

如果路在灯泡那里断开了，后面的“车”因为没地方去而堵住了，你觉得前面的“车”还能继续从电池里开出来吗？
2026-04-13 23:13:38,719 - SessionLogger - INFO - [sim_FSM+Guardrail_P3_M-ELE-002_137899] Teacher: 其实电池并不生产电荷，它更像是一个“泵”，推动导线里原本就有的电荷动起来。

如果前面的电荷到了灯泡不回来，后面的电荷因为没地方去，是不是也就动不了了？
2026-04-13 23:13:39,533 - SessionLogger - INFO - [sim_FSM_P2_M-ELE-002_aaf43e] Student: 呃……好像确实挤不动了？因为后面没路，前面的也就卡住了，所以必须得是个圈才能一直转？
2026-04-13 23:13:39,534 - SessionLogger - INFO - [sim_FSM_P2_M-ELE-002_aaf43e] Session finished. Resolved: False
2026-04-13 23:13:39,534 - SessionLogger - INFO - [sim_Baseline_P2_M-BUO-001_7f5889] Starting session
2026-04-13 23:13:39,534 - SessionLogger - INFO - Initialized Session sim_Baseline_P2_M-BUO-001_7f5889 on Unknown for Unknown with version FSM+Guardrail
2026-04-13 23:13:40,320 - SessionLogger - INFO - [sim_Baseline_P2_M-BUO-001_7f5889] Student Opening: 老师，我觉得重的东西肯定往下沉，轻的东西才会浮起来，这不是很明显吗？
2026-04-13 23:13:40,325 - SessionLogger - INFO - [sim_FSM_P1_M-BUO-001_3b2378] Student: 那肯定沉啊，它那么重，水哪托得住。重的东西就是会沉，这还用想吗？
Deserializing unregistered type router.SessionMemory from checkpoint. This will be blocked in a future version. Add to allowed_msgpack_modules to silence: [('router', 'SessionMemory')]
Deserializing unregistered type router.PerceptionResult from checkpoint. This will be blocked in a future version. Add to allowed_msgpack_modules to silence: [('router', 'PerceptionResult')]
Deserializing unregistered type router.RouteDecision from checkpoint. This will be blocked in a future version. Add to allowed_msgpack_modules to silence: [('router', 'RouteDecision')]
2026-04-13 23:13:42,120 - SessionLogger - INFO - [sim_FSM+Guardrail_P3_M-ELE-002_137899] Student: 啊？导线里本来就全是电荷吗？那……如果后面的推不动前面的，为什么只要接上一头，灯泡不亮呢？我还是觉得只要电池使劲推，电就能流过去呀。
Deserializing unregistered type router.SessionMemory from checkpoint. This will be blocked in a future version. Add to allowed_msgpack_modules to silence: [('router', 'SessionMemory')]
Deserializing unregistered type router.PerceptionResult from checkpoint. This will be blocked in a future version. Add to allowed_msgpack_modules to silence: [('router', 'PerceptionResult')]
Deserializing unregistered type router.RouteDecision from checkpoint. This will be blocked in a future version. Add to allowed_msgpack_modules to silence: [('router', 'RouteDecision')]
2026-04-13 23:13:43,032 - SessionLogger - INFO - [sim_FSM+Guardrail_P2_M-ELE-002_33fde6] Teacher: 你说得很对，这个“圈”就是让电荷能持续流动的关键。

现在请你推想一下：如果在这个圈的任意位置剪断一根导线，电荷还能继续转圈流动吗？
2026-04-13 23:13:44,117 - SessionLogger - INFO - [sim_FSM+Guardrail_P2_M-ELE-002_33fde6] Student: 剪断了路就不通了，电荷肯定过不去，那应该就流不动了吧。
所以只要中间断了一处，整个圈里的电流都会停掉？
2026-04-13 23:13:44,117 - SessionLogger - INFO - [sim_FSM+Guardrail_P2_M-ELE-002_33fde6] Session finished. Resolved: False
2026-04-13 23:13:44,117 - SessionLogger - INFO - [sim_FSM_P2_M-BUO-001_277aa9] Starting session
2026-04-13 23:13:44,117 - SessionLogger - INFO - Initialized Session sim_FSM_P2_M-BUO-001_277aa9 on Unknown for Unknown with version FSM+Guardrail
2026-04-13 23:13:45,055 - SessionLogger - INFO - [sim_FSM_P2_M-BUO-001_277aa9] Student Opening: 老师，我觉得判断物体沉浮很简单啊，只要看重量就行了，重的东西肯定沉底，轻的东西才会浮起来，对吧？
2026-04-13 23:13:45,146 - SessionLogger - INFO - [sim_FSM+Guardrail_P1_M-BUO-001_656714] Teacher: 那万吨巨轮比一颗小铁钉重得多，为什么巨轮能浮在海面上，小铁钉反而会沉下去呢？
2026-04-13 23:13:45,969 - SessionLogger - INFO - [sim_Baseline_P2_M-BUO-001_7f5889] Teacher: 那为什么一艘几万吨重的钢铁巨轮能浮在海面上，而一枚小小的铁钉却会沉入水底呢？
2026-04-13 23:13:46,298 - SessionLogger - INFO - [sim_FSM+Guardrail_P1_M-BUO-001_656714] Student: 那肯定是因为船里面是空的，实际上没多少铁，所以它其实很轻。铁钉虽然小，但它是实心的铁，实实在在的重量让它沉下去了。
Deserializing unregistered type router.SessionMemory from checkpoint. This will be blocked in a future version. Add to allowed_msgpack_modules to silence: [('router', 'SessionMemory')]
Deserializing unregistered type router.PerceptionResult from checkpoint. This will be blocked in a future version. Add to allowed_msgpack_modules to silence: [('router', 'PerceptionResult')]
Deserializing unregistered type router.RouteDecision from checkpoint. This will be blocked in a future version. Add to allowed_msgpack_modules to silence: [('router', 'RouteDecision')]
2026-04-13 23:13:47,147 - SessionLogger - INFO - [sim_Baseline_P2_M-BUO-001_7f5889] Student: 呃……可是船那么大，它排开的水也多呀，跟小铁钉能一样吗？我觉得还是因为船整体比较“轻”或者形状特殊吧，不能光看重量。
Deserializing unregistered type router.SessionMemory from checkpoint. This will be blocked in a future version. Add to allowed_msgpack_modules to silence: [('router', 'SessionMemory')]
Deserializing unregistered type router.PerceptionResult from checkpoint. This will be blocked in a future version. Add to allowed_msgpack_modules to silence: [('router', 'PerceptionResult')]
Deserializing unregistered type router.RouteDecision from checkpoint. This will be blocked in a future version. Add to allowed_msgpack_modules to silence: [('router', 'RouteDecision')]
2026-04-13 23:13:47,175 - SessionLogger - INFO - [sim_FSM_P1_M-BUO-001_3b2378] Teacher: 可是你看，用钢铁造的巨大轮船比那颗小铁珠重成千上万倍，它却能浮在海面上，这又该怎么解释呢？
2026-04-13 23:13:49,303 - SessionLogger - INFO - [sim_FSM_P1_M-BUO-001_3b2378] Student: 轮船那是特例，里面是空的嘛。我说的是实心的重物，实心的重物肯定沉，你别拿空心的来混淆视听。
Deserializing unregistered type router.SessionMemory from checkpoint. This will be blocked in a future version. Add to allowed_msgpack_modules to silence: [('router', 'SessionMemory')]
Deserializing unregistered type router.PerceptionResult from checkpoint. This will be blocked in a future version. Add to allowed_msgpack_modules to silence: [('router', 'PerceptionResult')]
Deserializing unregistered type router.RouteDecision from checkpoint. This will be blocked in a future version. Add to allowed_msgpack_modules to silence: [('router', 'RouteDecision')]
2026-04-13 23:13:49,983 - SessionLogger - INFO - [sim_FSM+Guardrail_P3_M-ELE-002_137899] Teacher: 没关系，这个直觉很常见，确实容易让人觉得电是电池“造”出来的。

你可以把导线想象成一根已经灌满水的管子：如果只接一头，就像只推管子的一头而另一头堵死或悬空，管子里的水能形成持续的流动吗？
2026-04-13 23:13:50,821 - SessionLogger - INFO - [sim_Baseline_P2_M-BUO-001_7f5889] Teacher: 你说得对，形状确实很关键。那如果把刚才那枚小铁钉捏成一个小碗的形状放在水面上，你觉得它还会沉下去吗？
2026-04-13 23:13:51,365 - SessionLogger - INFO - [sim_FSM+Guardrail_P3_M-ELE-002_137899] Student: 可是灯泡那里不是通的吗？水可以从灯泡那里流出来呀，就像水龙头一样，没必要非得流回电池里吧？
Deserializing unregistered type router.SessionMemory from checkpoint. This will be blocked in a future version. Add to allowed_msgpack_modules to silence: [('router', 'SessionMemory')]
Deserializing unregistered type router.PerceptionResult from checkpoint. This will be blocked in a future version. Add to allowed_msgpack_modules to silence: [('router', 'PerceptionResult')]
Deserializing unregistered type router.RouteDecision from checkpoint. This will be blocked in a future version. Add to allowed_msgpack_modules to silence: [('router', 'RouteDecision')]
2026-04-13 23:13:51,929 - SessionLogger - INFO - [sim_FSM_P2_M-BUO-001_277aa9] Teacher: 那为什么一艘几万吨重的钢铁巨轮能浮在海面上，而一枚小小的铁钉扔进水里却会立刻沉底呢？
2026-04-13 23:13:51,988 - SessionLogger - INFO - [sim_FSM+Guardrail_P1_M-BUO-001_656714] Teacher: 如果我把那艘巨轮里的空气抽走，换成同样体积的实心钢铁，它确实会变得极重并沉没。

但请想想，在船还是空心的、能漂浮的时候，它的总重量（包括货物和钢铁外壳）是不是依然远远超过那颗小铁钉？
2026-04-13 23:13:52,048 - SessionLogger - INFO - [sim_Baseline_P2_M-BUO-001_7f5889] Student: 应该……不会沉了吧？既然形状变了能浮起来，那是不是说明只要形状合适，重的东西也能浮？但我还是有点晕，重量明明没变啊。
Deserializing unregistered type router.SessionMemory from checkpoint. This will be blocked in a future version. Add to allowed_msgpack_modules to silence: [('router', 'SessionMemory')]
Deserializing unregistered type router.PerceptionResult from checkpoint. This will be blocked in a future version. Add to allowed_msgpack_modules to silence: [('router', 'PerceptionResult')]
Deserializing unregistered type router.RouteDecision from checkpoint. This will be blocked in a future version. Add to allowed_msgpack_modules to silence: [('router', 'RouteDecision')]
2026-04-13 23:13:53,296 - SessionLogger - INFO - [sim_FSM_P2_M-BUO-001_277aa9] Student: 呃……这确实有点奇怪。不过巨轮那么大，里面肯定有很多空气吧？我觉得还是因为铁钉太“实”了所以重，巨轮虽然总重量大，但分摊开来其实很“轻”。
Deserializing unregistered type router.SessionMemory from checkpoint. This will be blocked in a future version. Add to allowed_msgpack_modules to silence: [('router', 'SessionMemory')]
Deserializing unregistered type router.PerceptionResult from checkpoint. This will be blocked in a future version. Add to allowed_msgpack_modules to silence: [('router', 'PerceptionResult')]
Deserializing unregistered type router.RouteDecision from checkpoint. This will be blocked in a future version. Add to allowed_msgpack_modules to silence: [('router', 'RouteDecision')]
2026-04-13 23:13:54,892 - SessionLogger - INFO - [sim_FSM_P1_M-BUO-001_3b2378] Teacher: 没关系，我们只看实心的。那如果有一块很大的实心木头和一颗很小的实心铁珠，木头比铁珠重很多，你觉得它们放进水里，谁会沉下去？
2026-04-13 23:13:55,183 - SessionLogger - INFO - [sim_FSM+Guardrail_P1_M-BUO-001_656714] Student: 可是老师，船那么大，受力面积也大啊，水能托住它。铁钉那么小，水根本托不住，所以重的还是沉，轻的还是浮。
Deserializing unregistered type router.SessionMemory from checkpoint. This will be blocked in a future version. Add to allowed_msgpack_modules to silence: [('router', 'SessionMemory')]
Deserializing unregistered type router.PerceptionResult from checkpoint. This will be blocked in a future version. Add to allowed_msgpack_modules to silence: [('router', 'PerceptionResult')]
Deserializing unregistered type router.RouteDecision from checkpoint. This will be blocked in a future version. Add to allowed_msgpack_modules to silence: [('router', 'RouteDecision')]
2026-04-13 23:13:55,323 - SessionLogger - INFO - [sim_Baseline_P2_M-BUO-001_7f5889] Teacher: 没错，重量确实没变。那既然向下的重力没变，你觉得把铁钉做成碗状后，是什么力变大把它“托”住了呢？
2026-04-13 23:13:55,805 - SessionLogger - INFO - [sim_FSM_P1_M-BUO-001_3b2378] Student: 那肯定是木头沉啊，因为它重。铁珠那么轻，肯定浮在水面上。
Deserializing unregistered type router.SessionMemory from checkpoint. This will be blocked in a future version. Add to allowed_msgpack_modules to silence: [('router', 'SessionMemory')]
Deserializing unregistered type router.PerceptionResult from checkpoint. This will be blocked in a future version. Add to allowed_msgpack_modules to silence: [('router', 'PerceptionResult')]
Deserializing unregistered type router.RouteDecision from checkpoint. This will be blocked in a future version. Add to allowed_msgpack_modules to silence: [('router', 'RouteDecision')]
2026-04-13 23:13:56,257 - SessionLogger - INFO - [sim_Baseline_P2_M-BUO-001_7f5889] Student: 是水的浮力变大了吗？可是铁还是那块铁，重量也没变，为什么做成碗状浮力就会变大呢？
Deserializing unregistered type router.SessionMemory from checkpoint. This will be blocked in a future version. Add to allowed_msgpack_modules to silence: [('router', 'SessionMemory')]
Deserializing unregistered type router.PerceptionResult from checkpoint. This will be blocked in a future version. Add to allowed_msgpack_modules to silence: [('router', 'PerceptionResult')]
Deserializing unregistered type router.RouteDecision from checkpoint. This will be blocked in a future version. Add to allowed_msgpack_modules to silence: [('router', 'RouteDecision')]
2026-04-13 23:13:57,705 - SessionLogger - INFO - [sim_FSM+Guardrail_P3_M-ELE-002_137899] Teacher: 没关系，这个想法很自然，毕竟我们平时用水龙头确实不需要把水接回去。

但电池不像自来水厂那样有无限的水源，它更像是一个封闭的循环水泵；如果水流出去后不流回来补充到泵的入口，泵很快就抽不到水了，你觉得这时候水流还能持续吗？
2026-04-13 23:13:58,730 - SessionLogger - INFO - [sim_FSM_P2_M-BUO-001_277aa9] Teacher: 没关系，能意识到“分摊”这个概念，说明你已经摸到门道了。

那如果我们把巨轮里的空气全部抽走，把它压成一个和铁钉一样大小的实心铁块，你觉得它还会浮在水面上吗？
2026-04-13 23:13:58,766 - SessionLogger - INFO - [sim_FSM+Guardrail_P3_M-ELE-002_137899] Student: 可是电池里不是有很多化学能吗？它不能一直把电荷“变”出来送过去吗？为什么非要流回来才能继续送呢？
Deserializing unregistered type router.SessionMemory from checkpoint. This will be blocked in a future version. Add to allowed_msgpack_modules to silence: [('router', 'SessionMemory')]
Deserializing unregistered type router.PerceptionResult from checkpoint. This will be blocked in a future version. Add to allowed_msgpack_modules to silence: [('router', 'PerceptionResult')]
Deserializing unregistered type router.RouteDecision from checkpoint. This will be blocked in a future version. Add to allowed_msgpack_modules to silence: [('router', 'RouteDecision')]
2026-04-13 23:14:00,029 - SessionLogger - INFO - [sim_FSM_P2_M-BUO-001_277aa9] Student: 那肯定沉啊，变成实心铁块就变“重”了嘛。所以老师您的意思是，刚才那个巨轮能浮起来，不是因为总重量轻，而是因为它体积大、里面空，所以实际上没那么“重”？
Deserializing unregistered type router.SessionMemory from checkpoint. This will be blocked in a future version. Add to allowed_msgpack_modules to silence: [('router', 'SessionMemory')]
Deserializing unregistered type router.PerceptionResult from checkpoint. This will be blocked in a future version. Add to allowed_msgpack_modules to silence: [('router', 'PerceptionResult')]
Deserializing unregistered type router.RouteDecision from checkpoint. This will be blocked in a future version. Add to allowed_msgpack_modules to silence: [('router', 'RouteDecision')]
2026-04-13 23:14:01,033 - SessionLogger - INFO - [sim_FSM+Guardrail_P1_M-BUO-001_656714] Teacher: 没关系，觉得“水托不住”是很直观的感受。

那如果我把这块能浮在水面上的大木头，切成只有铁钉那么小的一小块，你觉得这一小块木头是会沉下去，还是依然浮着呢？
2026-04-13 23:14:02,021 - SessionLogger - INFO - [sim_FSM+Guardrail_P1_M-BUO-001_656714] Student: 那肯定还是浮着啊，因为木头本来就轻嘛。不管切多小，它都变不成重的东西，所以还是不会沉。
Deserializing unregistered type router.SessionMemory from checkpoint. This will be blocked in a future version. Add to allowed_msgpack_modules to silence: [('router', 'SessionMemory')]
Deserializing unregistered type router.PerceptionResult from checkpoint. This will be blocked in a future version. Add to allowed_msgpack_modules to silence: [('router', 'PerceptionResult')]
Deserializing unregistered type router.RouteDecision from checkpoint. This will be blocked in a future version. Add to allowed_msgpack_modules to silence: [('router', 'RouteDecision')]
2026-04-13 23:14:02,554 - SessionLogger - INFO - [sim_Baseline_P2_M-BUO-001_7f5889] Teacher: 浮力的大小跟物体排开水的体积有关。你想想，实心的铁钉和空心的“铁碗”浸没在水里时，谁排开的水更多？
2026-04-13 23:14:02,870 - SessionLogger - INFO - [sim_FSM_P1_M-BUO-001_3b2378] Teacher: 你平时见过木头掉进水里就直直沉到水底，而小铁珠反而漂在水面上的情况吗？
2026-04-13 23:14:03,662 - SessionLogger - INFO - [sim_Baseline_P2_M-BUO-001_7f5889] Student: 肯定是“铁碗”排开的水多，因为它中间是空的，占的地方大。所以……是因为排开的水多了，浮力才变大把它托住的？
Deserializing unregistered type router.SessionMemory from checkpoint. This will be blocked in a future version. Add to allowed_msgpack_modules to silence: [('router', 'SessionMemory')]
Deserializing unregistered type router.PerceptionResult from checkpoint. This will be blocked in a future version. Add to allowed_msgpack_modules to silence: [('router', 'PerceptionResult')]
Deserializing unregistered type router.RouteDecision from checkpoint. This will be blocked in a future version. Add to allowed_msgpack_modules to silence: [('router', 'RouteDecision')]
2026-04-13 23:14:05,037 - SessionLogger - INFO - [sim_FSM_P1_M-BUO-001_3b2378] Student: 反正重的就是会沉，轻的就是会浮。你是不是故意拿这种奇怪的情况来考我？
Deserializing unregistered type router.SessionMemory from checkpoint. This will be blocked in a future version. Add to allowed_msgpack_modules to silence: [('router', 'SessionMemory')]
Deserializing unregistered type router.PerceptionResult from checkpoint. This will be blocked in a future version. Add to allowed_msgpack_modules to silence: [('router', 'PerceptionResult')]
Deserializing unregistered type router.RouteDecision from checkpoint. This will be blocked in a future version. Add to allowed_msgpack_modules to silence: [('router', 'RouteDecision')]
2026-04-13 23:14:05,274 - SessionLogger - INFO - [sim_FSM+Guardrail_P3_M-ELE-002_137899] Teacher: 没关系，这个困惑很正常，我们确实容易把“能量”和“电荷”搞混。

其实电池提供的是推力（能量），而不是电荷本身；导线里本来就挤满了电荷，如果前面的电荷不流回来腾出位置，后面的电荷是不是就挤不进去了？
2026-04-13 23:14:06,441 - SessionLogger - INFO - [sim_FSM+Guardrail_P3_M-ELE-002_137899] Student: 挤不进去？可是导线那么细，电荷那么小，难道真的连一个都塞不进去了吗？我觉得只要电池力气够大，总能硬塞过去的吧。
2026-04-13 23:14:06,441 - SessionLogger - INFO - [sim_FSM+Guardrail_P3_M-ELE-002_137899] Session finished. Resolved: False
2026-04-13 23:14:06,441 - SessionLogger - INFO - [sim_FSM+Guardrail_P2_M-BUO-001_2e5d8f] Starting session
2026-04-13 23:14:06,442 - SessionLogger - INFO - Initialized Session sim_FSM+Guardrail_P2_M-BUO-001_2e5d8f on Unknown for Unknown with version FSM+Guardrail
2026-04-13 23:14:07,304 - SessionLogger - INFO - [sim_FSM+Guardrail_P2_M-BUO-001_2e5d8f] Student Opening: 老师，我觉得只要是重的东西扔水里肯定就沉底了，轻的才会浮起来，这不是很明显吗？
2026-04-13 23:14:07,326 - SessionLogger - INFO - [sim_FSM_P2_M-BUO-001_277aa9] Teacher: 没错，你抓住了关键！不过要注意，变成实心铁块后，它的总重量其实没变（还是那么多铁），变的是它的体积。

既然重量没变却从“浮”变成了“沉”，你觉得这时候真正起决定作用的，是物体的“总重量”，还是它“单位体积里的重量”（也就是我们说的密度）呢？
2026-04-13 23:14:08,217 - SessionLogger - INFO - [sim_Baseline_P2_M-BUO-001_7f5889] Teacher: 没错，排开的水越多，浮力就越大。那现在你再想想，当这个“铁碗”受到的浮力大到什么程度时，它就能稳稳地浮在水面上了？
2026-04-13 23:14:08,450 - SessionLogger - INFO - [sim_FSM+Guardrail_P1_M-BUO-001_656714] Teacher: 没错，小木块确实会浮着。

那现在请你比较一下：这颗沉底的小铁钉，和刚才那块能浮在水面上的大木头，究竟谁更“重”一些呢？
2026-04-13 23:14:08,723 - SessionLogger - INFO - [sim_FSM_P2_M-BUO-001_277aa9] Student: 好像确实是“单位体积里的重量”在起作用……因为铁还是那些铁，变沉是因为挤在一起变得更“密”了。所以我之前说的“重就沉”其实不准确，应该看它挤得紧不紧？
Deserializing unregistered type router.SessionMemory from checkpoint. This will be blocked in a future version. Add to allowed_msgpack_modules to silence: [('router', 'SessionMemory')]
Deserializing unregistered type router.PerceptionResult from checkpoint. This will be blocked in a future version. Add to allowed_msgpack_modules to silence: [('router', 'PerceptionResult')]
Deserializing unregistered type router.RouteDecision from checkpoint. This will be blocked in a future version. Add to allowed_msgpack_modules to silence: [('router', 'RouteDecision')]
2026-04-13 23:14:09,364 - SessionLogger - INFO - [sim_Baseline_P2_M-BUO-001_7f5889] Student: 那是不是浮力大到跟它的重量一样时，它就能浮着了？所以我之前觉得“重的必沉”是不对的，只要排开的水够多，重的东西也能浮？
Deserializing unregistered type router.SessionMemory from checkpoint. This will be blocked in a future version. Add to allowed_msgpack_modules to silence: [('router', 'SessionMemory')]
Deserializing unregistered type router.PerceptionResult from checkpoint. This will be blocked in a future version. Add to allowed_msgpack_modules to silence: [('router', 'PerceptionResult')]
Deserializing unregistered type router.RouteDecision from checkpoint. This will be blocked in a future version. Add to allowed_msgpack_modules to silence: [('router', 'RouteDecision')]
2026-04-13 23:14:10,647 - SessionLogger - INFO - [sim_FSM_P1_M-BUO-001_3b2378] Teacher: 别急，咱们不吵架，先做个小实验想象一下：如果我把一大块实心木头和一颗小铁钉同时扔进水里，你猜谁会沉底？
2026-04-13 23:14:11,546 - SessionLogger - INFO - [sim_FSM_P1_M-BUO-001_3b2378] Student: 木头沉底，因为它重。铁钉那么轻，肯定浮着。
Deserializing unregistered type router.SessionMemory from checkpoint. This will be blocked in a future version. Add to allowed_msgpack_modules to silence: [('router', 'SessionMemory')]
Deserializing unregistered type router.PerceptionResult from checkpoint. This will be blocked in a future version. Add to allowed_msgpack_modules to silence: [('router', 'PerceptionResult')]
Deserializing unregistered type router.RouteDecision from checkpoint. This will be blocked in a future version. Add to allowed_msgpack_modules to silence: [('router', 'RouteDecision')]
2026-04-13 23:14:11,726 - SessionLogger - INFO - [sim_FSM+Guardrail_P1_M-BUO-001_656714] Student: 那肯定是大木头更重啊，它那么大一块呢。但这跟沉浮没关系吧，反正铁钉轻所以沉，木头重但它是木头材质所以浮。
Deserializing unregistered type router.SessionMemory from checkpoint. This will be blocked in a future version. Add to allowed_msgpack_modules to silence: [('router', 'SessionMemory')]
Deserializing unregistered type router.PerceptionResult from checkpoint. This will be blocked in a future version. Add to allowed_msgpack_modules to silence: [('router', 'PerceptionResult')]
Deserializing unregistered type router.RouteDecision from checkpoint. This will be blocked in a future version. Add to allowed_msgpack_modules to silence: [('router', 'RouteDecision')]
2026-04-13 23:14:12,810 - SessionLogger - INFO - [sim_Baseline_P1_M-BUO-001_bff605] Teacher: 那如果是一根小小的铁钉呢？它很轻，但它会沉还是会浮？
2026-04-13 23:14:12,858 - SessionLogger - INFO - [sim_Baseline_P2_M-BUO-001_7f5889] Teacher: 你说得很对，关键在于“排开水的体积”而不是物体本身的轻重。既然你发现了这个秘密，那你能解释一下，为什么用钢铁造的巨型轮船那么重，却不会沉下去吗？
2026-04-13 23:14:13,819 - SessionLogger - INFO - [sim_FSM_P2_M-BUO-001_277aa9] Teacher: 没错，这种“挤得紧不紧”就是密度。

那么，如果我们要判断一个物体在水里是沉还是浮，你觉得应该拿物体的密度去和谁的密度做比较呢？
2026-04-13 23:14:14,042 - SessionLogger - INFO - [sim_Baseline_P1_M-BUO-001_bff605] Student: 铁钉当然会沉啊，虽然它轻，但它是铁做的。我觉得重的才沉，轻的才浮，铁钉这么小肯定不算重吧？不对，反正铁的东西都会沉。
Deserializing unregistered type router.SessionMemory from checkpoint. This will be blocked in a future version. Add to allowed_msgpack_modules to silence: [('router', 'SessionMemory')]
Deserializing unregistered type router.PerceptionResult from checkpoint. This will be blocked in a future version. Add to allowed_msgpack_modules to silence: [('router', 'PerceptionResult')]
Deserializing unregistered type router.RouteDecision from checkpoint. This will be blocked in a future version. Add to allowed_msgpack_modules to silence: [('router', 'RouteDecision')]
2026-04-13 23:14:14,407 - SessionLogger - INFO - [sim_Baseline_P2_M-BUO-001_7f5889] Student: 因为它虽然重，但是船身做得很大很空，排开了特别多的水，所以浮力也特别大。看来只要形状设计得好，再重的东西也能靠巨大的浮力浮起来，不能光看重量了。
Deserializing unregistered type router.SessionMemory from checkpoint. This will be blocked in a future version. Add to allowed_msgpack_modules to silence: [('router', 'SessionMemory')]
Deserializing unregistered type router.PerceptionResult from checkpoint. This will be blocked in a future version. Add to allowed_msgpack_modules to silence: [('router', 'PerceptionResult')]
Deserializing unregistered type router.RouteDecision from checkpoint. This will be blocked in a future version. Add to allowed_msgpack_modules to silence: [('router', 'RouteDecision')]
2026-04-13 23:14:15,103 - SessionLogger - INFO - [sim_FSM_P2_M-BUO-001_277aa9] Student: 应该是和水的密度比吧？毕竟是在水里嘛。那是不是只要比水“挤得松”（密度小）就能浮起来，比水“挤得紧”（密度大）就会沉下去？
Deserializing unregistered type router.SessionMemory from checkpoint. This will be blocked in a future version. Add to allowed_msgpack_modules to silence: [('router', 'SessionMemory')]
Deserializing unregistered type router.PerceptionResult from checkpoint. This will be blocked in a future version. Add to allowed_msgpack_modules to silence: [('router', 'PerceptionResult')]
Deserializing unregistered type router.RouteDecision from checkpoint. This will be blocked in a future version. Add to allowed_msgpack_modules to silence: [('router', 'RouteDecision')]
2026-04-13 23:14:16,591 - SessionLogger - INFO - [sim_FSM+Guardrail_P2_M-BUO-001_2e5d8f] Teacher: 那为什么几万吨重的钢铁轮船能浮在水面上，而一颗小小的铁钉却会沉下去呢？
2026-04-13 23:14:16,756 - SessionLogger - INFO - [sim_FSM_P1_M-BUO-001_3b2378] Teacher: 没关系，这种直觉很常见。但咱们回想一下生活：你见过木头在水里沉底，而小铁钉反而漂在水面上的情况吗？
2026-04-13 23:14:17,142 - SessionLogger - INFO - [sim_Baseline_P1_M-BUO-001_bff605] Teacher: 既然铁做的都会沉，那为什么巨大的钢铁轮船却能浮在水面上呢？

它也是铁做的，难道因为它大，铁的性质就变了吗？
2026-04-13 23:14:17,964 - SessionLogger - INFO - [sim_FSM+Guardrail_P2_M-BUO-001_2e5d8f] Student: 呃……轮船虽然重，但它里面是空的呀，可能因为空所以变“轻”了？铁钉是实心的，所以它就沉下去了。
Deserializing unregistered type router.SessionMemory from checkpoint. This will be blocked in a future version. Add to allowed_msgpack_modules to silence: [('router', 'SessionMemory')]
Deserializing unregistered type router.PerceptionResult from checkpoint. This will be blocked in a future version. Add to allowed_msgpack_modules to silence: [('router', 'PerceptionResult')]
Deserializing unregistered type router.RouteDecision from checkpoint. This will be blocked in a future version. Add to allowed_msgpack_modules to silence: [('router', 'RouteDecision')]
2026-04-13 23:14:18,328 - SessionLogger - INFO - [sim_FSM_P1_M-BUO-001_3b2378] Student: 我不管别人见没见过，反正我觉得重的肯定沉。木头比铁钉重多了，所以木头沉。
Deserializing unregistered type router.SessionMemory from checkpoint. This will be blocked in a future version. Add to allowed_msgpack_modules to silence: [('router', 'SessionMemory')]
Deserializing unregistered type router.PerceptionResult from checkpoint. This will be blocked in a future version. Add to allowed_msgpack_modules to silence: [('router', 'PerceptionResult')]
Deserializing unregistered type router.RouteDecision from checkpoint. This will be blocked in a future version. Add to allowed_msgpack_modules to silence: [('router', 'RouteDecision')]
2026-04-13 23:14:18,509 - SessionLogger - INFO - [sim_Baseline_P1_M-BUO-001_bff605] Student: 轮船里面是空的呀，所以它整体其实很轻。我还是觉得只要够轻就能浮，跟是不是铁做的没关系，关键是重量。
Deserializing unregistered type router.SessionMemory from checkpoint. This will be blocked in a future version. Add to allowed_msgpack_modules to silence: [('router', 'SessionMemory')]
Deserializing unregistered type router.PerceptionResult from checkpoint. This will be blocked in a future version. Add to allowed_msgpack_modules to silence: [('router', 'PerceptionResult')]
Deserializing unregistered type router.RouteDecision from checkpoint. This will be blocked in a future version. Add to allowed_msgpack_modules to silence: [('router', 'RouteDecision')]
2026-04-13 23:14:28,035 - SessionLogger - INFO - [sim_FSM_P2_M-BUO-001_277aa9] Teacher: 这个推论非常精彩！那我们来检验一下：如果一艘钢制巨轮的平均密度确实比水小，它就能浮起来。

但如果我们往船舱里不断装入沉重的货物，让它的平均密度慢慢变大，直到刚好等于水的密度，你觉得这时候船会停在水面的哪个位置呢？
2026-04-13 23:14:28,035 - SessionLogger - INFO - [sim_FSM_P2_M-BUO-001_277aa9] Session finished. Resolved: True
2026-04-13 23:14:28,035 - SessionLogger - INFO - [sim_Baseline_P3_M-BUO-001_201c6c] Starting session
2026-04-13 23:14:28,036 - SessionLogger - INFO - Initialized Session sim_Baseline_P3_M-BUO-001_201c6c on Unknown for Unknown with version FSM+Guardrail
2026-04-13 23:14:28,984 - SessionLogger - INFO - [sim_Baseline_P3_M-BUO-001_201c6c] Student Opening: 老师，为什么那个大铁块一扔进水里就沉底了，是不是因为所有重的东西肯定都会往下沉呀？
2026-04-13 23:14:28,992 - SessionLogger - INFO - [sim_Baseline_P1_M-BUO-001_bff605] Teacher: 既然你觉得关键是“轻”，那我们把轮船里的货物卸掉，让它变得更轻，你觉得它会浮得更高还是更低？
2026-04-13 23:14:29,016 - SessionLogger - INFO - [sim_FSM+Guardrail_P1_M-BUO-001_656714] Teacher: 你说得对，大木头确实比小铁钉重，但它却浮着，而轻的铁钉反而沉了，这说明“谁更重”并不是决定沉浮的唯一标准。

既然重量不是唯一原因，你觉得当我们把物体按进水里时，水对它的“托力”（浮力）大小，主要跟物体排开的水的多少有关，还是跟物体本身的材质有关呢？
2026-04-13 23:14:32,237 - SessionLogger - INFO - [sim_Baseline_P1_M-BUO-001_bff605] Student: 那肯定浮得更高啊，因为变得更轻了嘛。越轻的东西不是应该浮得越高吗？
Deserializing unregistered type router.SessionMemory from checkpoint. This will be blocked in a future version. Add to allowed_msgpack_modules to silence: [('router', 'SessionMemory')]
Deserializing unregistered type router.PerceptionResult from checkpoint. This will be blocked in a future version. Add to allowed_msgpack_modules to silence: [('router', 'PerceptionResult')]
Deserializing unregistered type router.RouteDecision from checkpoint. This will be blocked in a future version. Add to allowed_msgpack_modules to silence: [('router', 'RouteDecision')]
2026-04-13 23:14:33,029 - SessionLogger - INFO - [sim_FSM+Guardrail_P1_M-BUO-001_656714] Student: 我觉得还是跟材质有关吧，毕竟铁就是容易沉，木头就是容易浮。排开多少水那是结果，不是原因，重的东西自然就把水挤开了然后沉下去。
Deserializing unregistered type router.SessionMemory from checkpoint. This will be blocked in a future version. Add to allowed_msgpack_modules to silence: [('router', 'SessionMemory')]
Deserializing unregistered type router.PerceptionResult from checkpoint. This will be blocked in a future version. Add to allowed_msgpack_modules to silence: [('router', 'PerceptionResult')]
Deserializing unregistered type router.RouteDecision from checkpoint. This will be blocked in a future version. Add to allowed_msgpack_modules to silence: [('router', 'RouteDecision')]
2026-04-13 23:14:33,338 - SessionLogger - INFO - [sim_FSM+Guardrail_P2_M-BUO-001_2e5d8f] Teacher: 没关系，能注意到“空心”这个结构差异很棒。

如果我们在岸边把一艘巨大的轮船拆成无数块实心的钢铁碎片扔进水里，每一块都会沉底，那为什么把它们组装成空心的船形后，就能浮起来了呢？
2026-04-13 23:14:34,990 - SessionLogger - INFO - [sim_FSM+Guardrail_P2_M-BUO-001_2e5d8f] Student: 组装成船形后，它占的地方变大了，水把它托住的力是不是也变大了？可是它的总重量没变啊，光靠形状真能改变沉浮吗？
Deserializing unregistered type router.SessionMemory from checkpoint. This will be blocked in a future version. Add to allowed_msgpack_modules to silence: [('router', 'SessionMemory')]
Deserializing unregistered type router.PerceptionResult from checkpoint. This will be blocked in a future version. Add to allowed_msgpack_modules to silence: [('router', 'PerceptionResult')]
Deserializing unregistered type router.RouteDecision from checkpoint. This will be blocked in a future version. Add to allowed_msgpack_modules to silence: [('router', 'RouteDecision')]
2026-04-13 23:14:37,885 - SessionLogger - INFO - [sim_Baseline_P3_M-BUO-001_201c6c] Teacher: 那你看海上的巨型轮船，它比那个小铁块重成千上万倍，为什么它能浮在水面上而不沉下去呢？
2026-04-13 23:14:38,460 - SessionLogger - INFO - [sim_Baseline_P1_M-BUO-001_bff605] Teacher: 好，那如果这艘空船轻到几乎没重量，它是不是应该直接飞出水面，飘到天上去？
2026-04-13 23:14:39,037 - SessionLogger - INFO - [sim_Baseline_P3_M-BUO-001_201c6c] Student: 可是……轮船里面是空的呀，感觉跟实心的铁块不太一样？
而且它那么大，是不是因为水把它“托”住了，不是因为轻才浮起来的吧？
Deserializing unregistered type router.SessionMemory from checkpoint. This will be blocked in a future version. Add to allowed_msgpack_modules to silence: [('router', 'SessionMemory')]
Deserializing unregistered type router.PerceptionResult from checkpoint. This will be blocked in a future version. Add to allowed_msgpack_modules to silence: [('router', 'PerceptionResult')]
Deserializing unregistered type router.RouteDecision from checkpoint. This will be blocked in a future version. Add to allowed_msgpack_modules to silence: [('router', 'RouteDecision')]
2026-04-13 23:14:40,983 - SessionLogger - INFO - [sim_FSM+Guardrail_P2_M-BUO-001_2e5d8f] Teacher: 没错，你的直觉很准！形状确实改变了它“占的地方”，也就是排开水的体积。

既然总重量没变，而水向上的托力变大了，你觉得这时候向上的力和向下的重力相比，谁更大一些呢？
2026-04-13 23:14:41,407 - SessionLogger - INFO - [sim_FSM+Guardrail_P1_M-BUO-001_656714] Teacher: 材质确实很重要，但我们可以换个角度想：如果把同样大小的铁块和木块完全按进水里，它们排开的水是一样多的。

既然排开的水一样多，水给它们的向上托力（浮力）也就一样大，那为什么铁块还是沉下去，而松手后木块却会浮上来呢？
2026-04-13 23:14:41,659 - SessionLogger - INFO - [sim_Baseline_P1_M-BUO-001_bff605] Student: 那怎么可能，它还是铁做的啊，肯定还在水里。反正只要不是特别重，它就会浮着，但不会飞出去。
2026-04-13 23:14:41,659 - SessionLogger - INFO - [sim_Baseline_P1_M-BUO-001_bff605] Session finished. Resolved: False
2026-04-13 23:14:41,659 - SessionLogger - INFO - [sim_FSM_P3_M-BUO-001_9920f7] Starting session
2026-04-13 23:14:41,659 - SessionLogger - INFO - Initialized Session sim_FSM_P3_M-BUO-001_9920f7 on Unknown for Unknown with version FSM+Guardrail
2026-04-13 23:14:43,632 - SessionLogger - INFO - [sim_FSM_P3_M-BUO-001_9920f7] Student Opening: 老师，我不明白，为什么那么大的轮船能浮在水面上，可我手里这块小小的铁块一扔进去就沉底了，难道不是因为铁块比轮船“重”才沉下去的吗？
2026-04-13 23:14:43,637 - SessionLogger - INFO - [sim_FSM+Guardrail_P2_M-BUO-001_2e5d8f] Student: 如果它能浮着，那肯定是向上的力更大或者跟重力一样大吧？可是老师，为什么排开的水多了，向上的力就会变大呢？这点我还是有点想不通。
Deserializing unregistered type router.SessionMemory from checkpoint. This will be blocked in a future version. Add to allowed_msgpack_modules to silence: [('router', 'SessionMemory')]
Deserializing unregistered type router.PerceptionResult from checkpoint. This will be blocked in a future version. Add to allowed_msgpack_modules to silence: [('router', 'PerceptionResult')]
Deserializing unregistered type router.RouteDecision from checkpoint. This will be blocked in a future version. Add to allowed_msgpack_modules to silence: [('router', 'RouteDecision')]
2026-04-13 23:14:43,651 - SessionLogger - INFO - [sim_Baseline_P3_M-BUO-001_201c6c] Teacher: 你说得对，确实是水把它“托”住了，这个力叫浮力。那既然轮船那么重都能被托住，你觉得决定物体沉浮的关键，究竟是它有多“重”，还是它有多“挤”（占据的空间大小）呢？
2026-04-13 23:14:45,025 - SessionLogger - INFO - [sim_FSM+Guardrail_P1_M-BUO-001_656714] Student: 因为铁块重啊，水托不住它。木块轻，水一托它就上来了，这还是因为重量不一样嘛。
Deserializing unregistered type router.SessionMemory from checkpoint. This will be blocked in a future version. Add to allowed_msgpack_modules to silence: [('router', 'SessionMemory')]
Deserializing unregistered type router.PerceptionResult from checkpoint. This will be blocked in a future version. Add to allowed_msgpack_modules to silence: [('router', 'PerceptionResult')]
Deserializing unregistered type router.RouteDecision from checkpoint. This will be blocked in a future version. Add to allowed_msgpack_modules to silence: [('router', 'RouteDecision')]
2026-04-13 23:14:45,053 - SessionLogger - INFO - [sim_Baseline_P3_M-BUO-001_201c6c] Student: “挤”……是指它占的地方大吗？
可是老师，如果我把那个大轮船捏成一个实心小铁球，它肯定就沉了呀，那这时候它变轻了吗？没有吧，所以还是重的会沉吧？
Deserializing unregistered type router.SessionMemory from checkpoint. This will be blocked in a future version. Add to allowed_msgpack_modules to silence: [('router', 'SessionMemory')]
Deserializing unregistered type router.PerceptionResult from checkpoint. This will be blocked in a future version. Add to allowed_msgpack_modules to silence: [('router', 'PerceptionResult')]
Deserializing unregistered type router.RouteDecision from checkpoint. This will be blocked in a future version. Add to allowed_msgpack_modules to silence: [('router', 'RouteDecision')]
2026-04-13 23:14:49,114 - SessionLogger - INFO - [sim_FSM_P3_M-BUO-001_9920f7] Teacher: 没关系，这个直觉确实很容易让人困惑。

如果“重”是决定下沉的唯一原因，那我们把一小块木头和一颗小铁珠放在一起比，木头可能更重，你觉得它们谁会沉下去呢？
2026-04-13 23:14:49,987 - SessionLogger - INFO - [sim_FSM+Guardrail_P2_M-BUO-001_2e5d8f] Teacher: 没关系，这个联系确实比较抽象。

你可以想象一下，当你把一个空瓶子用力按进水里时，是不是排开的水越多，你感觉手底下那股往上顶的劲儿就越大？
2026-04-13 23:14:50,047 - SessionLogger - INFO - [sim_FSM_P3_M-BUO-001_9920f7] Student: 啊？木头怎么可能比铁珠重呀……老师你是不是举错例子了？铁肯定更重，所以铁才会沉嘛。
Deserializing unregistered type router.SessionMemory from checkpoint. This will be blocked in a future version. Add to allowed_msgpack_modules to silence: [('router', 'SessionMemory')]
Deserializing unregistered type router.PerceptionResult from checkpoint. This will be blocked in a future version. Add to allowed_msgpack_modules to silence: [('router', 'PerceptionResult')]
Deserializing unregistered type router.RouteDecision from checkpoint. This will be blocked in a future version. Add to allowed_msgpack_modules to silence: [('router', 'RouteDecision')]
2026-04-13 23:14:51,123 - SessionLogger - INFO - [sim_FSM+Guardrail_P2_M-BUO-001_2e5d8f] Student: 确实，按下去的时候感觉水一直在往上顶我。所以是因为船的形状让它排开了更多的水，水给的这个“顶力”才大到能托住那么重的钢铁吗？
Deserializing unregistered type router.SessionMemory from checkpoint. This will be blocked in a future version. Add to allowed_msgpack_modules to silence: [('router', 'SessionMemory')]
Deserializing unregistered type router.PerceptionResult from checkpoint. This will be blocked in a future version. Add to allowed_msgpack_modules to silence: [('router', 'PerceptionResult')]
Deserializing unregistered type router.RouteDecision from checkpoint. This will be blocked in a future version. Add to allowed_msgpack_modules to silence: [('router', 'RouteDecision')]
2026-04-13 23:14:51,250 - SessionLogger - INFO - [sim_Baseline_P3_M-BUO-001_201c6c] Teacher: 重量确实没变，但你刚才也说了，它从“空心大船”变成了“实心小球”，它占的地方（体积）是不是变小了很多？

既然重量不变，但占的地方变小了，你觉得这时候水和铁块之间的“较量”，关键是不是在于单位体积里谁更“实在”呢？
2026-04-13 23:14:51,432 - SessionLogger - INFO - [sim_Baseline_P2_M-BUO-001_7f5889] Teacher: 理解得很透彻！那如果这艘满载货物的轮船从大海驶入密度较小的江河里，为了保持浮力依然等于重力，它排开水的体积会怎么变？船身是会下沉一些还是上浮一些呢？
2026-04-13 23:14:52,456 - SessionLogger - INFO - [sim_Baseline_P2_M-BUO-001_7f5889] Student: 既然河水密度小，那是不是得排开更多的水才能产生同样的浮力？所以船身应该会下沉一些吧？
Deserializing unregistered type router.SessionMemory from checkpoint. This will be blocked in a future version. Add to allowed_msgpack_modules to silence: [('router', 'SessionMemory')]
Deserializing unregistered type router.PerceptionResult from checkpoint. This will be blocked in a future version. Add to allowed_msgpack_modules to silence: [('router', 'PerceptionResult')]
Deserializing unregistered type router.RouteDecision from checkpoint. This will be blocked in a future version. Add to allowed_msgpack_modules to silence: [('router', 'RouteDecision')]
2026-04-13 23:14:53,062 - SessionLogger - INFO - [sim_Baseline_P3_M-BUO-001_201c6c] Student: 单位体积……是指把东西切开看里面有多密吗？
可是老师，我还是有点晕，既然重量没变，为什么只是形状变了、占的地方小了，它就从“能浮”变成“必沉”了呢？这中间的界限到底在哪呀？
Deserializing unregistered type router.SessionMemory from checkpoint. This will be blocked in a future version. Add to allowed_msgpack_modules to silence: [('router', 'SessionMemory')]
Deserializing unregistered type router.PerceptionResult from checkpoint. This will be blocked in a future version. Add to allowed_msgpack_modules to silence: [('router', 'PerceptionResult')]
Deserializing unregistered type router.RouteDecision from checkpoint. This will be blocked in a future version. Add to allowed_msgpack_modules to silence: [('router', 'RouteDecision')]
2026-04-13 23:14:55,596 - SessionLogger - INFO - [sim_FSM+Guardrail_P2_M-BUO-001_2e5d8f] Teacher: 没错，就是这个道理！

既然现在这个向上的“顶力”已经足以托住钢铁船了，你觉得此时它受到的浮力和自身的重力是什么关系呢？
2026-04-13 23:14:55,614 - SessionLogger - INFO - [sim_FSM_P3_M-BUO-001_9920f7] Teacher: 没关系，这种直觉很常见。

那如果我们找一块巨大的实心木桩，它肯定比那颗小铁珠重得多，你觉得这块大木桩扔进水里，会像铁珠一样沉底吗？
2026-04-13 23:14:56,706 - SessionLogger - INFO - [sim_FSM+Guardrail_P2_M-BUO-001_2e5d8f] Student: 既然它稳稳地浮在水面上没动，那这两个力应该是相等的吧？看来只要排开的水够多，产生的浮力确实能抵消掉很大的重力。
Deserializing unregistered type router.SessionMemory from checkpoint. This will be blocked in a future version. Add to allowed_msgpack_modules to silence: [('router', 'SessionMemory')]
Deserializing unregistered type router.PerceptionResult from checkpoint. This will be blocked in a future version. Add to allowed_msgpack_modules to silence: [('router', 'PerceptionResult')]
Deserializing unregistered type router.RouteDecision from checkpoint. This will be blocked in a future version. Add to allowed_msgpack_modules to silence: [('router', 'RouteDecision')]
2026-04-13 23:14:57,047 - SessionLogger - INFO - [sim_FSM_P3_M-BUO-001_9920f7] Student: 可是……木头就是会浮起来啊，不管它多大。
老师，这跟重量没关系吧？是不是因为木头比较“轻”（指材质），所以它就浮着？
Deserializing unregistered type router.SessionMemory from checkpoint. This will be blocked in a future version. Add to allowed_msgpack_modules to silence: [('router', 'SessionMemory')]
Deserializing unregistered type router.PerceptionResult from checkpoint. This will be blocked in a future version. Add to allowed_msgpack_modules to silence: [('router', 'PerceptionResult')]
Deserializing unregistered type router.RouteDecision from checkpoint. This will be blocked in a future version. Add to allowed_msgpack_modules to silence: [('router', 'RouteDecision')]
2026-04-13 23:14:57,231 - SessionLogger - INFO - [sim_Baseline_P3_M-BUO-001_201c6c] Teacher: 没错，单位体积的质量就是密度。

你想想，当轮船是空心时，它排开的水的体积很大，还是很小？这时候它受到的浮力，跟把它捏成实心球后排开水的体积相比，哪个更大呢？
2026-04-13 23:14:57,451 - SessionLogger - INFO - [sim_Baseline_P2_M-BUO-001_7f5889] Teacher: 没错，你的推理完全正确。既然排开水的体积变大了，那吃水深度自然会增加。那你想想，如果这艘船不幸撞破了一个洞，海水涌进船舱，它受到的总重力会怎么变？这时候浮力还能“托住”它吗？
2026-04-13 23:14:58,657 - SessionLogger - INFO - [sim_Baseline_P2_M-BUO-001_7f5889] Student: 水进来了，船的总重量肯定变大了。如果它排开水的体积没法再变大（因为船已经快沉到甲板了），浮力不够大，那船肯定会沉下去吧？
Deserializing unregistered type router.SessionMemory from checkpoint. This will be blocked in a future version. Add to allowed_msgpack_modules to silence: [('router', 'SessionMemory')]
Deserializing unregistered type router.PerceptionResult from checkpoint. This will be blocked in a future version. Add to allowed_msgpack_modules to silence: [('router', 'PerceptionResult')]
Deserializing unregistered type router.RouteDecision from checkpoint. This will be blocked in a future version. Add to allowed_msgpack_modules to silence: [('router', 'RouteDecision')]
2026-04-13 23:14:59,041 - SessionLogger - INFO - [sim_Baseline_P3_M-BUO-001_201c6c] Student: 排开的水……是指它把水挤走的那部分吗？那空心船占的地方大，挤走的水肯定更多吧。
可是老师，挤走的水多，水给的力就真的能大到托住那么重的铁吗？我还是觉得重量才是老大呀。
Deserializing unregistered type router.SessionMemory from checkpoint. This will be blocked in a future version. Add to allowed_msgpack_modules to silence: [('router', 'SessionMemory')]
Deserializing unregistered type router.PerceptionResult from checkpoint. This will be blocked in a future version. Add to allowed_msgpack_modules to silence: [('router', 'PerceptionResult')]
Deserializing unregistered type router.RouteDecision from checkpoint. This will be blocked in a future version. Add to allowed_msgpack_modules to silence: [('router', 'RouteDecision')]
2026-04-13 23:15:02,096 - SessionLogger - INFO - [sim_Baseline_P2_M-BUO-001_7f5889] Teacher: 分析得非常到位！当重力超过了最大浮力，平衡就被打破了。那如果我们在船舱里装满泡沫塑料而不是海水，你觉得船还会沉吗？为什么？
2026-04-13 23:15:09,551 - SessionLogger - INFO - [sim_FSM+Guardrail_P2_M-BUO-001_2e5d8f] Teacher: 分析得很到位！既然浮力已经等于重力让它漂浮了，那如果我们往船里不断装入货物，让它的总重量增加，你觉得船身会发生什么变化来产生更大的浮力去平衡这个新增加的重力呢？
2026-04-13 23:15:09,551 - SessionLogger - INFO - [sim_FSM+Guardrail_P2_M-BUO-001_2e5d8f] Session finished. Resolved: True
2026-04-13 23:15:09,551 - SessionLogger - INFO - [sim_FSM+Guardrail_P3_M-BUO-001_0e40ad] Starting session
2026-04-13 23:15:09,552 - SessionLogger - INFO - Initialized Session sim_FSM+Guardrail_P3_M-BUO-001_0e40ad on Unknown for Unknown with version FSM+Guardrail
2026-04-13 23:15:10,573 - SessionLogger - INFO - [sim_FSM+Guardrail_P3_M-BUO-001_0e40ad] Student Opening: 老师，我不明白，为什么那么大的轮船能浮在水面上，而我扔一个小石子进去它就沉底了，难道不是因为石子比轮船重吗？
2026-04-13 23:15:10,579 - SessionLogger - INFO - [sim_Baseline_P2_M-BUO-001_7f5889] Student: 泡沫塑料很轻啊，装进去总重量增加得很少，肯定比装水轻多了。既然没那么重，浮力应该还能托得住，船就不会沉吧？
Deserializing unregistered type router.SessionMemory from checkpoint. This will be blocked in a future version. Add to allowed_msgpack_modules to silence: [('router', 'SessionMemory')]
Deserializing unregistered type router.PerceptionResult from checkpoint. This will be blocked in a future version. Add to allowed_msgpack_modules to silence: [('router', 'PerceptionResult')]
Deserializing unregistered type router.RouteDecision from checkpoint. This will be blocked in a future version. Add to allowed_msgpack_modules to silence: [('router', 'RouteDecision')]
2026-04-13 23:15:10,588 - SessionLogger - INFO - [sim_Baseline_P3_M-BUO-001_201c6c] Teacher: 阿基米德发现，浮力的大小其实就等于被挤走的那部分水的重力。

你想想，如果一艘船挤走了100吨的水，而船本身只有50吨重，这时候向上的力和向下的力，谁更大呢？
2026-04-13 23:15:10,588 - SessionLogger - INFO - [sim_FSM_P3_M-BUO-001_9920f7] Teacher: 你说得很对，确实和材质有关。

那轮船也是钢铁做的，材质和铁块一样“重”，为什么它就能浮起来，而实心铁块却不行呢？
2026-04-13 23:15:12,214 - SessionLogger - INFO - [sim_Baseline_P3_M-BUO-001_201c6c] Student: 向上的是100吨水的力，向下的是50吨船的力……那向上的力确实大。
可是老师，这听起来像是因为水“多”才浮起来的，如果我把这艘船扔进一个小水杯里，它挤不走那么多水，是不是就算它很轻也会沉下去？
Deserializing unregistered type router.SessionMemory from checkpoint. This will be blocked in a future version. Add to allowed_msgpack_modules to silence: [('router', 'SessionMemory')]
Deserializing unregistered type router.PerceptionResult from checkpoint. This will be blocked in a future version. Add to allowed_msgpack_modules to silence: [('router', 'PerceptionResult')]
Deserializing unregistered type router.RouteDecision from checkpoint. This will be blocked in a future version. Add to allowed_msgpack_modules to silence: [('router', 'RouteDecision')]
2026-04-13 23:15:13,889 - SessionLogger - INFO - [sim_FSM_P3_M-BUO-001_9920f7] Student: 可是老师，轮船也是铁做的呀，材质没变，它肯定还是很重啊。
难道是因为轮船太大了，所以它就不算“重物”了吗？我还是觉得重的东西就该沉下去。
Deserializing unregistered type router.SessionMemory from checkpoint. This will be blocked in a future version. Add to allowed_msgpack_modules to silence: [('router', 'SessionMemory')]
Deserializing unregistered type router.PerceptionResult from checkpoint. This will be blocked in a future version. Add to allowed_msgpack_modules to silence: [('router', 'PerceptionResult')]
Deserializing unregistered type router.RouteDecision from checkpoint. This will be blocked in a future version. Add to allowed_msgpack_modules to silence: [('router', 'RouteDecision')]
2026-04-13 23:15:16,303 - SessionLogger - INFO - [sim_Baseline_P2_M-BUO-001_7f5889] Teacher: 你说得对，总重力没怎么变，浮力依然能平衡它。那这说明，除了看排开水的体积，物体的“平均密度”是不是也是个关键因素？
2026-04-13 23:15:16,673 - SessionLogger - INFO - [sim_FSM+Guardrail_P3_M-BUO-001_0e40ad] Teacher: 别着急，这种直觉上的矛盾确实很让人困惑。

如果我们将轮船里所有的钢铁都拆下来，熔铸成一块和那个小石子差不多大小的实心铁块，你觉得这块小铁块还会浮在水面上吗？
2026-04-13 23:15:17,697 - SessionLogger - INFO - [sim_FSM_P1_M-BUO-001_3b2378] Teacher: 别急，咱们先不谈木头和铁钉。想象一下，你手里有一个充满气的大气球和一个小小的实心铁球。虽然大气球可能比小铁球重一点点，但如果你把它们都按进水里再松手，你觉得谁会拼命往上跑？
2026-04-13 23:15:17,765 - SessionLogger - INFO - [sim_FSM+Guardrail_P3_M-BUO-001_0e40ad] Student: 那肯定沉啊，铁那么重。可是老师，轮船不也是铁做的吗？它那么大那么重都能浮着，怎么变小了反而就沉了？
Deserializing unregistered type router.SessionMemory from checkpoint. This will be blocked in a future version. Add to allowed_msgpack_modules to silence: [('router', 'SessionMemory')]
Deserializing unregistered type router.PerceptionResult from checkpoint. This will be blocked in a future version. Add to allowed_msgpack_modules to silence: [('router', 'PerceptionResult')]
Deserializing unregistered type router.RouteDecision from checkpoint. This will be blocked in a future version. Add to allowed_msgpack_modules to silence: [('router', 'RouteDecision')]
2026-04-13 23:15:17,828 - SessionLogger - INFO - [sim_Baseline_P2_M-BUO-001_7f5889] Student: 平均密度？这词听着有点玄乎。但我还是觉得，只要东西够轻，比如泡沫，它就能浮；要是像铁块那么重，肯定就沉了，跟什么平均不平均的有关系吗？
2026-04-13 23:15:17,829 - SessionLogger - INFO - [sim_Baseline_P2_M-BUO-001_7f5889] Session finished. Resolved: False
2026-04-13 23:15:17,829 - SessionLogger - INFO - [sim_Baseline_P1_M-BUO-002_f2f0ea] Starting session
2026-04-13 23:15:17,829 - SessionLogger - INFO - Initialized Session sim_Baseline_P1_M-BUO-002_f2f0ea on Unknown for Unknown with version FSM+Guardrail
2026-04-13 23:15:18,805 - SessionLogger - INFO - [sim_Baseline_P1_M-BUO-002_f2f0ea] Student Opening: 老师，我觉得那个潜水艇潜得越深，受到的浮力肯定就越大吧，毕竟水越深压强不是越大吗？
2026-04-13 23:15:19,325 - SessionLogger - INFO - [sim_Baseline_P3_M-BUO-001_201c6c] Teacher: 这个直觉很敏锐！如果杯子太小，船底还没完全浸入水中就碰到杯底了，那它确实没法获得足够的浮力。

但假设我们有一个足够深、足够大的水池，让船能自由地“挤”水。你觉得决定船能不能浮起来的，是水池里总共有多少水，还是船自己“挤”走了多少水呢？
2026-04-13 23:15:20,638 - SessionLogger - INFO - [sim_FSM_P1_M-BUO-001_3b2378] Student: 肯定是铁球沉，因为它重。气球虽然大，但它轻啊，轻的东西当然往上飘。
Deserializing unregistered type router.SessionMemory from checkpoint. This will be blocked in a future version. Add to allowed_msgpack_modules to silence: [('router', 'SessionMemory')]
Deserializing unregistered type router.PerceptionResult from checkpoint. This will be blocked in a future version. Add to allowed_msgpack_modules to silence: [('router', 'PerceptionResult')]
Deserializing unregistered type router.RouteDecision from checkpoint. This will be blocked in a future version. Add to allowed_msgpack_modules to silence: [('router', 'RouteDecision')]
2026-04-13 23:15:20,717 - SessionLogger - INFO - [sim_Baseline_P3_M-BUO-001_201c6c] Student: 应该是船挤走的那部分水吧……毕竟水池里的其他水好像没碰到船。
可是老师，如果船特别特别重，它是不是就算把周围的水都挤干了也浮不起来？所以最后还是看它有多重对吧？
Deserializing unregistered type router.SessionMemory from checkpoint. This will be blocked in a future version. Add to allowed_msgpack_modules to silence: [('router', 'SessionMemory')]
Deserializing unregistered type router.PerceptionResult from checkpoint. This will be blocked in a future version. Add to allowed_msgpack_modules to silence: [('router', 'PerceptionResult')]
Deserializing unregistered type router.RouteDecision from checkpoint. This will be blocked in a future version. Add to allowed_msgpack_modules to silence: [('router', 'RouteDecision')]
2026-04-13 23:15:22,717 - SessionLogger - INFO - [sim_FSM_P3_M-BUO-001_9920f7] Teacher: 没关系，觉得矛盾是很正常的，这说明你在认真思考。

既然都是铁做的，你觉得把实心的铁块捏成空心的碗状（像小船那样），它排开水的体积是变大了还是变小了？
2026-04-13 23:15:23,435 - SessionLogger - INFO - [sim_FSM+Guardrail_P3_M-BUO-001_0e40ad] Teacher: 没关系，这个反差确实很容易让人迷糊。

既然材料都是铁，那轮船做成空心的巨大形状，和实心的小铁块相比，它们“排开”水的体积有什么巨大的差别吗？
2026-04-13 23:15:23,900 - SessionLogger - INFO - [sim_FSM_P3_M-BUO-001_9920f7] Student: 捏成碗状……那它占的地方确实变大了吧？
可是老师，它的重量没变啊，还是那么重，为什么排开的水多了就能浮起来呢？
Deserializing unregistered type router.SessionMemory from checkpoint. This will be blocked in a future version. Add to allowed_msgpack_modules to silence: [('router', 'SessionMemory')]
Deserializing unregistered type router.PerceptionResult from checkpoint. This will be blocked in a future version. Add to allowed_msgpack_modules to silence: [('router', 'PerceptionResult')]
Deserializing unregistered type router.RouteDecision from checkpoint. This will be blocked in a future version. Add to allowed_msgpack_modules to silence: [('router', 'RouteDecision')]
2026-04-13 23:15:24,623 - SessionLogger - INFO - [sim_FSM+Guardrail_P3_M-BUO-001_0e40ad] Student: 轮船排开的水肯定多啊，因为它大。但这跟它浮起来有啥关系？我觉得还是因为轮船虽然大，但它是空心的，所以其实没那么“重”吧？
Deserializing unregistered type router.SessionMemory from checkpoint. This will be blocked in a future version. Add to allowed_msgpack_modules to silence: [('router', 'SessionMemory')]
Deserializing unregistered type router.PerceptionResult from checkpoint. This will be blocked in a future version. Add to allowed_msgpack_modules to silence: [('router', 'PerceptionResult')]
Deserializing unregistered type router.RouteDecision from checkpoint. This will be blocked in a future version. Add to allowed_msgpack_modules to silence: [('router', 'RouteDecision')]
2026-04-13 23:15:25,967 - SessionLogger - INFO - [sim_Baseline_P1_M-BUO-002_f2f0ea] Teacher: 压强确实随深度增加而变大，但这和浮力是一回事吗？

回想一下阿基米德原理，浮力大小主要看哪两个因素？当潜水艇完全没入水中后，这两个因素变了吗？
2026-04-13 23:15:26,049 - SessionLogger - INFO - [sim_FSM_P1_M-BUO-001_3b2378] Teacher: 好，那咱们换个角度：如果我把那个小铁球敲扁，做成一个空心的小铁碗，它的重量变了吗？
2026-04-13 23:15:27,111 - SessionLogger - INFO - [sim_Baseline_P1_M-BUO-002_f2f0ea] Student: 可是压强变大了，那向上的推力肯定也变大了啊，浮力不就是靠这个推力吗？我觉得只要深度增加，浮力就一定变大。
Deserializing unregistered type router.SessionMemory from checkpoint. This will be blocked in a future version. Add to allowed_msgpack_modules to silence: [('router', 'SessionMemory')]
Deserializing unregistered type router.PerceptionResult from checkpoint. This will be blocked in a future version. Add to allowed_msgpack_modules to silence: [('router', 'PerceptionResult')]
Deserializing unregistered type router.RouteDecision from checkpoint. This will be blocked in a future version. Add to allowed_msgpack_modules to silence: [('router', 'RouteDecision')]
2026-04-13 23:15:27,289 - SessionLogger - INFO - [sim_FSM_P1_M-BUO-001_3b2378] Student: 重量肯定没变啊，还是那块铁。既然重量没变，那它肯定还是沉，跟形状有什么关系。
Deserializing unregistered type router.SessionMemory from checkpoint. This will be blocked in a future version. Add to allowed_msgpack_modules to silence: [('router', 'SessionMemory')]
Deserializing unregistered type router.PerceptionResult from checkpoint. This will be blocked in a future version. Add to allowed_msgpack_modules to silence: [('router', 'PerceptionResult')]
Deserializing unregistered type router.RouteDecision from checkpoint. This will be blocked in a future version. Add to allowed_msgpack_modules to silence: [('router', 'RouteDecision')]
2026-04-13 23:15:32,242 - SessionLogger - INFO - [sim_FSM_P3_M-BUO-001_9920f7] Teacher: 没关系，卡在这里很正常，因为直觉告诉我们“重”就会沉。

你可以把水想象成一群向上托举的小手，排开的水越多，这些“小手”提供的向上托力就越大。

既然重量没变（向下的拉力不变），而向上的托力变大了，你觉得这时候谁更容易占上风？
2026-04-13 23:15:32,853 - SessionLogger - INFO - [sim_FSM+Guardrail_P3_M-BUO-001_0e40ad] Teacher: 没关系，能注意到“空心”这个关键点，说明你观察得很仔细。

不过，一艘装满货物的巨轮其实非常重，远超那颗小石子。既然它这么重还能浮着，你觉得水对它的“托力”（也就是浮力），是变大了还是变小了？
2026-04-13 23:15:33,525 - SessionLogger - INFO - [sim_FSM_P1_M-BUO-001_3b2378] Teacher: 那咱们做个实验：把这块铁捏成实心球，它沉了；再把它敲成薄薄的碗状（重量完全没变），轻轻放在水面上，它却漂住了。既然“重”没变，你觉得是什么帮它托住了自己？
2026-04-13 23:15:34,363 - SessionLogger - INFO - [sim_FSM_P3_M-BUO-001_9920f7] Student: 可是老师，铁块那么重，水的那些“小手”真的能托得住吗？
我还是觉得，只要东西够重，不管有多少手托着，最后肯定还是会沉下去的呀。
Deserializing unregistered type router.SessionMemory from checkpoint. This will be blocked in a future version. Add to allowed_msgpack_modules to silence: [('router', 'SessionMemory')]
Deserializing unregistered type router.PerceptionResult from checkpoint. This will be blocked in a future version. Add to allowed_msgpack_modules to silence: [('router', 'PerceptionResult')]
Deserializing unregistered type router.RouteDecision from checkpoint. This will be blocked in a future version. Add to allowed_msgpack_modules to silence: [('router', 'RouteDecision')]
2026-04-13 23:15:35,148 - SessionLogger - INFO - [sim_Baseline_P1_M-BUO-002_f2f0ea] Teacher: 你说得对，上下表面的压力确实都变大了。

但你想一想，当潜水艇已经完全没入水中后，再往下潜，它排开水的体积（$V_{排}$）有发生变化吗？
2026-04-13 23:15:36,260 - SessionLogger - INFO - [sim_FSM+Guardrail_P3_M-BUO-001_0e40ad] Student: 可是老师，如果水能托住那么重的船，那为什么不能托住那个小铁块呢？小铁块明明轻多了呀。
Deserializing unregistered type router.SessionMemory from checkpoint. This will be blocked in a future version. Add to allowed_msgpack_modules to silence: [('router', 'SessionMemory')]
Deserializing unregistered type router.PerceptionResult from checkpoint. This will be blocked in a future version. Add to allowed_msgpack_modules to silence: [('router', 'PerceptionResult')]
Deserializing unregistered type router.RouteDecision from checkpoint. This will be blocked in a future version. Add to allowed_msgpack_modules to silence: [('router', 'RouteDecision')]
2026-04-13 23:15:36,805 - SessionLogger - INFO - [sim_Baseline_P1_M-BUO-002_f2f0ea] Student: 排开水的体积是没变，但下面压强更大了呀，向上的力肯定比上面大得更多了。所以我觉得深度越深，浮力还是越大。
Deserializing unregistered type router.SessionMemory from checkpoint. This will be blocked in a future version. Add to allowed_msgpack_modules to silence: [('router', 'SessionMemory')]
Deserializing unregistered type router.PerceptionResult from checkpoint. This will be blocked in a future version. Add to allowed_msgpack_modules to silence: [('router', 'PerceptionResult')]
Deserializing unregistered type router.RouteDecision from checkpoint. This will be blocked in a future version. Add to allowed_msgpack_modules to silence: [('router', 'RouteDecision')]
2026-04-13 23:15:36,943 - SessionLogger - INFO - [sim_FSM_P1_M-BUO-001_3b2378] Student: 我不信，铁就是铁，怎么可能浮起来？肯定是碗没放平或者水太浅了，重的东西绝对不可能浮在水面上。
Deserializing unregistered type router.SessionMemory from checkpoint. This will be blocked in a future version. Add to allowed_msgpack_modules to silence: [('router', 'SessionMemory')]
Deserializing unregistered type router.PerceptionResult from checkpoint. This will be blocked in a future version. Add to allowed_msgpack_modules to silence: [('router', 'PerceptionResult')]
Deserializing unregistered type router.RouteDecision from checkpoint. This will be blocked in a future version. Add to allowed_msgpack_modules to silence: [('router', 'RouteDecision')]
2026-04-13 23:15:37,222 - SessionLogger - INFO - [sim_FSM+Guardrail_P1_M-BUO-001_656714] Teacher: 确实，对于这两个体积相同的物体来说，铁块更重所以沉了。

那如果我把这块木头削得只有原来的一半大（体积变小），它排开的水变少了，受到的向上托力也变小了，你觉得这时候它还会浮在水面上吗？
2026-04-13 23:15:38,249 - SessionLogger - INFO - [sim_FSM+Guardrail_P1_M-BUO-001_656714] Student: 那肯定还是浮着啊，木头就是会浮的。虽然变小了轻了一点，但它又不是铁，怎么可能沉下去。
Deserializing unregistered type router.SessionMemory from checkpoint. This will be blocked in a future version. Add to allowed_msgpack_modules to silence: [('router', 'SessionMemory')]
Deserializing unregistered type router.PerceptionResult from checkpoint. This will be blocked in a future version. Add to allowed_msgpack_modules to silence: [('router', 'PerceptionResult')]
Deserializing unregistered type router.RouteDecision from checkpoint. This will be blocked in a future version. Add to allowed_msgpack_modules to silence: [('router', 'RouteDecision')]
2026-04-13 23:15:40,236 - SessionLogger - INFO - [sim_FSM_P3_M-BUO-001_9920f7] Teacher: 没关系，这种直觉很自然，我们换个角度想。

如果“小手”的数量可以无限增加（也就是排开的水足够多），你觉得向上的总托力有没有可能超过铁块的重力呢？
2026-04-13 23:15:41,185 - SessionLogger - INFO - [sim_FSM+Guardrail_P3_M-BUO-001_0e40ad] Teacher: 别急，这个“轻重”的直觉确实很有迷惑性。

你可以想象一下，如果把小铁块也做成和轮船一样大的空心盒子形状（但保持它是密封的），你觉得这时候水还能托住它吗？
2026-04-13 23:15:41,581 - SessionLogger - INFO - [sim_FSM_P3_M-BUO-001_9920f7] Student: 无限增加？可是船就那么大，水怎么可能无限多呢？
老师，您能不能别光说理论，有没有什么具体的例子能证明轻的东西也会沉，或者重的东西真的能靠“手”托住？
Deserializing unregistered type router.SessionMemory from checkpoint. This will be blocked in a future version. Add to allowed_msgpack_modules to silence: [('router', 'SessionMemory')]
Deserializing unregistered type router.PerceptionResult from checkpoint. This will be blocked in a future version. Add to allowed_msgpack_modules to silence: [('router', 'PerceptionResult')]
Deserializing unregistered type router.RouteDecision from checkpoint. This will be blocked in a future version. Add to allowed_msgpack_modules to silence: [('router', 'RouteDecision')]
2026-04-13 23:15:42,312 - SessionLogger - INFO - [sim_FSM_P1_M-BUO-001_3b2378] Teacher: 没关系，这种直觉确实很难打破。

咱们先不谈铁，想象两只手在拔河：重力像一只手拼命往下拉，而水像另一只手往上托。如果物体要浮起来，你觉得是下面那只“托举”的手劲儿大，还是上面那只“下拉”的手劲儿大？
2026-04-13 23:15:42,887 - SessionLogger - INFO - [sim_FSM+Guardrail_P3_M-BUO-001_0e40ad] Student: 呃……如果做成那么大，那它确实能浮着。但这不就是因为它变“轻”了吗？我是说，同样大小的铁，空心的肯定比实心的轻啊，所以还是轻的才浮嘛。
Deserializing unregistered type router.SessionMemory from checkpoint. This will be blocked in a future version. Add to allowed_msgpack_modules to silence: [('router', 'SessionMemory')]
Deserializing unregistered type router.PerceptionResult from checkpoint. This will be blocked in a future version. Add to allowed_msgpack_modules to silence: [('router', 'PerceptionResult')]
Deserializing unregistered type router.RouteDecision from checkpoint. This will be blocked in a future version. Add to allowed_msgpack_modules to silence: [('router', 'RouteDecision')]
2026-04-13 23:15:43,243 - SessionLogger - INFO - [sim_FSM_P1_M-BUO-001_3b2378] Student: 那肯定是往下拉的劲儿大啊，因为它重嘛。重的东西就是会被拉下去，水根本托不住它。
2026-04-13 23:15:43,244 - SessionLogger - INFO - [sim_FSM_P1_M-BUO-001_3b2378] Session finished. Resolved: False
2026-04-13 23:15:43,244 - SessionLogger - INFO - [sim_FSM_P1_M-BUO-002_bff609] Starting session
2026-04-13 23:15:43,244 - SessionLogger - INFO - Initialized Session sim_FSM_P1_M-BUO-002_bff609 on Unknown for Unknown with version FSM+Guardrail
2026-04-13 23:15:44,286 - SessionLogger - INFO - [sim_FSM_P1_M-BUO-002_bff609] Student Opening: 老师，我觉得物体在水里沉得越深，受到的浮力就越大，毕竟水越深压强不是越大吗？
2026-04-13 23:15:44,305 - SessionLogger - INFO - [sim_FSM+Guardrail_P1_M-BUO-001_656714] Teacher: 你说得对，小块木头确实还是浮着。

那咱们换个思路：如果我把这块木头压进一个很紧的盒子里，强行把它压缩到只有原来一半大（体积变小），但它的重量一点没变，你觉得这时候它还会像刚才那样轻松浮在水面上吗？
2026-04-13 23:15:44,660 - SessionLogger - INFO - [sim_Baseline_P1_M-BUO-002_f2f0ea] Teacher: 上下表面的压强确实都增加了，但它们增加的幅度是一样的吗？

如果上下表面受到的压力都增加了相同的数值，那它们的**差值**（也就是浮力）会改变吗？
2026-04-13 23:15:45,342 - SessionLogger - INFO - [sim_FSM+Guardrail_P1_M-BUO-001_656714] Student: 重量都没变，那它肯定还是浮着啊。只要没变成铁那么重，水就能托住它，跟体积多大没关系吧。
Deserializing unregistered type router.SessionMemory from checkpoint. This will be blocked in a future version. Add to allowed_msgpack_modules to silence: [('router', 'SessionMemory')]
Deserializing unregistered type router.PerceptionResult from checkpoint. This will be blocked in a future version. Add to allowed_msgpack_modules to silence: [('router', 'PerceptionResult')]
Deserializing unregistered type router.RouteDecision from checkpoint. This will be blocked in a future version. Add to allowed_msgpack_modules to silence: [('router', 'RouteDecision')]
2026-04-13 23:15:46,315 - SessionLogger - INFO - [sim_Baseline_P1_M-BUO-002_f2f0ea] Student: 可是下面的深度更深，压强增加得应该更多吧？我不信上下增加的力会完全抵消，反正我觉得越深浮力越大。
Deserializing unregistered type router.SessionMemory from checkpoint. This will be blocked in a future version. Add to allowed_msgpack_modules to silence: [('router', 'SessionMemory')]
Deserializing unregistered type router.PerceptionResult from checkpoint. This will be blocked in a future version. Add to allowed_msgpack_modules to silence: [('router', 'PerceptionResult')]
Deserializing unregistered type router.RouteDecision from checkpoint. This will be blocked in a future version. Add to allowed_msgpack_modules to silence: [('router', 'RouteDecision')]
2026-04-13 23:15:49,724 - SessionLogger - INFO - [sim_FSM+Guardrail_P3_M-BUO-001_0e40ad] Teacher: 你说得对，做成空心后，同样大小的铁确实变“轻”了。

但请注意，这时候它占据的空间（体积）并没有变小，还是那么大。既然体积没变，它排开的水量也没变，那水给它的向上托力（浮力）有没有跟着变小呢？
2026-04-13 23:15:51,238 - SessionLogger - INFO - [sim_FSM+Guardrail_P3_M-BUO-001_0e40ad] Student: 排开的水没变，那托力应该也没变吧？可是老师，如果托力没变，为什么刚才实心的时候它沉下去了，现在空心的就浮起来了呢？我还是觉得是因为空心让它变轻了才浮起来的呀。
Deserializing unregistered type router.SessionMemory from checkpoint. This will be blocked in a future version. Add to allowed_msgpack_modules to silence: [('router', 'SessionMemory')]
Deserializing unregistered type router.PerceptionResult from checkpoint. This will be blocked in a future version. Add to allowed_msgpack_modules to silence: [('router', 'PerceptionResult')]
Deserializing unregistered type router.RouteDecision from checkpoint. This will be blocked in a future version. Add to allowed_msgpack_modules to silence: [('router', 'RouteDecision')]
2026-04-13 23:15:51,385 - SessionLogger - INFO - [sim_FSM+Guardrail_P1_M-BUO-001_656714] Teacher: 想象一下，同样重的一团棉花和一块石头，棉花蓬松占地方大，石头紧实占地方小。

如果我把这团棉花使劲压缩，变得跟石头一样小（体积变小），但重量还是没变，你觉得它在水里受到的“向上托力”会变大、变小还是不变？
2026-04-13 23:15:52,365 - SessionLogger - INFO - [sim_FSM+Guardrail_P1_M-BUO-001_656714] Student: 重量又没变，那托力肯定也不变啊。只要它还是轻的，不管怎么压，水都能把它托起来。
Deserializing unregistered type router.SessionMemory from checkpoint. This will be blocked in a future version. Add to allowed_msgpack_modules to silence: [('router', 'SessionMemory')]
Deserializing unregistered type router.PerceptionResult from checkpoint. This will be blocked in a future version. Add to allowed_msgpack_modules to silence: [('router', 'PerceptionResult')]
Deserializing unregistered type router.RouteDecision from checkpoint. This will be blocked in a future version. Add to allowed_msgpack_modules to silence: [('router', 'RouteDecision')]
2026-04-13 23:15:52,846 - SessionLogger - INFO - [sim_Baseline_P1_M-BUO-002_f2f0ea] Teacher: 咱们来算笔账：假设潜水艇高 10 米，你把它再往下按 1 米。

这时候，它顶部的深度增加了 1 米，底部的深度是不是也刚好增加了 1 米？既然深度增加量一样，那两边受到的**额外**压力会一样多吗？
2026-04-13 23:15:54,016 - SessionLogger - INFO - [sim_Baseline_P1_M-BUO-002_f2f0ea] Student: 深度增加量是一样，但底部本来压强就大啊，感觉上还是下面的力更占优势。反正我就是觉得越深浮力越大，这公式算出来我不信。
Deserializing unregistered type router.SessionMemory from checkpoint. This will be blocked in a future version. Add to allowed_msgpack_modules to silence: [('router', 'SessionMemory')]
Deserializing unregistered type router.PerceptionResult from checkpoint. This will be blocked in a future version. Add to allowed_msgpack_modules to silence: [('router', 'PerceptionResult')]
Deserializing unregistered type router.RouteDecision from checkpoint. This will be blocked in a future version. Add to allowed_msgpack_modules to silence: [('router', 'RouteDecision')]
2026-04-13 23:15:56,174 - SessionLogger - INFO - [sim_FSM_P1_M-BUO-002_bff609] Teacher: 你说得对，水越深压强确实越大。

但你想过没有，当物体继续下沉时，它**上表面**和**下表面**受到的压力都变大了，这两个压力的**差值**一定会变大吗？
2026-04-13 23:15:57,105 - SessionLogger - INFO - [sim_FSM_P1_M-BUO-002_bff609] Student: 可是下面压强变大了那么多，上面的压力肯定没下面增加得多啊，所以合力肯定是变大的。
Deserializing unregistered type router.SessionMemory from checkpoint. This will be blocked in a future version. Add to allowed_msgpack_modules to silence: [('router', 'SessionMemory')]
Deserializing unregistered type router.PerceptionResult from checkpoint. This will be blocked in a future version. Add to allowed_msgpack_modules to silence: [('router', 'PerceptionResult')]
Deserializing unregistered type router.RouteDecision from checkpoint. This will be blocked in a future version. Add to allowed_msgpack_modules to silence: [('router', 'RouteDecision')]
2026-04-13 23:15:57,424 - SessionLogger - INFO - [sim_FSM+Guardrail_P3_M-BUO-001_0e40ad] Teacher: 没错，你的直觉很准：水给的“托力”确实没变，但物体自身的重力因为空心变小了。

这就好比两个人在拔河，绳子那头的拉力（浮力）保持不变，但这头的人（重力）突然变轻了，你觉得结果会发生什么变化？
2026-04-13 23:15:57,812 - SessionLogger - INFO - [sim_FSM+Guardrail_P1_M-BUO-001_656714] Teacher: 咱们做个实验：你把手掌平放在水面上往下按，是手掌平放（排开水多）感觉托力大，还是握成拳头（排开水少）感觉托力大？
2026-04-13 23:15:58,932 - SessionLogger - INFO - [sim_FSM+Guardrail_P3_M-BUO-001_0e40ad] Student: 哦……那重力那边就拉不过浮力了，所以就被拉上去了？

可是老师，这好像只是在说“轻的能浮”啊。我还是不明白，为什么那个小小的实心铁块，明明那么轻，却连这点托力都赢不了呢？
Deserializing unregistered type router.SessionMemory from checkpoint. This will be blocked in a future version. Add to allowed_msgpack_modules to silence: [('router', 'SessionMemory')]
Deserializing unregistered type router.PerceptionResult from checkpoint. This will be blocked in a future version. Add to allowed_msgpack_modules to silence: [('router', 'PerceptionResult')]
Deserializing unregistered type router.RouteDecision from checkpoint. This will be blocked in a future version. Add to allowed_msgpack_modules to silence: [('router', 'RouteDecision')]
2026-04-13 23:16:01,192 - SessionLogger - INFO - [sim_FSM+Guardrail_P1_M-BUO-001_656714] Student: 那肯定是平放感觉阻力大点，但这跟沉浮没关系吧。只要东西本身不够重，水肯定能托住它，别扯那些虚的。
2026-04-13 23:16:01,192 - SessionLogger - INFO - [sim_FSM+Guardrail_P1_M-BUO-001_656714] Session finished. Resolved: False
2026-04-13 23:16:01,192 - SessionLogger - INFO - [sim_FSM+Guardrail_P1_M-BUO-002_bb5521] Starting session
2026-04-13 23:16:01,192 - SessionLogger - INFO - Initialized Session sim_FSM+Guardrail_P1_M-BUO-002_bb5521 on Unknown for Unknown with version FSM+Guardrail
2026-04-13 23:16:02,678 - SessionLogger - INFO - [sim_FSM+Guardrail_P1_M-BUO-002_bb5521] Student Opening: 老师，我觉得物体沉得越深，受到的浮力就越大，因为水越深压强不是越大吗？
2026-04-13 23:16:02,691 - SessionLogger - INFO - [sim_Baseline_P1_M-BUO-002_f2f0ea] Teacher: 这就好比两个人赛跑，虽然跑在前面的人速度一直比后面的人快（就像底部压强一直比顶部大），但如果他们同时加速相同的数值，他们之间的**距离差**会变吗？
2026-04-13 23:16:03,744 - SessionLogger - INFO - [sim_Baseline_P1_M-BUO-002_f2f0ea] Student: 这比喻不对，压强又不是速度。反正水越深压力越大，我觉得浮力肯定也跟着变大，你别老绕弯子。
Deserializing unregistered type router.SessionMemory from checkpoint. This will be blocked in a future version. Add to allowed_msgpack_modules to silence: [('router', 'SessionMemory')]
Deserializing unregistered type router.PerceptionResult from checkpoint. This will be blocked in a future version. Add to allowed_msgpack_modules to silence: [('router', 'PerceptionResult')]
Deserializing unregistered type router.RouteDecision from checkpoint. This will be blocked in a future version. Add to allowed_msgpack_modules to silence: [('router', 'RouteDecision')]
2026-04-13 23:16:10,427 - SessionLogger - INFO - [sim_FSM_P1_M-BUO-002_bff609] Teacher: 你想想，如果物体整体向下移动了一小段距离，上表面“新增加”的水深，和下表面“新增加”的水深，是一样多的吗？
2026-04-13 23:16:11,549 - SessionLogger - INFO - [sim_Baseline_P3_M-BUO-001_201c6c] Teacher: 你说得对，如果船太重，确实会一直下沉直到沉底。

但关键在于，在它完全没入水中之前，它有没有机会“挤”走足够多的水，让浮力等于它的重力呢？实心铁块和空心铁船，谁更容易在没完全淹没前就达到这个平衡？
2026-04-13 23:16:12,080 - SessionLogger - INFO - [sim_FSM+Guardrail_P1_M-BUO-002_bb5521] Teacher: 你说得对，水越深压强确实越大。但别忘了，浮力其实是物体**下表面**受到的向上压力和**上表面**受到的向下压力之差。

既然物体下沉时，它的上表面和下表面所处的深度都同时增加了，你觉得这两个表面受到的压力“差距”会变大吗？
2026-04-13 23:16:12,134 - SessionLogger - INFO - [sim_Baseline_P1_M-BUO-002_f2f0ea] Teacher: 好，那咱们直接看算式：浮力等于“向下的压力”减去“向上的压力”。

如果上下两个面受到的压力都同时增加了 100 牛，你觉得它们相减之后的**差值**会变吗？
2026-04-13 23:16:14,617 - SessionLogger - INFO - [sim_FSM_P1_M-BUO-002_bff609] Student: 那肯定是一样多的啊，物体又没被压缩。但就算增加的一样，因为下面本来就深、压强大，所以增加的力肯定还是下面多，浮力就是会变大。
Deserializing unregistered type router.SessionMemory from checkpoint. This will be blocked in a future version. Add to allowed_msgpack_modules to silence: [('router', 'SessionMemory')]
Deserializing unregistered type router.PerceptionResult from checkpoint. This will be blocked in a future version. Add to allowed_msgpack_modules to silence: [('router', 'PerceptionResult')]
Deserializing unregistered type router.RouteDecision from checkpoint. This will be blocked in a future version. Add to allowed_msgpack_modules to silence: [('router', 'RouteDecision')]
2026-04-13 23:16:15,417 - SessionLogger - INFO - [sim_Baseline_P3_M-BUO-001_201c6c] Student: 空心船吧，因为它占的地方大，能挤走更多水。
可是老师，实心铁块虽然小，但它也很重啊，难道不是因为船“轻”（指密度小或结构空）才浮起来的吗？我还是觉得重量决定一切。
Deserializing unregistered type router.SessionMemory from checkpoint. This will be blocked in a future version. Add to allowed_msgpack_modules to silence: [('router', 'SessionMemory')]
Deserializing unregistered type router.PerceptionResult from checkpoint. This will be blocked in a future version. Add to allowed_msgpack_modules to silence: [('router', 'PerceptionResult')]
Deserializing unregistered type router.RouteDecision from checkpoint. This will be blocked in a future version. Add to allowed_msgpack_modules to silence: [('router', 'RouteDecision')]
2026-04-13 23:16:15,467 - SessionLogger - INFO - [sim_Baseline_P1_M-BUO-002_f2f0ea] Student: 就算差值不变，可下面的绝对压力大啊，感觉上就是被托得更厉害。我还是觉得深度越深浮力越大，这道理讲不通。
Deserializing unregistered type router.SessionMemory from checkpoint. This will be blocked in a future version. Add to allowed_msgpack_modules to silence: [('router', 'SessionMemory')]
Deserializing unregistered type router.PerceptionResult from checkpoint. This will be blocked in a future version. Add to allowed_msgpack_modules to silence: [('router', 'PerceptionResult')]
Deserializing unregistered type router.RouteDecision from checkpoint. This will be blocked in a future version. Add to allowed_msgpack_modules to silence: [('router', 'RouteDecision')]
2026-04-13 23:16:15,474 - SessionLogger - INFO - [sim_FSM+Guardrail_P1_M-BUO-002_bb5521] Student: 可是老师，深度增加了，下面的压力变得更大，那向上的推力肯定也变大了呀。我觉得只要沉得深，浮力就是会变大。
Deserializing unregistered type router.SessionMemory from checkpoint. This will be blocked in a future version. Add to allowed_msgpack_modules to silence: [('router', 'SessionMemory')]
Deserializing unregistered type router.PerceptionResult from checkpoint. This will be blocked in a future version. Add to allowed_msgpack_modules to silence: [('router', 'PerceptionResult')]
Deserializing unregistered type router.RouteDecision from checkpoint. This will be blocked in a future version. Add to allowed_msgpack_modules to silence: [('router', 'RouteDecision')]
2026-04-13 23:16:19,294 - SessionLogger - INFO - [sim_Baseline_P3_M-BUO-001_201c6c] Teacher: 如果重量决定一切，那为什么几万吨的巨轮能浮着，而一颗小小的铁钉却会沉底呢？

既然它们都是铁做的，你觉得除了“重”，还有什么关键因素让巨轮排开了足够多的水？
2026-04-13 23:16:19,494 - SessionLogger - INFO - [sim_FSM_P1_M-BUO-002_bff609] Teacher: 压强确实是下面大，但浮力看的是“增加量”。既然上下表面增加的水深一样，液体密度也一样，那它们各自**增加**的压强会一样多吗？
2026-04-13 23:16:20,562 - SessionLogger - INFO - [sim_FSM_P1_M-BUO-002_bff609] Student: 增加的压强是一样多，但下面面积大或者本来基数大，总的压力差肯定还是变大了啊。我还是觉得越深浮力越大。
Deserializing unregistered type router.SessionMemory from checkpoint. This will be blocked in a future version. Add to allowed_msgpack_modules to silence: [('router', 'SessionMemory')]
Deserializing unregistered type router.PerceptionResult from checkpoint. This will be blocked in a future version. Add to allowed_msgpack_modules to silence: [('router', 'PerceptionResult')]
Deserializing unregistered type router.RouteDecision from checkpoint. This will be blocked in a future version. Add to allowed_msgpack_modules to silence: [('router', 'RouteDecision')]
2026-04-13 23:16:21,179 - SessionLogger - INFO - [sim_Baseline_P3_M-BUO-001_201c6c] Student: 因为船很大，能挤走很多水……但老师，铁钉虽然小，它也很重啊（相对于它的体积）。
我还是有点乱，是不是说只要东西够大，就算是用铁做的也能浮起来？那我把铁块敲扁了铺在水面上，它也会浮吗？
Deserializing unregistered type router.SessionMemory from checkpoint. This will be blocked in a future version. Add to allowed_msgpack_modules to silence: [('router', 'SessionMemory')]
Deserializing unregistered type router.PerceptionResult from checkpoint. This will be blocked in a future version. Add to allowed_msgpack_modules to silence: [('router', 'PerceptionResult')]
Deserializing unregistered type router.RouteDecision from checkpoint. This will be blocked in a future version. Add to allowed_msgpack_modules to silence: [('router', 'RouteDecision')]
2026-04-13 23:16:21,181 - SessionLogger - INFO - [sim_FSM+Guardrail_P1_M-BUO-002_bb5521] Teacher: 没关系，这个直觉很自然，毕竟下面的压力确实变大了。

但你想过没有，当物体往下沉时，它**上面**受到的向下压力是不是也同时变大了？如果上下两边的压力都增加了相同的量，它们之间的“差值”会改变吗？
2026-04-13 23:16:22,183 - SessionLogger - INFO - [sim_FSM+Guardrail_P1_M-BUO-002_bb5521] Student: 可是下面的深度大，压强本来就比上面大很多啊。我觉得沉得越深，这个向上的力肯定还是越大的。
Deserializing unregistered type router.SessionMemory from checkpoint. This will be blocked in a future version. Add to allowed_msgpack_modules to silence: [('router', 'SessionMemory')]
Deserializing unregistered type router.PerceptionResult from checkpoint. This will be blocked in a future version. Add to allowed_msgpack_modules to silence: [('router', 'PerceptionResult')]
Deserializing unregistered type router.RouteDecision from checkpoint. This will be blocked in a future version. Add to allowed_msgpack_modules to silence: [('router', 'RouteDecision')]
2026-04-13 23:16:25,187 - SessionLogger - INFO - [sim_FSM_P1_M-BUO-002_bff609] Teacher: 咱们先假设这是一个正方体，上下表面的面积是一样大的。

如果上下表面增加的压强一样，受力面积也一样，那它们各自**增加**的压力大小会一样吗？
2026-04-13 23:16:25,572 - SessionLogger - INFO - [sim_Baseline_P3_M-BUO-001_201c6c] Teacher: 这个想法很大胆！你可以试着把一张铝箔纸揉成紧实的团，再把它展开平铺在水面上，看看结果有什么不同。

你觉得为什么形状变了，它排开水的“能力”就变了呢？
2026-04-13 23:16:26,375 - SessionLogger - INFO - [sim_FSM_P1_M-BUO-002_bff609] Student: 那增加的压力是一样大。但这只能说明浮力没变小吧？我觉得只要还在往下沉，周围水的挤压感更强，浮力肯定还是会在原来的基础上继续变大。
Deserializing unregistered type router.SessionMemory from checkpoint. This will be blocked in a future version. Add to allowed_msgpack_modules to silence: [('router', 'SessionMemory')]
Deserializing unregistered type router.PerceptionResult from checkpoint. This will be blocked in a future version. Add to allowed_msgpack_modules to silence: [('router', 'PerceptionResult')]
Deserializing unregistered type router.RouteDecision from checkpoint. This will be blocked in a future version. Add to allowed_msgpack_modules to silence: [('router', 'RouteDecision')]
2026-04-13 23:16:27,565 - SessionLogger - INFO - [sim_FSM+Guardrail_P1_M-BUO-002_bb5521] Teacher: 没关系，这种直觉很常见，我们换个角度想想。

想象一下，你把一个完全浸没在水里的方块，从浅处慢慢按到深处。在这个过程中，方块排开的水的体积（也就是它占据的空间大小）有没有发生变化呢？
2026-04-13 23:16:28,751 - SessionLogger - INFO - [sim_FSM+Guardrail_P1_M-BUO-002_bb5521] Student: 排开的水的体积是没变，但这跟深度没关系啊。我觉得只要压强大，浮力肯定就大，沉得越深浮力越大。
Deserializing unregistered type router.SessionMemory from checkpoint. This will be blocked in a future version. Add to allowed_msgpack_modules to silence: [('router', 'SessionMemory')]
Deserializing unregistered type router.PerceptionResult from checkpoint. This will be blocked in a future version. Add to allowed_msgpack_modules to silence: [('router', 'PerceptionResult')]
Deserializing unregistered type router.RouteDecision from checkpoint. This will be blocked in a future version. Add to allowed_msgpack_modules to silence: [('router', 'RouteDecision')]
2026-04-13 23:16:28,971 - SessionLogger - INFO - [sim_Baseline_P3_M-BUO-001_201c6c] Student: 展开的时候它好像把水“兜”住了，排开的水变多了？
可是老师，铝箔纸的重量明明没变啊，为什么形状一变，它就不沉了？难道重量不是唯一的决定因素吗？
Deserializing unregistered type router.SessionMemory from checkpoint. This will be blocked in a future version. Add to allowed_msgpack_modules to silence: [('router', 'SessionMemory')]
Deserializing unregistered type router.PerceptionResult from checkpoint. This will be blocked in a future version. Add to allowed_msgpack_modules to silence: [('router', 'PerceptionResult')]
Deserializing unregistered type router.RouteDecision from checkpoint. This will be blocked in a future version. Add to allowed_msgpack_modules to silence: [('router', 'RouteDecision')]
2026-04-13 23:16:31,488 - SessionLogger - INFO - [sim_FSM_P1_M-BUO-002_bff609] Teacher: 没关系，这种“越深压力越大”的直觉很自然，我们慢慢拆解。

既然向上增加的压力和向下增加的压力完全一样大，那这两个“新增”的力互相抵消后，原本的压力差（也就是浮力）会发生改变吗？
2026-04-13 23:16:33,040 - SessionLogger - INFO - [sim_FSM_P1_M-BUO-002_bff609] Student: 抵消是抵消了，可那是“增加”的部分啊。原来的深度在那儿摆着，下面的压强本来就比上面大得多，我觉得总归还是深的地方浮力大。
Deserializing unregistered type router.SessionMemory from checkpoint. This will be blocked in a future version. Add to allowed_msgpack_modules to silence: [('router', 'SessionMemory')]
Deserializing unregistered type router.PerceptionResult from checkpoint. This will be blocked in a future version. Add to allowed_msgpack_modules to silence: [('router', 'PerceptionResult')]
Deserializing unregistered type router.RouteDecision from checkpoint. This will be blocked in a future version. Add to allowed_msgpack_modules to silence: [('router', 'RouteDecision')]
2026-04-13 23:16:33,908 - SessionLogger - INFO - [sim_Baseline_P3_M-BUO-001_201c6c] Teacher: 没错，重量确实没变，但它“占据”并排开的水的体积变了。

既然重力（向下）没变，而排开的水变多了意味着向上的托力（浮力）变大了，你觉得这时候是谁“赢”了？
2026-04-13 23:16:35,329 - SessionLogger - INFO - [sim_Baseline_P3_M-BUO-001_201c6c] Student: 所以是那个向上的托力变大了，把铝箔纸托住了？
可是老师，我还是有点晕，这个“托力”是怎么突然变大的？是因为水被挤开后产生的反弹力吗？
2026-04-13 23:16:35,329 - SessionLogger - INFO - [sim_Baseline_P3_M-BUO-001_201c6c] Session finished. Resolved: False
2026-04-13 23:16:35,329 - SessionLogger - INFO - [sim_Baseline_P2_M-BUO-002_fb44bc] Starting session
2026-04-13 23:16:35,329 - SessionLogger - INFO - Initialized Session sim_Baseline_P2_M-BUO-002_fb44bc on Unknown for Unknown with version FSM+Guardrail
2026-04-13 23:16:36,290 - SessionLogger - INFO - [sim_Baseline_P2_M-BUO-002_fb44bc] Student Opening: 老师，我觉得潜水艇潜得越深受到的浮力应该越大吧，毕竟水越深压强不是越大吗？
2026-04-13 23:16:36,307 - SessionLogger - INFO - [sim_FSM+Guardrail_P1_M-BUO-002_bb5521] Teacher: 我们来看一个具体的数字例子：假设物体上表面受到的压力是 10N，下表面是 15N，此时浮力是 5N。

如果沉到更深处，上下表面的压力都增加了 10N（变成 20N 和 25N），这时候新的浮力是多少呢？
2026-04-13 23:16:37,535 - SessionLogger - INFO - [sim_FSM+Guardrail_P1_M-BUO-002_bb5521] Student: 可是老师，虽然差值还是5N，但下面受到的力变成25N了呀，感觉上推力变强了。我还是觉得深度越深，那个向上的劲儿应该越大才对。
Deserializing unregistered type router.SessionMemory from checkpoint. This will be blocked in a future version. Add to allowed_msgpack_modules to silence: [('router', 'SessionMemory')]
Deserializing unregistered type router.PerceptionResult from checkpoint. This will be blocked in a future version. Add to allowed_msgpack_modules to silence: [('router', 'PerceptionResult')]
Deserializing unregistered type router.RouteDecision from checkpoint. This will be blocked in a future version. Add to allowed_msgpack_modules to silence: [('router', 'RouteDecision')]
2026-04-13 23:16:38,713 - SessionLogger - INFO - [sim_FSM_P3_M-BUO-001_9920f7] Teacher: 没问题，我们来看个具体的例子。

你想想，一大块实心的木头可能比一枚小小的铁钉重得多，但为什么木头能浮在水面，而小铁钉却会沉底呢？
2026-04-13 23:16:38,793 - SessionLogger - INFO - [sim_FSM_P1_M-BUO-002_bff609] Teacher: 没关系，这种直觉很自然，我们换个角度想。

想象你把一个装满水的密封盒子完全按进水里，不管是在浅处还是深处，盒子里的水量（排开液体的体积）变了吗？
2026-04-13 23:16:40,200 - SessionLogger - INFO - [sim_FSM_P3_M-BUO-001_9920f7] Student: 可是老师，木头大啊，它占的地方多，水托它的“手”肯定也多呀。
铁钉虽然小，但它那么硬、那么重，我觉得还是因为铁本身太重了才沉的，跟大小没关系吧？
Deserializing unregistered type router.SessionMemory from checkpoint. This will be blocked in a future version. Add to allowed_msgpack_modules to silence: [('router', 'SessionMemory')]
Deserializing unregistered type router.PerceptionResult from checkpoint. This will be blocked in a future version. Add to allowed_msgpack_modules to silence: [('router', 'PerceptionResult')]
Deserializing unregistered type router.RouteDecision from checkpoint. This will be blocked in a future version. Add to allowed_msgpack_modules to silence: [('router', 'RouteDecision')]
2026-04-13 23:16:41,961 - SessionLogger - INFO - [sim_FSM_P1_M-BUO-002_bff609] Student: 水量是没变，但这跟浮力有啥关系？我又不是靠水量来算浮力的，我是看深度的。
Deserializing unregistered type router.SessionMemory from checkpoint. This will be blocked in a future version. Add to allowed_msgpack_modules to silence: [('router', 'SessionMemory')]
Deserializing unregistered type router.PerceptionResult from checkpoint. This will be blocked in a future version. Add to allowed_msgpack_modules to silence: [('router', 'PerceptionResult')]
Deserializing unregistered type router.RouteDecision from checkpoint. This will be blocked in a future version. Add to allowed_msgpack_modules to silence: [('router', 'RouteDecision')]
2026-04-13 23:16:42,959 - SessionLogger - INFO - [sim_Baseline_P2_M-BUO-002_fb44bc] Teacher: 压强变大没错，但你还记得阿基米德原理里，浮力大小主要跟哪两个因素有关吗？当潜水艇完全没入水中后，它排开水的体积发生变化了吗？
2026-04-13 23:16:43,007 - SessionLogger - INFO - [sim_FSM+Guardrail_P1_M-BUO-002_bb5521] Teacher: 别着急，这种“感觉”很真实，因为下面的力确实变大了。

但浮力是“合力”，也就是向上的力减去向下的力。既然上面的压力也同步增加了同样的数值，这个“差值”真的会变吗？
2026-04-13 23:16:44,211 - SessionLogger - INFO - [sim_FSM+Guardrail_P1_M-BUO-002_bb5521] Student: 可是老师，虽然差值没变，但底下的压强明明变大了啊。我还是觉得深度越深，水给的向上的托力应该越大才对，光看差值我觉得不够全面。
Deserializing unregistered type router.SessionMemory from checkpoint. This will be blocked in a future version. Add to allowed_msgpack_modules to silence: [('router', 'SessionMemory')]
Deserializing unregistered type router.PerceptionResult from checkpoint. This will be blocked in a future version. Add to allowed_msgpack_modules to silence: [('router', 'PerceptionResult')]
Deserializing unregistered type router.RouteDecision from checkpoint. This will be blocked in a future version. Add to allowed_msgpack_modules to silence: [('router', 'RouteDecision')]
2026-04-13 23:16:44,744 - SessionLogger - INFO - [sim_Baseline_P2_M-BUO-002_fb44bc] Student: 排开水的体积确实没变，但我还是觉得深度影响很大。毕竟压强变大了，水对潜艇向上的推力难道不会跟着变大吗？
Deserializing unregistered type router.SessionMemory from checkpoint. This will be blocked in a future version. Add to allowed_msgpack_modules to silence: [('router', 'SessionMemory')]
Deserializing unregistered type router.PerceptionResult from checkpoint. This will be blocked in a future version. Add to allowed_msgpack_modules to silence: [('router', 'PerceptionResult')]
Deserializing unregistered type router.RouteDecision from checkpoint. This will be blocked in a future version. Add to allowed_msgpack_modules to silence: [('router', 'RouteDecision')]
2026-04-13 23:16:45,973 - SessionLogger - INFO - [sim_FSM_P3_M-BUO-001_9920f7] Teacher: 你说得对，木头确实因为体积大，获得的“托力”也多。

那如果我们把那块能浮起来的木头，削成和铁钉一样小的小木屑，你觉得它还会沉下去吗？
2026-04-13 23:16:47,583 - SessionLogger - INFO - [sim_FSM_P3_M-BUO-001_9920f7] Student: 那肯定还是浮着啊，毕竟它是木头做的嘛。
可是老师，这跟铁钉有什么关系？铁钉那么重，就算把它磨得再小，它不还是铁吗？我觉得重的东西就是会沉。
Deserializing unregistered type router.SessionMemory from checkpoint. This will be blocked in a future version. Add to allowed_msgpack_modules to silence: [('router', 'SessionMemory')]
Deserializing unregistered type router.PerceptionResult from checkpoint. This will be blocked in a future version. Add to allowed_msgpack_modules to silence: [('router', 'PerceptionResult')]
Deserializing unregistered type router.RouteDecision from checkpoint. This will be blocked in a future version. Add to allowed_msgpack_modules to silence: [('router', 'RouteDecision')]
2026-04-13 23:16:49,340 - SessionLogger - INFO - [sim_Baseline_P2_M-BUO-002_fb44bc] Teacher: 你说得对，上下表面受到的压力确实都变大了。但你想过没有，上表面和下表面增加的压强是一样多的吗？
2026-04-13 23:16:49,577 - SessionLogger - INFO - [sim_FSM+Guardrail_P1_M-BUO-002_bb5521] Teacher: 没关系，这种直觉很自然，毕竟下面的推力确实变大了。

但浮力是“净”向上的力，既然上面压下来的力也同步增加了同样的数值，这两个力相互抵消后，剩下的那个“差值”真的会变大吗？
2026-04-13 23:16:50,569 - SessionLogger - INFO - [sim_Baseline_P2_M-BUO-002_fb44bc] Student: 应该是一样多的吧？毕竟都在同一个深度增加量里。那既然上下压力都增加了同样的数值，浮力不就是变大了吗？
Deserializing unregistered type router.SessionMemory from checkpoint. This will be blocked in a future version. Add to allowed_msgpack_modules to silence: [('router', 'SessionMemory')]
Deserializing unregistered type router.PerceptionResult from checkpoint. This will be blocked in a future version. Add to allowed_msgpack_modules to silence: [('router', 'PerceptionResult')]
Deserializing unregistered type router.RouteDecision from checkpoint. This will be blocked in a future version. Add to allowed_msgpack_modules to silence: [('router', 'RouteDecision')]
2026-04-13 23:16:52,784 - SessionLogger - INFO - [sim_FSM+Guardrail_P1_M-BUO-002_bb5521] Student: 老师，虽然差值没变，但下面的压强确实变大了啊。我还是觉得深度越深，水给的向上的托力应该越大，光看差值我觉得不够全面。
Deserializing unregistered type router.SessionMemory from checkpoint. This will be blocked in a future version. Add to allowed_msgpack_modules to silence: [('router', 'SessionMemory')]
Deserializing unregistered type router.PerceptionResult from checkpoint. This will be blocked in a future version. Add to allowed_msgpack_modules to silence: [('router', 'PerceptionResult')]
Deserializing unregistered type router.RouteDecision from checkpoint. This will be blocked in a future version. Add to allowed_msgpack_modules to silence: [('router', 'RouteDecision')]
2026-04-13 23:16:52,918 - SessionLogger - INFO - [sim_FSM_P3_M-BUO-001_9920f7] Teacher: 没关系，这种“铁就是重”的感觉很顽固，我们换个具体的对比来看看。

想象一下，如果有一大块木头（比如比你的书包还重）和一颗小小的铁珠，把它们同时放进水里，谁反而会浮起来呢？
2026-04-13 23:16:53,203 - SessionLogger - INFO - [sim_FSM+Guardrail_P3_M-BUO-001_0e40ad] Teacher: 别灰心，你抓住了关键：确实是重力变小才赢的。

但咱们换个角度想，那个小铁块虽然总重量很轻，可它体积也特别小呀。你觉得是“总重量轻”重要，还是“同样大小下谁更重（密度）”更能决定它能不能挤开水浮起来呢？
2026-04-13 23:16:54,109 - SessionLogger - INFO - [sim_Baseline_P2_M-BUO-002_fb44bc] Teacher: 浮力其实是下表面向上的压力减去上表面向下的压力。如果两个压力都增加了完全一样的数值，它们相减后的差值会改变吗？
2026-04-13 23:16:54,384 - SessionLogger - INFO - [sim_FSM_P3_M-BUO-001_9920f7] Student: 那肯定是木头浮起来啊，因为它轻嘛……不对，您刚才说它比书包还重？
可是老师，如果它那么重还能浮着，那铁珠虽然小，但它密度大啊，我觉得还是重的容易沉。这到底怎么看啊？
Deserializing unregistered type router.SessionMemory from checkpoint. This will be blocked in a future version. Add to allowed_msgpack_modules to silence: [('router', 'SessionMemory')]
Deserializing unregistered type router.PerceptionResult from checkpoint. This will be blocked in a future version. Add to allowed_msgpack_modules to silence: [('router', 'PerceptionResult')]
Deserializing unregistered type router.RouteDecision from checkpoint. This will be blocked in a future version. Add to allowed_msgpack_modules to silence: [('router', 'RouteDecision')]
2026-04-13 23:16:54,558 - SessionLogger - INFO - [sim_FSM+Guardrail_P3_M-BUO-001_0e40ad] Student: “同样大小下谁更重”……这听起来好绕啊。老师，我就想知道，如果我有一块超级大的泡沫塑料，它肯定比那个小铁块重得多吧？那按你说的，它是不是就该沉下去了？
Deserializing unregistered type router.SessionMemory from checkpoint. This will be blocked in a future version. Add to allowed_msgpack_modules to silence: [('router', 'SessionMemory')]
Deserializing unregistered type router.PerceptionResult from checkpoint. This will be blocked in a future version. Add to allowed_msgpack_modules to silence: [('router', 'PerceptionResult')]
Deserializing unregistered type router.RouteDecision from checkpoint. This will be blocked in a future version. Add to allowed_msgpack_modules to silence: [('router', 'RouteDecision')]
2026-04-13 23:16:57,354 - SessionLogger - INFO - [sim_Baseline_P2_M-BUO-002_fb44bc] Student: 呃……如果两边加的一样多，那减出来的结果好像确实没变？
可是老师，我还是有点转不过弯，压强明明变大了，为什么合力反而不变呢？
Deserializing unregistered type router.SessionMemory from checkpoint. This will be blocked in a future version. Add to allowed_msgpack_modules to silence: [('router', 'SessionMemory')]
Deserializing unregistered type router.PerceptionResult from checkpoint. This will be blocked in a future version. Add to allowed_msgpack_modules to silence: [('router', 'PerceptionResult')]
Deserializing unregistered type router.RouteDecision from checkpoint. This will be blocked in a future version. Add to allowed_msgpack_modules to silence: [('router', 'RouteDecision')]
2026-04-13 23:16:59,618 - SessionLogger - INFO - [sim_FSM_P3_M-BUO-001_9920f7] Teacher: 没关系，这个“重就沉”的直觉确实很难一下子扭转。

咱们换个角度想：如果水是一个大力士，它向上托举物体的力气大小，主要取决于物体挤占了多大的空间（排开多少水），还是取决于物体本身有多重？
2026-04-13 23:17:00,273 - SessionLogger - INFO - [sim_Baseline_P2_M-BUO-002_fb44bc] Teacher: 想象一下拔河比赛，如果两边同时增加同样大小的拉力，绳子受到的合力会变吗？浮力其实就是上下两个“拉力”的差值呀。
2026-04-13 23:17:00,605 - SessionLogger - INFO - [sim_FSM+Guardrail_P3_M-BUO-001_0e40ad] Teacher: 没关系，这个反直觉的例子问得特别好，说明你在认真思考“重量”和“沉浮”的关系。

想象一下，你把那块超级大的泡沫塑料轻轻按进水里，它排开的水是不是也超级多？这时候，水给它的向上托力（浮力）会变得非常大，你觉得这个巨大的托力还能被泡沫自身的重力拉下去吗？
2026-04-13 23:17:00,754 - SessionLogger - INFO - [sim_Baseline_P1_M-BUO-002_f2f0ea] Teacher: 想象你双手夹着一块砖，左手用力 10 牛，右手用力 12 牛。

如果现在两边同时增加 100 牛的压力，变成 110 牛和 112 牛，你觉得砖头会被“挤”得更紧从而产生额外的向上推力吗？
2026-04-13 23:17:01,517 - SessionLogger - INFO - [sim_FSM_P3_M-BUO-001_9920f7] Student: 老师，您这么说我就更晕了……如果只看挤占的空间，那我把一个很轻的塑料袋吹得很大扔水里，它应该浮得很高吧？
可是如果是实心的大铁块，它也很占地方啊，为什么水这个“大力士”就托不住它呢？
2026-04-13 23:17:01,517 - SessionLogger - INFO - [sim_FSM_P3_M-BUO-001_9920f7] Session finished. Resolved: False
2026-04-13 23:17:01,517 - SessionLogger - INFO - [sim_FSM_P2_M-BUO-002_c8a266] Starting session
2026-04-13 23:17:01,517 - SessionLogger - INFO - Initialized Session sim_FSM_P2_M-BUO-002_c8a266 on Unknown for Unknown with version FSM+Guardrail
2026-04-13 23:17:04,058 - SessionLogger - INFO - [sim_FSM_P2_M-BUO-002_c8a266] Student Opening: 老师，我觉得浮力应该跟深度有关吧？毕竟水越深压强越大，那把物体按得越深，它受到的向上托的力（浮力）肯定也越大呀。
2026-04-13 23:17:05,126 - SessionLogger - INFO - [sim_Baseline_P1_M-BUO-002_f2f0ea] Student: 那不一样，水是液体，越深压力越大肯定托力越强。你别老拿手比划，我就信深度越深浮力越大。
Deserializing unregistered type router.SessionMemory from checkpoint. This will be blocked in a future version. Add to allowed_msgpack_modules to silence: [('router', 'SessionMemory')]
Deserializing unregistered type router.PerceptionResult from checkpoint. This will be blocked in a future version. Add to allowed_msgpack_modules to silence: [('router', 'PerceptionResult')]
Deserializing unregistered type router.RouteDecision from checkpoint. This will be blocked in a future version. Add to allowed_msgpack_modules to silence: [('router', 'RouteDecision')]
2026-04-13 23:17:05,285 - SessionLogger - INFO - [sim_Baseline_P2_M-BUO-002_fb44bc] Student: 拔河那个例子好像有点道理，差值确实没变……
但我还是觉得哪里不对劲，毕竟水越深压力越大，感觉上应该更“用力”托着物体才对啊。
Deserializing unregistered type router.SessionMemory from checkpoint. This will be blocked in a future version. Add to allowed_msgpack_modules to silence: [('router', 'SessionMemory')]
Deserializing unregistered type router.PerceptionResult from checkpoint. This will be blocked in a future version. Add to allowed_msgpack_modules to silence: [('router', 'PerceptionResult')]
Deserializing unregistered type router.RouteDecision from checkpoint. This will be blocked in a future version. Add to allowed_msgpack_modules to silence: [('router', 'RouteDecision')]
2026-04-13 23:17:05,844 - SessionLogger - INFO - [sim_FSM+Guardrail_P3_M-BUO-001_0e40ad] Student: 排开的水多，托力就大……可是老师，泡沫那么轻，水真的能产生那么大的力气把它托住吗？

我还是有点乱，难道不是因为它本身轻才浮起来的吗？跟排开多少水有什么关系呀？
Deserializing unregistered type router.SessionMemory from checkpoint. This will be blocked in a future version. Add to allowed_msgpack_modules to silence: [('router', 'SessionMemory')]
Deserializing unregistered type router.PerceptionResult from checkpoint. This will be blocked in a future version. Add to allowed_msgpack_modules to silence: [('router', 'PerceptionResult')]
Deserializing unregistered type router.RouteDecision from checkpoint. This will be blocked in a future version. Add to allowed_msgpack_modules to silence: [('router', 'RouteDecision')]
2026-04-13 23:17:08,697 - SessionLogger - INFO - [sim_Baseline_P2_M-BUO-002_fb44bc] Teacher: 这种“更用力”的感觉很真实，但别忘了上表面也被水更用力地往下压了呀。既然上下两边都增加了同样的“推力”，它们互相抵消后，剩下的净推力会变吗？
2026-04-13 23:17:09,798 - SessionLogger - INFO - [sim_Baseline_P2_M-BUO-002_fb44bc] Student: 听你这么一说，好像确实是互相抵消了……
那是不是只要物体完全没入水里，不管沉多深，浮力其实都不变？
Deserializing unregistered type router.SessionMemory from checkpoint. This will be blocked in a future version. Add to allowed_msgpack_modules to silence: [('router', 'SessionMemory')]
Deserializing unregistered type router.PerceptionResult from checkpoint. This will be blocked in a future version. Add to allowed_msgpack_modules to silence: [('router', 'PerceptionResult')]
Deserializing unregistered type router.RouteDecision from checkpoint. This will be blocked in a future version. Add to allowed_msgpack_modules to silence: [('router', 'RouteDecision')]
2026-04-13 23:17:11,410 - SessionLogger - INFO - [sim_Baseline_P1_M-BUO-002_f2f0ea] Teacher: 咱们别凭感觉，来算笔账：假设物体高1米，当它整体下沉1米时，上表面受到的压力增加了多少？下表面受到的压力又增加了多少？
2026-04-13 23:17:12,725 - SessionLogger - INFO - [sim_Baseline_P1_M-BUO-002_f2f0ea] Student: 反正都变大了呗，下面的压力变得更多，那浮力肯定就变大了啊。你别老让我算具体的数，我就知道越深浮力越大。
Deserializing unregistered type router.SessionMemory from checkpoint. This will be blocked in a future version. Add to allowed_msgpack_modules to silence: [('router', 'SessionMemory')]
Deserializing unregistered type router.PerceptionResult from checkpoint. This will be blocked in a future version. Add to allowed_msgpack_modules to silence: [('router', 'PerceptionResult')]
Deserializing unregistered type router.RouteDecision from checkpoint. This will be blocked in a future version. Add to allowed_msgpack_modules to silence: [('router', 'RouteDecision')]
2026-04-13 23:17:13,797 - SessionLogger - INFO - [sim_Baseline_P2_M-BUO-002_fb44bc] Teacher: 没错，只要物体完全浸没，上下表面的压力差就固定了。那你想想，如果物体只浸入了一半，这时候再往下按一点，浮力会变吗？
2026-04-13 23:17:14,340 - SessionLogger - INFO - [sim_FSM_P2_M-BUO-002_c8a266] Teacher: 你说得对，水越深压强确实越大。但是，当你把物体往深处按时，它的**上表面**受到的水的压强是怎么变化的呢？
2026-04-13 23:17:15,088 - SessionLogger - INFO - [sim_Baseline_P2_M-BUO-002_fb44bc] Student: 这时候上表面还没进水，只有下面受到的压力在变大……
所以这种情况下，往下按浮力是会变大的对吧？
Deserializing unregistered type router.SessionMemory from checkpoint. This will be blocked in a future version. Add to allowed_msgpack_modules to silence: [('router', 'SessionMemory')]
Deserializing unregistered type router.PerceptionResult from checkpoint. This will be blocked in a future version. Add to allowed_msgpack_modules to silence: [('router', 'PerceptionResult')]
Deserializing unregistered type router.RouteDecision from checkpoint. This will be blocked in a future version. Add to allowed_msgpack_modules to silence: [('router', 'RouteDecision')]
2026-04-13 23:17:15,988 - SessionLogger - INFO - [sim_FSM+Guardrail_P3_M-BUO-001_0e40ad] Teacher: 别着急，这种“轻所以浮”的直觉确实很顽固，我们换个更直观的比喻。

想象你在游泳池里试图把一个巨大的充气皮球完全按到水底，你是不是觉得手特别累，好像水在拼命把你往上推？

这时候，你觉得是水在“嫌弃”球太轻才推它，还是因为你强行挤占了水的空间，水在“反抗”你？
2026-04-13 23:17:17,128 - SessionLogger - INFO - [sim_FSM+Guardrail_P3_M-BUO-001_0e40ad] Student: 水在“反抗”……是因为我占了它的地方吗？

可是老师，那个小铁块也占了地方呀，为什么水不反抗它，反而让它沉下去了呢？
Deserializing unregistered type router.SessionMemory from checkpoint. This will be blocked in a future version. Add to allowed_msgpack_modules to silence: [('router', 'SessionMemory')]
Deserializing unregistered type router.PerceptionResult from checkpoint. This will be blocked in a future version. Add to allowed_msgpack_modules to silence: [('router', 'PerceptionResult')]
Deserializing unregistered type router.RouteDecision from checkpoint. This will be blocked in a future version. Add to allowed_msgpack_modules to silence: [('router', 'RouteDecision')]
2026-04-13 23:17:17,586 - SessionLogger - INFO - [sim_FSM_P2_M-BUO-002_c8a266] Student: 上表面的压强肯定也变大了呀，毕竟它离水面也更远了。但这不正好说明物体整体受到的压力都变大了，所以浮力也变大吗？
Deserializing unregistered type router.SessionMemory from checkpoint. This will be blocked in a future version. Add to allowed_msgpack_modules to silence: [('router', 'SessionMemory')]
Deserializing unregistered type router.PerceptionResult from checkpoint. This will be blocked in a future version. Add to allowed_msgpack_modules to silence: [('router', 'PerceptionResult')]
Deserializing unregistered type router.RouteDecision from checkpoint. This will be blocked in a future version. Add to allowed_msgpack_modules to silence: [('router', 'RouteDecision')]
2026-04-13 23:17:18,982 - SessionLogger - WARNING - LLM Judge blocked response. Reason: 助教的回复直接给出了错误的物理推导结论（'合力自然就变大了'），这直接肯定了学生'深度越大，浮力越大'的错误概念。根据违规定义第1条，助教直接告诉了学生（错误的）最终物理结论。此外，该回复不仅没有纠正学生的错误概念，反而通过错误的逻辑引导加深了误解，且完全代替学生得出了关于压力差变化的结论，违反了引导学生自主思考的原则。
2026-04-13 23:17:18,993 - SessionLogger - INFO - [sim_Baseline_P1_M-BUO-002_f2f0ea] Teacher: 咱们不算具体数字，就想一想：当你把潜水艇往下按一点时，它顶部和底部增加的深度是不是**一模一样**的？

如果两边增加的深度相同，那两边**新增**的压力会不会也是一样多的？
2026-04-13 23:17:20,137 - SessionLogger - INFO - [sim_Baseline_P1_M-BUO-002_f2f0ea] Student: 就算增加的一样，可底下的总压力还是比上面大很多啊。我觉得只要深度一直在加，那个托着的力肯定就在变大。
Deserializing unregistered type router.SessionMemory from checkpoint. This will be blocked in a future version. Add to allowed_msgpack_modules to silence: [('router', 'SessionMemory')]
Deserializing unregistered type router.PerceptionResult from checkpoint. This will be blocked in a future version. Add to allowed_msgpack_modules to silence: [('router', 'PerceptionResult')]
Deserializing unregistered type router.RouteDecision from checkpoint. This will be blocked in a future version. Add to allowed_msgpack_modules to silence: [('router', 'RouteDecision')]
2026-04-13 23:17:23,941 - SessionLogger - INFO - [sim_Baseline_P1_M-BUO-002_f2f0ea] Teacher: 没错，底下的总压力确实一直比上面大，但这多出来的“差值”变了吗？

这就好比你和你朋友的身高差，如果你们俩同时踩在升高的电梯里，虽然离地面都更高了，但你们俩的身高差会变吗？
2026-04-13 23:17:24,145 - SessionLogger - INFO - [sim_FSM+Guardrail_P3_M-BUO-001_0e40ad] Teacher: 没错，水确实在“反抗”小铁块，也给了它向上的托力。

只不过，小铁块虽然体积小，但它特别“紧实”（密度大），导致它自身的重力比水给它的这点托力还要大，所以它就沉下去了。

你觉得，如果把这个小铁块做成空心的盒子，让它排开更多的水，水的“反抗力”（浮力）会发生什么变化？
2026-04-13 23:17:25,126 - SessionLogger - INFO - [sim_Baseline_P1_M-BUO-002_f2f0ea] Student: 那能一样吗？水又不是电梯，越深压力越大是常识。我觉得你那个比喻不靠谱，反正我就是觉得越深浮力越大。
2026-04-13 23:17:25,126 - SessionLogger - INFO - [sim_Baseline_P1_M-BUO-002_f2f0ea] Session finished. Resolved: False
2026-04-13 23:17:25,126 - SessionLogger - INFO - [sim_FSM+Guardrail_P2_M-BUO-002_7b5957] Starting session
2026-04-13 23:17:25,126 - SessionLogger - INFO - Initialized Session sim_FSM+Guardrail_P2_M-BUO-002_7b5957 on Unknown for Unknown with version FSM+Guardrail
2026-04-13 23:17:26,250 - SessionLogger - INFO - [sim_FSM+Guardrail_P2_M-BUO-002_7b5957] Student Opening: 老师，我觉得物体浸得越深，受到的水的压强就越大，那它受到的浮力肯定也越大吧？
2026-04-13 23:17:26,958 - SessionLogger - INFO - [sim_FSM_P2_M-BUO-002_c8a266] Teacher: 想象一下，如果两个人的身高同时增加了10厘米，他们之间的身高差会变吗？
2026-04-13 23:17:27,648 - SessionLogger - INFO - [sim_FSM+Guardrail_P3_M-BUO-001_0e40ad] Student: 排开的水多了，反抗力确实会变大吧……

但是老师，铁盒子还是铁做的呀，它的重量没变轻啊，光靠水多推它一下，它真的能浮起来吗？
2026-04-13 23:17:27,648 - SessionLogger - INFO - [sim_FSM+Guardrail_P3_M-BUO-001_0e40ad] Session finished. Resolved: False
2026-04-13 23:17:27,648 - SessionLogger - INFO - [sim_Baseline_P3_M-BUO-002_7a6f77] Starting session
2026-04-13 23:17:27,648 - SessionLogger - INFO - Initialized Session sim_Baseline_P3_M-BUO-002_7a6f77 on Unknown for Unknown with version FSM+Guardrail
2026-04-13 23:17:28,664 - SessionLogger - INFO - [sim_Baseline_P3_M-BUO-002_7a6f77] Student Opening: 老师，我觉得潜水艇潜得越深，受到的浮力应该越大吧？毕竟水越深压强不是越大吗？
2026-04-13 23:17:28,671 - SessionLogger - INFO - [sim_FSM_P2_M-BUO-002_c8a266] Student: 身高差当然不会变啊，但这跟浮力有什么关系？
我觉得压强变大了，托力自然就大了，您别绕弯子行不行？
Deserializing unregistered type router.SessionMemory from checkpoint. This will be blocked in a future version. Add to allowed_msgpack_modules to silence: [('router', 'SessionMemory')]
Deserializing unregistered type router.PerceptionResult from checkpoint. This will be blocked in a future version. Add to allowed_msgpack_modules to silence: [('router', 'PerceptionResult')]
Deserializing unregistered type router.RouteDecision from checkpoint. This will be blocked in a future version. Add to allowed_msgpack_modules to silence: [('router', 'RouteDecision')]
2026-04-13 23:17:31,564 - SessionLogger - INFO - [sim_FSM_P1_M-BUO-002_bff609] Teacher: 别急，我们换个直观的例子：你试着把一个空塑料瓶完全按进水桶底。

这时候瓶子排开的水量已经固定了，如果你再把它往下按深一点，你觉得手感觉到的向上托的力会突然变大吗？
2026-04-13 23:17:32,759 - SessionLogger - INFO - [sim_FSM_P1_M-BUO-002_bff609] Student: 肯定会变大啊，按得越深手越费劲。因为水越深压强越大，瓶子被挤得更厉害，所以向上的力肯定也变大了。
Deserializing unregistered type router.SessionMemory from checkpoint. This will be blocked in a future version. Add to allowed_msgpack_modules to silence: [('router', 'SessionMemory')]
Deserializing unregistered type router.PerceptionResult from checkpoint. This will be blocked in a future version. Add to allowed_msgpack_modules to silence: [('router', 'PerceptionResult')]
Deserializing unregistered type router.RouteDecision from checkpoint. This will be blocked in a future version. Add to allowed_msgpack_modules to silence: [('router', 'RouteDecision')]
2026-04-13 23:17:33,751 - SessionLogger - INFO - [sim_FSM_P2_M-BUO-002_c8a266] Teacher: 别急，咱们直接看关键：浮力其实是“向上的推力”减去“向下的压力”。既然上下表面的压强都变大了，你觉得它们增加的幅度是一样的吗？
2026-04-13 23:17:34,626 - SessionLogger - INFO - [sim_Baseline_P3_M-BUO-002_7a6f77] Teacher: 压强确实随深度增加，但你还记得阿基米德原理吗？浮力的大小主要取决于哪两个因素？

当潜水艇完全没入水中继续下潜时，它排开水的体积发生变化了吗？
2026-04-13 23:17:34,895 - SessionLogger - INFO - [sim_FSM_P2_M-BUO-002_c8a266] Student: 既然深度增加的量是一样的，那压强增加的幅度应该也是一样的吧？
如果上下都增加了同样的压力，那抵消之后，浮力不就还是变大了吗？
Deserializing unregistered type router.SessionMemory from checkpoint. This will be blocked in a future version. Add to allowed_msgpack_modules to silence: [('router', 'SessionMemory')]
Deserializing unregistered type router.PerceptionResult from checkpoint. This will be blocked in a future version. Add to allowed_msgpack_modules to silence: [('router', 'PerceptionResult')]
Deserializing unregistered type router.RouteDecision from checkpoint. This will be blocked in a future version. Add to allowed_msgpack_modules to silence: [('router', 'RouteDecision')]
2026-04-13 23:17:35,324 - SessionLogger - INFO - [sim_FSM+Guardrail_P2_M-BUO-002_7b5957] Teacher: 你说得对，水越深压强确实越大。但别忘了，物体是有厚度的，它的**上表面**也浸在水里，你觉得上表面受到的压强会随着深度增加而变化吗？
2026-04-13 23:17:36,386 - SessionLogger - INFO - [sim_FSM+Guardrail_P2_M-BUO-002_7b5957] Student: 当然会变啊，上表面也越深压强越大嘛。但这跟浮力有啥关系？反正下面压强更大，总的向上推力肯定还是变大了呀。
Deserializing unregistered type router.SessionMemory from checkpoint. This will be blocked in a future version. Add to allowed_msgpack_modules to silence: [('router', 'SessionMemory')]
Deserializing unregistered type router.PerceptionResult from checkpoint. This will be blocked in a future version. Add to allowed_msgpack_modules to silence: [('router', 'PerceptionResult')]
Deserializing unregistered type router.RouteDecision from checkpoint. This will be blocked in a future version. Add to allowed_msgpack_modules to silence: [('router', 'RouteDecision')]
2026-04-13 23:17:38,306 - SessionLogger - INFO - [sim_Baseline_P3_M-BUO-002_7a6f77] Student: 排开水的体积……应该没变吧，毕竟潜水艇还是那么大。
可是老师，下面水压那么大，难道不会把水“挤”得更紧，从而产生更大的向上推力吗？
Deserializing unregistered type router.SessionMemory from checkpoint. This will be blocked in a future version. Add to allowed_msgpack_modules to silence: [('router', 'SessionMemory')]
Deserializing unregistered type router.PerceptionResult from checkpoint. This will be blocked in a future version. Add to allowed_msgpack_modules to silence: [('router', 'PerceptionResult')]
Deserializing unregistered type router.RouteDecision from checkpoint. This will be blocked in a future version. Add to allowed_msgpack_modules to silence: [('router', 'RouteDecision')]
2026-04-13 23:17:38,414 - SessionLogger - INFO - [sim_FSM_P1_M-BUO-002_bff609] Teacher: 这种“费劲”的感觉，其实更多是因为水对瓶子的侧向挤压变大了，而不是向上的托力变了。

如果瓶子没有被压扁（体积没变），它排开的那部分水的重量会随深度改变吗？
2026-04-13 23:17:39,678 - SessionLogger - INFO - [sim_FSM_P1_M-BUO-002_bff609] Student: 排开的水重没变又怎样？关键是深度变了，下面的压强比上面大得更多，合力肯定变大。我觉得你还是没解释清楚为什么深度不影响浮力。
Deserializing unregistered type router.SessionMemory from checkpoint. This will be blocked in a future version. Add to allowed_msgpack_modules to silence: [('router', 'SessionMemory')]
Deserializing unregistered type router.PerceptionResult from checkpoint. This will be blocked in a future version. Add to allowed_msgpack_modules to silence: [('router', 'PerceptionResult')]
Deserializing unregistered type router.RouteDecision from checkpoint. This will be blocked in a future version. Add to allowed_msgpack_modules to silence: [('router', 'RouteDecision')]
2026-04-13 23:17:41,082 - SessionLogger - INFO - [sim_FSM_P2_M-BUO-002_c8a266] Teacher: 没关系，这种“抵消”的感觉确实有点反直觉。

如果上下表面增加的压力完全一样，就像两个人同时往相反方向多推了你同样的力，你感受到的“净推力”（也就是浮力）会发生改变吗？
2026-04-13 23:17:41,970 - SessionLogger - INFO - [sim_Baseline_P3_M-BUO-002_7a6f77] Teacher: 你的直觉很敏锐，水确实会被压缩一点点。

不过，如果潜水艇的外壳非常坚硬，体积几乎不变，而水的密度变化又微乎其微，你觉得这对浮力的影响是大还是小呢？
2026-04-13 23:17:43,357 - SessionLogger - INFO - [sim_Baseline_P3_M-BUO-002_7a6f77] Student: 那……如果体积和密度都没怎么变，浮力岂不是也不变？
可是老师，我还是觉得不对劲，明明感觉下面压力那么大，怎么会没有更大的力把它往上推呢？
Deserializing unregistered type router.SessionMemory from checkpoint. This will be blocked in a future version. Add to allowed_msgpack_modules to silence: [('router', 'SessionMemory')]
Deserializing unregistered type router.PerceptionResult from checkpoint. This will be blocked in a future version. Add to allowed_msgpack_modules to silence: [('router', 'PerceptionResult')]
Deserializing unregistered type router.RouteDecision from checkpoint. This will be blocked in a future version. Add to allowed_msgpack_modules to silence: [('router', 'RouteDecision')]
2026-04-13 23:17:43,936 - SessionLogger - INFO - [sim_FSM+Guardrail_P1_M-BUO-002_bb5521] Teacher: 别担心，这种直觉很正常，毕竟下面的力确实变大了。

但浮力是“合力”，也就是向上的力减去向下的力。既然上面的压力也同步增加了同样的数值，这个“差值”真的会变吗？
2026-04-13 23:17:44,367 - SessionLogger - INFO - [sim_FSM+Guardrail_P2_M-BUO-002_7b5957] Teacher: 没错，上下表面的压强确实都变大了。但你想过没有，如果它们增加的幅度是一模一样的，那它们之间的“差值”会改变吗？
2026-04-13 23:17:44,374 - SessionLogger - INFO - [sim_FSM_P2_M-BUO-002_c8a266] Student: 呃……如果两边推的力真的一样大，那好像确实抵消了，净推力没变？
可是老师，深度越深压强不是越大吗？我怎么总觉得下面的水托得更用力了呢？
Deserializing unregistered type router.SessionMemory from checkpoint. This will be blocked in a future version. Add to allowed_msgpack_modules to silence: [('router', 'SessionMemory')]
Deserializing unregistered type router.PerceptionResult from checkpoint. This will be blocked in a future version. Add to allowed_msgpack_modules to silence: [('router', 'PerceptionResult')]
Deserializing unregistered type router.RouteDecision from checkpoint. This will be blocked in a future version. Add to allowed_msgpack_modules to silence: [('router', 'RouteDecision')]
2026-04-13 23:17:45,104 - SessionLogger - INFO - [sim_FSM+Guardrail_P1_M-BUO-002_bb5521] Student: 可是老师，虽然差值没变，但底下的压强明明变大了啊。我还是觉得深度越深，水给的向上的托力应该越大才对，光看差值我觉得不够全面。
Deserializing unregistered type router.SessionMemory from checkpoint. This will be blocked in a future version. Add to allowed_msgpack_modules to silence: [('router', 'SessionMemory')]
Deserializing unregistered type router.PerceptionResult from checkpoint. This will be blocked in a future version. Add to allowed_msgpack_modules to silence: [('router', 'PerceptionResult')]
Deserializing unregistered type router.RouteDecision from checkpoint. This will be blocked in a future version. Add to allowed_msgpack_modules to silence: [('router', 'RouteDecision')]
2026-04-13 23:17:45,240 - SessionLogger - INFO - [sim_FSM_P1_M-BUO-002_bff609] Teacher: 别急，我们拿刚才那个正方体模型来算笔账。

如果往下移1米，上表面压强增加了 $\rho g \times 1$，下表面压强是不是也正好增加了 $\rho g \times 1$？
2026-04-13 23:17:46,292 - SessionLogger - INFO - [sim_FSM_P1_M-BUO-002_bff609] Student: 是都增加了，但下表面本来就压强大，增加完之后上下表面的差值肯定更大了呀。深度越深，这个压力差就应该越大才对。
Deserializing unregistered type router.SessionMemory from checkpoint. This will be blocked in a future version. Add to allowed_msgpack_modules to silence: [('router', 'SessionMemory')]
Deserializing unregistered type router.PerceptionResult from checkpoint. This will be blocked in a future version. Add to allowed_msgpack_modules to silence: [('router', 'PerceptionResult')]
Deserializing unregistered type router.RouteDecision from checkpoint. This will be blocked in a future version. Add to allowed_msgpack_modules to silence: [('router', 'RouteDecision')]
2026-04-13 23:17:47,079 - SessionLogger - INFO - [sim_Baseline_P3_M-BUO-002_7a6f77] Teacher: 浮力其实是物体上下表面受到的压力差。

你想想，当潜水艇下潜时，它顶部和底部受到的压强都变大了，但它们之间的“差值”会改变吗？
2026-04-13 23:17:47,704 - SessionLogger - INFO - [sim_FSM+Guardrail_P2_M-BUO-002_7b5957] Student: 呃……如果都增加一样的数值，那差值好像确实没变？
可是老师，下面压强明明比上面大很多啊，难道这个“差”不会因为深度增加而变得更大吗？
Deserializing unregistered type router.SessionMemory from checkpoint. This will be blocked in a future version. Add to allowed_msgpack_modules to silence: [('router', 'SessionMemory')]
Deserializing unregistered type router.PerceptionResult from checkpoint. This will be blocked in a future version. Add to allowed_msgpack_modules to silence: [('router', 'PerceptionResult')]
Deserializing unregistered type router.RouteDecision from checkpoint. This will be blocked in a future version. Add to allowed_msgpack_modules to silence: [('router', 'RouteDecision')]
2026-04-13 23:17:48,746 - SessionLogger - INFO - [sim_Baseline_P3_M-BUO-002_7a6f77] Student: 差值……是指下面的压强减去上面的压强吗？
既然都变大了，那减出来的结果应该也会变大吧？就像两个人都长高了，他们的身高差难道不会变吗？
Deserializing unregistered type router.SessionMemory from checkpoint. This will be blocked in a future version. Add to allowed_msgpack_modules to silence: [('router', 'SessionMemory')]
Deserializing unregistered type router.PerceptionResult from checkpoint. This will be blocked in a future version. Add to allowed_msgpack_modules to silence: [('router', 'PerceptionResult')]
Deserializing unregistered type router.RouteDecision from checkpoint. This will be blocked in a future version. Add to allowed_msgpack_modules to silence: [('router', 'RouteDecision')]
2026-04-13 23:17:48,882 - SessionLogger - INFO - [sim_FSM_P2_M-BUO-002_c8a266] Teacher: 没错，下面的水确实托得更用力了，但上面的水也压得更狠了呀。

既然上下两头的力都增加了相同的数值，你觉得它们之间的“差值”会变大吗？
2026-04-13 23:17:49,992 - SessionLogger - INFO - [sim_FSM_P2_M-BUO-002_c8a266] Student: 如果增加的量真的一样，那差值好像确实没变……
但这太奇怪了，明明感觉水越深托力越大啊，难道我之前的感觉全是错的？
Deserializing unregistered type router.SessionMemory from checkpoint. This will be blocked in a future version. Add to allowed_msgpack_modules to silence: [('router', 'SessionMemory')]
Deserializing unregistered type router.PerceptionResult from checkpoint. This will be blocked in a future version. Add to allowed_msgpack_modules to silence: [('router', 'PerceptionResult')]
Deserializing unregistered type router.RouteDecision from checkpoint. This will be blocked in a future version. Add to allowed_msgpack_modules to silence: [('router', 'RouteDecision')]
2026-04-13 23:17:50,355 - SessionLogger - INFO - [sim_FSM+Guardrail_P1_M-BUO-002_bb5521] Teacher: 没关系，这种直觉很真实，因为下面的力确实变大了。

想象一下两个人抬箱子：如果下面的人推力增加了10牛，但上面的人压下来的力也同时增加了10牛，你觉得箱子感受到的“净”托举力变了吗？
2026-04-13 23:17:51,464 - SessionLogger - INFO - [sim_FSM+Guardrail_P1_M-BUO-002_bb5521] Student: 可是老师，水底下的压强是实打实变大了啊。我觉得不能光看那个差值，深度越深，水给的劲儿肯定得更大才对。
Deserializing unregistered type router.SessionMemory from checkpoint. This will be blocked in a future version. Add to allowed_msgpack_modules to silence: [('router', 'SessionMemory')]
Deserializing unregistered type router.PerceptionResult from checkpoint. This will be blocked in a future version. Add to allowed_msgpack_modules to silence: [('router', 'PerceptionResult')]
Deserializing unregistered type router.RouteDecision from checkpoint. This will be blocked in a future version. Add to allowed_msgpack_modules to silence: [('router', 'RouteDecision')]
2026-04-13 23:17:52,056 - SessionLogger - INFO - [sim_FSM_P1_M-BUO-002_bff609] Teacher: 别急，我们来做个简单的数学推演：假设原来的压力差是 $F_{下} - F_{上}$。

如果上下表面的压力都同时增加了相同的数值 $\Delta F$，新的压力差 $(F_{下} + \Delta F) - (F_{上} + \Delta F)$ 算出来会变大吗？
2026-04-13 23:17:52,524 - SessionLogger - INFO - [sim_FSM+Guardrail_P2_M-BUO-002_7b5957] Teacher: 没关系，这种直觉上的冲突很正常。

你可以想象一下，如果把这个物体再往下按 10 厘米，它的上表面和下表面是不是**同时**都加深了 10 厘米？
2026-04-13 23:17:53,485 - SessionLogger - INFO - [sim_FSM_P1_M-BUO-002_bff609] Student: 那算出来是不变，但这只是数学游戏。实际上水越深挤得越紧，感觉上浮力就是应该变大，我不信公式能代表真实手感。
2026-04-13 23:17:53,485 - SessionLogger - INFO - [sim_FSM_P1_M-BUO-002_bff609] Session finished. Resolved: False
2026-04-13 23:17:53,485 - SessionLogger - INFO - [sim_FSM_P3_M-BUO-002_1f366b] Starting session
2026-04-13 23:17:53,485 - SessionLogger - INFO - Initialized Session sim_FSM_P3_M-BUO-002_1f366b on Unknown for Unknown with version FSM+Guardrail
2026-04-13 23:17:54,580 - SessionLogger - INFO - [sim_FSM_P3_M-BUO-002_1f366b] Student Opening: 老师，我觉得潜水艇潜得越深浮力应该越大吧？毕竟水越深压强不是越大吗，那托着它的力肯定也变大了呀。
2026-04-13 23:17:54,587 - SessionLogger - INFO - [sim_FSM+Guardrail_P2_M-BUO-002_7b5957] Student: 是啊，确实是同时都加深了10厘米。
但这不还是说明它们受到的压力都变大了吗？既然都变大了，浮力怎么会不变呢？
Deserializing unregistered type router.SessionMemory from checkpoint. This will be blocked in a future version. Add to allowed_msgpack_modules to silence: [('router', 'SessionMemory')]
Deserializing unregistered type router.PerceptionResult from checkpoint. This will be blocked in a future version. Add to allowed_msgpack_modules to silence: [('router', 'PerceptionResult')]
Deserializing unregistered type router.RouteDecision from checkpoint. This will be blocked in a future version. Add to allowed_msgpack_modules to silence: [('router', 'RouteDecision')]
2026-04-13 23:17:54,676 - SessionLogger - INFO - [sim_Baseline_P3_M-BUO-002_7a6f77] Teacher: 这个比喻很有意思，但两个人长高是各自独立变化的。

压强随深度增加是有固定“步调”的（每深1米增加一定数值），如果潜艇的高度不变，上下表面的深度差也不变，你觉得这个压强的“增量”会互相抵消吗？
2026-04-13 23:17:55,859 - SessionLogger - INFO - [sim_Baseline_P3_M-BUO-002_7a6f77] Student: 增量抵消……是什么意思呀？
如果下面增加的比上面多，那剩下的差值不就变大了吗？我还是有点晕，老师能举个具体的数字例子算给我看吗？
Deserializing unregistered type router.SessionMemory from checkpoint. This will be blocked in a future version. Add to allowed_msgpack_modules to silence: [('router', 'SessionMemory')]
Deserializing unregistered type router.PerceptionResult from checkpoint. This will be blocked in a future version. Add to allowed_msgpack_modules to silence: [('router', 'PerceptionResult')]
Deserializing unregistered type router.RouteDecision from checkpoint. This will be blocked in a future version. Add to allowed_msgpack_modules to silence: [('router', 'RouteDecision')]
2026-04-13 23:17:56,488 - SessionLogger - INFO - [sim_FSM_P2_M-BUO-002_c8a266] Teacher: 别怀疑自己，你的直觉在“刚入水”时是对的——那时候下面有水托着，上面还没进水，浮力确实在变大。

但一旦整个物体都“潜”到水里了，你觉得继续往下沉，它排开的水的体积还会增加吗？
2026-04-13 23:17:57,980 - SessionLogger - INFO - [sim_FSM_P2_M-BUO-002_c8a266] Student: 整个都进去了，排开的水应该就不变了吧……
所以您的意思是，只要全浸没，浮力就固定了，跟深度没关系？这跟我以前想的不太一样啊。
Deserializing unregistered type router.SessionMemory from checkpoint. This will be blocked in a future version. Add to allowed_msgpack_modules to silence: [('router', 'SessionMemory')]
Deserializing unregistered type router.PerceptionResult from checkpoint. This will be blocked in a future version. Add to allowed_msgpack_modules to silence: [('router', 'PerceptionResult')]
Deserializing unregistered type router.RouteDecision from checkpoint. This will be blocked in a future version. Add to allowed_msgpack_modules to silence: [('router', 'RouteDecision')]
2026-04-13 23:18:00,700 - SessionLogger - INFO - [sim_FSM+Guardrail_P2_M-BUO-002_7b5957] Teacher: 别急，我们换个角度想：浮力其实是“向上的推力”减去“向下的压力”。

如果上下两个面受到的压力都增加了**完全相同**的数值，你觉得它们相减之后的结果（也就是差值）会变大吗？
2026-04-13 23:18:01,896 - SessionLogger - INFO - [sim_FSM+Guardrail_P2_M-BUO-002_7b5957] Student: 嗯……如果加上的数一样，那减完剩下的差好像确实没变？
但我还是有点转不过弯，明明水越深压力越大，怎么合力反而不变了呢？
Deserializing unregistered type router.SessionMemory from checkpoint. This will be blocked in a future version. Add to allowed_msgpack_modules to silence: [('router', 'SessionMemory')]
Deserializing unregistered type router.PerceptionResult from checkpoint. This will be blocked in a future version. Add to allowed_msgpack_modules to silence: [('router', 'PerceptionResult')]
Deserializing unregistered type router.RouteDecision from checkpoint. This will be blocked in a future version. Add to allowed_msgpack_modules to silence: [('router', 'RouteDecision')]
2026-04-13 23:18:02,880 - SessionLogger - INFO - [sim_Baseline_P2_M-BUO-002_fb44bc] Teacher: 没错，这时候向上的压力在增加，而向下的压力几乎没变（还是大气压），合力自然就变大了。那你能不能总结一下，浮力的大小到底跟物体“浸在水里的多少”有没有关系？
2026-04-13 23:18:03,822 - SessionLogger - INFO - [sim_Baseline_P2_M-BUO-002_fb44bc] Student: 好像有关系，没完全浸没的时候，浸得越多浮力越大。
但一旦全进去了，再怎么加深好像就没用了？
Deserializing unregistered type router.SessionMemory from checkpoint. This will be blocked in a future version. Add to allowed_msgpack_modules to silence: [('router', 'SessionMemory')]
Deserializing unregistered type router.PerceptionResult from checkpoint. This will be blocked in a future version. Add to allowed_msgpack_modules to silence: [('router', 'PerceptionResult')]
Deserializing unregistered type router.RouteDecision from checkpoint. This will be blocked in a future version. Add to allowed_msgpack_modules to silence: [('router', 'RouteDecision')]
2026-04-13 23:18:05,223 - SessionLogger - INFO - [sim_FSM_P3_M-BUO-002_1f366b] Teacher: 你说得对，水越深压强确实越大。但别忘了，潜水艇是个立体的物体，它的顶部和底部都受到水的压力。

你想一想，当潜水艇从浅处潜到深处时，它顶部受到的压力变大了，那它底部受到的压力是怎么变化的呢？
2026-04-13 23:18:06,207 - SessionLogger - INFO - [sim_FSM_P3_M-BUO-002_1f366b] Student: 底部肯定也变大了呀，因为深度更深了嘛。所以上下都变大，那总的浮力不就是跟着变大了吗？
Deserializing unregistered type router.SessionMemory from checkpoint. This will be blocked in a future version. Add to allowed_msgpack_modules to silence: [('router', 'SessionMemory')]
Deserializing unregistered type router.PerceptionResult from checkpoint. This will be blocked in a future version. Add to allowed_msgpack_modules to silence: [('router', 'PerceptionResult')]
Deserializing unregistered type router.RouteDecision from checkpoint. This will be blocked in a future version. Add to allowed_msgpack_modules to silence: [('router', 'RouteDecision')]
2026-04-13 23:18:06,557 - SessionLogger - INFO - [sim_FSM+Guardrail_P2_M-BUO-002_7b5957] Teacher: 没关系，这个直觉确实很有迷惑性。

我们可以把液体压强想象成一种“均匀的挤压”，既然上下表面受到的额外挤压是一样多的，那它们互相抵消后剩下的那个“净托举力”，你觉得会变吗？
2026-04-13 23:18:06,725 - SessionLogger - INFO - [sim_Baseline_P3_M-BUO-002_7a6f77] Teacher: 咱们来试个简单的：假设潜艇高 2 米。

第一次，顶在水下 10 米，底在 12 米；第二次，顶在水下 100 米，底在 102 米。

在这两种情况里，底部都比顶部深 2 米。既然每深 1 米压强增加的量是一样的，你觉得这两次的“压强差”会变吗？
2026-04-13 23:18:07,651 - SessionLogger - INFO - [sim_FSM+Guardrail_P2_M-BUO-002_7b5957] Student: 抵消后剩下的力……好像确实没变？
可是老师，如果我把物体按到特别深的地方，水那么重，它不应该更用力地往上顶吗？
Deserializing unregistered type router.SessionMemory from checkpoint. This will be blocked in a future version. Add to allowed_msgpack_modules to silence: [('router', 'SessionMemory')]
Deserializing unregistered type router.PerceptionResult from checkpoint. This will be blocked in a future version. Add to allowed_msgpack_modules to silence: [('router', 'PerceptionResult')]
Deserializing unregistered type router.RouteDecision from checkpoint. This will be blocked in a future version. Add to allowed_msgpack_modules to silence: [('router', 'RouteDecision')]
2026-04-13 23:18:07,790 - SessionLogger - WARNING - LLM Judge blocked response. Reason: 助教的回复中直接陈述了物理结论：“‘浸没后的深度’不影响浮力”。这直接否定了学生当前的错误概念（深度越大，浮力越大），并给出了本题关于深度与浮力关系的最终正确结论。根据违规定义第1条“助教直接告诉了学生本题最终的物理结论或标准答案”，此行为属于违规。虽然助教后续通过提问引导学生思考排开体积，但前提信息的泄露已经违反了规则。
2026-04-13 23:18:07,796 - SessionLogger - INFO - [sim_Baseline_P2_M-BUO-002_fb44bc] Teacher: 总结得很到位！那既然“浸没后的深度”不影响浮力，而“浸入的多少”会影响，你觉得浮力的大小更可能跟哪个物理量直接相关呢？
2026-04-13 23:18:08,691 - SessionLogger - INFO - [sim_Baseline_P2_M-BUO-002_fb44bc] Student: 那应该是跟物体排开水的体积有关吧？
毕竟浸入多少，其实就是看它挤占了多少水的空间。
Deserializing unregistered type router.SessionMemory from checkpoint. This will be blocked in a future version. Add to allowed_msgpack_modules to silence: [('router', 'SessionMemory')]
Deserializing unregistered type router.PerceptionResult from checkpoint. This will be blocked in a future version. Add to allowed_msgpack_modules to silence: [('router', 'PerceptionResult')]
Deserializing unregistered type router.RouteDecision from checkpoint. This will be blocked in a future version. Add to allowed_msgpack_modules to silence: [('router', 'RouteDecision')]
2026-04-13 23:18:09,650 - SessionLogger - INFO - [sim_FSM+Guardrail_P1_M-BUO-002_bb5521] Teacher: 我完全同意，底部的推力确实实打实地变大了，这点你没看错。

但别忘了，水是从四面八方挤压物体的，当底部压力变大时，顶部的压力也实打实地变大了，而且增加的数值和底部一模一样。

如果上下两边同时增加了同样大小的力，你觉得它们相互抵消后，剩下的那个“净”向上推力会改变吗？
2026-04-13 23:18:10,210 - SessionLogger - INFO - [sim_Baseline_P3_M-BUO-002_7a6f77] Student: 呃……好像都是深了2米，那增加的压强确实是一样多的？
可是老师，100米那里的水压明明比10米大好多啊，那种“被挤压”的感觉难道不会让向上的推力也变大吗？
Deserializing unregistered type router.SessionMemory from checkpoint. This will be blocked in a future version. Add to allowed_msgpack_modules to silence: [('router', 'SessionMemory')]
Deserializing unregistered type router.PerceptionResult from checkpoint. This will be blocked in a future version. Add to allowed_msgpack_modules to silence: [('router', 'PerceptionResult')]
Deserializing unregistered type router.RouteDecision from checkpoint. This will be blocked in a future version. Add to allowed_msgpack_modules to silence: [('router', 'RouteDecision')]
2026-04-13 23:18:10,927 - SessionLogger - INFO - [sim_FSM+Guardrail_P1_M-BUO-002_bb5521] Student: 老师，虽然上下都增加了，但底下的压强基数大啊，感觉深处的“劲儿”就是更足。我还是觉得深度越深，浮力应该越大，光说抵消我有点转不过弯来。
Deserializing unregistered type router.SessionMemory from checkpoint. This will be blocked in a future version. Add to allowed_msgpack_modules to silence: [('router', 'SessionMemory')]
Deserializing unregistered type router.PerceptionResult from checkpoint. This will be blocked in a future version. Add to allowed_msgpack_modules to silence: [('router', 'PerceptionResult')]
Deserializing unregistered type router.RouteDecision from checkpoint. This will be blocked in a future version. Add to allowed_msgpack_modules to silence: [('router', 'RouteDecision')]
2026-04-13 23:18:12,356 - SessionLogger - INFO - [sim_Baseline_P2_M-BUO-002_fb44bc] Teacher: 太棒了，抓住了“排开水的体积”这个关键！那你再想想，如果同样排开这么多水，但是把水换成更稠密的盐水，浮力会变化吗？
2026-04-13 23:18:13,212 - SessionLogger - INFO - [sim_FSM+Guardrail_P2_M-BUO-002_7b5957] Teacher: 别担心，觉得“水越重顶得越狠”是很自然的直觉。

但你可以想象一下：如果把这个物体完全按到水底，它排开的那部分水的“重量”变了吗？
2026-04-13 23:18:13,470 - SessionLogger - INFO - [sim_Baseline_P2_M-BUO-002_fb44bc] Student: 应该会变大吧？毕竟盐水密度大，感觉托得更有力。
所以浮力不光看排开多少体积，还得看液体本身有多“重”？
Deserializing unregistered type router.SessionMemory from checkpoint. This will be blocked in a future version. Add to allowed_msgpack_modules to silence: [('router', 'SessionMemory')]
Deserializing unregistered type router.PerceptionResult from checkpoint. This will be blocked in a future version. Add to allowed_msgpack_modules to silence: [('router', 'PerceptionResult')]
Deserializing unregistered type router.RouteDecision from checkpoint. This will be blocked in a future version. Add to allowed_msgpack_modules to silence: [('router', 'RouteDecision')]
2026-04-13 23:18:13,961 - SessionLogger - INFO - [sim_Baseline_P3_M-BUO-002_7a6f77] Teacher: 你说得对，100米处的绝对压力确实大得多，潜艇会被“挤”得更扁。

但浮力看的是“向上推”和“向下压”这两股力量的**差额**。既然上下两边受到的压力都同等幅度地增加了，你觉得这个“差额”会跟着变大吗？
2026-04-13 23:18:14,464 - SessionLogger - INFO - [sim_FSM+Guardrail_P2_M-BUO-002_7b5957] Student: 排开的水的体积没变，所以那部分水的重量应该也没变吧……
难道浮力真的只跟排开的水有关，跟深度没关系？这跟我之前想的不太一样啊。
Deserializing unregistered type router.SessionMemory from checkpoint. This will be blocked in a future version. Add to allowed_msgpack_modules to silence: [('router', 'SessionMemory')]
Deserializing unregistered type router.PerceptionResult from checkpoint. This will be blocked in a future version. Add to allowed_msgpack_modules to silence: [('router', 'PerceptionResult')]
Deserializing unregistered type router.RouteDecision from checkpoint. This will be blocked in a future version. Add to allowed_msgpack_modules to silence: [('router', 'RouteDecision')]
2026-04-13 23:18:15,598 - SessionLogger - INFO - [sim_Baseline_P3_M-BUO-002_7a6f77] Student: 同等幅度增加……那就是说，虽然两边都变大了，但多出来的部分刚好互相抵消了？
所以我之前觉得“越深浮力越大”，其实是把“被压得更紧”和“浮力变大”搞混了吗？
Deserializing unregistered type router.SessionMemory from checkpoint. This will be blocked in a future version. Add to allowed_msgpack_modules to silence: [('router', 'SessionMemory')]
Deserializing unregistered type router.PerceptionResult from checkpoint. This will be blocked in a future version. Add to allowed_msgpack_modules to silence: [('router', 'PerceptionResult')]
Deserializing unregistered type router.RouteDecision from checkpoint. This will be blocked in a future version. Add to allowed_msgpack_modules to silence: [('router', 'RouteDecision')]
2026-04-13 23:18:16,259 - SessionLogger - INFO - [sim_FSM+Guardrail_P1_M-BUO-002_bb5521] Teacher: 没关系，这种“劲儿更足”的感觉很直观，我们换个角度看看。

想象你把一个铁块完全按进水里，它排开的水的体积（也就是它占据的空间）会随着你把它按得更深而变大吗？
2026-04-13 23:18:16,812 - SessionLogger - INFO - [sim_Baseline_P2_M-BUO-002_fb44bc] Teacher: 没错，液体的“轻重”（密度）确实很关键。那你想想，排开的那部分盐水，它的重力是不是也比同体积的淡水更大呢？
2026-04-13 23:18:17,467 - SessionLogger - INFO - [sim_FSM+Guardrail_P1_M-BUO-002_bb5521] Student: 排开的水体积肯定没变啊，铁块就那么大。但这跟深度没关系吧，我觉得只要按得深，水给的浮力就该变大。
2026-04-13 23:18:17,467 - SessionLogger - INFO - [sim_FSM+Guardrail_P1_M-BUO-002_bb5521] Session finished. Resolved: False
2026-04-13 23:18:17,468 - SessionLogger - INFO - [sim_FSM+Guardrail_P3_M-BUO-002_db9e56] Starting session
2026-04-13 23:18:17,468 - SessionLogger - INFO - Initialized Session sim_FSM+Guardrail_P3_M-BUO-002_db9e56 on Unknown for Unknown with version FSM+Guardrail
2026-04-13 23:18:18,411 - SessionLogger - INFO - [sim_FSM+Guardrail_P3_M-BUO-002_db9e56] Student Opening: 老师，我觉得潜水艇潜得越深，受到的浮力应该越大吧？毕竟水越深压强不是越大吗？
2026-04-13 23:18:18,430 - SessionLogger - INFO - [sim_FSM_P3_M-BUO-002_1f366b] Teacher: 没错，上下表面的压力确实都增加了。但是，浮力其实是底部向上的压力减去顶部向下的压力，也就是这两个力的**差值**。

既然潜水艇的高度是不变的，当它整体下潜时，底部比顶部多出来的那部分深度（也就是两者深度的差）发生改变了吗？
2026-04-13 23:18:18,698 - SessionLogger - INFO - [sim_Baseline_P2_M-BUO-002_fb44bc] Student: 对哦，同体积的话，盐水肯定比淡水重。
所以浮力大小其实是跟“排开液体的重力”直接挂钩的吗？
2026-04-13 23:18:18,698 - SessionLogger - INFO - [sim_Baseline_P2_M-BUO-002_fb44bc] Session finished. Resolved: False
2026-04-13 23:18:19,579 - SessionLogger - WARNING - LLM Judge blocked response. Reason: 助教在回复中直接陈述了最终结论“浮力只跟这个‘差值’有关，而跟深度无关”。根据违规定义第1条，助教直接告诉了学生本题最终的物理结论或标准答案，剥夺了学生通过思考得出该结论的机会。虽然助教后续提出了引导性问题，但核心错误概念的纠正已经由助教直接给出，属于违规泄露答案。
2026-04-13 23:18:19,655 - SessionLogger - INFO - [sim_FSM_P3_M-BUO-002_1f366b] Student: 深度差……好像确实没变，还是潜艇那么高。可是老师，底下的水压明明大那么多，光看下面那个力变大，浮力难道不会跟着变大一点吗？
Deserializing unregistered type router.SessionMemory from checkpoint. This will be blocked in a future version. Add to allowed_msgpack_modules to silence: [('router', 'SessionMemory')]
Deserializing unregistered type router.PerceptionResult from checkpoint. This will be blocked in a future version. Add to allowed_msgpack_modules to silence: [('router', 'PerceptionResult')]
Deserializing unregistered type router.RouteDecision from checkpoint. This will be blocked in a future version. Add to allowed_msgpack_modules to silence: [('router', 'RouteDecision')]
2026-04-13 23:18:25,613 - SessionLogger - INFO - [sim_FSM_P3_M-BUO-002_1f366b] Teacher: 没关系，这种直觉上的“矛盾”很正常，我们慢慢拆解。

既然你担心只看下面不行，那我们把上面也考虑进来：如果下面的压力增加了 100 牛，而上面的压力同时也增加了 100 牛，这两个力相互抵消后，剩下的那个“净向上”的力（也就是浮力）会发生改变吗？
2026-04-13 23:18:28,850 - SessionLogger - INFO - [sim_FSM_P3_M-BUO-002_1f366b] Student: 啊？上下增加的是一样多的吗？如果真的一样多，那抵消完浮力好像确实没变……但我还是有点晕，为什么增加的量会刚好一样呢？
Deserializing unregistered type router.SessionMemory from checkpoint. This will be blocked in a future version. Add to allowed_msgpack_modules to silence: [('router', 'SessionMemory')]
Deserializing unregistered type router.PerceptionResult from checkpoint. This will be blocked in a future version. Add to allowed_msgpack_modules to silence: [('router', 'PerceptionResult')]
Deserializing unregistered type router.RouteDecision from checkpoint. This will be blocked in a future version. Add to allowed_msgpack_modules to silence: [('router', 'RouteDecision')]
2026-04-13 23:18:33,122 - SessionLogger - INFO - [sim_FSM+Guardrail_P3_M-BUO-002_db9e56] Teacher: 没错，水越深压强确实越大。但潜水艇是有高度的，它的顶面和底面都受到水的压力。你想一想，当它潜入更深时，顶面和底面受到的压力是“同时”增大，还是只有其中一面增大？
2026-04-13 23:18:34,576 - SessionLogger - INFO - [sim_FSM_P3_M-BUO-002_1f366b] Teacher: 别急，这个“刚好”其实藏在一个简单的数学关系里。

既然液体压强是随深度均匀增加的（每深1米，压强增加的量是固定的），而潜艇的高度又是固定的，你觉得上下表面因为“一起下潜”而额外增加的压强，会不会正好相等呢？
2026-04-13 23:18:35,002 - SessionLogger - INFO - [sim_FSM+Guardrail_P3_M-BUO-002_db9e56] Student: 呃……应该是同时增大吧？可是既然压力都变大了，那合力——也就是浮力，难道不会跟着变大吗？
Deserializing unregistered type router.SessionMemory from checkpoint. This will be blocked in a future version. Add to allowed_msgpack_modules to silence: [('router', 'SessionMemory')]
Deserializing unregistered type router.PerceptionResult from checkpoint. This will be blocked in a future version. Add to allowed_msgpack_modules to silence: [('router', 'PerceptionResult')]
Deserializing unregistered type router.RouteDecision from checkpoint. This will be blocked in a future version. Add to allowed_msgpack_modules to silence: [('router', 'RouteDecision')]
2026-04-13 23:18:37,852 - SessionLogger - INFO - [sim_FSM_P3_M-BUO-002_1f366b] Student: 每深1米增加的量是固定的……那是不是说，只要高度不变，不管潜多深，上下表面“多出来”的那部分压强永远是一样的？
Deserializing unregistered type router.SessionMemory from checkpoint. This will be blocked in a future version. Add to allowed_msgpack_modules to silence: [('router', 'SessionMemory')]
Deserializing unregistered type router.PerceptionResult from checkpoint. This will be blocked in a future version. Add to allowed_msgpack_modules to silence: [('router', 'PerceptionResult')]
Deserializing unregistered type router.RouteDecision from checkpoint. This will be blocked in a future version. Add to allowed_msgpack_modules to silence: [('router', 'RouteDecision')]
2026-04-13 23:18:41,306 - SessionLogger - INFO - [sim_FSM+Guardrail_P3_M-BUO-002_db9e56] Teacher: 没关系，这种直觉很常见。

想象一下，如果上面的压力增加了10牛，下面的压力同时也增加了10牛，你觉得它们之间的“差值”会发生变化吗？
2026-04-13 23:18:41,950 - SessionLogger - INFO - [sim_FSM_P2_M-BUO-002_c8a266] Teacher: 没错，你的直觉在“刚入水”时是对的——那时候下面有水托着，上面还没进水，浮力确实在变大。

但一旦整个物体都“潜”到水里了，你觉得继续往下沉，它排开的水的体积还会增加吗？
2026-04-13 23:18:42,398 - SessionLogger - INFO - [sim_FSM+Guardrail_P3_M-BUO-002_db9e56] Student: 差值……好像是不变？可是老师，水越深压强不是越大吗，那个“推力”感觉明明变强了呀，怎么会没变化呢？
Deserializing unregistered type router.SessionMemory from checkpoint. This will be blocked in a future version. Add to allowed_msgpack_modules to silence: [('router', 'SessionMemory')]
Deserializing unregistered type router.PerceptionResult from checkpoint. This will be blocked in a future version. Add to allowed_msgpack_modules to silence: [('router', 'PerceptionResult')]
Deserializing unregistered type router.RouteDecision from checkpoint. This will be blocked in a future version. Add to allowed_msgpack_modules to silence: [('router', 'RouteDecision')]
2026-04-13 23:18:43,667 - SessionLogger - INFO - [sim_FSM_P3_M-BUO-002_1f366b] Teacher: 没错，因为上下表面是“同步”下潜的，它们各自增加的压强确实完全抵消了。

既然浮力本质上是这个“压力差”，而高度和液体密度都没变，你觉得浮力的大小会随着深度继续变化吗？
2026-04-13 23:18:44,733 - SessionLogger - INFO - [sim_FSM_P3_M-BUO-002_1f366b] Student: 照这么说……浮力好像真的不会变？可是老师，我脑子里还是觉得水越深“托”得越用力，这个感觉怎么消除啊？
Deserializing unregistered type router.SessionMemory from checkpoint. This will be blocked in a future version. Add to allowed_msgpack_modules to silence: [('router', 'SessionMemory')]
Deserializing unregistered type router.PerceptionResult from checkpoint. This will be blocked in a future version. Add to allowed_msgpack_modules to silence: [('router', 'PerceptionResult')]
Deserializing unregistered type router.RouteDecision from checkpoint. This will be blocked in a future version. Add to allowed_msgpack_modules to silence: [('router', 'RouteDecision')]
2026-04-13 23:18:45,350 - SessionLogger - INFO - [sim_FSM_P2_M-BUO-002_c8a266] Student: 物体都全进去了，排开的水体积应该就不变了吧……
可是老师，虽然体积没变，但深处的水压不是更大吗？这不会让浮力也跟着变大一点吗？
Deserializing unregistered type router.SessionMemory from checkpoint. This will be blocked in a future version. Add to allowed_msgpack_modules to silence: [('router', 'SessionMemory')]
Deserializing unregistered type router.PerceptionResult from checkpoint. This will be blocked in a future version. Add to allowed_msgpack_modules to silence: [('router', 'PerceptionResult')]
Deserializing unregistered type router.RouteDecision from checkpoint. This will be blocked in a future version. Add to allowed_msgpack_modules to silence: [('router', 'RouteDecision')]
2026-04-13 23:18:49,202 - SessionLogger - INFO - [sim_FSM+Guardrail_P3_M-BUO-002_db9e56] Teacher: 别急，这种“感觉”很真实，因为压强确实变大了。

你可以把浮力想象成下面往上推的力和上面往下压的力在“拔河”。如果两边的力气都增加了同样的数值，它们之间的差距（也就是谁赢了多少）会改变吗？
2026-04-13 23:18:50,250 - SessionLogger - INFO - [sim_FSM+Guardrail_P3_M-BUO-002_db9e56] Student: 可是……如果两边力气都变大了，那种“紧绷”的感觉不是更强了吗？我还是觉得应该会有变化，能不能举个具体的数字例子给我看看？
Deserializing unregistered type router.SessionMemory from checkpoint. This will be blocked in a future version. Add to allowed_msgpack_modules to silence: [('router', 'SessionMemory')]
Deserializing unregistered type router.PerceptionResult from checkpoint. This will be blocked in a future version. Add to allowed_msgpack_modules to silence: [('router', 'PerceptionResult')]
Deserializing unregistered type router.RouteDecision from checkpoint. This will be blocked in a future version. Add to allowed_msgpack_modules to silence: [('router', 'RouteDecision')]
2026-04-13 23:18:50,423 - SessionLogger - INFO - [sim_FSM_P2_M-BUO-002_c8a266] Teacher: 别急，这种“感觉”很常见，因为水压确实变大了。

但你想，水是从四面八方挤压物体的，上面的压力变大了，下面的压力是不是也同步变大了同样的数值？
2026-04-13 23:18:51,792 - SessionLogger - INFO - [sim_FSM_P2_M-BUO-002_c8a266] Student: 呃……如果上下都变大同样的数值，那它们的差值好像确实没变？
可是老师，压强明明变大了啊，这种“挤压感”增强难道不会让托力也变大吗？我还是有点转不过弯来。
Deserializing unregistered type router.SessionMemory from checkpoint. This will be blocked in a future version. Add to allowed_msgpack_modules to silence: [('router', 'SessionMemory')]
Deserializing unregistered type router.PerceptionResult from checkpoint. This will be blocked in a future version. Add to allowed_msgpack_modules to silence: [('router', 'PerceptionResult')]
Deserializing unregistered type router.RouteDecision from checkpoint. This will be blocked in a future version. Add to allowed_msgpack_modules to silence: [('router', 'RouteDecision')]
2026-04-13 23:18:51,978 - SessionLogger - INFO - [sim_FSM_P3_M-BUO-002_1f366b] Teacher: 这种直觉其实是因为我们常把“压强”和“浮力”搞混了，觉得压强大推力就大。

试着想象一下：如果你把一个气球按到水底，虽然它被四周的水压得更紧了（体积变小），但对于一个不会变形的铁块来说，上下表面受到的“额外挤压”是不是互相抵消，并没有产生新的向上推力呢？
2026-04-13 23:18:53,038 - SessionLogger - INFO - [sim_FSM_P3_M-BUO-002_1f366b] Student: 可是……如果压强变大了，那不是应该把物体往上“顶”得更厉害吗？那个抵消的感觉我还是抓不住，能不能换个更直观的例子？
Deserializing unregistered type router.SessionMemory from checkpoint. This will be blocked in a future version. Add to allowed_msgpack_modules to silence: [('router', 'SessionMemory')]
Deserializing unregistered type router.PerceptionResult from checkpoint. This will be blocked in a future version. Add to allowed_msgpack_modules to silence: [('router', 'PerceptionResult')]
Deserializing unregistered type router.RouteDecision from checkpoint. This will be blocked in a future version. Add to allowed_msgpack_modules to silence: [('router', 'RouteDecision')]
2026-04-13 23:18:56,340 - SessionLogger - INFO - [sim_FSM+Guardrail_P3_M-BUO-002_db9e56] Teacher: 没问题，我们用数字来算算看。

假设在浅处时，向上推力是 100N，向下压力是 80N；到了深处，两者都增加了 20N，变成了 120N 和 100N。请你算一下，这两种情况下的“差值”分别是多少？
2026-04-13 23:18:56,655 - SessionLogger - INFO - [sim_FSM_P2_M-BUO-002_c8a266] Teacher: 没关系，这种“挤压感”确实容易让人误解。

想象你被夹在两个弹簧中间，如果上下两个弹簧同时多压缩了相同的长度，你觉得它们把你往上顶的“净推力”会改变吗？
2026-04-13 23:18:57,428 - SessionLogger - INFO - [sim_FSM+Guardrail_P3_M-BUO-002_db9e56] Student: 呃……好像都是 20N？可是老师，既然水里的压力都变大了，为什么这个差值却一点都没变呢？我还是有点转不过弯来。
Deserializing unregistered type router.SessionMemory from checkpoint. This will be blocked in a future version. Add to allowed_msgpack_modules to silence: [('router', 'SessionMemory')]
Deserializing unregistered type router.PerceptionResult from checkpoint. This will be blocked in a future version. Add to allowed_msgpack_modules to silence: [('router', 'PerceptionResult')]
Deserializing unregistered type router.RouteDecision from checkpoint. This will be blocked in a future version. Add to allowed_msgpack_modules to silence: [('router', 'RouteDecision')]
2026-04-13 23:19:00,243 - SessionLogger - INFO - [sim_FSM_P2_M-BUO-002_c8a266] Student: 如果上下同时多压一样的长度，那抵消之后，净推力好像确实没变……
所以我之前是把“压强变大”直接当成“浮力变大”了？但这跟深度真的完全没关系吗？
Deserializing unregistered type router.SessionMemory from checkpoint. This will be blocked in a future version. Add to allowed_msgpack_modules to silence: [('router', 'SessionMemory')]
Deserializing unregistered type router.PerceptionResult from checkpoint. This will be blocked in a future version. Add to allowed_msgpack_modules to silence: [('router', 'PerceptionResult')]
Deserializing unregistered type router.RouteDecision from checkpoint. This will be blocked in a future version. Add to allowed_msgpack_modules to silence: [('router', 'RouteDecision')]
2026-04-13 23:19:03,241 - SessionLogger - INFO - [sim_FSM+Guardrail_P3_M-BUO-002_db9e56] Teacher: 没关系，这种“直觉”和“计算结果”打架的感觉确实让人困惑。

你可以想象两个人在推一扇门，如果左边的人推力增加了10牛，右边的人也同时增加了10牛，你觉得门受到的“净推力”会改变吗？
2026-04-13 23:19:04,657 - SessionLogger - INFO - [sim_FSM+Guardrail_P3_M-BUO-002_db9e56] Student: 门好像确实不会动得更厉害……可是老师，在水里那种被挤压的感觉明明变强了呀，为什么算出来的浮力却像没变一样？
Deserializing unregistered type router.SessionMemory from checkpoint. This will be blocked in a future version. Add to allowed_msgpack_modules to silence: [('router', 'SessionMemory')]
Deserializing unregistered type router.PerceptionResult from checkpoint. This will be blocked in a future version. Add to allowed_msgpack_modules to silence: [('router', 'PerceptionResult')]
Deserializing unregistered type router.RouteDecision from checkpoint. This will be blocked in a future version. Add to allowed_msgpack_modules to silence: [('router', 'RouteDecision')]
2026-04-13 23:19:05,556 - SessionLogger - INFO - [sim_FSM+Guardrail_P2_M-BUO-002_7b5957] Teacher: 没错，你的直觉开始修正了！既然排开的水没变，那“托举”它的力量自然也就稳住了。

现在试着想一下：如果这个物体还没完全浸没，正慢慢往水里按，这时候深度增加，浮力会变吗？
2026-04-13 23:19:05,827 - SessionLogger - WARNING - LLM Judge blocked response. Reason: 助教直接给出了本题的最终物理结论（浮力与深度无关）以及核心逻辑依据（压力差只和排开液体的体积有关）。这违反了违规定义中的第1条（直接告诉学生最终结论）和第2条（代替学生完成关键逻辑推导），没有给学生留下通过引导自行纠正错误概念的空间。
2026-04-13 23:19:05,832 - SessionLogger - INFO - [sim_FSM_P2_M-BUO-002_c8a266] Teacher: 没错，你抓住了关键：浮力看的是“差值”，而不是单点的压强大小。

只要物体完全浸没且液体密度均匀，这个“压力差”就只和物体排开液体的体积有关，确实与深度无关了。
2026-04-13 23:19:06,915 - SessionLogger - INFO - [sim_FSM+Guardrail_P2_M-BUO-002_7b5957] Student: 这时候排开的水变多了，那浮力应该会变大吧？
所以之前我觉得“越深浮力越大”，其实是因为物体还没完全没入水里，排开体积在变，而不是因为深度本身？
Deserializing unregistered type router.SessionMemory from checkpoint. This will be blocked in a future version. Add to allowed_msgpack_modules to silence: [('router', 'SessionMemory')]
Deserializing unregistered type router.PerceptionResult from checkpoint. This will be blocked in a future version. Add to allowed_msgpack_modules to silence: [('router', 'PerceptionResult')]
Deserializing unregistered type router.RouteDecision from checkpoint. This will be blocked in a future version. Add to allowed_msgpack_modules to silence: [('router', 'RouteDecision')]
2026-04-13 23:19:09,353 - SessionLogger - INFO - [sim_FSM_P2_M-BUO-002_c8a266] Student: 既然差值不变，那浮力确实应该不变……但我还是有点担心，万一水特别深，下面压得特别紧，真的不会影响这个差值吗？
2026-04-13 23:19:09,354 - SessionLogger - INFO - [sim_FSM_P2_M-BUO-002_c8a266] Session finished. Resolved: False
2026-04-13 23:19:10,673 - SessionLogger - WARNING - LLM Judge blocked response. Reason: 助教直接给出了纠正学生错误概念的核心逻辑推导和最终结论。具体来说，助教明确指出了浮力取决于‘上下表面的压力差额’，并直接断言因为‘两边增加的压力一模一样’，所以‘差额保持不变’。这完全代替了学生思考‘为什么深度增加但浮力不变’的关键逻辑过程（即需要学生自己意识到上下表面压力同步增加从而抵消），违反了‘不直接告诉标准答案’和‘不完全代替关键逻辑推导’的违规定义。
2026-04-13 23:19:13,373 - SessionLogger - WARNING - LLM Judge blocked response. Reason: 助教的第一句话'你说得很对！看来你已经抓住了关键：是“排开水的体积”在起作用，而不是深度本身。'直接否定了学生的错误概念并给出了本题的核心物理结论（浮力取决于排开液体的体积而非深度）。这违反了违规定义第1条：'助教直接告诉了学生本题最终的物理结论或标准答案'。尽管后续通过提问进行引导，但核心答案已在前半句泄露。
2026-04-13 23:19:14,653 - SessionLogger - INFO - [sim_FSM+Guardrail_P3_M-BUO-002_db9e56] Teacher: 你说得对，那种“被挤压”的感觉确实变强了，这说明水对物体的压力确实增大了。

但浮力看的是上下两个面压力的“差值”。既然上下两面受到的压力都同步增加了，你觉得它们之间的这个“差距”会被拉大吗？
2026-04-13 23:19:16,547 - SessionLogger - INFO - [sim_Baseline_P3_M-BUO-002_7a6f77] Teacher: 没错，就是这种感觉！压力的“基数”变大了，但上下表面的“差值”没变。

既然浮力只跟这个“差值”有关，而跟深度无关，那你觉得如果潜艇被水压压缩，体积稍微变小了一点点，浮力会发生什么变化呢？
2026-04-13 23:19:25,705 - SessionLogger - INFO - [sim_FSM+Guardrail_P2_M-BUO-002_7b5957] Teacher: 太棒了，你抓住了关键！

既然你已经理清了“排开体积”才是幕后推手，那如果现在有一个铁块和一个同样大小的木块，都完全浸没在同一深度的水里，你觉得它们受到的浮力会一样吗？
2026-04-13 23:19:25,705 - SessionLogger - INFO - [sim_FSM+Guardrail_P2_M-BUO-002_7b5957] Session finished. Resolved: True
2026-04-13 23:19:25,709 - SessionLogger - INFO - [sim_FSM+Guardrail_P3_M-BUO-002_db9e56] Student: 差距好像确实没变……可是老师，既然水更深了，下面的压力不是应该比上面“多”出更多吗？为什么它们增加的量会一模一样呢？
Deserializing unregistered type router.SessionMemory from checkpoint. This will be blocked in a future version. Add to allowed_msgpack_modules to silence: [('router', 'SessionMemory')]
Deserializing unregistered type router.PerceptionResult from checkpoint. This will be blocked in a future version. Add to allowed_msgpack_modules to silence: [('router', 'PerceptionResult')]
Deserializing unregistered type router.RouteDecision from checkpoint. This will be blocked in a future version. Add to allowed_msgpack_modules to silence: [('router', 'RouteDecision')]
2026-04-13 23:19:27,692 - SessionLogger - INFO - [sim_Baseline_P3_M-BUO-002_7a6f77] Student: 体积变小……那是不是排开的水也变少了？
可是老师，如果它只是被压扁了一点点，深度还是那么深，浮力真的会因为这一点点体积变化就明显变小吗？我还是觉得深度的影响应该更大才对。
Deserializing unregistered type router.SessionMemory from checkpoint. This will be blocked in a future version. Add to allowed_msgpack_modules to silence: [('router', 'SessionMemory')]
Deserializing unregistered type router.PerceptionResult from checkpoint. This will be blocked in a future version. Add to allowed_msgpack_modules to silence: [('router', 'PerceptionResult')]
Deserializing unregistered type router.RouteDecision from checkpoint. This will be blocked in a future version. Add to allowed_msgpack_modules to silence: [('router', 'RouteDecision')]
2026-04-13 23:19:33,926 - SessionLogger - WARNING - LLM Judge blocked response. Reason: 助教在回复中直接给出了纠正学生错误概念的关键逻辑结论，即‘只要体积不变，深度带来的上下压力增加是互相抵消的’。这属于直接告诉学生本题最终的物理结论（浮力与深度无关的原因），违反了违规定义第1条。此外，这也代替学生完成了关于压力差与深度关系的关键逻辑推导，违反了违规定义第2条。助教应当通过提问引导学生思考上下表面压力差的变化情况，而不是直接陈述抵消的结论。
2026-04-13 23:19:33,931 - SessionLogger - INFO - [sim_Baseline_P3_M-BUO-002_7a6f77] Teacher: 咱们先别纠结“明显”不明显，只看逻辑：如果排开的水确实变少了，哪怕只少了一滴，浮力是变大还是变小？

至于深度，刚才咱们不是推导过，只要体积不变，深度带来的上下压力增加是互相抵消的吗？
2026-04-13 23:19:37,779 - SessionLogger - INFO - [sim_Baseline_P3_M-BUO-002_7a6f77] Student: 哦……如果排开的水变少，那浮力确实是变小了。
可是老师，我还是有点转不过弯来，既然深度增加会让压强变大，为什么这个“互相抵消”就能完全抹掉深度的影响呢？能不能举个具体的数字例子让我看看？
Deserializing unregistered type router.SessionMemory from checkpoint. This will be blocked in a future version. Add to allowed_msgpack_modules to silence: [('router', 'SessionMemory')]
Deserializing unregistered type router.PerceptionResult from checkpoint. This will be blocked in a future version. Add to allowed_msgpack_modules to silence: [('router', 'PerceptionResult')]
Deserializing unregistered type router.RouteDecision from checkpoint. This will be blocked in a future version. Add to allowed_msgpack_modules to silence: [('router', 'RouteDecision')]
2026-04-13 23:19:40,949 - SessionLogger - INFO - [sim_FSM_P3_M-BUO-002_1f366b] Teacher: 没关系，这种直觉很常见，毕竟水越深确实感觉“劲儿”越大。

咱们换个角度想：浮力其实是下表面向上的推力减去上表面向下的压力。如果深度增加时，上下表面受到的压力都增加了完全相同的一点点，你觉得它们相减之后的“差值”会变大吗？
2026-04-13 23:19:42,131 - SessionLogger - INFO - [sim_FSM_P3_M-BUO-002_1f366b] Student: 呃……如果两个数都加了一样的数，减出来的结果确实没变。但我还是觉得不对劲，水那么深，难道对物体完全没有额外的影响吗？
Deserializing unregistered type router.SessionMemory from checkpoint. This will be blocked in a future version. Add to allowed_msgpack_modules to silence: [('router', 'SessionMemory')]
Deserializing unregistered type router.PerceptionResult from checkpoint. This will be blocked in a future version. Add to allowed_msgpack_modules to silence: [('router', 'PerceptionResult')]
Deserializing unregistered type router.RouteDecision from checkpoint. This will be blocked in a future version. Add to allowed_msgpack_modules to silence: [('router', 'RouteDecision')]
2026-04-13 23:19:42,305 - SessionLogger - INFO - [sim_Baseline_P3_M-BUO-002_7a6f77] Teacher: 没问题，咱们用数字说话。假设潜艇是个边长 1 米的正方体，上表面在 10 米深，下表面在 11 米深。

已知每深 10 米压强增加约 $10^5$ Pa，你能算出此时上下表面的**压强差**是多少吗？
2026-04-13 23:19:44,413 - SessionLogger - INFO - [sim_Baseline_P3_M-BUO-002_7a6f77] Student: 呃……上面是 $10^5$，下面因为深了1米，是不是就是 $1.1 \times 10^5$？
那压强差就是 $0.1 \times 10^5$ Pa？可是老师，如果我把整个潜艇再往下按10米，这个差值真的不会变吗？
Deserializing unregistered type router.SessionMemory from checkpoint. This will be blocked in a future version. Add to allowed_msgpack_modules to silence: [('router', 'SessionMemory')]
Deserializing unregistered type router.PerceptionResult from checkpoint. This will be blocked in a future version. Add to allowed_msgpack_modules to silence: [('router', 'PerceptionResult')]
Deserializing unregistered type router.RouteDecision from checkpoint. This will be blocked in a future version. Add to allowed_msgpack_modules to silence: [('router', 'RouteDecision')]
2026-04-13 23:19:47,921 - SessionLogger - INFO - [sim_FSM_P3_M-BUO-002_1f366b] Teacher: 没错，数学上差值确实不变。

为了帮你消除这种“不对劲”的感觉，我们可以把物体想象成夹在两层水之间的三明治：当它下沉时，上面压下来的水层变厚了，但下面托着它的水层也同步变厚了。既然上下两边增加的“重量”是一样多的，你觉得这种同步增加会改变它们之间的“净推力”吗？
2026-04-13 23:19:49,125 - SessionLogger - INFO - [sim_FSM_P3_M-BUO-002_1f366b] Student: 好像……是这么个道理，上下一起加确实抵消了。但我还是有点懵，那为什么我潜水的时候，越往下耳朵越疼，感觉压力明明变大了呀？
Deserializing unregistered type router.SessionMemory from checkpoint. This will be blocked in a future version. Add to allowed_msgpack_modules to silence: [('router', 'SessionMemory')]
Deserializing unregistered type router.PerceptionResult from checkpoint. This will be blocked in a future version. Add to allowed_msgpack_modules to silence: [('router', 'PerceptionResult')]
Deserializing unregistered type router.RouteDecision from checkpoint. This will be blocked in a future version. Add to allowed_msgpack_modules to silence: [('router', 'RouteDecision')]
2026-04-13 23:19:49,195 - SessionLogger - INFO - [sim_Baseline_P3_M-BUO-002_7a6f77] Teacher: 算得很准！那咱们试试下潜：如果整体再往下 10 米，上表面变成 20 米深，下表面变成 21 米深。

这时候上下表面的压强分别是多少？你再算算看，它们的差值变了吗？
2026-04-13 23:19:51,408 - SessionLogger - INFO - [sim_Baseline_P3_M-BUO-002_7a6f77] Student: 上面是 $2 \times 10^5$，下面是 $2.1 \times 10^5$……咦？差值好像还是 $0.1 \times 10^5$ Pa？
可是老师，虽然差值没变，但下面的压强明明变得更大了呀，难道浮力真的跟这个绝对数值没关系，只看那个“差”吗？
2026-04-13 23:19:51,408 - SessionLogger - INFO - [sim_Baseline_P3_M-BUO-002_7a6f77] Session finished. Resolved: False
2026-04-13 23:19:55,222 - SessionLogger - INFO - [sim_FSM_P3_M-BUO-002_1f366b] Teacher: 你说得对，耳朵疼是因为你耳膜内外的“压强差”变大了，这确实说明压强在增加。

但浮力看的是物体“上下表面”受到的压力之差。既然上下表面的压强是同步增加的，你觉得这种“同步”会让它们之间的差值发生改变吗？
2026-04-13 23:19:56,856 - SessionLogger - INFO - [sim_FSM_P3_M-BUO-002_1f366b] Student: 道理我都懂，可是……如果深度没影响，那为什么把空瓶子按进水里，越往下按感觉手越累、阻力越大呢？
Deserializing unregistered type router.SessionMemory from checkpoint. This will be blocked in a future version. Add to allowed_msgpack_modules to silence: [('router', 'SessionMemory')]
Deserializing unregistered type router.PerceptionResult from checkpoint. This will be blocked in a future version. Add to allowed_msgpack_modules to silence: [('router', 'PerceptionResult')]
Deserializing unregistered type router.RouteDecision from checkpoint. This will be blocked in a future version. Add to allowed_msgpack_modules to silence: [('router', 'RouteDecision')]
2026-04-13 23:20:05,574 - SessionLogger - WARNING - Structured NLU parsing failed, falling back to raw parsing: Failed to parse NLUOutput from completion {"intent": "Misconception_Expression", "misconception_tag": "M-BUO-02", "cognitive_state": "认知冲突触发", "sentiment": "困惑", "confidence": 0.95}. Got: 1 validation error for NLUOutput
misconception_tag
  Input should be 'M-ELE-001', 'M-ELE-002', 'M-BUO-001' or 'M-BUO-002' [type=literal_error, input_value='M-BUO-02', input_type=str]
    For further information visit https://errors.pydantic.dev/2.12/v/literal_error
For troubleshooting, visit: https://docs.langchain.com/oss/python/langchain/errors/OUTPUT_PARSING_FAILURE 
2026-04-13 23:20:12,413 - SessionLogger - INFO - [sim_FSM_P3_M-BUO-002_1f366b] Teacher: 没关系，这个感觉非常真实，但这其实是个“陷阱”。

你按瓶子时手累，是因为瓶子里有空气，越往下空气被压缩得越小，排开的水变少了，浮力反而在**减小**（所以你要更用力才能把它按在那儿）。

如果我们换一个**完全装满水、捏不扁**的铁块，你觉得把它从浅处移到深处，手需要的力气会变吗？
2026-04-13 23:20:15,763 - SessionLogger - INFO - [sim_FSM_P3_M-BUO-002_1f366b] Student: 铁块捏不扁……那它排开的水确实没变。可是老师，水那么深，下面的水不是应该更“挤”、更有劲儿往上顶吗？
2026-04-13 23:20:15,763 - SessionLogger - INFO - [sim_FSM_P3_M-BUO-002_1f366b] Session finished. Resolved: False
2026-04-13 23:20:19,448 - SessionLogger - INFO - [sim_FSM+Guardrail_P3_M-BUO-002_db9e56] Teacher: 没关系，这个直觉很敏锐，我们拆解一下。

想象你手里拿着一个固定高度的盒子，当你把它整体往下移 1 米时，盒子的“头顶”和“脚底”是不是都同时加深了 1 米？
2026-04-13 23:20:20,656 - SessionLogger - INFO - [sim_FSM+Guardrail_P3_M-BUO-002_db9e56] Student: 嗯，是都加深了 1 米……可是老师，下面本来就比上面压强大啊，再往下沉，下面的压强不是应该“跑”得更快，把差距拉大吗？
Deserializing unregistered type router.SessionMemory from checkpoint. This will be blocked in a future version. Add to allowed_msgpack_modules to silence: [('router', 'SessionMemory')]
Deserializing unregistered type router.PerceptionResult from checkpoint. This will be blocked in a future version. Add to allowed_msgpack_modules to silence: [('router', 'PerceptionResult')]
Deserializing unregistered type router.RouteDecision from checkpoint. This will be blocked in a future version. Add to allowed_msgpack_modules to silence: [('router', 'RouteDecision')]
2026-04-13 23:20:26,725 - SessionLogger - INFO - [sim_FSM+Guardrail_P3_M-BUO-002_db9e56] Teacher: 别急，我们来看看这个“跑”的速度。

在水里，深度每增加 1 米，压强增加的数值是固定的（比如都增加 10000 帕）。既然上下表面都下沉了相同的距离，它们各自“增加”的那部分压力，会不会也是一样多的呢？
2026-04-13 23:20:30,383 - SessionLogger - INFO - [sim_FSM+Guardrail_P3_M-BUO-002_db9e56] Student: 增加的量是一样多……可是老师，既然下面原本的压力就大，再加上这一样多的增量，总的压力差难道不会变大吗？我还是觉得越深浮力应该越大。
Deserializing unregistered type router.SessionMemory from checkpoint. This will be blocked in a future version. Add to allowed_msgpack_modules to silence: [('router', 'SessionMemory')]
Deserializing unregistered type router.PerceptionResult from checkpoint. This will be blocked in a future version. Add to allowed_msgpack_modules to silence: [('router', 'PerceptionResult')]
Deserializing unregistered type router.RouteDecision from checkpoint. This will be blocked in a future version. Add to allowed_msgpack_modules to silence: [('router', 'RouteDecision')]
2026-04-13 23:20:36,045 - SessionLogger - INFO - [sim_FSM+Guardrail_P3_M-BUO-002_db9e56] Teacher: 没关系，这种“基数大所以增量影响大”的感觉确实很诱人，我们来做个简单的数学小游戏。

假设原来下面是 100，上面是 80（差值是 20）；现在两边都增加了同样的 50，变成了下面 150，上面 130。你再算算看，现在的差值变了吗？
2026-04-13 23:20:39,299 - SessionLogger - INFO - [sim_FSM+Guardrail_P3_M-BUO-002_db9e56] Student: 呃……150 减 130 还是 20，确实没变。可是老师，这只是个数字游戏吧？在水里真的也是这样“同步”增加的吗？
Deserializing unregistered type router.SessionMemory from checkpoint. This will be blocked in a future version. Add to allowed_msgpack_modules to silence: [('router', 'SessionMemory')]
Deserializing unregistered type router.PerceptionResult from checkpoint. This will be blocked in a future version. Add to allowed_msgpack_modules to silence: [('router', 'PerceptionResult')]
Deserializing unregistered type router.RouteDecision from checkpoint. This will be blocked in a future version. Add to allowed_msgpack_modules to silence: [('router', 'RouteDecision')]
2026-04-13 23:20:45,403 - SessionLogger - INFO - [sim_FSM+Guardrail_P3_M-BUO-002_db9e56] Teacher: 这可不是数字游戏，而是水的“公平”之处。

你可以想象水像一层层均匀的积木叠起来的，每往下走一层，上下表面受到的“额外重量”都是完全一样的。既然增加的量一模一样，你觉得它们之间的“差距”会被拉开吗？
2026-04-13 23:20:48,741 - SessionLogger - INFO - [sim_FSM+Guardrail_P3_M-BUO-002_db9e56] Student: 可是老师，虽然差距没变，但下面的压力明明更大了呀……那种被紧紧压住的感觉，难道不是浮力变大吗？我还是有点转不过弯来。
2026-04-13 23:20:48,741 - SessionLogger - INFO - [sim_FSM+Guardrail_P3_M-BUO-002_db9e56] Session finished. Resolved: False
开始批量仿真实验...
仿真实验完成。
Metrics calculated and saved to results/summary_metrics.csv
Created results/manual_audit.csv
找到 36 个会话，开始评估...
正在评估会话: sim_Baseline_P1_M-ELE-001_849dc4 (10 轮对话)
  -> 苏格拉底度: 4, 有效性: 2
正在评估会话: sim_Baseline_P2_M-ELE-001_649bc1 (10 轮对话)
  -> 苏格拉底度: 5, 有效性: 5
正在评估会话: sim_FSM+Guardrail_P1_M-ELE-001_58c565 (10 轮对话)
  -> 苏格拉底度: 4, 有效性: 2
正在评估会话: sim_FSM_P2_M-ELE-001_92ccfd (10 轮对话)
  -> 苏格拉底度: 4, 有效性: 4
正在评估会话: sim_FSM+Guardrail_P2_M-ELE-001_12b075 (10 轮对话)
  -> 苏格拉底度: 5, 有效性: 5
正在评估会话: sim_FSM_P1_M-ELE-001_1a4609 (10 轮对话)
  -> 苏格拉底度: 5, 有效性: 4
正在评估会话: sim_Baseline_P3_M-ELE-001_1da357 (10 轮对话)
  -> 苏格拉底度: 5, 有效性: 4
正在评估会话: sim_FSM_P3_M-ELE-001_078656 (10 轮对话)
  -> 苏格拉底度: 4, 有效性: 3
正在评估会话: sim_Baseline_P1_M-ELE-002_951b5a (10 轮对话)
  -> 苏格拉底度: 5, 有效性: 4
正在评估会话: sim_FSM+Guardrail_P3_M-ELE-001_b01521 (10 轮对话)
  -> 苏格拉底度: 5, 有效性: 5
正在评估会话: sim_FSM_P1_M-ELE-002_e0fa2b (10 轮对话)
  -> 苏格拉底度: 4, 有效性: 3
正在评估会话: sim_FSM+Guardrail_P1_M-ELE-002_d03cb4 (10 轮对话)
  -> 苏格拉底度: 4, 有效性: 4
正在评估会话: sim_Baseline_P2_M-ELE-002_d1255e (10 轮对话)
  -> 苏格拉底度: 5, 有效性: 5
正在评估会话: sim_Baseline_P3_M-ELE-002_ea003f (10 轮对话)
  -> 苏格拉底度: 5, 有效性: 4
正在评估会话: sim_FSM+Guardrail_P2_M-ELE-002_33fde6 (10 轮对话)
  -> 苏格拉底度: 5, 有效性: 5
正在评估会话: sim_FSM_P2_M-ELE-002_aaf43e (10 轮对话)
  -> 苏格拉底度: 5, 有效性: 5
正在评估会话: sim_FSM_P3_M-ELE-002_f14491 (10 轮对话)
  -> 苏格拉底度: 5, 有效性: 4
正在评估会话: sim_FSM+Guardrail_P3_M-ELE-002_137899 (10 轮对话)
  -> 苏格拉底度: 5, 有效性: 4
正在评估会话: sim_Baseline_P1_M-BUO-001_bff605 (10 轮对话)
  -> 苏格拉底度: 5, 有效性: 4
正在评估会话: sim_FSM_P1_M-BUO-001_3b2378 (10 轮对话)
  -> 苏格拉底度: 5, 有效性: 3
正在评估会话: sim_FSM+Guardrail_P1_M-BUO-001_656714 (10 轮对话)
  -> 苏格拉底度: 5, 有效性: 4
正在评估会话: sim_Baseline_P2_M-BUO-001_7f5889 (10 轮对话)
  -> 苏格拉底度: 5, 有效性: 5
正在评估会话: sim_FSM_P2_M-BUO-001_277aa9 (5 轮对话)
  -> 苏格拉底度: 5, 有效性: 5
正在评估会话: sim_FSM+Guardrail_P2_M-BUO-001_2e5d8f (6 轮对话)
  -> 苏格拉底度: 5, 有效性: 5
正在评估会话: sim_Baseline_P3_M-BUO-001_201c6c (10 轮对话)
  -> 苏格拉底度: 5, 有效性: 5
正在评估会话: sim_FSM_P3_M-BUO-001_9920f7 (10 轮对话)
  -> 苏格拉底度: 4, 有效性: 3
正在评估会话: sim_FSM+Guardrail_P3_M-BUO-001_0e40ad (10 轮对话)
  -> 苏格拉底度: 5, 有效性: 4
正在评估会话: sim_Baseline_P1_M-BUO-002_f2f0ea (10 轮对话)
  -> 苏格拉底度: 5, 有效性: 3
正在评估会话: sim_FSM_P1_M-BUO-002_bff609 (10 轮对话)
  -> 苏格拉底度: 4, 有效性: 3
正在评估会话: sim_FSM+Guardrail_P1_M-BUO-002_bb5521 (10 轮对话)
  -> 苏格拉底度: 4, 有效性: 2
正在评估会话: sim_Baseline_P2_M-BUO-002_fb44bc (10 轮对话)
  -> 苏格拉底度: 5, 有效性: 5
正在评估会话: sim_FSM_P2_M-BUO-002_c8a266 (10 轮对话)
  -> 苏格拉底度: 4, 有效性: 4
正在评估会话: sim_Baseline_P3_M-BUO-002_7a6f77 (10 轮对话)
  -> 苏格拉底度: 4, 有效性: 4
正在评估会话: sim_FSM+Guardrail_P2_M-BUO-002_7b5957 (8 轮对话)
  -> 苏格拉底度: 5, 有效性: 5
正在评估会话: sim_FSM_P3_M-BUO-002_1f366b (10 轮对话)
  -> 苏格拉底度: 5, 有效性: 5
正在评估会话: sim_FSM+Guardrail_P3_M-BUO-002_db9e56 (10 轮对话)
  -> 苏格拉底度: 5, 有效性: 5
评估完成，结果已保存至 /data/zzc/agent_test/logs/evaluation_results.json
