2026-04-14 17:32:58,968 - SessionLogger - INFO - [sim_Baseline_P1_M-ELE-001_936118] Starting session
2026-04-14 17:32:58,969 - SessionLogger - INFO - Initialized Session sim_Baseline_P1_M-ELE-001_936118 on Unknown for Unknown with version FSM+Guardrail
2026-04-14 17:33:02,462 - SessionLogger - INFO - [sim_Baseline_P1_M-ELE-001_936118] Student Opening: 老师，串联电路里第一个灯泡肯定更亮吧，毕竟电流流过去被它“用”掉了一部分，剩下的才流到第二个灯泡那里。
2026-04-14 17:33:02,463 - SessionLogger - INFO - [sim_FSM_P1_M-ELE-001_7a3d6a] Starting session
2026-04-14 17:33:02,463 - SessionLogger - INFO - Initialized Session sim_FSM_P1_M-ELE-001_7a3d6a on Unknown for Unknown with version FSM+Guardrail
2026-04-14 17:33:04,877 - SessionLogger - INFO - [sim_FSM_P1_M-ELE-001_7a3d6a] Student Opening: 老师，串联电路里第二个灯泡肯定比第一个暗吧，毕竟电流流过第一个灯泡的时候已经被消耗掉一部分了呀。
2026-04-14 17:33:04,878 - SessionLogger - INFO - [sim_FSM+Guardrail_P1_M-ELE-001_2cccfd] Starting session
2026-04-14 17:33:04,878 - SessionLogger - INFO - Initialized Session sim_FSM+Guardrail_P1_M-ELE-001_2cccfd on Unknown for Unknown with version FSM+Guardrail
2026-04-14 17:33:07,023 - SessionLogger - INFO - [sim_FSM+Guardrail_P1_M-ELE-001_2cccfd] Student Opening: 老师，我觉得串联电路里，电流流过第一个灯泡就被消耗掉一部分了，所以第二个灯泡分到的电流肯定比第一个少，它才会比较暗吧？
2026-04-14 17:33:07,024 - SessionLogger - INFO - [sim_Baseline_P2_M-ELE-001_2746e2] Starting session
2026-04-14 17:33:07,024 - SessionLogger - INFO - Initialized Session sim_Baseline_P2_M-ELE-001_2746e2 on Unknown for Unknown with version FSM+Guardrail
2026-04-14 17:33:09,004 - SessionLogger - INFO - [sim_Baseline_P2_M-ELE-001_2746e2] Student Opening: 老师，串联电路里第一个灯泡是不是会把电流“用掉”一部分，所以流到第二个灯泡的电流就变小了呀？
2026-04-14 17:33:09,005 - SessionLogger - INFO - [sim_FSM_P2_M-ELE-001_b216eb] Starting session
2026-04-14 17:33:09,005 - SessionLogger - INFO - Initialized Session sim_FSM_P2_M-ELE-001_b216eb on Unknown for Unknown with version FSM+Guardrail
2026-04-14 17:33:10,167 - SessionLogger - INFO - [sim_FSM_P2_M-ELE-001_b216eb] Student Opening: 老师，我觉得串联电路里，电流流过第一个灯泡时被“用掉”了一部分，所以第二个灯泡分到的电流肯定比第一个少，它才会暗一点吧？
2026-04-14 17:33:10,168 - SessionLogger - INFO - [sim_FSM+Guardrail_P2_M-ELE-001_3709c5] Starting session
2026-04-14 17:33:10,168 - SessionLogger - INFO - Initialized Session sim_FSM+Guardrail_P2_M-ELE-001_3709c5 on Unknown for Unknown with version FSM+Guardrail
2026-04-14 17:33:12,403 - SessionLogger - INFO - [sim_FSM+Guardrail_P2_M-ELE-001_3709c5] Student Opening: 老师，串联电路里，电流流过第一个灯泡后不是被消耗掉一部分了吗？那第二个灯泡分到的电流肯定比第一个少吧？
2026-04-14 17:33:19,799 - SessionLogger - INFO - [sim_Baseline_P1_M-ELE-001_936118] Teacher: 如果电流真的被“用”掉变少了，那流回电源负极的电流岂不是比流出来的少？你觉得电荷会在电路里凭空消失吗？
2026-04-14 17:33:23,346 - SessionLogger - INFO - [sim_Baseline_P1_M-ELE-001_936118] Student: 电荷是还在，但电流是被灯泡消耗掉的能量啊。反正第一个灯泡肯定分走了大部分电流，所以它才更亮嘛。
Deserializing unregistered type router.SessionMemory from checkpoint. This will be blocked in a future version. Add to allowed_msgpack_modules to silence: [('router', 'SessionMemory')]
Deserializing unregistered type router.PerceptionResult from checkpoint. This will be blocked in a future version. Add to allowed_msgpack_modules to silence: [('router', 'PerceptionResult')]
Deserializing unregistered type router.RouteDecision from checkpoint. This will be blocked in a future version. Add to allowed_msgpack_modules to silence: [('router', 'RouteDecision')]
2026-04-14 17:33:25,279 - SessionLogger - INFO - [sim_Baseline_P2_M-ELE-001_2746e2] Teacher: 想象一下，如果电流真的被第一个灯泡“吃掉”了一部分，那剩下的电荷都堆积在哪儿了呢？电路里并没有地方储存这些多余的电荷呀。
2026-04-14 17:33:26,953 - SessionLogger - INFO - [sim_Baseline_P2_M-ELE-001_2746e2] Student: 呃……好像确实没地方存？那它们是不是直接消失变成光和热了，所以电流才变小的？
Deserializing unregistered type router.SessionMemory from checkpoint. This will be blocked in a future version. Add to allowed_msgpack_modules to silence: [('router', 'SessionMemory')]
Deserializing unregistered type router.PerceptionResult from checkpoint. This will be blocked in a future version. Add to allowed_msgpack_modules to silence: [('router', 'PerceptionResult')]
Deserializing unregistered type router.RouteDecision from checkpoint. This will be blocked in a future version. Add to allowed_msgpack_modules to silence: [('router', 'RouteDecision')]
2026-04-14 17:33:30,608 - SessionLogger - INFO - [sim_FSM_P1_M-ELE-001_7a3d6a] Teacher: 如果我们将电池的正负极对调，让电流反过来流，原本在“后面”的那个灯泡现在变成了“第一个”接受电流的灯泡，你觉得它的亮度会突然变亮吗？
2026-04-14 17:33:31,515 - SessionLogger - INFO - [sim_Baseline_P1_M-ELE-001_936118] Teacher: 这里有个小混淆：电流是电荷流动的快慢，而被“消耗”产生光和热的其实是能量（电压）。

想象一下水管里的水流，如果第一截水管流过的水变少了，那后面的水是从哪漏出去的呢？
2026-04-14 17:33:32,025 - SessionLogger - INFO - [sim_FSM+Guardrail_P2_M-ELE-001_3709c5] Teacher: 如果按照你的说法，电流流过第一个灯泡就被“消耗”变少了，那如果我们串联100个完全相同的灯泡，你觉得第100个灯泡会比第1个灯泡暗得多，甚至根本不亮吗？
2026-04-14 17:33:32,169 - SessionLogger - INFO - [sim_FSM+Guardrail_P1_M-ELE-001_2cccfd] Teacher: 如果按照你的想法，电流每经过一个灯泡就被“吃掉”一部分，那假如我们串联了100个同样的小灯泡，你觉得第1个灯泡和第100个灯泡的亮度会有什么巨大的差别吗？
2026-04-14 17:33:32,781 - SessionLogger - INFO - [sim_FSM_P1_M-ELE-001_7a3d6a] Student: 那肯定还是暗啊，不管从哪边流进来，它总归是第二个碰到电流的灯泡。电流只要经过一个灯泡就会被用掉一些，轮到它的时候电流本来就变小了嘛。
Deserializing unregistered type router.SessionMemory from checkpoint. This will be blocked in a future version. Add to allowed_msgpack_modules to silence: [('router', 'SessionMemory')]
Deserializing unregistered type router.PerceptionResult from checkpoint. This will be blocked in a future version. Add to allowed_msgpack_modules to silence: [('router', 'PerceptionResult')]
Deserializing unregistered type router.RouteDecision from checkpoint. This will be blocked in a future version. Add to allowed_msgpack_modules to silence: [('router', 'RouteDecision')]
2026-04-14 17:33:34,096 - SessionLogger - INFO - [sim_Baseline_P2_M-ELE-001_2746e2] Teacher: 光和热其实是电荷携带的“能量”转化来的，但电荷本身并没有消失哦。

既然电荷没少，只是能量降低了，你觉得这会影响单位时间内流过导线的电荷数量（也就是电流）吗？
2026-04-14 17:33:34,912 - SessionLogger - INFO - [sim_Baseline_P1_M-ELE-001_936118] Student: 水管又没破，水当然不会漏出去，但灯泡是把电“烧”掉了呀。我觉得电流和能量是一回事，被用掉肯定就变少了，这跟漏水没关系。
Deserializing unregistered type router.SessionMemory from checkpoint. This will be blocked in a future version. Add to allowed_msgpack_modules to silence: [('router', 'SessionMemory')]
Deserializing unregistered type router.PerceptionResult from checkpoint. This will be blocked in a future version. Add to allowed_msgpack_modules to silence: [('router', 'PerceptionResult')]
Deserializing unregistered type router.RouteDecision from checkpoint. This will be blocked in a future version. Add to allowed_msgpack_modules to silence: [('router', 'RouteDecision')]
2026-04-14 17:33:35,378 - SessionLogger - INFO - [sim_Baseline_P2_M-ELE-001_2746e2] Student: 啊？能量没了但电荷还在？那……既然电荷没少，是不是意味着电流其实也没变小？
Deserializing unregistered type router.SessionMemory from checkpoint. This will be blocked in a future version. Add to allowed_msgpack_modules to silence: [('router', 'SessionMemory')]
Deserializing unregistered type router.PerceptionResult from checkpoint. This will be blocked in a future version. Add to allowed_msgpack_modules to silence: [('router', 'PerceptionResult')]
Deserializing unregistered type router.RouteDecision from checkpoint. This will be blocked in a future version. Add to allowed_msgpack_modules to silence: [('router', 'RouteDecision')]
2026-04-14 17:33:35,445 - SessionLogger - INFO - [sim_FSM+Guardrail_P1_M-ELE-001_2cccfd] Student: 那肯定有差别啊，第1个灯泡最亮，因为它“吃”掉了最多的电流。后面的灯泡分到的电流越来越少，当然就越来越暗了，这不是很正常吗？
Deserializing unregistered type router.SessionMemory from checkpoint. This will be blocked in a future version. Add to allowed_msgpack_modules to silence: [('router', 'SessionMemory')]
Deserializing unregistered type router.PerceptionResult from checkpoint. This will be blocked in a future version. Add to allowed_msgpack_modules to silence: [('router', 'PerceptionResult')]
Deserializing unregistered type router.RouteDecision from checkpoint. This will be blocked in a future version. Add to allowed_msgpack_modules to silence: [('router', 'RouteDecision')]
2026-04-14 17:33:35,632 - SessionLogger - INFO - [sim_FSM+Guardrail_P2_M-ELE-001_3709c5] Student: 呃……好像确实是都差不多亮？但我还是觉得电流肯定少了，不然能量从哪来发光呢？
Deserializing unregistered type router.SessionMemory from checkpoint. This will be blocked in a future version. Add to allowed_msgpack_modules to silence: [('router', 'SessionMemory')]
Deserializing unregistered type router.PerceptionResult from checkpoint. This will be blocked in a future version. Add to allowed_msgpack_modules to silence: [('router', 'PerceptionResult')]
Deserializing unregistered type router.RouteDecision from checkpoint. This will be blocked in a future version. Add to allowed_msgpack_modules to silence: [('router', 'RouteDecision')]
2026-04-14 17:33:35,658 - SessionLogger - INFO - [sim_FSM_P2_M-ELE-001_b216eb] Teacher: 如果电流真的像你说的那样，流过第一个灯泡后就变少了，那你预测一下：两个完全相同的灯泡串联时，是前面的更亮，还是它们一样亮？
2026-04-14 17:33:36,724 - SessionLogger - INFO - [sim_FSM_P2_M-ELE-001_b216eb] Student: 那肯定是前面的更亮啊，因为它先“吃”掉了大部分电流，后面的只能捡剩下的，当然就暗了。
Deserializing unregistered type router.SessionMemory from checkpoint. This will be blocked in a future version. Add to allowed_msgpack_modules to silence: [('router', 'SessionMemory')]
Deserializing unregistered type router.PerceptionResult from checkpoint. This will be blocked in a future version. Add to allowed_msgpack_modules to silence: [('router', 'PerceptionResult')]
Deserializing unregistered type router.RouteDecision from checkpoint. This will be blocked in a future version. Add to allowed_msgpack_modules to silence: [('router', 'RouteDecision')]
2026-04-14 17:33:40,879 - SessionLogger - INFO - [sim_Baseline_P1_M-ELE-001_936118] Teacher: 既然水管没破，那流过第一个灯泡的水流速度（电流）和流过第二个的相比，会变慢吗？

如果水流速度没变，但灯泡确实“烧”掉了能量，你觉得这更像是水流本身的减少，还是水压（能量）的降低呢？
2026-04-14 17:33:41,453 - SessionLogger - INFO - [sim_Baseline_P2_M-ELE-001_2746e2] Teacher: 没错，电荷就像排队过安检的人，虽然每个人兜里的钱（能量）花掉了，但人数（电流）并没变少。

那你想想，如果第一个灯泡“截留”了一部分电流，第二个灯泡后面的导线里岂不是会“断流”或者电荷堆积起来？
2026-04-14 17:33:41,617 - SessionLogger - INFO - [sim_FSM_P1_M-ELE-001_7a3d6a] Teacher: 那如果我们把两个完全一样的灯泡互换位置，原本“吃亏”的那个灯泡跑到了前面，它会因为先接触到电流而突然变亮吗？
2026-04-14 17:33:42,223 - SessionLogger - INFO - [sim_Baseline_P1_M-ELE-001_936118] Student: 可是灯泡发光发热不就是把电给“吃”了吗？既然能量没了，电流肯定也跟着变小了啊，不然它靠什么亮？
Deserializing unregistered type router.SessionMemory from checkpoint. This will be blocked in a future version. Add to allowed_msgpack_modules to silence: [('router', 'SessionMemory')]
Deserializing unregistered type router.PerceptionResult from checkpoint. This will be blocked in a future version. Add to allowed_msgpack_modules to silence: [('router', 'PerceptionResult')]
Deserializing unregistered type router.RouteDecision from checkpoint. This will be blocked in a future version. Add to allowed_msgpack_modules to silence: [('router', 'RouteDecision')]
2026-04-14 17:33:43,072 - SessionLogger - INFO - [sim_FSM+Guardrail_P1_M-ELE-001_2cccfd] Teacher: 那请你回忆一下，我们在实验室里把两个完全一样的小灯泡串联起来时，你观察到它们是一样亮的，还是像你说的那样“前亮后暗”？
2026-04-14 17:33:43,977 - SessionLogger - INFO - [sim_FSM+Guardrail_P1_M-ELE-001_2cccfd] Student: 那……可能是那两个灯泡刚好电阻不一样吧？反正电流流过去肯定是被用掉了一些，不然灯泡怎么会发光呢？
Deserializing unregistered type router.SessionMemory from checkpoint. This will be blocked in a future version. Add to allowed_msgpack_modules to silence: [('router', 'SessionMemory')]
Deserializing unregistered type router.PerceptionResult from checkpoint. This will be blocked in a future version. Add to allowed_msgpack_modules to silence: [('router', 'PerceptionResult')]
Deserializing unregistered type router.RouteDecision from checkpoint. This will be blocked in a future version. Add to allowed_msgpack_modules to silence: [('router', 'RouteDecision')]
2026-04-14 17:33:44,976 - SessionLogger - INFO - [sim_FSM_P2_M-ELE-001_b216eb] Teacher: 可是实验里，两个完全一样的灯泡串联时，它们的亮度其实是一模一样的。如果前面的真的“吃掉”了电流，这多出来的亮度差异去哪儿了呢？
2026-04-14 17:33:45,809 - SessionLogger - INFO - [sim_FSM+Guardrail_P2_M-ELE-001_3709c5] Teacher: 这个直觉很敏锐，灯泡发光确实需要能量，但我们要区分“电流”和“电能”。

如果把电路里的电荷想象成在封闭水管里循环流动的水分子，水流过水轮机让叶片转动（消耗了水的能量），但流过去的水分子数量减少了吗？
2026-04-14 17:33:45,991 - SessionLogger - INFO - [sim_Baseline_P2_M-ELE-001_2746e2] Student: 哇，这个安检的比喻好形象！如果人变少了，后面确实会断档或者前面堵死，看来电流真的不会减少。
Deserializing unregistered type router.SessionMemory from checkpoint. This will be blocked in a future version. Add to allowed_msgpack_modules to silence: [('router', 'SessionMemory')]
Deserializing unregistered type router.PerceptionResult from checkpoint. This will be blocked in a future version. Add to allowed_msgpack_modules to silence: [('router', 'PerceptionResult')]
Deserializing unregistered type router.RouteDecision from checkpoint. This will be blocked in a future version. Add to allowed_msgpack_modules to silence: [('router', 'RouteDecision')]
2026-04-14 17:33:46,351 - SessionLogger - INFO - [sim_FSM_P2_M-ELE-001_b216eb] Student: 啊？真的一样亮吗？那……难道电流其实没被灯泡“吃掉”？可是如果没被消耗，灯泡是怎么发光的呢？
Deserializing unregistered type router.SessionMemory from checkpoint. This will be blocked in a future version. Add to allowed_msgpack_modules to silence: [('router', 'SessionMemory')]
Deserializing unregistered type router.PerceptionResult from checkpoint. This will be blocked in a future version. Add to allowed_msgpack_modules to silence: [('router', 'PerceptionResult')]
Deserializing unregistered type router.RouteDecision from checkpoint. This will be blocked in a future version. Add to allowed_msgpack_modules to silence: [('router', 'RouteDecision')]
2026-04-14 17:33:46,665 - SessionLogger - INFO - [sim_FSM_P1_M-ELE-001_7a3d6a] Student: 那它变亮是因为它现在排第一了呀，先吃到了电流当然就亮了。这正好说明位置决定亮度，前面的灯泡就是比后面的分到的电流多。
Deserializing unregistered type router.SessionMemory from checkpoint. This will be blocked in a future version. Add to allowed_msgpack_modules to silence: [('router', 'SessionMemory')]
Deserializing unregistered type router.PerceptionResult from checkpoint. This will be blocked in a future version. Add to allowed_msgpack_modules to silence: [('router', 'PerceptionResult')]
Deserializing unregistered type router.RouteDecision from checkpoint. This will be blocked in a future version. Add to allowed_msgpack_modules to silence: [('router', 'RouteDecision')]
2026-04-14 17:33:48,602 - SessionLogger - INFO - [sim_Baseline_P1_M-ELE-001_936118] Teacher: 灯泡“吃”掉的是电荷携带的能量，而不是电荷本身。

就像水车转动消耗了水的冲击力（能量），但流过去的水量（电流）并没有减少，你觉得是这样吗？
2026-04-14 17:33:49,776 - SessionLogger - INFO - [sim_FSM+Guardrail_P2_M-ELE-001_3709c5] Student: 啊，水分子数量确实没变……所以您的意思是，电流只是电荷在流动，并没有被灯泡“吃掉”？
Deserializing unregistered type router.SessionMemory from checkpoint. This will be blocked in a future version. Add to allowed_msgpack_modules to silence: [('router', 'SessionMemory')]
Deserializing unregistered type router.PerceptionResult from checkpoint. This will be blocked in a future version. Add to allowed_msgpack_modules to silence: [('router', 'PerceptionResult')]
Deserializing unregistered type router.RouteDecision from checkpoint. This will be blocked in a future version. Add to allowed_msgpack_modules to silence: [('router', 'RouteDecision')]
2026-04-14 17:33:49,961 - SessionLogger - INFO - [sim_Baseline_P1_M-ELE-001_936118] Student: 水车那个例子太牵强了，水流过去虽然量没变，但劲儿肯定小了呀。我觉得电流就是那股“劲儿”，灯泡把劲儿用完了，后面的电流自然就弱了。
Deserializing unregistered type router.SessionMemory from checkpoint. This will be blocked in a future version. Add to allowed_msgpack_modules to silence: [('router', 'SessionMemory')]
Deserializing unregistered type router.PerceptionResult from checkpoint. This will be blocked in a future version. Add to allowed_msgpack_modules to silence: [('router', 'PerceptionResult')]
Deserializing unregistered type router.RouteDecision from checkpoint. This will be blocked in a future version. Add to allowed_msgpack_modules to silence: [('router', 'RouteDecision')]
2026-04-14 17:33:50,736 - SessionLogger - INFO - [sim_Baseline_P2_M-ELE-001_2746e2] Teacher: 哈哈，没错！既然电流处处相等，那你觉得为什么我们通常还是说灯泡“消耗”了电呢？它到底消耗的是什么？
2026-04-14 17:33:52,127 - SessionLogger - INFO - [sim_Baseline_P2_M-ELE-001_2746e2] Student: 哦！原来消耗的是电荷带的“能量”（就像兜里的钱），而不是电荷本身啊。那我之前把电流和电能搞混了，现在终于分清楚了！
Deserializing unregistered type router.SessionMemory from checkpoint. This will be blocked in a future version. Add to allowed_msgpack_modules to silence: [('router', 'SessionMemory')]
Deserializing unregistered type router.PerceptionResult from checkpoint. This will be blocked in a future version. Add to allowed_msgpack_modules to silence: [('router', 'PerceptionResult')]
Deserializing unregistered type router.RouteDecision from checkpoint. This will be blocked in a future version. Add to allowed_msgpack_modules to silence: [('router', 'RouteDecision')]
2026-04-14 17:33:54,630 - SessionLogger - INFO - [sim_FSM+Guardrail_P1_M-ELE-001_2cccfd] Teacher: 灯泡发光确实需要消耗能量，但这就像水流推动水车：水流过水车后，水的“量”（流量）并没有减少，只是水的“劲儿”（能量/水压）变小了。你觉得在串联电路里，被“消耗”掉的究竟是电荷的数量，还是电荷携带的能量？
2026-04-14 17:33:55,841 - SessionLogger - INFO - [sim_FSM+Guardrail_P1_M-ELE-001_2cccfd] Student: 老师，你那个水车的比喻太抽象了，我还是觉得电流就是被灯泡“用”掉了。如果电流没少，那灯泡发光用的电是从哪儿来的？总不能凭空变出来吧？
Deserializing unregistered type router.SessionMemory from checkpoint. This will be blocked in a future version. Add to allowed_msgpack_modules to silence: [('router', 'SessionMemory')]
Deserializing unregistered type router.PerceptionResult from checkpoint. This will be blocked in a future version. Add to allowed_msgpack_modules to silence: [('router', 'PerceptionResult')]
Deserializing unregistered type router.RouteDecision from checkpoint. This will be blocked in a future version. Add to allowed_msgpack_modules to silence: [('router', 'RouteDecision')]
2026-04-14 17:33:56,184 - SessionLogger - INFO - [sim_FSM_P1_M-ELE-001_7a3d6a] Teacher: 如果电流真的像水流一样被“用掉”了，那流回电源负极的电流岂不是变得很小甚至没有了，电源还怎么持续供电呢？
2026-04-14 17:33:56,628 - SessionLogger - INFO - [sim_FSM_P2_M-ELE-001_b216eb] Teacher: 这个困惑很自然，因为我们常把“电流”和“电能”混为一谈。

想象一下封闭水管里的水流推动水轮机：水流过之后，水的**量**（流量）变少了吗？还是说水只是把**能量**交给了水轮机？
2026-04-14 17:33:57,246 - SessionLogger - INFO - [sim_Baseline_P1_M-ELE-001_936118] Teacher: 你说得对，流过去的水“劲儿”（压力/能量）确实变小了。

但在物理里，我们把“水量/流速”叫电流，把“劲儿/压力”叫电压。既然水没漏，你觉得是“流速”变了，还是“压力”变了？
2026-04-14 17:33:57,530 - SessionLogger - INFO - [sim_FSM_P1_M-ELE-001_7a3d6a] Student: 流回去的电流确实是变小了呀，不然灯泡怎么会亮呢？电源又不是只靠回流的电工作，它自己一直在往外推新的电流嘛。
Deserializing unregistered type router.SessionMemory from checkpoint. This will be blocked in a future version. Add to allowed_msgpack_modules to silence: [('router', 'SessionMemory')]
Deserializing unregistered type router.PerceptionResult from checkpoint. This will be blocked in a future version. Add to allowed_msgpack_modules to silence: [('router', 'PerceptionResult')]
Deserializing unregistered type router.RouteDecision from checkpoint. This will be blocked in a future version. Add to allowed_msgpack_modules to silence: [('router', 'RouteDecision')]
2026-04-14 17:33:57,745 - SessionLogger - INFO - [sim_Baseline_P2_M-ELE-001_2746e2] Teacher: 太棒了，这个区分非常关键！

既然电荷带着“钱”（能量）流过灯泡时花掉了，你觉得灯泡两端的“电势”（你可以理解为电荷的“购买力”或“高度”）会发生什么变化？
2026-04-14 17:33:58,645 - SessionLogger - INFO - [sim_FSM+Guardrail_P2_M-ELE-001_3709c5] Teacher: 没错，电荷只是“路过”灯泡。既然电荷的数量没变，那灯泡发光发热所消耗的那个“东西”，究竟是什么呢？
2026-04-14 17:33:59,890 - SessionLogger - INFO - [sim_Baseline_P2_M-ELE-001_2746e2] Student: 既然能量花掉了，那电荷的“购买力”肯定就下降了呗？所以灯泡后面的电势应该比前面低。
Deserializing unregistered type router.SessionMemory from checkpoint. This will be blocked in a future version. Add to allowed_msgpack_modules to silence: [('router', 'SessionMemory')]
Deserializing unregistered type router.PerceptionResult from checkpoint. This will be blocked in a future version. Add to allowed_msgpack_modules to silence: [('router', 'PerceptionResult')]
Deserializing unregistered type router.RouteDecision from checkpoint. This will be blocked in a future version. Add to allowed_msgpack_modules to silence: [('router', 'RouteDecision')]
2026-04-14 17:34:00,364 - SessionLogger - INFO - [sim_FSM_P2_M-ELE-001_b216eb] Student: 水管里的水确实没变少，只是流速或者压力变了？所以我之前是把“电荷的量”和“它带的能量”搞混了？
Deserializing unregistered type router.SessionMemory from checkpoint. This will be blocked in a future version. Add to allowed_msgpack_modules to silence: [('router', 'SessionMemory')]
Deserializing unregistered type router.PerceptionResult from checkpoint. This will be blocked in a future version. Add to allowed_msgpack_modules to silence: [('router', 'PerceptionResult')]
Deserializing unregistered type router.RouteDecision from checkpoint. This will be blocked in a future version. Add to allowed_msgpack_modules to silence: [('router', 'RouteDecision')]
2026-04-14 17:34:00,960 - SessionLogger - INFO - [sim_Baseline_P1_M-ELE-001_936118] Student: 老师你这就是在玩文字游戏，把电流和电压强行分开。反正我觉得灯泡把电“用”了，那流过去的肯定就少了，不然能量守恒怎么解释？
Deserializing unregistered type router.SessionMemory from checkpoint. This will be blocked in a future version. Add to allowed_msgpack_modules to silence: [('router', 'SessionMemory')]
Deserializing unregistered type router.PerceptionResult from checkpoint. This will be blocked in a future version. Add to allowed_msgpack_modules to silence: [('router', 'PerceptionResult')]
Deserializing unregistered type router.RouteDecision from checkpoint. This will be blocked in a future version. Add to allowed_msgpack_modules to silence: [('router', 'RouteDecision')]
2026-04-14 17:34:02,023 - SessionLogger - INFO - [sim_FSM+Guardrail_P2_M-ELE-001_3709c5] Student: 那是……电能？所以电流只是搬运工，把能量送过去，自己并没有变少？
Deserializing unregistered type router.SessionMemory from checkpoint. This will be blocked in a future version. Add to allowed_msgpack_modules to silence: [('router', 'SessionMemory')]
Deserializing unregistered type router.PerceptionResult from checkpoint. This will be blocked in a future version. Add to allowed_msgpack_modules to silence: [('router', 'PerceptionResult')]
Deserializing unregistered type router.RouteDecision from checkpoint. This will be blocked in a future version. Add to allowed_msgpack_modules to silence: [('router', 'RouteDecision')]
2026-04-14 17:34:04,748 - SessionLogger - INFO - [sim_Baseline_P2_M-ELE-001_2746e2] Teacher: 没错，这就是所谓的“电压降”。

那如果我们在电路里再串联一个一模一样的灯泡，你觉得这两个灯泡分到的“购买力”（电压）会怎么分配？
2026-04-14 17:34:04,748 - SessionLogger - INFO - [sim_Baseline_P2_M-ELE-001_2746e2] Extending max_turns by 3 because cognitive_state is '新概念探索'
2026-04-14 17:34:05,718 - SessionLogger - INFO - [sim_Baseline_P1_M-ELE-001_936118] Teacher: 能量守恒说的是“电荷携带的能量”被消耗了，而不是电荷本身消失了。

如果电荷真的在灯泡里变少了甚至没了，那电路不就断了吗？后面的灯泡怎么可能还亮着呢？
2026-04-14 17:34:05,718 - SessionLogger - INFO - [sim_Baseline_P1_M-ELE-001_936118] Extending max_turns by 3 because cognitive_state is '新概念探索'
2026-04-14 17:34:06,000 - SessionLogger - INFO - [sim_Baseline_P2_M-ELE-001_2746e2] Student: 既然两个灯泡一模一样，那它们应该平分这些“购买力”吧？就像两个人分一块蛋糕，一人一半。
Deserializing unregistered type router.SessionMemory from checkpoint. This will be blocked in a future version. Add to allowed_msgpack_modules to silence: [('router', 'SessionMemory')]
Deserializing unregistered type router.PerceptionResult from checkpoint. This will be blocked in a future version. Add to allowed_msgpack_modules to silence: [('router', 'PerceptionResult')]
Deserializing unregistered type router.RouteDecision from checkpoint. This will be blocked in a future version. Add to allowed_msgpack_modules to silence: [('router', 'RouteDecision')]
2026-04-14 17:34:06,232 - SessionLogger - INFO - [sim_FSM_P1_M-ELE-001_7a3d6a] Teacher: 如果电源不断推出新电荷，而流回的却变少了，那多出来的电荷都堆积在电路的哪里了呢？
2026-04-14 17:34:06,713 - SessionLogger - INFO - [sim_FSM+Guardrail_P1_M-ELE-001_2cccfd] Teacher: 你说得对，能量确实不能凭空产生。但我们要区分“电荷”和“电能”：灯泡消耗的是电荷携带的**能量**，而不是电荷本身。

这就好比快递员送货：他把货物（能量）送到你家后，人（电荷）是不是还得空手返回去继续送下一趟？
2026-04-14 17:34:08,081 - SessionLogger - INFO - [sim_FSM+Guardrail_P1_M-ELE-001_2cccfd] Student: 可是快递员送完货就走了啊，电流流进灯泡里变成光和热，不就是没了吗？如果电荷真的没少，那它去哪儿了？
Deserializing unregistered type router.SessionMemory from checkpoint. This will be blocked in a future version. Add to allowed_msgpack_modules to silence: [('router', 'SessionMemory')]
Deserializing unregistered type router.PerceptionResult from checkpoint. This will be blocked in a future version. Add to allowed_msgpack_modules to silence: [('router', 'PerceptionResult')]
Deserializing unregistered type router.RouteDecision from checkpoint. This will be blocked in a future version. Add to allowed_msgpack_modules to silence: [('router', 'RouteDecision')]
2026-04-14 17:34:08,156 - SessionLogger - INFO - [sim_Baseline_P1_M-ELE-001_936118] Student: 那可能是剩下一点点电流流过去了呗，反正肯定比前面少。不然第一个灯泡把电都“吃”光了，后面的怎么会亮？我觉得就是越往后电流越小。
Deserializing unregistered type router.SessionMemory from checkpoint. This will be blocked in a future version. Add to allowed_msgpack_modules to silence: [('router', 'SessionMemory')]
Deserializing unregistered type router.PerceptionResult from checkpoint. This will be blocked in a future version. Add to allowed_msgpack_modules to silence: [('router', 'PerceptionResult')]
Deserializing unregistered type router.RouteDecision from checkpoint. This will be blocked in a future version. Add to allowed_msgpack_modules to silence: [('router', 'RouteDecision')]
2026-04-14 17:34:08,247 - SessionLogger - INFO - [sim_FSM_P1_M-ELE-001_7a3d6a] Student: 电荷哪有堆积啊，它们都被灯泡转化成光和热消耗掉了嘛。你老说堆积，可电线里又没见鼓起来，肯定是流回去的变少了呀。
Deserializing unregistered type router.SessionMemory from checkpoint. This will be blocked in a future version. Add to allowed_msgpack_modules to silence: [('router', 'SessionMemory')]
Deserializing unregistered type router.PerceptionResult from checkpoint. This will be blocked in a future version. Add to allowed_msgpack_modules to silence: [('router', 'PerceptionResult')]
Deserializing unregistered type router.RouteDecision from checkpoint. This will be blocked in a future version. Add to allowed_msgpack_modules to silence: [('router', 'RouteDecision')]
2026-04-14 17:34:10,236 - SessionLogger - INFO - [sim_FSM_P2_M-ELE-001_b216eb] Teacher: 没错，电荷就像水分子一样，在闭合回路里是循环流动的，并没有被“用掉”。

那么，既然电流（电荷的流动）没有减少，你觉得灯泡发光时，真正被消耗并转化成光能和热能的，究竟是“电流”本身，还是电流所携带的某种东西？
2026-04-14 17:34:17,764 - SessionLogger - INFO - [sim_FSM+Guardrail_P2_M-ELE-001_3709c5] Teacher: 非常准确的比喻！既然“搬运工”（电荷）的数量在串联电路中始终保持不变，那你觉得在电路的不同位置测量电流，读数会发生变化吗？
2026-04-14 17:34:17,765 - SessionLogger - INFO - [sim_FSM+Guardrail_P2_M-ELE-001_3709c5] Session finished. Resolved: True
2026-04-14 17:34:17,765 - SessionLogger - INFO - [sim_Baseline_P3_M-ELE-001_34a7f8] Starting session
2026-04-14 17:34:17,765 - SessionLogger - INFO - Initialized Session sim_Baseline_P3_M-ELE-001_34a7f8 on Unknown for Unknown with version FSM+Guardrail
2026-04-14 17:34:19,787 - SessionLogger - INFO - [sim_Baseline_P3_M-ELE-001_34a7f8] Student Opening: 老师，串联电路里，电流流过第一个灯泡后，不是应该被“用掉”一部分，所以流到第二个灯泡的电流就变小了吗？
2026-04-14 17:34:19,796 - SessionLogger - INFO - [sim_FSM_P2_M-ELE-001_b216eb] Student: 既然是电荷在循环，那被消耗的应该是电流携带的“能量”吧？就像水把动能给了水轮机，水还是那些水，但劲儿变小了？
Deserializing unregistered type router.SessionMemory from checkpoint. This will be blocked in a future version. Add to allowed_msgpack_modules to silence: [('router', 'SessionMemory')]
Deserializing unregistered type router.PerceptionResult from checkpoint. This will be blocked in a future version. Add to allowed_msgpack_modules to silence: [('router', 'PerceptionResult')]
Deserializing unregistered type router.RouteDecision from checkpoint. This will be blocked in a future version. Add to allowed_msgpack_modules to silence: [('router', 'RouteDecision')]
2026-04-14 17:34:30,374 - SessionLogger - INFO - [sim_Baseline_P3_M-ELE-001_34a7f8] Teacher: 想象一下水管里的水流，当水流推动一个水轮机转动后，流出来的水量会比流进去时变少吗？
2026-04-14 17:34:39,596 - SessionLogger - INFO - [sim_FSM_P2_M-ELE-001_b216eb] Teacher: 这个类比很接近了！不过在水管模型里，流出的水量（流量）确实没变。

既然电荷的量没有减少，你觉得在串联电路的后半段，电荷流动的“拥挤程度”或者说“快慢”，会比前半段慢下来吗？
2026-04-14 17:34:39,597 - SessionLogger - INFO - [sim_FSM_P2_M-ELE-001_b216eb] Session finished. Resolved: True
2026-04-14 17:34:39,597 - SessionLogger - INFO - [sim_FSM_P3_M-ELE-001_106ef2] Starting session
2026-04-14 17:34:39,597 - SessionLogger - INFO - Initialized Session sim_FSM_P3_M-ELE-001_106ef2 on Unknown for Unknown with version FSM+Guardrail
2026-04-14 17:34:42,643 - SessionLogger - INFO - [sim_FSM_P3_M-ELE-001_106ef2] Student Opening: 老师，如果两个灯泡串联，电流流过第一个灯泡的时候不是被它“用掉”了一部分吗？那流到第二个灯泡的电流是不是就变小了呀？
2026-04-14 17:34:43,731 - SessionLogger - INFO - [sim_Baseline_P3_M-ELE-001_34a7f8] Student: 嗯……水确实没少，但电不是被灯泡“吃”掉发光了吗？这跟水好像不太一样吧。
Deserializing unregistered type router.SessionMemory from checkpoint. This will be blocked in a future version. Add to allowed_msgpack_modules to silence: [('router', 'SessionMemory')]
Deserializing unregistered type router.PerceptionResult from checkpoint. This will be blocked in a future version. Add to allowed_msgpack_modules to silence: [('router', 'PerceptionResult')]
Deserializing unregistered type router.RouteDecision from checkpoint. This will be blocked in a future version. Add to allowed_msgpack_modules to silence: [('router', 'RouteDecision')]
2026-04-14 17:34:45,945 - SessionLogger - INFO - [sim_FSM+Guardrail_P1_M-ELE-001_2cccfd] Teacher: 这个直觉很自然，因为光确实是凭空出现的能量。但请想一想：如果电荷真的在灯泡里“消失”变成了光，那从灯泡另一端流出来、继续流向下一个元件的又是什么呢？
2026-04-14 17:34:46,052 - SessionLogger - INFO - [sim_FSM_P1_M-ELE-001_7a3d6a] Teacher: 咱们换个角度想，电荷就像是运送能量的“小货车”，灯泡亮是因为卸下了“货物”（能量）。如果货车卸完货就直接“变身”成光消失了，那电路里的货车岂不是越跑越少，最后灯就灭了？
2026-04-14 17:34:47,387 - SessionLogger - INFO - [sim_FSM+Guardrail_P1_M-ELE-001_2cccfd] Student: 那流出来的肯定是剩下的、没被用完的电流啊。毕竟灯泡发光肯定得“吃”掉一部分电流，不然它怎么亮？
Deserializing unregistered type router.SessionMemory from checkpoint. This will be blocked in a future version. Add to allowed_msgpack_modules to silence: [('router', 'SessionMemory')]
Deserializing unregistered type router.PerceptionResult from checkpoint. This will be blocked in a future version. Add to allowed_msgpack_modules to silence: [('router', 'PerceptionResult')]
Deserializing unregistered type router.RouteDecision from checkpoint. This will be blocked in a future version. Add to allowed_msgpack_modules to silence: [('router', 'RouteDecision')]
2026-04-14 17:34:50,599 - SessionLogger - INFO - [sim_FSM_P1_M-ELE-001_7a3d6a] Student: 货车卸完货虽然还在，但它跑得没劲了呀，速度慢下来电流不就变小了吗？前面的灯泡把电流的“劲儿”用掉了，后面的当然就弱了。
Deserializing unregistered type router.SessionMemory from checkpoint. This will be blocked in a future version. Add to allowed_msgpack_modules to silence: [('router', 'SessionMemory')]
Deserializing unregistered type router.PerceptionResult from checkpoint. This will be blocked in a future version. Add to allowed_msgpack_modules to silence: [('router', 'PerceptionResult')]
Deserializing unregistered type router.RouteDecision from checkpoint. This will be blocked in a future version. Add to allowed_msgpack_modules to silence: [('router', 'RouteDecision')]
2026-04-14 17:34:52,005 - SessionLogger - INFO - [sim_Baseline_P3_M-ELE-001_34a7f8] Teacher: 灯泡“吃”掉的其实是电荷携带的能量，而不是电荷本身。

这就好比快递员把包裹（能量）送到了，但快递员（电荷）还得继续去送下一家，你觉得快递员的人数会减少吗？
2026-04-14 17:34:53,158 - SessionLogger - INFO - [sim_Baseline_P2_M-ELE-001_2746e2] Teacher: 这个类比很形象！既然“购买力”被平分了，你觉得流过第二个灯泡的电流（也就是电荷流动的速度）会比第一个灯泡慢吗？
2026-04-14 17:34:53,448 - SessionLogger - INFO - [sim_Baseline_P1_M-ELE-001_936118] Teacher: 如果电流真的像水流过水车那样，每经过一个灯泡就“漏”掉一部分，那你觉得串联的灯泡越多，最后一个灯泡得到的电流会剩多少？
2026-04-14 17:34:54,919 - SessionLogger - INFO - [sim_Baseline_P3_M-ELE-001_34a7f8] Student: 哦……所以电荷就像快递员，只是把“货”卸下了，人还得接着走？那这么说，后面的灯泡收到的“快递员”数量其实没变？
Deserializing unregistered type router.SessionMemory from checkpoint. This will be blocked in a future version. Add to allowed_msgpack_modules to silence: [('router', 'SessionMemory')]
Deserializing unregistered type router.PerceptionResult from checkpoint. This will be blocked in a future version. Add to allowed_msgpack_modules to silence: [('router', 'PerceptionResult')]
Deserializing unregistered type router.RouteDecision from checkpoint. This will be blocked in a future version. Add to allowed_msgpack_modules to silence: [('router', 'RouteDecision')]
2026-04-14 17:34:56,103 - SessionLogger - INFO - [sim_Baseline_P2_M-ELE-001_2746e2] Student: 应该会慢一点吧？毕竟第一个灯泡已经“用”掉了一部分电流，流到第二个灯泡的电流肯定变少了呀。
Deserializing unregistered type router.SessionMemory from checkpoint. This will be blocked in a future version. Add to allowed_msgpack_modules to silence: [('router', 'SessionMemory')]
Deserializing unregistered type router.PerceptionResult from checkpoint. This will be blocked in a future version. Add to allowed_msgpack_modules to silence: [('router', 'PerceptionResult')]
Deserializing unregistered type router.RouteDecision from checkpoint. This will be blocked in a future version. Add to allowed_msgpack_modules to silence: [('router', 'RouteDecision')]
2026-04-14 17:34:56,913 - SessionLogger - INFO - [sim_Baseline_P1_M-ELE-001_936118] Student: 那肯定剩得很少啊，甚至可能就没有了。所以你看，串联的灯泡越多，后面的肯定越暗，因为电流都被前面的“吃”掉了嘛。
Deserializing unregistered type router.SessionMemory from checkpoint. This will be blocked in a future version. Add to allowed_msgpack_modules to silence: [('router', 'SessionMemory')]
Deserializing unregistered type router.PerceptionResult from checkpoint. This will be blocked in a future version. Add to allowed_msgpack_modules to silence: [('router', 'PerceptionResult')]
Deserializing unregistered type router.RouteDecision from checkpoint. This will be blocked in a future version. Add to allowed_msgpack_modules to silence: [('router', 'RouteDecision')]
2026-04-14 17:34:58,039 - SessionLogger - INFO - [sim_FSM+Guardrail_P1_M-ELE-001_2cccfd] Teacher: 如果前面的灯泡真的“吃掉”了一半电流，导致流出来的电流变少，那你觉得后面串联的第二个灯泡，亮度会比第一个更亮、更暗，还是一样亮？
2026-04-14 17:34:58,044 - SessionLogger - INFO - [sim_FSM_P3_M-ELE-001_106ef2] Teacher: 这个想法很自然，毕竟灯泡发光确实需要“能量”。但你想过没有，如果电流真的被第一个灯泡“吃掉”了一大半，那两个完全一样的灯泡串联时，是不是应该第一个特别亮，而第二个暗得几乎看不见？
2026-04-14 17:34:58,974 - SessionLogger - INFO - [sim_FSM+Guardrail_P1_M-ELE-001_2cccfd] Student: 那肯定是更暗啊，因为前面的灯泡已经用掉了一部分电流，流到后面的自然就少了。
Deserializing unregistered type router.SessionMemory from checkpoint. This will be blocked in a future version. Add to allowed_msgpack_modules to silence: [('router', 'SessionMemory')]
Deserializing unregistered type router.PerceptionResult from checkpoint. This will be blocked in a future version. Add to allowed_msgpack_modules to silence: [('router', 'PerceptionResult')]
Deserializing unregistered type router.RouteDecision from checkpoint. This will be blocked in a future version. Add to allowed_msgpack_modules to silence: [('router', 'RouteDecision')]
2026-04-14 17:34:59,061 - SessionLogger - INFO - [sim_FSM_P3_M-ELE-001_106ef2] Student: 呃……好像确实两个灯泡是一样亮的。但是电流如果不被消耗，那灯泡发光的能量是从哪儿来的呢？我还是有点乱。
Deserializing unregistered type router.SessionMemory from checkpoint. This will be blocked in a future version. Add to allowed_msgpack_modules to silence: [('router', 'SessionMemory')]
Deserializing unregistered type router.PerceptionResult from checkpoint. This will be blocked in a future version. Add to allowed_msgpack_modules to silence: [('router', 'PerceptionResult')]
Deserializing unregistered type router.RouteDecision from checkpoint. This will be blocked in a future version. Add to allowed_msgpack_modules to silence: [('router', 'RouteDecision')]
2026-04-14 17:35:00,542 - SessionLogger - INFO - [sim_Baseline_P3_M-ELE-001_34a7f8] Teacher: 没错，既然“快递员”的数量（电流）没变，你觉得为什么第二个灯泡看起来并没有比第一个暗呢？
2026-04-14 17:35:01,915 - SessionLogger - INFO - [sim_Baseline_P3_M-ELE-001_34a7f8] Student: 啊？原来电流真的没变少吗……那既然“快递员”一样多，送到的“货”也一样多，所以两个灯泡应该是一样亮的？
Deserializing unregistered type router.SessionMemory from checkpoint. This will be blocked in a future version. Add to allowed_msgpack_modules to silence: [('router', 'SessionMemory')]
Deserializing unregistered type router.PerceptionResult from checkpoint. This will be blocked in a future version. Add to allowed_msgpack_modules to silence: [('router', 'PerceptionResult')]
Deserializing unregistered type router.RouteDecision from checkpoint. This will be blocked in a future version. Add to allowed_msgpack_modules to silence: [('router', 'RouteDecision')]
2026-04-14 17:35:02,880 - SessionLogger - INFO - [sim_Baseline_P2_M-ELE-001_2746e2] Teacher: 这是个很直觉的想法，但咱们想想：如果流进灯泡的电荷多，流出来的少，那多余的电荷是不是都堆在灯泡里了？
2026-04-14 17:35:02,987 - SessionLogger - INFO - [sim_Baseline_P1_M-ELE-001_936118] Teacher: 如果电流真的被“吃”得越来越少，那把两个完全一样的灯泡串联，靠近电源的那个应该比远的那个亮很多才对。

你做过这个实验吗？实际观察到的现象是怎样的？
2026-04-14 17:35:03,073 - SessionLogger - INFO - [sim_FSM_P1_M-ELE-001_7a3d6a] Teacher: 其实，电荷在电路里就像是在一个封闭的环形跑道上跑步，只要有一个人在跑，整个跑道上的所有人必须保持同样的速度同步移动，不可能前面的人跑得慢，后面的人还能挤过来。

既然电荷的移动速度在整个串联回路中必须保持一致，那你觉得，流过第一个灯泡的电流和流过第二个灯泡的电流，是**相等**还是**不相等**？
2026-04-14 17:35:04,874 - SessionLogger - INFO - [sim_Baseline_P2_M-ELE-001_2746e2] Student: 呃……好像确实没听说灯泡里会存电荷？那它们去哪了？我还是觉得电流肯定变小了，不然能量从哪来发光呢？
Deserializing unregistered type router.SessionMemory from checkpoint. This will be blocked in a future version. Add to allowed_msgpack_modules to silence: [('router', 'SessionMemory')]
Deserializing unregistered type router.PerceptionResult from checkpoint. This will be blocked in a future version. Add to allowed_msgpack_modules to silence: [('router', 'PerceptionResult')]
Deserializing unregistered type router.RouteDecision from checkpoint. This will be blocked in a future version. Add to allowed_msgpack_modules to silence: [('router', 'RouteDecision')]
2026-04-14 17:35:05,095 - SessionLogger - INFO - [sim_Baseline_P1_M-ELE-001_936118] Student: 那……可能是因为第一个灯泡没把电“吃”干净，留了一点给第二个？反正我觉得肯定还是有差别的，只是肉眼看不出来而已。
Deserializing unregistered type router.SessionMemory from checkpoint. This will be blocked in a future version. Add to allowed_msgpack_modules to silence: [('router', 'SessionMemory')]
Deserializing unregistered type router.PerceptionResult from checkpoint. This will be blocked in a future version. Add to allowed_msgpack_modules to silence: [('router', 'PerceptionResult')]
Deserializing unregistered type router.RouteDecision from checkpoint. This will be blocked in a future version. Add to allowed_msgpack_modules to silence: [('router', 'RouteDecision')]
2026-04-14 17:35:05,625 - SessionLogger - INFO - [sim_Baseline_P3_M-ELE-001_34a7f8] Teacher: 如果两个灯泡串联，第一个“快递员”卸完货后，他手里剩下的能量还和出发时一样多吗？
2026-04-14 17:35:06,898 - SessionLogger - INFO - [sim_FSM_P1_M-ELE-001_7a3d6a] Student: 可是灯泡明明把电“吃”掉了一部分啊，怎么可能完全一样？我觉得肯定是前面的电流大，后面的电流小，不然灯泡凭什么发光？
Deserializing unregistered type router.SessionMemory from checkpoint. This will be blocked in a future version. Add to allowed_msgpack_modules to silence: [('router', 'SessionMemory')]
Deserializing unregistered type router.PerceptionResult from checkpoint. This will be blocked in a future version. Add to allowed_msgpack_modules to silence: [('router', 'PerceptionResult')]
Deserializing unregistered type router.RouteDecision from checkpoint. This will be blocked in a future version. Add to allowed_msgpack_modules to silence: [('router', 'RouteDecision')]
2026-04-14 17:35:07,127 - SessionLogger - INFO - [sim_Baseline_P3_M-ELE-001_34a7f8] Student: 应该……变少了吧？毕竟他在第一个灯泡那里已经卸下一部分“货”（能量）了呀，那他去第二个灯泡时，是不是就没什么能量可卸了？
Deserializing unregistered type router.SessionMemory from checkpoint. This will be blocked in a future version. Add to allowed_msgpack_modules to silence: [('router', 'SessionMemory')]
Deserializing unregistered type router.PerceptionResult from checkpoint. This will be blocked in a future version. Add to allowed_msgpack_modules to silence: [('router', 'PerceptionResult')]
Deserializing unregistered type router.RouteDecision from checkpoint. This will be blocked in a future version. Add to allowed_msgpack_modules to silence: [('router', 'RouteDecision')]
2026-04-14 17:35:07,234 - SessionLogger - INFO - [sim_FSM_P3_M-ELE-001_106ef2] Teacher: 这种困惑很正常，因为我们容易把“电流”和“电能”混为一谈。

你可以想象一下封闭水管里的水流：当水流过水轮机让它转动时，流过去的水量（电流）变少了吗？还是说水本身没少，只是它携带的能量被取走了？
2026-04-14 17:35:09,471 - SessionLogger - INFO - [sim_FSM_P3_M-ELE-001_106ef2] Student: 水好像确实没变少，还是那么多水流过去……所以您的意思是，电流就像水一样只是“路过”灯泡，把能量留下但自己没被吃掉？
Deserializing unregistered type router.SessionMemory from checkpoint. This will be blocked in a future version. Add to allowed_msgpack_modules to silence: [('router', 'SessionMemory')]
Deserializing unregistered type router.PerceptionResult from checkpoint. This will be blocked in a future version. Add to allowed_msgpack_modules to silence: [('router', 'PerceptionResult')]
Deserializing unregistered type router.RouteDecision from checkpoint. This will be blocked in a future version. Add to allowed_msgpack_modules to silence: [('router', 'RouteDecision')]
2026-04-14 17:35:10,538 - SessionLogger - INFO - [sim_Baseline_P2_M-ELE-001_2746e2] Teacher: 电荷确实没消失，只是它们“累”了（能量低了）。

想象一下安检队伍：如果每个人过安检后都变“穷”了（能量少了），但排队的人数（电流）会变少吗？
2026-04-14 17:35:11,975 - SessionLogger - INFO - [sim_Baseline_P1_M-ELE-001_936118] Teacher: 如果真有这种“差别”，哪怕再微小，用灵敏的电流表在电路不同位置测出来的读数也应该不一样。

但实验数据显示，串联电路中各处的电流读数是完全相同的。既然电荷没少，你觉得灯泡消耗的到底是什么？
2026-04-14 17:35:11,981 - SessionLogger - INFO - [sim_Baseline_P2_M-ELE-001_2746e2] Student: 咦？好像有点道理……如果人变少了，队伍不就断了吗？那是不是说电流其实没变，只是每个电荷带的“钱”变少了？
Deserializing unregistered type router.SessionMemory from checkpoint. This will be blocked in a future version. Add to allowed_msgpack_modules to silence: [('router', 'SessionMemory')]
Deserializing unregistered type router.PerceptionResult from checkpoint. This will be blocked in a future version. Add to allowed_msgpack_modules to silence: [('router', 'PerceptionResult')]
Deserializing unregistered type router.RouteDecision from checkpoint. This will be blocked in a future version. Add to allowed_msgpack_modules to silence: [('router', 'RouteDecision')]
2026-04-14 17:35:13,795 - SessionLogger - INFO - [sim_Baseline_P3_M-ELE-001_34a7f8] Teacher: 如果“货”真的在第一个灯泡那里全卸光了，那第二个灯泡岂不是完全亮不起来？

但现实中两个串联的灯泡都会发光，这说明每个“快递员”在每一站是只卸下一部分货，还是把货全卸光了呢？
2026-04-14 17:35:14,964 - SessionLogger - INFO - [sim_Baseline_P3_M-ELE-001_34a7f8] Student: 哦……原来是只卸一部分啊！难怪第二个灯泡也能亮，因为它还能分到剩下的“货”，只是比第一个少一点？
Deserializing unregistered type router.SessionMemory from checkpoint. This will be blocked in a future version. Add to allowed_msgpack_modules to silence: [('router', 'SessionMemory')]
Deserializing unregistered type router.PerceptionResult from checkpoint. This will be blocked in a future version. Add to allowed_msgpack_modules to silence: [('router', 'PerceptionResult')]
Deserializing unregistered type router.RouteDecision from checkpoint. This will be blocked in a future version. Add to allowed_msgpack_modules to silence: [('router', 'RouteDecision')]
2026-04-14 17:35:15,426 - SessionLogger - INFO - [sim_Baseline_P1_M-ELE-001_936118] Student: 读数一样可能是电流表不够灵敏吧？反正灯泡亮了肯定是消耗了什么东西，不然它凭什么发光？我觉得还是电流变少了，只是测不出来。
Deserializing unregistered type router.SessionMemory from checkpoint. This will be blocked in a future version. Add to allowed_msgpack_modules to silence: [('router', 'SessionMemory')]
Deserializing unregistered type router.PerceptionResult from checkpoint. This will be blocked in a future version. Add to allowed_msgpack_modules to silence: [('router', 'PerceptionResult')]
Deserializing unregistered type router.RouteDecision from checkpoint. This will be blocked in a future version. Add to allowed_msgpack_modules to silence: [('router', 'RouteDecision')]
2026-04-14 17:35:18,040 - SessionLogger - INFO - [sim_Baseline_P2_M-ELE-001_2746e2] Teacher: 没错！电荷就像排队的人，一个都不能少，所以电流处处相等。

那既然“人数”没变，你觉得两个灯泡串联时，总电阻是变大了还是变小了？
2026-04-14 17:35:18,858 - SessionLogger - INFO - [sim_Baseline_P3_M-ELE-001_34a7f8] Teacher: 如果两个灯泡完全一样，你觉得“快递员”会偏心，在第一个地方多卸点货吗？
2026-04-14 17:35:18,858 - SessionLogger - INFO - [sim_Baseline_P3_M-ELE-001_34a7f8] Extending max_turns by 3 because cognitive_state is '新概念探索'
2026-04-14 17:35:19,150 - SessionLogger - INFO - [sim_FSM_P3_M-ELE-001_106ef2] Teacher: 没错，电荷（电流的载体）并没有消失，只是把携带的能量转化成了光和热。

既然电荷没有在中途“堆积”或“消失”，那你觉得在串联电路的不同位置，单位时间内流过的电荷量（也就是电流大小）会有什么变化吗？
2026-04-14 17:35:19,443 - SessionLogger - INFO - [sim_Baseline_P2_M-ELE-001_2746e2] Student: 既然电流没变，但灯泡都亮了，感觉阻力应该更大了吧？就像过两道安检肯定比一道难，所以总电阻是变大了？
Deserializing unregistered type router.SessionMemory from checkpoint. This will be blocked in a future version. Add to allowed_msgpack_modules to silence: [('router', 'SessionMemory')]
Deserializing unregistered type router.PerceptionResult from checkpoint. This will be blocked in a future version. Add to allowed_msgpack_modules to silence: [('router', 'PerceptionResult')]
Deserializing unregistered type router.RouteDecision from checkpoint. This will be blocked in a future version. Add to allowed_msgpack_modules to silence: [('router', 'RouteDecision')]
2026-04-14 17:35:20,104 - SessionLogger - INFO - [sim_Baseline_P3_M-ELE-001_34a7f8] Student: 应该不会偏心吧……既然灯泡一模一样，那他们卸下的“货”应该也是一样多的？
Deserializing unregistered type router.SessionMemory from checkpoint. This will be blocked in a future version. Add to allowed_msgpack_modules to silence: [('router', 'SessionMemory')]
Deserializing unregistered type router.PerceptionResult from checkpoint. This will be blocked in a future version. Add to allowed_msgpack_modules to silence: [('router', 'PerceptionResult')]
Deserializing unregistered type router.RouteDecision from checkpoint. This will be blocked in a future version. Add to allowed_msgpack_modules to silence: [('router', 'RouteDecision')]
2026-04-14 17:35:21,831 - SessionLogger - INFO - [sim_Baseline_P1_M-ELE-001_936118] Teacher: 灯泡发光确实需要消耗能量，但电荷本身只是搬运能量的“卡车”，并不会被烧掉。

如果“卡车”（电流）的数量在途中减少了，那剩下的车怎么还能保持和原来一样的速度通过后面的路段呢？
2026-04-14 17:35:22,289 - SessionLogger - INFO - [sim_FSM_P3_M-ELE-001_106ef2] Student: 既然电荷没少也没多，那不管流到哪儿，电流应该都是一样大的吧？所以我之前觉得后面电流变小是错的？
Deserializing unregistered type router.SessionMemory from checkpoint. This will be blocked in a future version. Add to allowed_msgpack_modules to silence: [('router', 'SessionMemory')]
Deserializing unregistered type router.PerceptionResult from checkpoint. This will be blocked in a future version. Add to allowed_msgpack_modules to silence: [('router', 'PerceptionResult')]
Deserializing unregistered type router.RouteDecision from checkpoint. This will be blocked in a future version. Add to allowed_msgpack_modules to silence: [('router', 'RouteDecision')]
2026-04-14 17:35:23,403 - SessionLogger - INFO - [sim_Baseline_P1_M-ELE-001_936118] Student: 卡车卸了货变轻了，跑得快一点不行吗？反正我觉得前面的灯泡肯定“用”掉了一部分电流，不然它怎么会亮？
Deserializing unregistered type router.SessionMemory from checkpoint. This will be blocked in a future version. Add to allowed_msgpack_modules to silence: [('router', 'SessionMemory')]
Deserializing unregistered type router.PerceptionResult from checkpoint. This will be blocked in a future version. Add to allowed_msgpack_modules to silence: [('router', 'PerceptionResult')]
Deserializing unregistered type router.RouteDecision from checkpoint. This will be blocked in a future version. Add to allowed_msgpack_modules to silence: [('router', 'RouteDecision')]
2026-04-14 17:35:26,392 - SessionLogger - INFO - [sim_Baseline_P2_M-ELE-001_2746e2] Teacher: 直觉很准！两道关卡确实比一道难通过。

那如果电源电压（推力）不变，而总阻力变大了，你觉得电路里的电流（排队速度）会比只有一个灯泡时更快还是更慢呢？
2026-04-14 17:35:27,866 - SessionLogger - INFO - [sim_Baseline_P2_M-ELE-001_2746e2] Student: 推力没变，但路更难走了，那大家肯定走得更慢了吧？所以电流其实是整体变小了，而不是被第一个灯泡“吃”掉了一部分？
Deserializing unregistered type router.SessionMemory from checkpoint. This will be blocked in a future version. Add to allowed_msgpack_modules to silence: [('router', 'SessionMemory')]
Deserializing unregistered type router.PerceptionResult from checkpoint. This will be blocked in a future version. Add to allowed_msgpack_modules to silence: [('router', 'PerceptionResult')]
Deserializing unregistered type router.RouteDecision from checkpoint. This will be blocked in a future version. Add to allowed_msgpack_modules to silence: [('router', 'RouteDecision')]
2026-04-14 17:35:37,764 - SessionLogger - INFO - [sim_FSM_P3_M-ELE-001_106ef2] Teacher: 没错，既然电荷没有在中途消失或堆积，那电流在串联电路各处自然就是相等的。

现在你再回头看最初的问题：如果电流处处相等，那两个灯泡亮度的差异（如果有的话）还能用“电流大小不同”来解释吗？
2026-04-14 17:35:37,765 - SessionLogger - INFO - [sim_FSM_P3_M-ELE-001_106ef2] Session finished. Resolved: True
2026-04-14 17:35:37,765 - SessionLogger - INFO - [sim_FSM+Guardrail_P3_M-ELE-001_549189] Starting session
2026-04-14 17:35:37,765 - SessionLogger - INFO - Initialized Session sim_FSM+Guardrail_P3_M-ELE-001_549189 on Unknown for Unknown with version FSM+Guardrail
2026-04-14 17:35:39,321 - SessionLogger - INFO - [sim_FSM+Guardrail_P3_M-ELE-001_549189] Student Opening: 老师，我觉得电流流过第一个灯泡后肯定变少了，因为灯泡发光不是得“用”掉一部分电吗？那后面的灯泡分到的电流不就更少了吗？
2026-04-14 17:35:39,339 - SessionLogger - INFO - [sim_Baseline_P1_M-ELE-001_936118] Teacher: 在串联这条“单行道”上，如果前面的车突然加速，后面的车岂不是要撞上去或者拉开巨大空隙？

电荷之间可是有斥力的，它们会像手拉手一样紧密相连，你觉得它们能随意改变间距或速度吗？
2026-04-14 17:35:42,664 - SessionLogger - INFO - [sim_Baseline_P1_M-ELE-001_936118] Student: 可是灯泡亮了就是证明啊，肯定有什么东西被留在了那里。如果电流真的一点没少，那电是从哪儿来的让灯泡发光的？我还是觉得电流肯定变小了。
Deserializing unregistered type router.SessionMemory from checkpoint. This will be blocked in a future version. Add to allowed_msgpack_modules to silence: [('router', 'SessionMemory')]
Deserializing unregistered type router.PerceptionResult from checkpoint. This will be blocked in a future version. Add to allowed_msgpack_modules to silence: [('router', 'PerceptionResult')]
Deserializing unregistered type router.RouteDecision from checkpoint. This will be blocked in a future version. Add to allowed_msgpack_modules to silence: [('router', 'RouteDecision')]
2026-04-14 17:35:47,081 - SessionLogger - INFO - [sim_FSM+Guardrail_P1_M-ELE-001_2cccfd] Teacher: 但在实际实验中，两个完全相同的灯泡串联时，它们的亮度其实是**一样**的。

既然亮度相同，说明流过它们的电流大小并没有因为经过第一个灯泡而减少。这就像封闭水管里的水流，虽然水轮机利用了水的能量，但单位时间内流进和流出的水量是相等的。

所以，你觉得灯泡真正“消耗”掉的，是作为载体的**电荷**，还是电荷所携带的**电能**？
2026-04-14 17:35:48,213 - SessionLogger - INFO - [sim_FSM+Guardrail_P1_M-ELE-001_2cccfd] Student: 可是亮度一样不代表电流没变少啊，也许它们都变暗了但看起来差不多呢？我还是觉得电流肯定被用掉了一些，不然能量从哪来？
Deserializing unregistered type router.SessionMemory from checkpoint. This will be blocked in a future version. Add to allowed_msgpack_modules to silence: [('router', 'SessionMemory')]
Deserializing unregistered type router.PerceptionResult from checkpoint. This will be blocked in a future version. Add to allowed_msgpack_modules to silence: [('router', 'PerceptionResult')]
Deserializing unregistered type router.RouteDecision from checkpoint. This will be blocked in a future version. Add to allowed_msgpack_modules to silence: [('router', 'RouteDecision')]
2026-04-14 17:35:49,224 - SessionLogger - INFO - [sim_FSM_P1_M-ELE-001_7a3d6a] Teacher: 这个直觉很常见，但这里有个关键区分：灯泡“吃掉”的是**电能**（让它发光发热），而不是作为载体的**电荷**。

想象一下游乐场里的摩天轮，座舱（电荷）转一圈回到原点，数量一个都没少，只是把乘客（能量）送出去了。既然电荷没有减少，也没有在电线里堆积，你觉得串联电路中各处的电流大小应该是**处处相等**还是**逐渐减小**？
2026-04-14 17:35:50,658 - SessionLogger - INFO - [sim_FSM_P1_M-ELE-001_7a3d6a] Student: 可是摩天轮是机械传动，电又不是这样传的。我还是觉得电流像水流，流过一个地方就被用掉一些，怎么可能处处相等呢？
Deserializing unregistered type router.SessionMemory from checkpoint. This will be blocked in a future version. Add to allowed_msgpack_modules to silence: [('router', 'SessionMemory')]
Deserializing unregistered type router.PerceptionResult from checkpoint. This will be blocked in a future version. Add to allowed_msgpack_modules to silence: [('router', 'PerceptionResult')]
Deserializing unregistered type router.RouteDecision from checkpoint. This will be blocked in a future version. Add to allowed_msgpack_modules to silence: [('router', 'RouteDecision')]
2026-04-14 17:35:52,176 - SessionLogger - INFO - [sim_FSM+Guardrail_P3_M-ELE-001_549189] Teacher: 如果按照你的想法，电流每经过一个灯泡就会“瘦身”一次，那假如我们在电路里串联一百个同样的小灯泡，你觉得最后那个灯泡还能亮起来吗？
2026-04-14 17:35:53,457 - SessionLogger - INFO - [sim_FSM+Guardrail_P3_M-ELE-001_549189] Student: 嗯……应该会亮吧，但肯定特别暗？毕竟流到最后的电流都被前面九十九个灯泡“吃”得差不多了嘛。
Deserializing unregistered type router.SessionMemory from checkpoint. This will be blocked in a future version. Add to allowed_msgpack_modules to silence: [('router', 'SessionMemory')]
Deserializing unregistered type router.PerceptionResult from checkpoint. This will be blocked in a future version. Add to allowed_msgpack_modules to silence: [('router', 'PerceptionResult')]
Deserializing unregistered type router.RouteDecision from checkpoint. This will be blocked in a future version. Add to allowed_msgpack_modules to silence: [('router', 'RouteDecision')]
2026-04-14 17:35:55,022 - SessionLogger - INFO - [sim_Baseline_P3_M-ELE-001_34a7f8] Teacher: 没错，既然“待遇”一样，那分到的能量自然也一样。

现在想想，如果这两个灯泡不一样大（电阻不同），“快递员”会觉得哪个更难通过，从而在那里留下更多的能量呢？
2026-04-14 17:35:56,381 - SessionLogger - INFO - [sim_Baseline_P3_M-ELE-001_34a7f8] Student: 应该是那个更难通过的灯泡吧？就像路特别窄或者堵的时候，快递员是不是得更费力挤过去，所以在那儿留下的“货”就更多？
Deserializing unregistered type router.SessionMemory from checkpoint. This will be blocked in a future version. Add to allowed_msgpack_modules to silence: [('router', 'SessionMemory')]
Deserializing unregistered type router.PerceptionResult from checkpoint. This will be blocked in a future version. Add to allowed_msgpack_modules to silence: [('router', 'PerceptionResult')]
Deserializing unregistered type router.RouteDecision from checkpoint. This will be blocked in a future version. Add to allowed_msgpack_modules to silence: [('router', 'RouteDecision')]
2026-04-14 17:36:00,076 - SessionLogger - INFO - [sim_FSM+Guardrail_P1_M-ELE-001_2cccfd] Teacher: 这个困惑非常真实，因为“消耗”这个词在日常生活中通常意味着东西变少了。

但我们可以做一个思想实验：如果电流真的像水流过海绵一样被“吸走”或消耗了，那么流回电源负极的电荷就会比从正极出来的少，电路里就会出现“断流”。

既然灯泡亮需要的是**能量**，而电荷只是搬运能量的“卡车”，你觉得是“卡车”本身被烧掉了，还是卡车上拉的“货物”（能量）被卸下了？
2026-04-14 17:36:00,085 - SessionLogger - INFO - [sim_Baseline_P3_M-ELE-001_34a7f8] Teacher: 没错，越难通过的地方，“过路费”交得越多。

那如果其中一个灯泡的电阻特别大，你觉得它分到的电压（能量）会比另一个多还是少？
2026-04-14 17:36:00,523 - SessionLogger - INFO - [sim_FSM_P1_M-ELE-001_7a3d6a] Teacher: 这个直觉确实很顽固，因为我们在生活中很少见到“只取走能量却不减少物质”的现象。

咱们先暂停一下这个争论，毕竟区分“电流”和“电能”本身就是初中物理里最容易绕晕的地方之一。你刚才的思考非常投入，这种质疑精神很棒，但一直纠结在这个点上可能会让你更焦虑。

要不咱们先把这个问题“存个档”，暂时放一放？你可以去喝口水休息一下，或者我们先看看其他稍微轻松点的知识点，等大脑放松了再回来看它，往往会有新发现。你觉得呢？
2026-04-14 17:36:01,170 - SessionLogger - INFO - [sim_FSM+Guardrail_P3_M-ELE-001_549189] Teacher: 为了不把你带偏，咱们不如慢一点。你先说说看，这几个条件里你觉得哪个是最关键的？
2026-04-14 17:36:01,672 - SessionLogger - INFO - [sim_FSM+Guardrail_P1_M-ELE-001_2cccfd] Student: 可是电流就是电啊，灯泡亮了肯定是把电给用掉了。你说的那个“货物”太抽象了，我就觉得电流流过去肯定变少了，不然怎么解释它做功了？
Deserializing unregistered type router.SessionMemory from checkpoint. This will be blocked in a future version. Add to allowed_msgpack_modules to silence: [('router', 'SessionMemory')]
Deserializing unregistered type router.PerceptionResult from checkpoint. This will be blocked in a future version. Add to allowed_msgpack_modules to silence: [('router', 'PerceptionResult')]
Deserializing unregistered type router.RouteDecision from checkpoint. This will be blocked in a future version. Add to allowed_msgpack_modules to silence: [('router', 'RouteDecision')]
2026-04-14 17:36:03,182 - SessionLogger - INFO - [sim_Baseline_P3_M-ELE-001_34a7f8] Student: 那肯定是电阻大的那个分到的多吧？毕竟它那儿“路”难走，交的“过路费”肯定就贵嘛。
Deserializing unregistered type router.SessionMemory from checkpoint. This will be blocked in a future version. Add to allowed_msgpack_modules to silence: [('router', 'SessionMemory')]
Deserializing unregistered type router.PerceptionResult from checkpoint. This will be blocked in a future version. Add to allowed_msgpack_modules to silence: [('router', 'PerceptionResult')]
Deserializing unregistered type router.RouteDecision from checkpoint. This will be blocked in a future version. Add to allowed_msgpack_modules to silence: [('router', 'RouteDecision')]
2026-04-14 17:36:03,679 - SessionLogger - INFO - [sim_FSM_P1_M-ELE-001_7a3d6a] Student: 我不累，也不想放一放。你就直接告诉我，如果电流真的没变少，那灯泡发光用的“电”到底是从哪来的？
Deserializing unregistered type router.SessionMemory from checkpoint. This will be blocked in a future version. Add to allowed_msgpack_modules to silence: [('router', 'SessionMemory')]
Deserializing unregistered type router.PerceptionResult from checkpoint. This will be blocked in a future version. Add to allowed_msgpack_modules to silence: [('router', 'PerceptionResult')]
Deserializing unregistered type router.RouteDecision from checkpoint. This will be blocked in a future version. Add to allowed_msgpack_modules to silence: [('router', 'RouteDecision')]
2026-04-14 17:36:04,401 - SessionLogger - INFO - [sim_FSM+Guardrail_P3_M-ELE-001_549189] Student: 呃……是灯泡的数量吗？因为我觉得用的越多，剩下的电流就越少呀。
Deserializing unregistered type router.SessionMemory from checkpoint. This will be blocked in a future version. Add to allowed_msgpack_modules to silence: [('router', 'SessionMemory')]
Deserializing unregistered type router.PerceptionResult from checkpoint. This will be blocked in a future version. Add to allowed_msgpack_modules to silence: [('router', 'PerceptionResult')]
Deserializing unregistered type router.RouteDecision from checkpoint. This will be blocked in a future version. Add to allowed_msgpack_modules to silence: [('router', 'RouteDecision')]
2026-04-14 17:36:07,980 - SessionLogger - INFO - [sim_FSM_P1_M-ELE-001_7a3d6a] Teacher: 直接告诉你答案可能帮不到你真正弄懂。咱们退一步，看看这个现象：为什么说灯泡把电能转成了光和热，而不能说它把电流本身消耗掉了？
2026-04-14 17:36:08,545 - SessionLogger - INFO - [sim_Baseline_P3_M-ELE-001_34a7f8] Teacher: 没错，电阻大的地方电压降确实更大。

那现在结合刚才说的，如果两个灯泡串联，一个电阻大（分压多），一个电阻小（分压少），你觉得哪个会更亮？
2026-04-14 17:36:08,853 - SessionLogger - INFO - [sim_FSM_P1_M-ELE-001_7a3d6a] Student: 因为灯泡亮了就是消耗了电啊，这还用问吗？如果不消耗电流，它凭什么发光？
Deserializing unregistered type router.SessionMemory from checkpoint. This will be blocked in a future version. Add to allowed_msgpack_modules to silence: [('router', 'SessionMemory')]
Deserializing unregistered type router.PerceptionResult from checkpoint. This will be blocked in a future version. Add to allowed_msgpack_modules to silence: [('router', 'PerceptionResult')]
Deserializing unregistered type router.RouteDecision from checkpoint. This will be blocked in a future version. Add to allowed_msgpack_modules to silence: [('router', 'RouteDecision')]
2026-04-14 17:36:09,559 - SessionLogger - INFO - [sim_Baseline_P3_M-ELE-001_34a7f8] Student: 应该是电阻大的那个更亮吧？因为它拿走的能量（电压）更多呀。
Deserializing unregistered type router.SessionMemory from checkpoint. This will be blocked in a future version. Add to allowed_msgpack_modules to silence: [('router', 'SessionMemory')]
Deserializing unregistered type router.PerceptionResult from checkpoint. This will be blocked in a future version. Add to allowed_msgpack_modules to silence: [('router', 'PerceptionResult')]
Deserializing unregistered type router.RouteDecision from checkpoint. This will be blocked in a future version. Add to allowed_msgpack_modules to silence: [('router', 'RouteDecision')]
2026-04-14 17:36:11,531 - SessionLogger - INFO - [sim_FSM+Guardrail_P1_M-ELE-001_2cccfd] Teacher: 这个直觉确实非常顽固，因为我们在生活中说“用电”，听起来就像是在消耗某种物质。

既然这个问题让你感到有些纠结和挫败，我们不妨先把它暂时放一放，别让这种焦虑影响了心情。

我们要不先休息一下，或者换个轻松点的话题聊聊？
2026-04-14 17:36:12,787 - SessionLogger - INFO - [sim_FSM+Guardrail_P1_M-ELE-001_2cccfd] Student: 我不累，你别转移话题。你就直接告诉我，为什么电流没变少灯泡还能亮？光说休息解决不了我的疑问。
Deserializing unregistered type router.SessionMemory from checkpoint. This will be blocked in a future version. Add to allowed_msgpack_modules to silence: [('router', 'SessionMemory')]
Deserializing unregistered type router.PerceptionResult from checkpoint. This will be blocked in a future version. Add to allowed_msgpack_modules to silence: [('router', 'PerceptionResult')]
Deserializing unregistered type router.RouteDecision from checkpoint. This will be blocked in a future version. Add to allowed_msgpack_modules to silence: [('router', 'RouteDecision')]
2026-04-14 17:36:15,655 - SessionLogger - INFO - [sim_FSM+Guardrail_P3_M-ELE-001_549189] Teacher: 这个现象确实很反直觉，因为我们总觉得“用了”就会“少”。但如果电流真的像被吃掉的水一样越流越少，那在第一个和第二个灯泡之间的导线里，电荷会不会因为堆积而把电线撑爆呢？
2026-04-14 17:36:15,949 - SessionLogger - INFO - [sim_FSM+Guardrail_P1_M-ELE-001_2cccfd] Teacher: 这个问题其实挺容易绕进去的，不如我们换个简单的角度，你觉得最初的核心问题在哪里？
2026-04-14 17:36:16,131 - SessionLogger - INFO - [sim_Baseline_P3_M-ELE-001_34a7f8] Teacher: 你的直觉很敏锐！既然流过它们的电流是一样的，而电阻大的那个“分”到的电压更多。

根据功率公式 $P=UI$，你觉得这两个因素结合后，哪个灯泡的实际功率（也就是亮度）会更大呢？
2026-04-14 17:36:17,589 - SessionLogger - INFO - [sim_FSM+Guardrail_P3_M-ELE-001_549189] Student: 啊？电荷会堆积吗？我从来没想过这个问题……电线应该不会爆吧，那电流到底去哪儿了？
Deserializing unregistered type router.SessionMemory from checkpoint. This will be blocked in a future version. Add to allowed_msgpack_modules to silence: [('router', 'SessionMemory')]
Deserializing unregistered type router.PerceptionResult from checkpoint. This will be blocked in a future version. Add to allowed_msgpack_modules to silence: [('router', 'PerceptionResult')]
Deserializing unregistered type router.RouteDecision from checkpoint. This will be blocked in a future version. Add to allowed_msgpack_modules to silence: [('router', 'RouteDecision')]
2026-04-14 17:36:19,164 - SessionLogger - INFO - [sim_Baseline_P3_M-ELE-001_34a7f8] Student: 那就是电阻大的那个更亮呗？毕竟它分到的电压大，电流又一样，乘起来肯定更大嘛。
Deserializing unregistered type router.SessionMemory from checkpoint. This will be blocked in a future version. Add to allowed_msgpack_modules to silence: [('router', 'SessionMemory')]
Deserializing unregistered type router.PerceptionResult from checkpoint. This will be blocked in a future version. Add to allowed_msgpack_modules to silence: [('router', 'PerceptionResult')]
Deserializing unregistered type router.RouteDecision from checkpoint. This will be blocked in a future version. Add to allowed_msgpack_modules to silence: [('router', 'RouteDecision')]
2026-04-14 17:36:19,475 - SessionLogger - INFO - [sim_FSM+Guardrail_P1_M-ELE-001_2cccfd] Student: 核心问题就是电流肯定被灯泡用掉了一部分啊，这有什么好绕的？你别老问我觉得，你就说为什么后面的灯泡不会变暗吧。
2026-04-14 17:36:19,475 - SessionLogger - INFO - [sim_FSM+Guardrail_P1_M-ELE-001_2cccfd] Session finished. Resolved: False
2026-04-14 17:36:19,475 - SessionLogger - INFO - [sim_Baseline_P1_M-ELE-002_74a64d] Starting session
2026-04-14 17:36:19,475 - SessionLogger - INFO - Initialized Session sim_Baseline_P1_M-ELE-002_74a64d on Unknown for Unknown with version FSM+Guardrail
2026-04-14 17:36:20,481 - SessionLogger - INFO - [sim_Baseline_P1_M-ELE-002_74a64d] Student Opening: 老师，我把电池正极连到灯泡上，负极悬空，灯泡为什么不亮？电不是从正极流出来就能用了吗？
2026-04-14 17:36:20,484 - SessionLogger - INFO - [sim_Baseline_P2_M-ELE-001_2746e2] Teacher: 太棒了！你抓住了重点：是整体变慢，而不是中间“缩水”。

那既然整个队伍的速度（电流）都变慢了，你觉得第一个灯泡分到的电压（它消耗的“钱”）和第二个灯泡相比，会一样多吗？
2026-04-14 17:36:21,502 - SessionLogger - INFO - [sim_Baseline_P2_M-ELE-001_2746e2] Student: 既然两个灯泡是一样的，大家排队速度也一样，那它们“收”的钱应该也是一样的吧？所以电压是平分的？
Deserializing unregistered type router.SessionMemory from checkpoint. This will be blocked in a future version. Add to allowed_msgpack_modules to silence: [('router', 'SessionMemory')]
Deserializing unregistered type router.PerceptionResult from checkpoint. This will be blocked in a future version. Add to allowed_msgpack_modules to silence: [('router', 'PerceptionResult')]
Deserializing unregistered type router.RouteDecision from checkpoint. This will be blocked in a future version. Add to allowed_msgpack_modules to silence: [('router', 'RouteDecision')]
2026-04-14 17:36:25,069 - SessionLogger - INFO - [sim_FSM_P1_M-ELE-001_7a3d6a] Teacher: 这确实是个好问题，发光肯定得有“代价”。

咱们换个比方：想象一队运煤车（电荷）开进工厂，卸下煤（电能）让机器运转发光，然后空车开出来。

在这个过程中，是**煤**被消耗了，还是**运煤车**被消耗了？
2026-04-14 17:36:25,424 - SessionLogger - INFO - [sim_Baseline_P3_M-ELE-001_34a7f8] Teacher: 推导得很漂亮！看来你已经把电流、电压和亮度（功率）的关系彻底打通了。

那如果现在我把这两个灯泡改成**并联**接在同一个电源上，你觉得情况会发生什么变化？谁的“过路费”会变多呢？
2026-04-14 17:36:26,303 - SessionLogger - INFO - [sim_Baseline_P2_M-ELE-001_2746e2] Teacher: 没错，完全正确！两个一样的灯泡平分了电源的电压。

那如果我把其中一个灯泡换成电阻更大的，你觉得它分到的电压会变多还是变少？
2026-04-14 17:36:26,455 - SessionLogger - INFO - [sim_FSM_P1_M-ELE-001_7a3d6a] Student: 可是电流又不是车，它是流过去的能量啊。我觉得它就像水一样，流过水轮机推动叶片后，水流本身就变弱了，怎么可能还是原来的样子？
2026-04-14 17:36:26,455 - SessionLogger - INFO - [sim_FSM_P1_M-ELE-001_7a3d6a] Session finished. Resolved: False
2026-04-14 17:36:26,455 - SessionLogger - INFO - [sim_FSM_P1_M-ELE-002_7c8047] Starting session
2026-04-14 17:36:26,456 - SessionLogger - INFO - Initialized Session sim_FSM_P1_M-ELE-002_7c8047 on Unknown for Unknown with version FSM+Guardrail
2026-04-14 17:36:27,651 - SessionLogger - INFO - [sim_FSM_P1_M-ELE-002_7c8047] Student Opening: 老师，我就纳闷了，电池明明有电，为什么我拿一根导线把灯泡连到正极上它就不亮？电不是从正极“射”出来进灯泡就行了吗？
2026-04-14 17:36:27,663 - SessionLogger - INFO - [sim_Baseline_P1_M-ELE-002_74a64d] Teacher: 想象一下，如果电荷从正极跑出来进了灯泡，但负极没连上，这些电荷最后能去哪儿呢？
2026-04-14 17:36:28,498 - SessionLogger - INFO - [sim_Baseline_P1_M-ELE-002_74a64d] Student: 电荷进灯泡发光消耗掉不就行了吗？干嘛非得去负极，我又没让它回来。
Deserializing unregistered type router.SessionMemory from checkpoint. This will be blocked in a future version. Add to allowed_msgpack_modules to silence: [('router', 'SessionMemory')]
Deserializing unregistered type router.PerceptionResult from checkpoint. This will be blocked in a future version. Add to allowed_msgpack_modules to silence: [('router', 'PerceptionResult')]
Deserializing unregistered type router.RouteDecision from checkpoint. This will be blocked in a future version. Add to allowed_msgpack_modules to silence: [('router', 'RouteDecision')]
2026-04-14 17:36:28,849 - SessionLogger - INFO - [sim_Baseline_P3_M-ELE-001_34a7f8] Student: 啊？并联的话……它们不是各走各的路吗？那“过路费”（电压）应该还是一样吧？毕竟都是直接连在电源两头。
Deserializing unregistered type router.SessionMemory from checkpoint. This will be blocked in a future version. Add to allowed_msgpack_modules to silence: [('router', 'SessionMemory')]
Deserializing unregistered type router.PerceptionResult from checkpoint. This will be blocked in a future version. Add to allowed_msgpack_modules to silence: [('router', 'PerceptionResult')]
Deserializing unregistered type router.RouteDecision from checkpoint. This will be blocked in a future version. Add to allowed_msgpack_modules to silence: [('router', 'RouteDecision')]
2026-04-14 17:36:29,504 - SessionLogger - INFO - [sim_Baseline_P2_M-ELE-001_2746e2] Student: 电阻大是不是意味着它“拦”得更厉害？那它分到的电压应该会变多吧，毕竟它更难通过。
2026-04-14 17:36:29,504 - SessionLogger - INFO - [sim_Baseline_P2_M-ELE-001_2746e2] Session finished. Resolved: False
2026-04-14 17:36:29,504 - SessionLogger - INFO - [sim_FSM+Guardrail_P1_M-ELE-002_4b51d4] Starting session
2026-04-14 17:36:29,504 - SessionLogger - INFO - Initialized Session sim_FSM+Guardrail_P1_M-ELE-002_4b51d4 on Unknown for Unknown with version FSM+Guardrail
2026-04-14 17:36:30,637 - SessionLogger - INFO - [sim_FSM+Guardrail_P1_M-ELE-002_4b51d4] Student Opening: 老师，我就纳闷了，电池明明有电，我拿根导线连上正极和灯泡，灯泡怎么就不亮呢？电不是从电池里流出来就行了吗？
2026-04-14 17:36:34,475 - SessionLogger - INFO - [sim_Baseline_P1_M-ELE-002_74a64d] Teacher: 电荷可不是像煤炭那样烧完就没了的“燃料”，它是携带能量的“搬运工”。

如果负极悬空，电荷在灯泡里堆积起来后，你觉得后面的电荷还能挤得进去继续流动吗？
2026-04-14 17:36:35,671 - SessionLogger - INFO - [sim_Baseline_P1_M-ELE-002_74a64d] Student: 电荷又不会堵在灯泡里，它们是用完就消失的能量，哪来的堆积？只要正极有电送出来，灯就该亮。
Deserializing unregistered type router.SessionMemory from checkpoint. This will be blocked in a future version. Add to allowed_msgpack_modules to silence: [('router', 'SessionMemory')]
Deserializing unregistered type router.PerceptionResult from checkpoint. This will be blocked in a future version. Add to allowed_msgpack_modules to silence: [('router', 'PerceptionResult')]
Deserializing unregistered type router.RouteDecision from checkpoint. This will be blocked in a future version. Add to allowed_msgpack_modules to silence: [('router', 'RouteDecision')]
2026-04-14 17:36:35,912 - SessionLogger - INFO - [sim_Baseline_P1_M-ELE-001_936118] Teacher: 灯泡消耗的是电荷携带的“能量”（电压），而不是电荷本身，就像水车消耗的是水的落差势能，而不是把水喝掉。

如果水流（电流）真的变少了，那多出来的水去哪儿了？电路里可没有蓄水池呀。
2026-04-14 17:36:37,669 - SessionLogger - INFO - [sim_Baseline_P1_M-ELE-001_936118] Student: 水车转的时候肯定有阻力啊，水流过去肯定会变慢或者变少，这不是很正常吗？你别老拿水比喻，电和水又不一样，我觉得电流就是被灯泡“吃”掉了一部分。
Deserializing unregistered type router.SessionMemory from checkpoint. This will be blocked in a future version. Add to allowed_msgpack_modules to silence: [('router', 'SessionMemory')]
Deserializing unregistered type router.PerceptionResult from checkpoint. This will be blocked in a future version. Add to allowed_msgpack_modules to silence: [('router', 'PerceptionResult')]
Deserializing unregistered type router.RouteDecision from checkpoint. This will be blocked in a future version. Add to allowed_msgpack_modules to silence: [('router', 'RouteDecision')]
2026-04-14 17:36:39,208 - SessionLogger - WARNING - LLM Judge failed: 1 validation error for GuardrailOutput
reason
  Field required [type=missing, input_value={'method_classification':...发生知识泄漏。'}, input_type=dict]
    For further information visit https://errors.pydantic.dev/2.12/v/missing. Falling back to rule-based only.
2026-04-14 17:36:39,214 - SessionLogger - INFO - [sim_FSM+Guardrail_P3_M-ELE-001_549189] Teacher: 既然电荷不会堆积也不会消失，那说明流进灯泡的电荷和流出来的电荷数量必须是一样的，对吗？
2026-04-14 17:36:39,543 - SessionLogger - INFO - [sim_Baseline_P1_M-ELE-002_74a64d] Teacher: 这里有个小误区：电荷本身不是能量，也不会消失，它们只是负责“搬运”能量的载体。

试想一下，如果电荷真的在灯泡里“用完”消失了，那电池里的电荷岂不是很快就流光了？
2026-04-14 17:36:40,224 - SessionLogger - INFO - [sim_FSM+Guardrail_P3_M-ELE-001_549189] Student: 可是……如果流进去和流出来的一样多，那灯泡是靠什么发光的呢？难道它不“吃”电流吗？
Deserializing unregistered type router.SessionMemory from checkpoint. This will be blocked in a future version. Add to allowed_msgpack_modules to silence: [('router', 'SessionMemory')]
Deserializing unregistered type router.PerceptionResult from checkpoint. This will be blocked in a future version. Add to allowed_msgpack_modules to silence: [('router', 'PerceptionResult')]
Deserializing unregistered type router.RouteDecision from checkpoint. This will be blocked in a future version. Add to allowed_msgpack_modules to silence: [('router', 'RouteDecision')]
2026-04-14 17:36:42,639 - SessionLogger - INFO - [sim_Baseline_P1_M-ELE-002_74a64d] Student: 反正电池用久了确实会没电，说明电荷就是被消耗光了啊。只要正极还在往外送，灯就该亮，跟负极有什么关系？
Deserializing unregistered type router.SessionMemory from checkpoint. This will be blocked in a future version. Add to allowed_msgpack_modules to silence: [('router', 'SessionMemory')]
Deserializing unregistered type router.PerceptionResult from checkpoint. This will be blocked in a future version. Add to allowed_msgpack_modules to silence: [('router', 'PerceptionResult')]
Deserializing unregistered type router.RouteDecision from checkpoint. This will be blocked in a future version. Add to allowed_msgpack_modules to silence: [('router', 'RouteDecision')]
2026-04-14 17:36:43,060 - SessionLogger - INFO - [sim_Baseline_P1_M-ELE-001_936118] Teacher: 如果灯泡真的“吃”掉了一部分电荷，那这些电荷在灯泡里堆积起来，灯泡岂不是会带上越来越多的电？

而且，如果前面的电流大、后面的电流小，中间断开的地方电荷不就凭空消失了吗？这符合我们学过的守恒定律吗？
2026-04-14 17:36:44,223 - SessionLogger - INFO - [sim_Baseline_P1_M-ELE-001_936118] Student: 电荷又不会真的堆在那儿不动，它们流过去就变少了嘛。守恒定律是守恒定律，但灯泡发光总得付出点代价吧，我觉得电流变小就是那个代价。
2026-04-14 17:36:44,223 - SessionLogger - INFO - [sim_Baseline_P1_M-ELE-001_936118] Session finished. Resolved: False
2026-04-14 17:36:44,224 - SessionLogger - INFO - [sim_Baseline_P2_M-ELE-002_bd4de0] Starting session
2026-04-14 17:36:44,224 - SessionLogger - INFO - Initialized Session sim_Baseline_P2_M-ELE-002_bd4de0 on Unknown for Unknown with version FSM+Guardrail
2026-04-14 17:36:45,774 - SessionLogger - INFO - [sim_Baseline_P2_M-ELE-002_bd4de0] Student Opening: 老师，为什么灯泡一定要接两根线连成圈才能亮？我觉得电池正极把电“送”出来，只要用一根导线连到灯泡上，电到了灯泡里它就应该发光了呀。
2026-04-14 17:36:45,794 - SessionLogger - INFO - [sim_FSM+Guardrail_P1_M-ELE-002_4b51d4] Teacher: 这种“电只要流出来就行”的想法很直观，但如果电真的像子弹一样射出去就不回来了，你觉得电池里储存的电荷是不是应该在瞬间就全部跑光并堆积在灯泡那儿？
2026-04-14 17:36:46,531 - SessionLogger - INFO - [sim_FSM_P1_M-ELE-002_7c8047] Teacher: 这个想法很自然，毕竟我们常把电池看作能量的“发射源”。但你想过没，如果电流只从正极“射”进灯泡却无处可去，它们会不会在灯泡里越积越多，直到把路堵死？
2026-04-14 17:36:46,755 - SessionLogger - INFO - [sim_Baseline_P1_M-ELE-002_74a64d] Teacher: 电池“没电”其实是化学能转化完了，电荷本身可没消失，它们还在电池里待着呢。

如果负极不连回去，电荷到了灯泡那头没路可走，你觉得它们还能继续从正极挤出来吗？
2026-04-14 17:36:47,037 - SessionLogger - INFO - [sim_FSM+Guardrail_P1_M-ELE-002_4b51d4] Student: 电池里的电多着呢，哪能一下就跑光了？反正只要连上一头，电就能流过去让灯泡亮，这跟回不回来有什么关系。
Deserializing unregistered type router.SessionMemory from checkpoint. This will be blocked in a future version. Add to allowed_msgpack_modules to silence: [('router', 'SessionMemory')]
Deserializing unregistered type router.PerceptionResult from checkpoint. This will be blocked in a future version. Add to allowed_msgpack_modules to silence: [('router', 'PerceptionResult')]
Deserializing unregistered type router.RouteDecision from checkpoint. This will be blocked in a future version. Add to allowed_msgpack_modules to silence: [('router', 'RouteDecision')]
2026-04-14 17:36:47,722 - SessionLogger - INFO - [sim_FSM_P1_M-ELE-002_7c8047] Student: 不会堵死的，电是用掉的，又不是水。只要正极把电送进灯泡，灯泡发光把电“消耗”完了，不就不存在堆积的问题了吗？
Deserializing unregistered type router.SessionMemory from checkpoint. This will be blocked in a future version. Add to allowed_msgpack_modules to silence: [('router', 'SessionMemory')]
Deserializing unregistered type router.PerceptionResult from checkpoint. This will be blocked in a future version. Add to allowed_msgpack_modules to silence: [('router', 'PerceptionResult')]
Deserializing unregistered type router.RouteDecision from checkpoint. This will be blocked in a future version. Add to allowed_msgpack_modules to silence: [('router', 'RouteDecision')]
2026-04-14 17:36:49,739 - SessionLogger - INFO - [sim_Baseline_P1_M-ELE-002_74a64d] Student: 正极有电压推着呢，肯定能一直挤出来啊。负极连不连根本不影响正极往外送电。
Deserializing unregistered type router.SessionMemory from checkpoint. This will be blocked in a future version. Add to allowed_msgpack_modules to silence: [('router', 'SessionMemory')]
Deserializing unregistered type router.PerceptionResult from checkpoint. This will be blocked in a future version. Add to allowed_msgpack_modules to silence: [('router', 'PerceptionResult')]
Deserializing unregistered type router.RouteDecision from checkpoint. This will be blocked in a future version. Add to allowed_msgpack_modules to silence: [('router', 'RouteDecision')]
2026-04-14 17:36:51,334 - SessionLogger - INFO - [sim_FSM+Guardrail_P3_M-ELE-001_549189] Teacher: 我们可以把电流想象成在封闭水管里循环流动的水，灯泡就像是一个水轮机。

你觉得水轮机转动发光，是消耗了“流过的水量”，还是消耗了水流带来的“能量”？
2026-04-14 17:36:52,978 - SessionLogger - INFO - [sim_Baseline_P2_M-ELE-002_bd4de0] Teacher: 想象一下，如果电流像水流，水管只接在水龙头上，另一端堵死或者悬空，水能一直流出来吗？

如果电荷只进不出，它们在灯泡里越积越多，你觉得会发生什么，还能持续流动吗？
2026-04-14 17:36:53,001 - SessionLogger - INFO - [sim_Baseline_P1_M-ELE-002_74a64d] Teacher: 如果路不通，电荷挤到灯泡那头没处去，后面的电荷还能继续往前挤吗？

这就像水管，如果出水口堵死了，你还能一直往里灌水吗？
2026-04-14 17:36:53,831 - SessionLogger - INFO - [sim_FSM+Guardrail_P3_M-ELE-001_549189] Student: 哦……水轮机转动是靠水的冲击力，但流过去的水量确实没变。所以灯泡是用掉了“能量”，而不是用掉了“电流”本身？
Deserializing unregistered type router.SessionMemory from checkpoint. This will be blocked in a future version. Add to allowed_msgpack_modules to silence: [('router', 'SessionMemory')]
Deserializing unregistered type router.PerceptionResult from checkpoint. This will be blocked in a future version. Add to allowed_msgpack_modules to silence: [('router', 'PerceptionResult')]
Deserializing unregistered type router.RouteDecision from checkpoint. This will be blocked in a future version. Add to allowed_msgpack_modules to silence: [('router', 'RouteDecision')]
2026-04-14 17:36:54,566 - SessionLogger - INFO - [sim_FSM+Guardrail_P1_M-ELE-002_4b51d4] Teacher: 那如果电只从正极“挤”进灯泡，却没法从负极流回电池，你觉得灯泡里会不会瞬间塞满电荷，导致后面的电再也挤不进去了？
2026-04-14 17:36:55,001 - SessionLogger - INFO - [sim_Baseline_P2_M-ELE-002_bd4de0] Student: 呃……好像确实流不动，水会堵住。那电是不是也像水一样，得有个“出口”让它流回电池才行？
Deserializing unregistered type router.SessionMemory from checkpoint. This will be blocked in a future version. Add to allowed_msgpack_modules to silence: [('router', 'SessionMemory')]
Deserializing unregistered type router.PerceptionResult from checkpoint. This will be blocked in a future version. Add to allowed_msgpack_modules to silence: [('router', 'PerceptionResult')]
Deserializing unregistered type router.RouteDecision from checkpoint. This will be blocked in a future version. Add to allowed_msgpack_modules to silence: [('router', 'RouteDecision')]
2026-04-14 17:36:55,749 - SessionLogger - INFO - [sim_FSM+Guardrail_P1_M-ELE-002_4b51d4] Student: 灯泡那么小，肯定装不下那么多电，但电池会一直推着电往里走啊。只要电池有劲，电就能一直流，灯泡就该一直亮，怎么会塞住呢？
Deserializing unregistered type router.SessionMemory from checkpoint. This will be blocked in a future version. Add to allowed_msgpack_modules to silence: [('router', 'SessionMemory')]
Deserializing unregistered type router.PerceptionResult from checkpoint. This will be blocked in a future version. Add to allowed_msgpack_modules to silence: [('router', 'PerceptionResult')]
Deserializing unregistered type router.RouteDecision from checkpoint. This will be blocked in a future version. Add to allowed_msgpack_modules to silence: [('router', 'RouteDecision')]
2026-04-14 17:36:55,922 - SessionLogger - INFO - [sim_FSM_P1_M-ELE-002_7c8047] Teacher: 如果电流真的像燃料一样被灯泡“烧”没了，那你觉得在串联电路里，流过第一个灯泡后的电流，是不是应该比流进它之前少很多？
2026-04-14 17:36:56,057 - SessionLogger - INFO - [sim_Baseline_P1_M-ELE-002_74a64d] Student: 电又不是水，它是能量波，传过去就行了。你别老拿水管比喻，那不一样，只要连上一头就能通电。
Deserializing unregistered type router.SessionMemory from checkpoint. This will be blocked in a future version. Add to allowed_msgpack_modules to silence: [('router', 'SessionMemory')]
Deserializing unregistered type router.PerceptionResult from checkpoint. This will be blocked in a future version. Add to allowed_msgpack_modules to silence: [('router', 'PerceptionResult')]
Deserializing unregistered type router.RouteDecision from checkpoint. This will be blocked in a future version. Add to allowed_msgpack_modules to silence: [('router', 'RouteDecision')]
2026-04-14 17:36:56,776 - SessionLogger - INFO - [sim_FSM_P1_M-ELE-002_7c8047] Student: 那肯定啊，电都被第一个灯泡用掉了一部分，剩下的当然就少了。这不是很正常的吗？
Deserializing unregistered type router.SessionMemory from checkpoint. This will be blocked in a future version. Add to allowed_msgpack_modules to silence: [('router', 'SessionMemory')]
Deserializing unregistered type router.PerceptionResult from checkpoint. This will be blocked in a future version. Add to allowed_msgpack_modules to silence: [('router', 'PerceptionResult')]
Deserializing unregistered type router.RouteDecision from checkpoint. This will be blocked in a future version. Add to allowed_msgpack_modules to silence: [('router', 'RouteDecision')]
2026-04-14 17:36:59,168 - SessionLogger - INFO - [sim_Baseline_P2_M-ELE-002_bd4de0] Teacher: 没错，电池就像一个“电荷泵”，它需要把流出去的电荷再“吸”回来，才能维持持续的流动。

如果只有一根线，电荷到了灯泡就“堵车”了，你觉得这时候灯泡里会有持续的电流通过吗？
2026-04-14 17:37:01,252 - SessionLogger - INFO - [sim_Baseline_P2_M-ELE-002_bd4de0] Student: 哦……所以如果电荷堆积在那儿不动，那就不是“电流”了？难怪灯泡不亮，原来是因为没有持续的流动。
Deserializing unregistered type router.SessionMemory from checkpoint. This will be blocked in a future version. Add to allowed_msgpack_modules to silence: [('router', 'SessionMemory')]
Deserializing unregistered type router.PerceptionResult from checkpoint. This will be blocked in a future version. Add to allowed_msgpack_modules to silence: [('router', 'PerceptionResult')]
Deserializing unregistered type router.RouteDecision from checkpoint. This will be blocked in a future version. Add to allowed_msgpack_modules to silence: [('router', 'RouteDecision')]
2026-04-14 17:37:01,860 - SessionLogger - INFO - [sim_Baseline_P1_M-ELE-002_74a64d] Teacher: 如果只连一头，电荷到了灯泡那头没路可走，它们就会在那儿堆积起来。

你觉得这种“堵车”会让后面的电荷继续往前跑，还是会把路彻底堵死？
2026-04-14 17:37:01,861 - SessionLogger - INFO - [sim_Baseline_P1_M-ELE-002_74a64d] Extending max_turns by 3 because cognitive_state is '新概念探索'
2026-04-14 17:37:02,780 - SessionLogger - INFO - [sim_FSM+Guardrail_P1_M-ELE-002_4b51d4] Teacher: 想象一下，如果这是一条单行道，所有的车（电荷）都开进了死胡同却出不来，后面的车还能继续开进去吗？
2026-04-14 17:37:02,874 - SessionLogger - INFO - [sim_FSM+Guardrail_P3_M-ELE-001_549189] Teacher: 没错，电流就像运送能量的“搬运工”。既然搬运工的数量（电流）没变，只是把货物（能量）卸下了，那你觉得在串联电路的不同位置，这些“搬运工”的流动速度会有差别吗？
2026-04-14 17:37:02,874 - SessionLogger - INFO - [sim_FSM+Guardrail_P3_M-ELE-001_549189] Extending max_turns by 3 because cognitive_state is '新概念探索'
2026-04-14 17:37:03,309 - SessionLogger - INFO - [sim_Baseline_P1_M-ELE-002_74a64d] Student: 它们又不会真的堵死，电是有劲儿的，肯定能冲过去。只要正极连着，灯就该亮，别老说那些没用的。
Deserializing unregistered type router.SessionMemory from checkpoint. This will be blocked in a future version. Add to allowed_msgpack_modules to silence: [('router', 'SessionMemory')]
Deserializing unregistered type router.PerceptionResult from checkpoint. This will be blocked in a future version. Add to allowed_msgpack_modules to silence: [('router', 'PerceptionResult')]
Deserializing unregistered type router.RouteDecision from checkpoint. This will be blocked in a future version. Add to allowed_msgpack_modules to silence: [('router', 'RouteDecision')]
2026-04-14 17:37:05,009 - SessionLogger - INFO - [sim_Baseline_P2_M-ELE-002_bd4de0] Teacher: 对，只有电荷持续“跑起来”形成电流，灯泡才会亮。

那你想想，如果这根回路的导线中间断开了，电荷还能继续跑完全程吗？
2026-04-14 17:37:06,031 - SessionLogger - INFO - [sim_Baseline_P2_M-ELE-002_bd4de0] Student: 那肯定跑不过去了呀，路都断了。所以开关断开的时候，其实就是把这条路给切断了，电荷没法形成回路，对吧？
Deserializing unregistered type router.SessionMemory from checkpoint. This will be blocked in a future version. Add to allowed_msgpack_modules to silence: [('router', 'SessionMemory')]
Deserializing unregistered type router.PerceptionResult from checkpoint. This will be blocked in a future version. Add to allowed_msgpack_modules to silence: [('router', 'PerceptionResult')]
Deserializing unregistered type router.RouteDecision from checkpoint. This will be blocked in a future version. Add to allowed_msgpack_modules to silence: [('router', 'RouteDecision')]
2026-04-14 17:37:06,128 - SessionLogger - INFO - [sim_FSM_P1_M-ELE-002_7c8047] Teacher: 如果电流真的被灯泡“吃掉”变少了，那你觉得串联在后面的第二个灯泡，亮度是不是应该明显比第一个暗很多？
2026-04-14 17:37:06,917 - SessionLogger - INFO - [sim_FSM+Guardrail_P3_M-ELE-001_549189] Student: 既然搬运工没少，那他们应该还是得排着队一样快走，不然前面堵住了后面不就停了吗？所以电流大小其实是一样的？
Deserializing unregistered type router.SessionMemory from checkpoint. This will be blocked in a future version. Add to allowed_msgpack_modules to silence: [('router', 'SessionMemory')]
Deserializing unregistered type router.PerceptionResult from checkpoint. This will be blocked in a future version. Add to allowed_msgpack_modules to silence: [('router', 'PerceptionResult')]
Deserializing unregistered type router.RouteDecision from checkpoint. This will be blocked in a future version. Add to allowed_msgpack_modules to silence: [('router', 'RouteDecision')]
2026-04-14 17:37:07,954 - SessionLogger - INFO - [sim_FSM_P1_M-ELE-002_7c8047] Student: 那肯定啊，第一个灯泡把电“吃”掉了一大半，剩下的那点电肯定不够第二个灯泡亮，所以它应该暗很多才对。
Deserializing unregistered type router.SessionMemory from checkpoint. This will be blocked in a future version. Add to allowed_msgpack_modules to silence: [('router', 'SessionMemory')]
Deserializing unregistered type router.PerceptionResult from checkpoint. This will be blocked in a future version. Add to allowed_msgpack_modules to silence: [('router', 'PerceptionResult')]
Deserializing unregistered type router.RouteDecision from checkpoint. This will be blocked in a future version. Add to allowed_msgpack_modules to silence: [('router', 'RouteDecision')]
2026-04-14 17:37:07,969 - SessionLogger - INFO - [sim_FSM+Guardrail_P1_M-ELE-002_4b51d4] Student: 车是车，电是电，这比喻不恰当。电池有电压推着呢，电又不是真的会堵车，它肯定能钻过去的。
Deserializing unregistered type router.SessionMemory from checkpoint. This will be blocked in a future version. Add to allowed_msgpack_modules to silence: [('router', 'SessionMemory')]
Deserializing unregistered type router.PerceptionResult from checkpoint. This will be blocked in a future version. Add to allowed_msgpack_modules to silence: [('router', 'PerceptionResult')]
Deserializing unregistered type router.RouteDecision from checkpoint. This will be blocked in a future version. Add to allowed_msgpack_modules to silence: [('router', 'RouteDecision')]
2026-04-14 17:37:10,037 - SessionLogger - INFO - [sim_Baseline_P2_M-ELE-002_bd4de0] Teacher: 没错，断路就像桥断了，电荷过不去。

那如果我想让灯泡亮起来，除了接通这条路，你觉得还需要保证这条路上没有“短路”或者别的问题吗？
2026-04-14 17:37:11,095 - SessionLogger - INFO - [sim_Baseline_P2_M-ELE-002_bd4de0] Student: 短路？是不是说如果导线直接连回电池，不经过灯泡，电荷就“偷懒”不走灯泡那条路了？那灯泡确实就不会亮了。
Deserializing unregistered type router.SessionMemory from checkpoint. This will be blocked in a future version. Add to allowed_msgpack_modules to silence: [('router', 'SessionMemory')]
Deserializing unregistered type router.PerceptionResult from checkpoint. This will be blocked in a future version. Add to allowed_msgpack_modules to silence: [('router', 'PerceptionResult')]
Deserializing unregistered type router.RouteDecision from checkpoint. This will be blocked in a future version. Add to allowed_msgpack_modules to silence: [('router', 'RouteDecision')]
2026-04-14 17:37:14,518 - SessionLogger - INFO - [sim_Baseline_P2_M-ELE-002_bd4de0] Teacher: 你的直觉很准！电荷确实更喜欢走“阻力小”的路。

既然导线比灯泡更容易通过，你觉得这时候大部分电荷会选择哪条路走呢？
2026-04-14 17:37:15,554 - SessionLogger - INFO - [sim_Baseline_P2_M-ELE-002_bd4de0] Student: 那大部分电荷肯定都走导线那条“高速公路”了，毕竟阻力小嘛。所以灯泡里没多少电荷经过，自然就不亮了？
Deserializing unregistered type router.SessionMemory from checkpoint. This will be blocked in a future version. Add to allowed_msgpack_modules to silence: [('router', 'SessionMemory')]
Deserializing unregistered type router.PerceptionResult from checkpoint. This will be blocked in a future version. Add to allowed_msgpack_modules to silence: [('router', 'PerceptionResult')]
Deserializing unregistered type router.RouteDecision from checkpoint. This will be blocked in a future version. Add to allowed_msgpack_modules to silence: [('router', 'RouteDecision')]
2026-04-14 17:37:18,456 - SessionLogger - INFO - [sim_FSM_P1_M-ELE-002_7c8047] Teacher: 可是，如果你拿两个完全一样的灯泡串联做实验，你会发现它们的亮度其实是一模一样的。

既然现象是“一样亮”，这说明流过第二个灯泡的电流，真的比第一个少吗？
2026-04-14 17:37:19,404 - SessionLogger - INFO - [sim_FSM_P1_M-ELE-002_7c8047] Student: 那……那可能是第二个灯泡比较“省电”或者效率更高吧？反正电肯定是越用越少的，不可能一样多。
Deserializing unregistered type router.SessionMemory from checkpoint. This will be blocked in a future version. Add to allowed_msgpack_modules to silence: [('router', 'SessionMemory')]
Deserializing unregistered type router.PerceptionResult from checkpoint. This will be blocked in a future version. Add to allowed_msgpack_modules to silence: [('router', 'PerceptionResult')]
Deserializing unregistered type router.RouteDecision from checkpoint. This will be blocked in a future version. Add to allowed_msgpack_modules to silence: [('router', 'RouteDecision')]
2026-04-14 17:37:19,863 - SessionLogger - INFO - [sim_FSM+Guardrail_P1_M-ELE-002_4b51d4] Teacher: 既然你觉得电不会“堵车”，那如果灯泡只接了正极，负极悬空，你能指出电流具体是从灯泡的哪个位置“钻”出去，回到电池负极的吗？
2026-04-14 17:37:20,692 - SessionLogger - INFO - [sim_Baseline_P2_M-ELE-002_bd4de0] Teacher: 没错，灯泡被“架空”了。

既然电流几乎全走了导线，你觉得这时候电池和导线会发生什么变化？（提示：想想能量去哪了）
2026-04-14 17:37:20,692 - SessionLogger - INFO - [sim_Baseline_P2_M-ELE-002_bd4de0] Extending max_turns by 3 because cognitive_state is '新概念探索'
2026-04-14 17:37:21,069 - SessionLogger - INFO - [sim_FSM+Guardrail_P1_M-ELE-002_4b51d4] Student: 它不需要钻出去回到负极啊，只要从正极流进灯泡，把灯丝烧热发光就行了。电流的任务是点亮灯泡，又不是非要跑个来回。
Deserializing unregistered type router.SessionMemory from checkpoint. This will be blocked in a future version. Add to allowed_msgpack_modules to silence: [('router', 'SessionMemory')]
Deserializing unregistered type router.PerceptionResult from checkpoint. This will be blocked in a future version. Add to allowed_msgpack_modules to silence: [('router', 'PerceptionResult')]
Deserializing unregistered type router.RouteDecision from checkpoint. This will be blocked in a future version. Add to allowed_msgpack_modules to silence: [('router', 'RouteDecision')]
2026-04-14 17:37:23,774 - SessionLogger - INFO - [sim_Baseline_P2_M-ELE-002_bd4de0] Student: 能量全在导线上消耗了？那导线会不会变得特别烫，甚至把电池烧坏呀？
Deserializing unregistered type router.SessionMemory from checkpoint. This will be blocked in a future version. Add to allowed_msgpack_modules to silence: [('router', 'SessionMemory')]
Deserializing unregistered type router.PerceptionResult from checkpoint. This will be blocked in a future version. Add to allowed_msgpack_modules to silence: [('router', 'PerceptionResult')]
Deserializing unregistered type router.RouteDecision from checkpoint. This will be blocked in a future version. Add to allowed_msgpack_modules to silence: [('router', 'RouteDecision')]
2026-04-14 17:37:29,393 - SessionLogger - INFO - [sim_FSM+Guardrail_P1_M-ELE-002_4b51d4] Teacher: 如果电流只进不出，就像往一个没有下水口的水池里拼命注水，你觉得水池里的水位（电荷堆积）会发生什么变化，还能让新水流进来吗？
2026-04-14 17:37:29,919 - SessionLogger - INFO - [sim_Baseline_P3_M-ELE-001_34a7f8] Teacher: 没错，并联时它们两端的电压确实相等。

那既然“过路费”（电压）一样，根据 $P=U^2/R$，你觉得这时候是电阻大的灯泡更亮，还是电阻小的更亮呢？
2026-04-14 17:37:33,091 - SessionLogger - INFO - [sim_FSM+Guardrail_P1_M-ELE-002_4b51d4] Student: 电又不是水，它没有体积，不会像水那样把池子填满。电池一直在推，电就能一直往里挤，根本不存在什么“水位”涨满的问题。
Deserializing unregistered type router.SessionMemory from checkpoint. This will be blocked in a future version. Add to allowed_msgpack_modules to silence: [('router', 'SessionMemory')]
Deserializing unregistered type router.PerceptionResult from checkpoint. This will be blocked in a future version. Add to allowed_msgpack_modules to silence: [('router', 'PerceptionResult')]
Deserializing unregistered type router.RouteDecision from checkpoint. This will be blocked in a future version. Add to allowed_msgpack_modules to silence: [('router', 'RouteDecision')]
2026-04-14 17:37:33,342 - SessionLogger - INFO - [sim_Baseline_P3_M-ELE-001_34a7f8] Student: 那……应该是电阻小的更亮？因为分母越小，算出来的功率P就越大嘛。
Deserializing unregistered type router.SessionMemory from checkpoint. This will be blocked in a future version. Add to allowed_msgpack_modules to silence: [('router', 'SessionMemory')]
Deserializing unregistered type router.PerceptionResult from checkpoint. This will be blocked in a future version. Add to allowed_msgpack_modules to silence: [('router', 'PerceptionResult')]
Deserializing unregistered type router.RouteDecision from checkpoint. This will be blocked in a future version. Add to allowed_msgpack_modules to silence: [('router', 'RouteDecision')]
2026-04-14 17:37:37,594 - SessionLogger - INFO - [sim_FSM_P1_M-ELE-002_7c8047] Teacher: 如果我们把这两个灯泡的位置对调一下，按照你的想法，原来在后面的那个灯泡现在跑到了前面，它是不是应该突然变亮了？
2026-04-14 17:37:39,140 - SessionLogger - INFO - [sim_FSM_P1_M-ELE-002_7c8047] Student: 呃……那可能是灯泡本身的质量不一样吧？反正电从电池出来肯定是越来越多的被消耗掉，不可能后面还跟前面一样亮。
Deserializing unregistered type router.SessionMemory from checkpoint. This will be blocked in a future version. Add to allowed_msgpack_modules to silence: [('router', 'SessionMemory')]
Deserializing unregistered type router.PerceptionResult from checkpoint. This will be blocked in a future version. Add to allowed_msgpack_modules to silence: [('router', 'PerceptionResult')]
Deserializing unregistered type router.RouteDecision from checkpoint. This will be blocked in a future version. Add to allowed_msgpack_modules to silence: [('router', 'RouteDecision')]
2026-04-14 17:37:39,782 - SessionLogger - INFO - [sim_Baseline_P3_M-ELE-001_34a7f8] Teacher: 完全正确！你看，同样的两个灯泡，串联时电阻大的亮，并联时却是电阻小的亮。

这说明我们在判断亮度时，能不能只看电阻大小，而不看具体的连接方式呢？
2026-04-14 17:37:41,553 - SessionLogger - INFO - [sim_Baseline_P3_M-ELE-001_34a7f8] Student: 不能吧……感觉好乱啊。那电流到底是怎么“流”的？为什么换个接法，电阻大的反而不亮了？
2026-04-14 17:37:41,553 - SessionLogger - INFO - [sim_Baseline_P3_M-ELE-001_34a7f8] Session finished. Resolved: False
2026-04-14 17:37:41,553 - SessionLogger - INFO - [sim_FSM_P2_M-ELE-002_08f836] Starting session
2026-04-14 17:37:41,553 - SessionLogger - INFO - Initialized Session sim_FSM_P2_M-ELE-002_08f836 on Unknown for Unknown with version FSM+Guardrail
2026-04-14 17:37:42,472 - SessionLogger - INFO - [sim_FSM_P2_M-ELE-002_08f836] Student Opening: 老师，我把电池正极连到灯泡上，灯泡为什么不亮？电流不是从正极出来流进灯泡就行了吗？
2026-04-14 17:37:47,822 - SessionLogger - INFO - [sim_Baseline_P1_M-ELE-002_74a64d] Teacher: 如果电荷真的能“冲”过去却回不来，那灯泡另一头岂不是会瞬间堆满电荷？

你觉得这种越堆越多的电荷，是会帮后面的电荷加速，还是会把它们死死挡住？
2026-04-14 17:37:48,236 - SessionLogger - WARNING - LLM Judge blocked response. Reason: 助教直接提供了反驳学生错误概念的关键证据（串联电路电流处处相等），并明确给出了正确的物理机制解释（电荷没有消失，消耗的是电能）。虽然最后留了一个填空题，但前面的陈述已经完整揭示了本题的核心物理结论和逻辑推导结果，属于直接告诉学生最终的科学结论，违反了违规定义1。
2026-04-14 17:37:48,241 - SessionLogger - INFO - [sim_FSM_P1_M-ELE-002_7c8047] Teacher: 这个直觉很自然，但让我们看一个铁证：在串联电路的不同位置接入电流表，读数是完全一样的。

这说明电荷并没有在灯泡里“消失”或“堆积”，它们只是在循环流动。灯泡真正消耗的是______（填“电流”或“电能”），并将其转化为了光和热。
2026-04-14 17:37:48,394 - SessionLogger - INFO - [sim_FSM+Guardrail_P1_M-ELE-002_4b51d4] Teacher: - 陈述事实/原理（80%）：在物理实验中，我们观察到只有当导线将电池的正极、灯泡、再回到负极连成一个完整的圈时，电荷才能在这个圈里持续定向移动形成电流。如果只接一端，电荷到了尽头就停滞了，无法形成持续的流动。
- 提问（20%）：所以，要让灯泡持续发光，这个电荷流动的路径必须是______（填“断开”或“闭合”）的？
</think>

其实，电荷要在电路中持续流动，必须有一条能让它们从正极出发、经过用电器、最后回到负极的完整路径。如果路断了，电荷就会堆积在断点处，无法继续定向移动，也就形成了不了电流。

所以，为了让电流持续通过灯丝，整个电路必须是______（填“断开”或“闭合”）的？
2026-04-14 17:37:51,089 - SessionLogger - INFO - [sim_Baseline_P1_M-ELE-002_74a64d] Student: 电池劲儿大着呢，肯定能推着走。你别老假设会堵住，实际上只要连上一头灯就会亮。
Deserializing unregistered type router.SessionMemory from checkpoint. This will be blocked in a future version. Add to allowed_msgpack_modules to silence: [('router', 'SessionMemory')]
Deserializing unregistered type router.PerceptionResult from checkpoint. This will be blocked in a future version. Add to allowed_msgpack_modules to silence: [('router', 'PerceptionResult')]
Deserializing unregistered type router.RouteDecision from checkpoint. This will be blocked in a future version. Add to allowed_msgpack_modules to silence: [('router', 'RouteDecision')]
2026-04-14 17:37:51,609 - SessionLogger - INFO - [sim_FSM_P1_M-ELE-002_7c8047] Student: 读数一样？那肯定是电流表坏了或者接错了位置吧。反正我觉得电就是被灯泡“吃掉”了，怎么可能还留着流到下一个去。
Deserializing unregistered type router.SessionMemory from checkpoint. This will be blocked in a future version. Add to allowed_msgpack_modules to silence: [('router', 'SessionMemory')]
Deserializing unregistered type router.PerceptionResult from checkpoint. This will be blocked in a future version. Add to allowed_msgpack_modules to silence: [('router', 'PerceptionResult')]
Deserializing unregistered type router.RouteDecision from checkpoint. This will be blocked in a future version. Add to allowed_msgpack_modules to silence: [('router', 'RouteDecision')]
2026-04-14 17:37:51,643 - SessionLogger - INFO - [sim_FSM+Guardrail_P1_M-ELE-002_4b51d4] Student: 我还是觉得只要接了正极，电就能过去。你一直说“闭合”，可我看电池明明只有一端在供电啊，另一端根本没干活。
Deserializing unregistered type router.SessionMemory from checkpoint. This will be blocked in a future version. Add to allowed_msgpack_modules to silence: [('router', 'SessionMemory')]
Deserializing unregistered type router.PerceptionResult from checkpoint. This will be blocked in a future version. Add to allowed_msgpack_modules to silence: [('router', 'PerceptionResult')]
Deserializing unregistered type router.RouteDecision from checkpoint. This will be blocked in a future version. Add to allowed_msgpack_modules to silence: [('router', 'RouteDecision')]
2026-04-14 17:38:00,718 - SessionLogger - INFO - [sim_FSM+Guardrail_P3_M-ELE-001_549189] Teacher: 你的直觉很敏锐！如果前面的“搬运工”走得慢，后面的就会挤在一起，但这在稳定的电路里并不会发生。

那么，既然电流处处相等，为什么我们之前会觉得“前面的灯泡把电吃掉了，导致后面的变暗”这种想法是错的呢？
2026-04-14 17:38:00,718 - SessionLogger - INFO - [sim_FSM+Guardrail_P3_M-ELE-001_549189] Session finished. Resolved: True
2026-04-14 17:38:00,718 - SessionLogger - INFO - [sim_FSM+Guardrail_P2_M-ELE-002_6b440d] Starting session
2026-04-14 17:38:00,719 - SessionLogger - INFO - Initialized Session sim_FSM+Guardrail_P2_M-ELE-002_6b440d on Unknown for Unknown with version FSM+Guardrail
2026-04-14 17:38:02,010 - SessionLogger - INFO - [sim_FSM+Guardrail_P2_M-ELE-002_6b440d] Student Opening: 老师，为什么灯泡只接电池正极就不亮？电不是从正极出来流进灯泡就能发光吗？
2026-04-14 17:38:04,127 - SessionLogger - INFO - [sim_FSM_P2_M-ELE-002_08f836] Teacher: 这个想法很直观，就像我们觉得只要水龙头打开，水就会喷出来一样。但试想一下，如果我们将水管的一头接在水龙头上，另一头直接对着空气喷水，水确实能喷出来，可如果我们想让水推动一个水车持续转动，水是应该喷完就消失，还是需要流回某个地方形成循环呢？
2026-04-14 17:38:04,252 - SessionLogger - INFO - [sim_Baseline_P1_M-ELE-002_74a64d] Teacher: 你想啊，如果灯泡右边堆满了电荷，它们和电池正极的电荷是同种还是异种？

同种电荷之间可是会互相排斥的，这股排斥力会不会抵消掉电池的推力？
2026-04-14 17:38:04,719 - SessionLogger - INFO - [sim_Baseline_P2_M-ELE-002_bd4de0] Teacher: 你说得对，这确实非常危险！

既然电流这么大，产生的热量这么多，你觉得我们在设计电路时，可以加个什么“保险装置”来防止这种情况发生呢？
2026-04-14 17:38:07,298 - SessionLogger - INFO - [sim_FSM_P2_M-ELE-002_08f836] Student: 可是电流和水不一样吧？电只要从电池里“射”出来进到灯泡里，能量被消耗掉发光不就行了吗？
Deserializing unregistered type router.SessionMemory from checkpoint. This will be blocked in a future version. Add to allowed_msgpack_modules to silence: [('router', 'SessionMemory')]
Deserializing unregistered type router.PerceptionResult from checkpoint. This will be blocked in a future version. Add to allowed_msgpack_modules to silence: [('router', 'PerceptionResult')]
Deserializing unregistered type router.RouteDecision from checkpoint. This will be blocked in a future version. Add to allowed_msgpack_modules to silence: [('router', 'RouteDecision')]
2026-04-14 17:38:07,310 - SessionLogger - WARNING - LLM Judge blocked response. Reason: 助教在回复中直接陈述了正确的物理结论（'电流产生的核心条件是...形成一个完整的、无断点的环路'，'如果只接一端...移动就会立刻停止'），这直接否定了学生的错误概念并给出了标准答案的核心逻辑。根据违规定义第1条，助教直接告诉了学生本题最终的物理结论，属于违规泄漏。虽然最后有一个填空题，但关键的解释和结论已经在前文中完全给出。
2026-04-14 17:38:07,606 - SessionLogger - INFO - [sim_Baseline_P1_M-ELE-002_74a64d] Student: 那又怎样？电池电压那么高，这点排斥力根本不算什么。反正我试的时候连上一头灯就亮了，你别老用理论吓唬我。
Deserializing unregistered type router.SessionMemory from checkpoint. This will be blocked in a future version. Add to allowed_msgpack_modules to silence: [('router', 'SessionMemory')]
Deserializing unregistered type router.PerceptionResult from checkpoint. This will be blocked in a future version. Add to allowed_msgpack_modules to silence: [('router', 'PerceptionResult')]
Deserializing unregistered type router.RouteDecision from checkpoint. This will be blocked in a future version. Add to allowed_msgpack_modules to silence: [('router', 'RouteDecision')]
2026-04-14 17:38:07,985 - SessionLogger - INFO - [sim_Baseline_P2_M-ELE-002_bd4de0] Student: 是不是加个开关？平时断开，用的时候再闭合？不过……如果我不小心把导线直接连在电池两头，就算有开关，只要开关闭合了，不还是短路吗？
Deserializing unregistered type router.SessionMemory from checkpoint. This will be blocked in a future version. Add to allowed_msgpack_modules to silence: [('router', 'SessionMemory')]
Deserializing unregistered type router.PerceptionResult from checkpoint. This will be blocked in a future version. Add to allowed_msgpack_modules to silence: [('router', 'PerceptionResult')]
Deserializing unregistered type router.RouteDecision from checkpoint. This will be blocked in a future version. Add to allowed_msgpack_modules to silence: [('router', 'RouteDecision')]
2026-04-14 17:38:11,851 - SessionLogger - INFO - [sim_Baseline_P1_M-ELE-002_74a64d] Teacher: 既然你这么确定，那咱们做个小实验验证一下：只连一根线时，你用万用表测过灯泡两端有持续的电流吗？

如果灯真亮了，说明电荷在持续流动，那这些流过去的电荷最后都去哪儿了？
2026-04-14 17:38:13,389 - SessionLogger - INFO - [sim_Baseline_P1_M-ELE-002_74a64d] Student: 我没拿万用表测过，但我肉眼看见它闪了一下就是亮了。电荷流过去就被灯泡“吃”掉发光了，干嘛非得回来？
Deserializing unregistered type router.SessionMemory from checkpoint. This will be blocked in a future version. Add to allowed_msgpack_modules to silence: [('router', 'SessionMemory')]
Deserializing unregistered type router.PerceptionResult from checkpoint. This will be blocked in a future version. Add to allowed_msgpack_modules to silence: [('router', 'PerceptionResult')]
Deserializing unregistered type router.RouteDecision from checkpoint. This will be blocked in a future version. Add to allowed_msgpack_modules to silence: [('router', 'RouteDecision')]
2026-04-14 17:38:15,348 - SessionLogger - INFO - [sim_Baseline_P2_M-ELE-002_bd4de0] Teacher: 开关只是控制通断，确实防不住短路。

既然问题出在“电流太大”，你觉得能不能在电路里串联一个什么东西，专门用来限制电流的大小呢？
2026-04-14 17:38:15,407 - SessionLogger - INFO - [sim_FSM_P2_M-ELE-002_08f836] Teacher: 如果电流真的像子弹一样“射”进去就消失了，那电池里储存的电荷岂不是瞬间就会因为只出不进而被彻底抽干？
2026-04-14 17:38:16,014 - SessionLogger - INFO - [sim_FSM+Guardrail_P2_M-ELE-002_6b440d] Teacher: 这个想法很直观，但咱们顺着你的思路想一下：如果电流像子弹一样从正极射出来，穿过灯泡后就“消失”在空气里了，那电池里的电岂不是几秒钟就彻底漏光了？
2026-04-14 17:38:16,412 - SessionLogger - INFO - [sim_Baseline_P2_M-ELE-002_bd4de0] Student: 加个电阻器？可是老师，如果只是为了让灯泡亮，我直接把灯泡串进去不就行了吗？为什么还要专门加个别的东西来限流呀？
Deserializing unregistered type router.SessionMemory from checkpoint. This will be blocked in a future version. Add to allowed_msgpack_modules to silence: [('router', 'SessionMemory')]
Deserializing unregistered type router.PerceptionResult from checkpoint. This will be blocked in a future version. Add to allowed_msgpack_modules to silence: [('router', 'PerceptionResult')]
Deserializing unregistered type router.RouteDecision from checkpoint. This will be blocked in a future version. Add to allowed_msgpack_modules to silence: [('router', 'RouteDecision')]
2026-04-14 17:38:18,946 - SessionLogger - INFO - [sim_FSM_P2_M-ELE-002_08f836] Student: 呃……好像有点道理，电池里的电确实不能一下子全跑光。那您的意思是，电流必须得有个“回路”流回去，才能一直连着用吗？
Deserializing unregistered type router.SessionMemory from checkpoint. This will be blocked in a future version. Add to allowed_msgpack_modules to silence: [('router', 'SessionMemory')]
Deserializing unregistered type router.PerceptionResult from checkpoint. This will be blocked in a future version. Add to allowed_msgpack_modules to silence: [('router', 'PerceptionResult')]
Deserializing unregistered type router.RouteDecision from checkpoint. This will be blocked in a future version. Add to allowed_msgpack_modules to silence: [('router', 'RouteDecision')]
2026-04-14 17:38:19,127 - SessionLogger - INFO - [sim_FSM+Guardrail_P2_M-ELE-002_6b440d] Student: 好像有点道理……那电是不是流进灯泡里被“用掉”变成光了，所以不需要流回去？
Deserializing unregistered type router.SessionMemory from checkpoint. This will be blocked in a future version. Add to allowed_msgpack_modules to silence: [('router', 'SessionMemory')]
Deserializing unregistered type router.PerceptionResult from checkpoint. This will be blocked in a future version. Add to allowed_msgpack_modules to silence: [('router', 'PerceptionResult')]
Deserializing unregistered type router.RouteDecision from checkpoint. This will be blocked in a future version. Add to allowed_msgpack_modules to silence: [('router', 'RouteDecision')]
2026-04-14 17:38:19,591 - SessionLogger - INFO - [sim_Baseline_P2_M-ELE-002_bd4de0] Teacher: 你说得对，灯泡本身就是个电阻，正常串联确实不需要额外限流。

但刚才讨论的是“短路”这种故障情况，如果不小心发生了短路，这时候电路里还有灯泡在限制电流吗？
2026-04-14 17:38:20,796 - SessionLogger - INFO - [sim_Baseline_P2_M-ELE-002_bd4de0] Student: 短路的话……电流是不是就直接走导线，不经过灯泡了？那这时候灯泡就不亮了，但电池还是会坏掉对吧？
Deserializing unregistered type router.SessionMemory from checkpoint. This will be blocked in a future version. Add to allowed_msgpack_modules to silence: [('router', 'SessionMemory')]
Deserializing unregistered type router.PerceptionResult from checkpoint. This will be blocked in a future version. Add to allowed_msgpack_modules to silence: [('router', 'PerceptionResult')]
Deserializing unregistered type router.RouteDecision from checkpoint. This will be blocked in a future version. Add to allowed_msgpack_modules to silence: [('router', 'RouteDecision')]
2026-04-14 17:38:24,430 - SessionLogger - INFO - [sim_Baseline_P2_M-ELE-002_bd4de0] Teacher: 没错，电流“抄近道”绕过了灯泡，电池确实会受不了。

既然短路时电流不经过用电器，你觉得这个用来“保命”的保险装置，应该装在哪里才能切断这股巨大的电流呢？
2026-04-14 17:38:25,264 - SessionLogger - INFO - [sim_Baseline_P2_M-ELE-002_bd4de0] Student: 那应该装在电池旁边吧？只要把从电池出来的路切断，电流不就过不去了吗？
Deserializing unregistered type router.SessionMemory from checkpoint. This will be blocked in a future version. Add to allowed_msgpack_modules to silence: [('router', 'SessionMemory')]
Deserializing unregistered type router.PerceptionResult from checkpoint. This will be blocked in a future version. Add to allowed_msgpack_modules to silence: [('router', 'PerceptionResult')]
Deserializing unregistered type router.RouteDecision from checkpoint. This will be blocked in a future version. Add to allowed_msgpack_modules to silence: [('router', 'RouteDecision')]
2026-04-14 17:38:26,417 - SessionLogger - INFO - [sim_Baseline_P1_M-ELE-002_74a64d] Teacher: 那一瞬间的“闪”，其实是导线和灯丝里原本就存在的电荷在动。

如果电荷真的被灯泡“吃”掉消失了，电池里的电荷是有限的，你觉得它能让你家的灯亮多久？
2026-04-14 17:38:26,737 - SessionLogger - INFO - [sim_FSM_P2_M-ELE-002_08f836] Teacher: 没错，电流需要一条完整的“往返”路径。那你看看现在的连接，电流从正极进了灯泡后，有没有路能让它流回电池的负极呢？
2026-04-14 17:38:28,228 - SessionLogger - INFO - [sim_Baseline_P1_M-ELE-002_74a64d] Student: 电池里的电多着呢，怎么可能一下就没了。反正只要连着正极，它就能一直往外送电让灯亮着。
Deserializing unregistered type router.SessionMemory from checkpoint. This will be blocked in a future version. Add to allowed_msgpack_modules to silence: [('router', 'SessionMemory')]
Deserializing unregistered type router.PerceptionResult from checkpoint. This will be blocked in a future version. Add to allowed_msgpack_modules to silence: [('router', 'PerceptionResult')]
Deserializing unregistered type router.RouteDecision from checkpoint. This will be blocked in a future version. Add to allowed_msgpack_modules to silence: [('router', 'RouteDecision')]
2026-04-14 17:38:29,687 - SessionLogger - INFO - [sim_Baseline_P2_M-ELE-002_bd4de0] Teacher: 确实，装在干路上能切断总电流。

但你想过没，如果这个装置只是简单地把路“堵死”，它自己会不会因为承受不住巨大的电流而先烧坏甚至起火呢？
2026-04-14 17:38:29,876 - SessionLogger - INFO - [sim_FSM_P2_M-ELE-002_08f836] Student: 我看了一下，灯泡另一端确实悬空着，没连回负极……所以是因为路断了，电流“有去无回”，所以才不亮的吗？
Deserializing unregistered type router.SessionMemory from checkpoint. This will be blocked in a future version. Add to allowed_msgpack_modules to silence: [('router', 'SessionMemory')]
Deserializing unregistered type router.PerceptionResult from checkpoint. This will be blocked in a future version. Add to allowed_msgpack_modules to silence: [('router', 'PerceptionResult')]
Deserializing unregistered type router.RouteDecision from checkpoint. This will be blocked in a future version. Add to allowed_msgpack_modules to silence: [('router', 'RouteDecision')]
2026-04-14 17:38:30,748 - SessionLogger - INFO - [sim_Baseline_P2_M-ELE-002_bd4de0] Student: 啊？那它自己不就变成那个“短路”的导线了吗？如果它也烧坏了，那岂不是更危险，根本起不到保护作用呀？
Deserializing unregistered type router.SessionMemory from checkpoint. This will be blocked in a future version. Add to allowed_msgpack_modules to silence: [('router', 'SessionMemory')]
Deserializing unregistered type router.PerceptionResult from checkpoint. This will be blocked in a future version. Add to allowed_msgpack_modules to silence: [('router', 'PerceptionResult')]
Deserializing unregistered type router.RouteDecision from checkpoint. This will be blocked in a future version. Add to allowed_msgpack_modules to silence: [('router', 'RouteDecision')]
2026-04-14 17:38:31,733 - SessionLogger - INFO - [sim_Baseline_P1_M-ELE-002_74a64d] Teacher: 如果电荷只出不进，电池正极附近的电荷岂不是很快就“送”光了？

那时候没有电荷可推，灯还能继续亮吗？
2026-04-14 17:38:32,233 - SessionLogger - INFO - [sim_FSM+Guardrail_P2_M-ELE-002_6b440d] Teacher: 这个直觉很常见，但咱们区分一下：灯泡消耗的是“能量”，而不是把“电流”本身给吃掉了。

想象一下封闭的水管循环系统，水流推动水轮机转动（消耗能量）后，水并没有消失，而是继续流回水泵。如果电流真的在灯泡里被“用没”了，你觉得串联电路中第二个灯泡还会有电流流过吗？
2026-04-14 17:38:32,969 - SessionLogger - INFO - [sim_Baseline_P1_M-ELE-002_74a64d] Student: 电池里面肯定还有电啊，它又不是只存了一点点。只要电池没坏，它就能一直推着电荷往前走，灯就会一直亮。
Deserializing unregistered type router.SessionMemory from checkpoint. This will be blocked in a future version. Add to allowed_msgpack_modules to silence: [('router', 'SessionMemory')]
Deserializing unregistered type router.PerceptionResult from checkpoint. This will be blocked in a future version. Add to allowed_msgpack_modules to silence: [('router', 'PerceptionResult')]
Deserializing unregistered type router.RouteDecision from checkpoint. This will be blocked in a future version. Add to allowed_msgpack_modules to silence: [('router', 'RouteDecision')]
2026-04-14 17:38:33,239 - SessionLogger - INFO - [sim_FSM+Guardrail_P2_M-ELE-002_6b440d] Student: 诶？如果是被“用没”了，那后面的灯泡确实就没电了……但我看实验里它们明明都亮着啊。
Deserializing unregistered type router.SessionMemory from checkpoint. This will be blocked in a future version. Add to allowed_msgpack_modules to silence: [('router', 'SessionMemory')]
Deserializing unregistered type router.PerceptionResult from checkpoint. This will be blocked in a future version. Add to allowed_msgpack_modules to silence: [('router', 'PerceptionResult')]
Deserializing unregistered type router.RouteDecision from checkpoint. This will be blocked in a future version. Add to allowed_msgpack_modules to silence: [('router', 'RouteDecision')]
2026-04-14 17:38:38,549 - SessionLogger - WARNING - LLM Judge blocked response. Reason: 助教直接陈述了最终的物理结论（路断了导致电流无法持续流动，灯泡不发光），完全代替学生完成了从“单极/断路”到“无电流/不发光”的关键逻辑推导过程。这违反了违规定义第2条：助教完全代替学生完成了本该由学生自己思考的关键逻辑推导过程。虽然开头有“你说得很对”，但后续内容并非对学生已有正确推导的简单肯定，而是直接给出了完整的因果解释和最终结果，属于泄漏答案。
2026-04-14 17:38:38,554 - SessionLogger - INFO - [sim_FSM_P2_M-ELE-002_08f836] Teacher: 你说得很对。既然路断了，电流没法形成持续的流动，那灯泡自然也就无法发光了。
2026-04-14 17:38:39,998 - SessionLogger - INFO - [sim_FSM+Guardrail_P1_M-ELE-002_4b51d4] Teacher: 这是一个非常经典的误解。其实电池的正极和负极必须同时工作：正极负责“推”出电荷，而负极负责“拉”回电荷，两者配合才能让电荷在电路中持续跑起来。

如果只接正极，电荷到了灯泡尽头没地方去，流动就会立刻停止。所以，只有当电路形成一个______（填“单端连接”或“闭合回路”）时，灯泡才会亮？
2026-04-14 17:38:43,200 - SessionLogger - INFO - [sim_FSM_P2_M-ELE-002_08f836] Student: 原来是这样，必须得连成一个圈电流才能转起来啊。那我赶紧把另一根线也接上试试，看看是不是马上就能亮了！
Deserializing unregistered type router.SessionMemory from checkpoint. This will be blocked in a future version. Add to allowed_msgpack_modules to silence: [('router', 'SessionMemory')]
Deserializing unregistered type router.PerceptionResult from checkpoint. This will be blocked in a future version. Add to allowed_msgpack_modules to silence: [('router', 'PerceptionResult')]
Deserializing unregistered type router.RouteDecision from checkpoint. This will be blocked in a future version. Add to allowed_msgpack_modules to silence: [('router', 'RouteDecision')]
2026-04-14 17:38:44,020 - SessionLogger - INFO - [sim_FSM+Guardrail_P1_M-ELE-002_4b51d4] Student: 我不信负极有拉力，电池明明是从正极把电“射”出来的。只要正极连着，电就应该能流过去让灯泡亮，跟负极有什么关系？
Deserializing unregistered type router.SessionMemory from checkpoint. This will be blocked in a future version. Add to allowed_msgpack_modules to silence: [('router', 'SessionMemory')]
Deserializing unregistered type router.PerceptionResult from checkpoint. This will be blocked in a future version. Add to allowed_msgpack_modules to silence: [('router', 'PerceptionResult')]
Deserializing unregistered type router.RouteDecision from checkpoint. This will be blocked in a future version. Add to allowed_msgpack_modules to silence: [('router', 'RouteDecision')]
2026-04-14 17:38:45,648 - SessionLogger - INFO - [sim_FSM+Guardrail_P2_M-ELE-002_6b440d] Teacher: 没错，既然后面的灯泡也亮了，说明电荷并没有在半路“消失”。那你能推测一下，这些流过第一个灯泡的电荷，最终去了哪里，才能让电路持续工作吗？
2026-04-14 17:38:47,200 - SessionLogger - INFO - [sim_FSM+Guardrail_P2_M-ELE-002_6b440d] Student: 难道……它们得流回电池的负极？可是老师，只要正极有电送出来不就行了吗，为什么非得绕一圈回去呢？
Deserializing unregistered type router.SessionMemory from checkpoint. This will be blocked in a future version. Add to allowed_msgpack_modules to silence: [('router', 'SessionMemory')]
Deserializing unregistered type router.PerceptionResult from checkpoint. This will be blocked in a future version. Add to allowed_msgpack_modules to silence: [('router', 'PerceptionResult')]
Deserializing unregistered type router.RouteDecision from checkpoint. This will be blocked in a future version. Add to allowed_msgpack_modules to silence: [('router', 'RouteDecision')]
2026-04-14 17:38:53,507 - SessionLogger - INFO - [sim_FSM_P1_M-ELE-002_7c8047] Teacher: 这个想法很直观，但想象一下封闭的环形水管：如果前面的水轮机“吃掉”了一半的水，后面的水轮机早就因为缺水停转了，而且水管里会出现真空。

实际上，灯泡消耗的是**电能**（把它变成光和热），而推动能量流动的**电流**（电荷）并没有减少，它只是把能量“卸货”后继续流回电池。

所以，流过第一个灯泡的电流，和流过第二个灯泡的电流是______（填“相等”或“不相等”）的？
2026-04-14 17:38:53,735 - SessionLogger - INFO - [sim_FSM_P2_M-ELE-002_08f836] Teacher: 动手试试看！如果接上后灯泡亮了，这是否验证了你刚才关于“闭合回路”的猜想？
2026-04-14 17:38:53,752 - SessionLogger - INFO - [sim_FSM+Guardrail_P1_M-ELE-002_4b51d4] Teacher: 这个问题确实非常反直觉，很多初学者都会在这里卡住，你现在的困惑是非常正常的。

既然这个“回路”的概念现在让你感到很纠结，我们不妨先把它放一放，别让它影响了你学习物理的心情。我们要不先休息一下，或者换个轻松点的话题聊聊？
2026-04-14 17:38:55,267 - SessionLogger - INFO - [sim_FSM+Guardrail_P2_M-ELE-002_6b440d] Teacher: 想象一下，如果电池是个水泵，它能把水不断推向高处，但如果流下去的水不回到泵的入口，泵里很快就没水可抽了。你觉得在电路里，如果不让电荷回到负极，电池还能持续不断地把新电荷“推”出来吗？
2026-04-14 17:38:56,743 - SessionLogger - INFO - [sim_FSM_P1_M-ELE-002_7c8047] Student: 水管那个比喻太牵强了，电又不是水，哪有那么多讲究。我还是觉得电流肯定变小了，不然灯泡凭什么发光？
Deserializing unregistered type router.SessionMemory from checkpoint. This will be blocked in a future version. Add to allowed_msgpack_modules to silence: [('router', 'SessionMemory')]
Deserializing unregistered type router.PerceptionResult from checkpoint. This will be blocked in a future version. Add to allowed_msgpack_modules to silence: [('router', 'PerceptionResult')]
Deserializing unregistered type router.RouteDecision from checkpoint. This will be blocked in a future version. Add to allowed_msgpack_modules to silence: [('router', 'RouteDecision')]
2026-04-14 17:38:56,843 - SessionLogger - INFO - [sim_FSM+Guardrail_P1_M-ELE-002_4b51d4] Student: 我不休息，我觉得我是对的。你刚才说的“拉回”根本解释不通，电池明明是往外送电的，凭什么要回去？
Deserializing unregistered type router.SessionMemory from checkpoint. This will be blocked in a future version. Add to allowed_msgpack_modules to silence: [('router', 'SessionMemory')]
Deserializing unregistered type router.PerceptionResult from checkpoint. This will be blocked in a future version. Add to allowed_msgpack_modules to silence: [('router', 'PerceptionResult')]
Deserializing unregistered type router.RouteDecision from checkpoint. This will be blocked in a future version. Add to allowed_msgpack_modules to silence: [('router', 'RouteDecision')]
2026-04-14 17:38:57,935 - SessionLogger - INFO - [sim_FSM_P2_M-ELE-002_08f836] Student: 哇，真的亮了！看来刚才那个“往返”的说法是对的，只要有一头没接好，电就流不动。
Deserializing unregistered type router.SessionMemory from checkpoint. This will be blocked in a future version. Add to allowed_msgpack_modules to silence: [('router', 'SessionMemory')]
Deserializing unregistered type router.PerceptionResult from checkpoint. This will be blocked in a future version. Add to allowed_msgpack_modules to silence: [('router', 'PerceptionResult')]
Deserializing unregistered type router.RouteDecision from checkpoint. This will be blocked in a future version. Add to allowed_msgpack_modules to silence: [('router', 'RouteDecision')]
2026-04-14 17:38:58,577 - SessionLogger - INFO - [sim_FSM+Guardrail_P2_M-ELE-002_6b440d] Student: 啊……如果回不去，电池那边是不是就“堵”住了，没法再送出新的电荷？所以我之前只接一头，其实电根本流不动？
Deserializing unregistered type router.SessionMemory from checkpoint. This will be blocked in a future version. Add to allowed_msgpack_modules to silence: [('router', 'SessionMemory')]
Deserializing unregistered type router.PerceptionResult from checkpoint. This will be blocked in a future version. Add to allowed_msgpack_modules to silence: [('router', 'PerceptionResult')]
Deserializing unregistered type router.RouteDecision from checkpoint. This will be blocked in a future version. Add to allowed_msgpack_modules to silence: [('router', 'RouteDecision')]
2026-04-14 17:39:08,035 - SessionLogger - INFO - [sim_FSM_P2_M-ELE-002_08f836] Teacher: 太棒了！既然实验现象完全符合你的推测，那你能试着总结一下，要让小灯泡持续发光，电路必须满足什么关键条件吗？
2026-04-14 17:39:08,044 - SessionLogger - INFO - [sim_FSM+Guardrail_P1_M-ELE-002_4b51d4] Teacher: 这种“只出不进”的想法确实很符合直觉，毕竟我们平时看到的喷泉或射箭都是单向的。

既然你觉得电是“射”出去的，那如果灯泡另一端悬空，这些“射”出来的电荷最终都堆积在哪里了呢？
2026-04-14 17:39:08,049 - SessionLogger - INFO - [sim_FSM+Guardrail_P2_M-ELE-002_6b440d] Teacher: 你说得很对，就像水管如果不连成圈，水就只能在原地积压，没法持续流动。

那么，为了让电流能像水流一样“转起来”，你觉得连接电池正负极的导线和灯泡，必须构成一个什么样的形状？
2026-04-14 17:39:08,050 - SessionLogger - INFO - [sim_FSM_P1_M-ELE-002_7c8047] Teacher: 这个直觉确实很顽固，因为我们在生活中很少见到“只取走能量却不减少载体”的现象。

既然你觉得这个问题现在怎么想都绕不过去，我们要不先把它放一放？你可以先去喝口水或者看看别的章节，等脑子放松了再回来，有时候换个心情思路就通了。
2026-04-14 17:39:11,160 - SessionLogger - INFO - [sim_FSM+Guardrail_P2_M-ELE-002_6b440d] Student: 必须得连成一个圈，也就是闭合回路吧？看来我之前以为只要接上一头就能亮，其实是断路，电根本转不起来。
Deserializing unregistered type router.SessionMemory from checkpoint. This will be blocked in a future version. Add to allowed_msgpack_modules to silence: [('router', 'SessionMemory')]
Deserializing unregistered type router.PerceptionResult from checkpoint. This will be blocked in a future version. Add to allowed_msgpack_modules to silence: [('router', 'PerceptionResult')]
Deserializing unregistered type router.RouteDecision from checkpoint. This will be blocked in a future version. Add to allowed_msgpack_modules to silence: [('router', 'RouteDecision')]
2026-04-14 17:39:11,291 - SessionLogger - INFO - [sim_FSM+Guardrail_P1_M-ELE-002_4b51d4] Student: 电荷就停在灯泡那里啊，反正电已经送过去了，灯泡就该亮。你老问堆积在哪干嘛，只要电到了不就行了吗？
Deserializing unregistered type router.SessionMemory from checkpoint. This will be blocked in a future version. Add to allowed_msgpack_modules to silence: [('router', 'SessionMemory')]
Deserializing unregistered type router.PerceptionResult from checkpoint. This will be blocked in a future version. Add to allowed_msgpack_modules to silence: [('router', 'PerceptionResult')]
Deserializing unregistered type router.RouteDecision from checkpoint. This will be blocked in a future version. Add to allowed_msgpack_modules to silence: [('router', 'RouteDecision')]
2026-04-14 17:39:11,352 - SessionLogger - INFO - [sim_FSM_P1_M-ELE-002_7c8047] Student: 我不需要休息，我脑子清醒得很。反正我就坚持我的观点，电流肯定是被消耗了，你光让我休息有什么用？
Deserializing unregistered type router.SessionMemory from checkpoint. This will be blocked in a future version. Add to allowed_msgpack_modules to silence: [('router', 'SessionMemory')]
Deserializing unregistered type router.PerceptionResult from checkpoint. This will be blocked in a future version. Add to allowed_msgpack_modules to silence: [('router', 'PerceptionResult')]
Deserializing unregistered type router.RouteDecision from checkpoint. This will be blocked in a future version. Add to allowed_msgpack_modules to silence: [('router', 'RouteDecision')]
2026-04-14 17:39:12,007 - SessionLogger - INFO - [sim_FSM_P2_M-ELE-002_08f836] Student: 必须得是个闭合的回路，让电流能从正极出发最后回到负极。只要中间断开了，灯泡肯定就不亮了。
Deserializing unregistered type router.SessionMemory from checkpoint. This will be blocked in a future version. Add to allowed_msgpack_modules to silence: [('router', 'SessionMemory')]
Deserializing unregistered type router.PerceptionResult from checkpoint. This will be blocked in a future version. Add to allowed_msgpack_modules to silence: [('router', 'PerceptionResult')]
Deserializing unregistered type router.RouteDecision from checkpoint. This will be blocked in a future version. Add to allowed_msgpack_modules to silence: [('router', 'RouteDecision')]
2026-04-14 17:39:17,995 - SessionLogger - WARNING - LLM Judge blocked response. Reason: 助教在回复的第一句话中直接陈述了本题的核心物理结论（'只有形成闭合回路，电流才能持续流动'），这直接纠正了学生的错误概念并给出了标准答案。根据违规定义第1条，助教直接告诉了学生本题最终的物理结论，属于违规泄漏。
2026-04-14 17:39:18,896 - SessionLogger - INFO - [sim_Baseline_P2_M-ELE-002_bd4de0] Teacher: 别担心，它的设计初衷就是“牺牲自己”。

如果它能像灯泡灯丝那样，在电流过大时主动熔断来切断电路，你觉得这算不算一种有效的保护呢？
2026-04-14 17:39:21,578 - SessionLogger - INFO - [sim_FSM_P1_M-ELE-002_7c8047] Teacher: 看来你对自己的直觉非常有信心，这种坚持在科学探索中其实很宝贵。

既然这个“电流消耗”的模型在你脑海里这么牢固，那我们暂时先不纠结它是对是错。我们要不先跳过这个点，去看看电路中电压是怎么分布的？或者你更想聊聊其他你觉得有意思的物理现象？
2026-04-14 17:39:22,072 - SessionLogger - INFO - [sim_Baseline_P2_M-ELE-002_bd4de0] Student: 哦……原来它是故意烧断来断路的呀。那它是不是得装在电流必经的那条“主干道”上，才能保证一断就全断了？
Deserializing unregistered type router.SessionMemory from checkpoint. This will be blocked in a future version. Add to allowed_msgpack_modules to silence: [('router', 'SessionMemory')]
Deserializing unregistered type router.PerceptionResult from checkpoint. This will be blocked in a future version. Add to allowed_msgpack_modules to silence: [('router', 'PerceptionResult')]
Deserializing unregistered type router.RouteDecision from checkpoint. This will be blocked in a future version. Add to allowed_msgpack_modules to silence: [('router', 'RouteDecision')]
2026-04-14 17:39:22,350 - SessionLogger - WARNING - LLM Judge blocked response. Reason: 助教在回复的第一句话中直接陈述了本题的核心物理结论（'只有形成闭合回路，电流才能持续流动'），这直接纠正了学生的错误概念并给出了标准答案。根据违规定义第1条，'助教直接告诉了学生本题最终的物理结论或标准答案'属于违规。尽管后续使用了提问引导，但关键信息已经泄漏。
2026-04-14 17:39:31,185 - SessionLogger - INFO - [sim_FSM+Guardrail_P2_M-ELE-002_6b440d] Teacher: 这个问题其实挺容易绕进去的，不如我们换个简单的角度，你觉得最初的核心问题在哪里？
2026-04-14 17:39:31,186 - SessionLogger - INFO - [sim_FSM+Guardrail_P2_M-ELE-002_6b440d] Session finished. Resolved: True
2026-04-14 17:39:31,187 - SessionLogger - INFO - [sim_Baseline_P3_M-ELE-002_899da0] Starting session
2026-04-14 17:39:31,187 - SessionLogger - INFO - Initialized Session sim_Baseline_P3_M-ELE-002_899da0 on Unknown for Unknown with version FSM+Guardrail
2026-04-14 17:39:32,152 - SessionLogger - INFO - [sim_Baseline_P3_M-ELE-002_899da0] Student Opening: 老师，我把电池正极连到灯泡上，灯泡怎么不亮啊？电不是从正极出来流进灯泡就行了吗？
2026-04-14 17:39:32,158 - SessionLogger - INFO - [sim_Baseline_P1_M-ELE-002_74a64d] Teacher: 如果电荷只从正极出来却不回去，你觉得电池负极那边会不会很快就“空”了？

一旦负极没电荷可收了，正极还能继续往外推吗？
2026-04-14 17:39:32,168 - SessionLogger - INFO - [sim_FSM_P1_M-ELE-002_7c8047] Student: 别想转移话题，我就要把这个说清楚。你要是不能证明电流没变少，换什么话题我都觉得你在回避问题。
Deserializing unregistered type router.SessionMemory from checkpoint. This will be blocked in a future version. Add to allowed_msgpack_modules to silence: [('router', 'SessionMemory')]
Deserializing unregistered type router.PerceptionResult from checkpoint. This will be blocked in a future version. Add to allowed_msgpack_modules to silence: [('router', 'PerceptionResult')]
Deserializing unregistered type router.RouteDecision from checkpoint. This will be blocked in a future version. Add to allowed_msgpack_modules to silence: [('router', 'RouteDecision')]
2026-04-14 17:39:32,173 - SessionLogger - INFO - [sim_FSM+Guardrail_P1_M-ELE-002_4b51d4] Teacher: 我理解你的坚持，这种“到了就行”的想法很自然。

但物理上，如果电荷只进不出，它们会在灯泡里迅速“堵车”，导致后续电荷根本挤不进去，流动瞬间就停了。

既然你觉得不需要回路，那你能想象一下，如果是一条单行道，车子开进去却 nowhere to go（无处可去），后面的车还能持续开进来吗？
2026-04-14 17:39:32,180 - SessionLogger - INFO - [sim_Baseline_P2_M-ELE-002_bd4de0] Teacher: 没错，只有装在干路上才能控制全局。

那如果家里有很多电器并联，你是希望其中一个短路时全家停电，还是只切断那一条支路呢？
2026-04-14 17:39:33,257 - SessionLogger - INFO - [sim_Baseline_P1_M-ELE-002_74a64d] Student: 负极空不空的跟正极有什么关系？正极自己有电，只管往外送就行了，不需要管负极。
Deserializing unregistered type router.SessionMemory from checkpoint. This will be blocked in a future version. Add to allowed_msgpack_modules to silence: [('router', 'SessionMemory')]
Deserializing unregistered type router.PerceptionResult from checkpoint. This will be blocked in a future version. Add to allowed_msgpack_modules to silence: [('router', 'PerceptionResult')]
Deserializing unregistered type router.RouteDecision from checkpoint. This will be blocked in a future version. Add to allowed_msgpack_modules to silence: [('router', 'RouteDecision')]
2026-04-14 17:39:35,565 - SessionLogger - INFO - [sim_Baseline_P2_M-ELE-002_bd4de0] Student: 那肯定是只切断那一条支路比较好啊，不然太不方便了。可是……如果它装在支路上，别的支路电流还是很大，它怎么知道该不该断呢？
2026-04-14 17:39:35,566 - SessionLogger - INFO - [sim_Baseline_P2_M-ELE-002_bd4de0] Session finished. Resolved: False
2026-04-14 17:39:35,566 - SessionLogger - INFO - [sim_FSM_P3_M-ELE-002_40d434] Starting session
2026-04-14 17:39:35,566 - SessionLogger - INFO - Initialized Session sim_FSM_P3_M-ELE-002_40d434 on Unknown for Unknown with version FSM+Guardrail
2026-04-14 17:39:38,880 - SessionLogger - INFO - [sim_FSM_P3_M-ELE-002_40d434] Student Opening: 老师，我就把电池正极连到灯泡上，负极悬空不接，灯泡为啥不亮啊？电不是从正极流出来进灯泡就能发光吗？
2026-04-14 17:39:38,902 - SessionLogger - INFO - [sim_FSM+Guardrail_P1_M-ELE-002_4b51d4] Student: 电池有劲啊，它能把电硬塞进去的。你别老拿车打比方，电又不是车，它是被射出来的，跟后面堵不堵没关系。
2026-04-14 17:39:38,902 - SessionLogger - INFO - [sim_FSM+Guardrail_P1_M-ELE-002_4b51d4] Session finished. Resolved: False
2026-04-14 17:39:38,903 - SessionLogger - INFO - [sim_FSM+Guardrail_P3_M-ELE-002_5ae1b6] Starting session
2026-04-14 17:39:38,903 - SessionLogger - INFO - Initialized Session sim_FSM+Guardrail_P3_M-ELE-002_5ae1b6 on Unknown for Unknown with version FSM+Guardrail
2026-04-14 17:39:39,898 - SessionLogger - INFO - [sim_FSM+Guardrail_P3_M-ELE-002_5ae1b6] Student Opening: 老师，我把电池正极用导线连到灯泡上，灯泡怎么不亮啊？电不是从正极流出来就能用了吗？
2026-04-14 17:39:39,900 - SessionLogger - INFO - [sim_Baseline_P3_M-ELE-002_899da0] Teacher: 电流流进灯泡后，如果没有地方“流出去”，它是不是就堵住了？你想想，电池的负极现在连在哪里呢？
2026-04-14 17:39:39,914 - SessionLogger - INFO - [sim_FSM_P1_M-ELE-002_7c8047] Teacher: 我知道这有点绕，但我直接说出结论你就没法自己推导了。我们把问题拆开，你觉得：如果把电流表分别接在串联电路中灯泡前后两个位置，读数应该怎样？为什么？
2026-04-14 17:39:40,996 - SessionLogger - INFO - [sim_Baseline_P3_M-ELE-002_899da0] Student: 负极没连呀……可是电只要“送”进去不就行了吗？就像水管喷水，喷出来水就流走了啊，干嘛还要连回去？
Deserializing unregistered type router.SessionMemory from checkpoint. This will be blocked in a future version. Add to allowed_msgpack_modules to silence: [('router', 'SessionMemory')]
Deserializing unregistered type router.PerceptionResult from checkpoint. This will be blocked in a future version. Add to allowed_msgpack_modules to silence: [('router', 'PerceptionResult')]
Deserializing unregistered type router.RouteDecision from checkpoint. This will be blocked in a future version. Add to allowed_msgpack_modules to silence: [('router', 'RouteDecision')]
2026-04-14 17:39:41,015 - SessionLogger - INFO - [sim_FSM_P1_M-ELE-002_7c8047] Student: 那肯定是前面的读数大，后面的小啊。因为电流流过灯泡发光，肯定被消耗掉了一部分，剩下的才流到后面去。
2026-04-14 17:39:41,015 - SessionLogger - INFO - [sim_FSM_P1_M-ELE-002_7c8047] Session finished. Resolved: False
2026-04-14 17:39:41,015 - SessionLogger - INFO - [sim_Baseline_P1_M-BUO-001_e0d3d3] Starting session
2026-04-14 17:39:41,015 - SessionLogger - INFO - Initialized Session sim_Baseline_P1_M-BUO-001_e0d3d3 on Unknown for Unknown with version FSM+Guardrail
2026-04-14 17:39:43,980 - SessionLogger - INFO - [sim_Baseline_P1_M-BUO-001_e0d3d3] Student Opening: 老师，我觉得重的东西肯定沉下去，轻的东西才浮起来，这不是很明显吗？
2026-04-14 17:39:44,011 - SessionLogger - INFO - [sim_Baseline_P1_M-ELE-002_74a64d] Teacher: 想象一下，如果负极是个“死胡同”，电荷堆积在那儿回不去，你觉得正极还能继续把新电荷挤出来吗？

这就像排队进门，如果后面堵死了，前面的人还能动吗？
2026-04-14 17:39:45,511 - SessionLogger - INFO - [sim_Baseline_P1_M-ELE-002_74a64d] Student: 灯泡又不是死胡同，电荷进去发光消耗掉就没了，根本不需要再挤回来。你那个排队的比喻不对，电荷是去干活的，不是去占位置的。
2026-04-14 17:39:45,511 - SessionLogger - INFO - [sim_Baseline_P1_M-ELE-002_74a64d] Session finished. Resolved: False
2026-04-14 17:39:45,511 - SessionLogger - INFO - [sim_FSM_P1_M-BUO-001_bde49a] Starting session
2026-04-14 17:39:45,511 - SessionLogger - INFO - Initialized Session sim_FSM_P1_M-BUO-001_bde49a on Unknown for Unknown with version FSM+Guardrail
2026-04-14 17:39:46,287 - SessionLogger - INFO - [sim_FSM_P1_M-BUO-001_bde49a] Student Opening: 老师，我觉得重的东西肯定沉，轻的东西才浮，这不是很明显吗？
2026-04-14 17:39:46,527 - SessionLogger - INFO - [sim_Baseline_P3_M-ELE-002_899da0] Teacher: 水管里的水能喷出来，是因为后面有源源不断的水在推它。

如果电池负极不连回去，你觉得是什么力量在推着电荷持续不断地流过灯泡呢？
2026-04-14 17:39:47,516 - SessionLogger - INFO - [sim_Baseline_P3_M-ELE-002_899da0] Student: 呃……是电池里面的电在推吧？反正正极有电，它自己会往外跑的呀，一定要连回去吗？
Deserializing unregistered type router.SessionMemory from checkpoint. This will be blocked in a future version. Add to allowed_msgpack_modules to silence: [('router', 'SessionMemory')]
Deserializing unregistered type router.PerceptionResult from checkpoint. This will be blocked in a future version. Add to allowed_msgpack_modules to silence: [('router', 'PerceptionResult')]
Deserializing unregistered type router.RouteDecision from checkpoint. This will be blocked in a future version. Add to allowed_msgpack_modules to silence: [('router', 'RouteDecision')]
2026-04-14 17:39:50,664 - SessionLogger - INFO - [sim_Baseline_P3_M-ELE-002_899da0] Teacher: 电荷可不是散兵游勇，它们得排着队走。

如果负极不连回去，队伍后面断了，前面的电荷还能继续往前挤吗？
2026-04-14 17:39:50,683 - SessionLogger - INFO - [sim_Baseline_P1_M-BUO-001_e0d3d3] Teacher: 那为什么几万吨重的钢铁巨轮能浮在海面上，而一枚小小的铁钉却会沉底呢？
2026-04-14 17:39:51,503 - SessionLogger - INFO - [sim_FSM_P3_M-ELE-002_40d434] Teacher: 1. 共情：承认这种直觉的自然性（正极确实常被视为源头）。
2. 归谬提问：如果电子只进不出，灯泡里的电子会怎样？会无限堆积吗？
</think>

这个直觉很自然，毕竟我们常把正极当作“起点”。但你想过没，如果电子只从正极流进灯泡却无处可去，它们会在灯丝里无限堆积吗？
2026-04-14 17:39:53,457 - SessionLogger - INFO - [sim_Baseline_P3_M-ELE-002_899da0] Student: 队伍断了……那是不是后面的电荷就过不来了？可是前面的电荷不能自己先跑过去把灯泡点亮吗？
Deserializing unregistered type router.SessionMemory from checkpoint. This will be blocked in a future version. Add to allowed_msgpack_modules to silence: [('router', 'SessionMemory')]
Deserializing unregistered type router.PerceptionResult from checkpoint. This will be blocked in a future version. Add to allowed_msgpack_modules to silence: [('router', 'PerceptionResult')]
Deserializing unregistered type router.RouteDecision from checkpoint. This will be blocked in a future version. Add to allowed_msgpack_modules to silence: [('router', 'RouteDecision')]
2026-04-14 17:39:54,212 - SessionLogger - INFO - [sim_Baseline_P1_M-BUO-001_e0d3d3] Student: 那是因为船很大啊，里面是空的，所以它其实很“轻”。铁钉那么小却那么重，当然是重的沉、轻的浮。
Deserializing unregistered type router.SessionMemory from checkpoint. This will be blocked in a future version. Add to allowed_msgpack_modules to silence: [('router', 'SessionMemory')]
Deserializing unregistered type router.PerceptionResult from checkpoint. This will be blocked in a future version. Add to allowed_msgpack_modules to silence: [('router', 'PerceptionResult')]
Deserializing unregistered type router.RouteDecision from checkpoint. This will be blocked in a future version. Add to allowed_msgpack_modules to silence: [('router', 'RouteDecision')]
2026-04-14 17:39:54,545 - SessionLogger - INFO - [sim_FSM+Guardrail_P3_M-ELE-002_5ae1b6] Teacher: 这确实挺让人困惑的，毕竟我们常听说电从正极出发。但如果电流真的像水流一样，只有一根管子连着水源（正极），而另一端堵死或者没接通回水管，你觉得水能持续不断地流出来吗？
2026-04-14 17:39:55,392 - SessionLogger - INFO - [sim_FSM_P3_M-ELE-002_40d434] Student: 啊？会堆积吗……我没想到这点。
可是电不是像光一样，照过去亮了就行，不用非得“堆”在那儿吧？
Deserializing unregistered type router.SessionMemory from checkpoint. This will be blocked in a future version. Add to allowed_msgpack_modules to silence: [('router', 'SessionMemory')]
Deserializing unregistered type router.PerceptionResult from checkpoint. This will be blocked in a future version. Add to allowed_msgpack_modules to silence: [('router', 'PerceptionResult')]
Deserializing unregistered type router.RouteDecision from checkpoint. This will be blocked in a future version. Add to allowed_msgpack_modules to silence: [('router', 'RouteDecision')]
2026-04-14 17:39:56,082 - SessionLogger - INFO - [sim_FSM+Guardrail_P3_M-ELE-002_5ae1b6] Student: 呃……水好像确实流不动，会堵住？但电不是像光一样射出去就行了吗，非得流回来干嘛呀？
Deserializing unregistered type router.SessionMemory from checkpoint. This will be blocked in a future version. Add to allowed_msgpack_modules to silence: [('router', 'SessionMemory')]
Deserializing unregistered type router.PerceptionResult from checkpoint. This will be blocked in a future version. Add to allowed_msgpack_modules to silence: [('router', 'PerceptionResult')]
Deserializing unregistered type router.RouteDecision from checkpoint. This will be blocked in a future version. Add to allowed_msgpack_modules to silence: [('router', 'RouteDecision')]
2026-04-14 17:39:57,108 - SessionLogger - INFO - [sim_Baseline_P3_M-ELE-002_899da0] Teacher: 电荷就像挤在管子里的珠子，如果后面没有新的珠子推，前面的珠子能动吗？

你觉得灯泡亮是因为“有电荷经过”，还是因为电荷“持续不断地流动”呢？
2026-04-14 17:39:57,559 - SessionLogger - INFO - [sim_FSM_P1_M-BUO-001_bde49a] Teacher: “那我们来想个极端的例子。一艘几万吨重的钢铁巨轮，和一枚只有几克重的小铁钉。按照‘重的肯定沉’这个说法，你觉得它们分别会发生什么？”
</think>

那我们来想个极端的例子：一艘几万吨重的钢铁巨轮，和一枚只有几克重的小铁钉。

按照你刚才说的“重的肯定沉”，你觉得它们分别会发生什么？
2026-04-14 17:39:57,728 - SessionLogger - INFO - [sim_Baseline_P1_M-BUO-001_e0d3d3] Teacher: 如果我把那艘巨轮里的空气抽走，换成实心钢铁，它变得超级重，这时候它还会浮着吗？
2026-04-14 17:39:58,728 - SessionLogger - INFO - [sim_Baseline_P1_M-BUO-001_e0d3d3] Student: 那肯定沉啊，变成实心钢铁就超级重了。我都说了，重的东西一定会沉下去的。
Deserializing unregistered type router.SessionMemory from checkpoint. This will be blocked in a future version. Add to allowed_msgpack_modules to silence: [('router', 'SessionMemory')]
Deserializing unregistered type router.PerceptionResult from checkpoint. This will be blocked in a future version. Add to allowed_msgpack_modules to silence: [('router', 'PerceptionResult')]
Deserializing unregistered type router.RouteDecision from checkpoint. This will be blocked in a future version. Add to allowed_msgpack_modules to silence: [('router', 'RouteDecision')]
2026-04-14 17:39:58,775 - SessionLogger - INFO - [sim_FSM_P1_M-BUO-001_bde49a] Student: 巨轮那么重，肯定沉啊；铁钉虽然轻，但它是铁的，应该也沉吧。反正重的东西不可能浮起来，这是常识。
Deserializing unregistered type router.SessionMemory from checkpoint. This will be blocked in a future version. Add to allowed_msgpack_modules to silence: [('router', 'SessionMemory')]
Deserializing unregistered type router.PerceptionResult from checkpoint. This will be blocked in a future version. Add to allowed_msgpack_modules to silence: [('router', 'PerceptionResult')]
Deserializing unregistered type router.RouteDecision from checkpoint. This will be blocked in a future version. Add to allowed_msgpack_modules to silence: [('router', 'RouteDecision')]
2026-04-14 17:39:58,941 - SessionLogger - INFO - [sim_Baseline_P3_M-ELE-002_899da0] Student: 应该是……持续流动吧？可是电池里的电荷不是很多吗？它们不能自己一直往外涌，非要后面推着才行吗？
Deserializing unregistered type router.SessionMemory from checkpoint. This will be blocked in a future version. Add to allowed_msgpack_modules to silence: [('router', 'SessionMemory')]
Deserializing unregistered type router.PerceptionResult from checkpoint. This will be blocked in a future version. Add to allowed_msgpack_modules to silence: [('router', 'PerceptionResult')]
Deserializing unregistered type router.RouteDecision from checkpoint. This will be blocked in a future version. Add to allowed_msgpack_modules to silence: [('router', 'RouteDecision')]
2026-04-14 17:40:02,514 - SessionLogger - INFO - [sim_FSM_P3_M-ELE-002_40d434] Teacher: 光确实可以单向传播，但电流其实是电荷（电子）的定向移动。如果这些电荷只进不出，就像水只流进一个死胡同，你觉得水流能持续通过吗？
2026-04-14 17:40:02,881 - SessionLogger - INFO - [sim_Baseline_P3_M-ELE-002_899da0] Teacher: 想象一下，如果电荷只从正极出来却不回去，正极那边会不会很快堆满“多余”的电荷？

这时候，后来的电荷还能挤得进去吗？
2026-04-14 17:40:03,433 - SessionLogger - INFO - [sim_Baseline_P1_M-BUO-001_e0d3d3] Teacher: 那如果我把实心钢铁做成一个巨大的空心盒子，重量没变，它为什么又能浮起来了呢？
2026-04-14 17:40:11,881 - SessionLogger - INFO - [sim_FSM_P2_M-ELE-002_08f836] Teacher: 总结得很到位！那如果现在我把其中一根导线剪断，或者把电池的一头拿开，你觉得灯泡还会亮吗？为什么？
2026-04-14 17:40:11,881 - SessionLogger - INFO - [sim_FSM_P2_M-ELE-002_08f836] Session finished. Resolved: True
2026-04-14 17:40:11,881 - SessionLogger - INFO - [sim_FSM+Guardrail_P1_M-BUO-001_51dae6] Starting session
2026-04-14 17:40:11,881 - SessionLogger - INFO - Initialized Session sim_FSM+Guardrail_P1_M-BUO-001_51dae6 on Unknown for Unknown with version FSM+Guardrail
2026-04-14 17:40:12,694 - SessionLogger - INFO - [sim_FSM+Guardrail_P1_M-BUO-001_51dae6] Student Opening: 老师，我觉得只要东西够重就肯定会沉下去，毕竟重的东西往下掉不是常识吗？
2026-04-14 17:40:12,708 - SessionLogger - INFO - [sim_Baseline_P1_M-BUO-001_e0d3d3] Student: 老师，你这是在玩文字游戏吧？做成盒子形状它也没变轻啊。只要还是那么重，它就一定会沉下去的，形状有什么用？
Deserializing unregistered type router.SessionMemory from checkpoint. This will be blocked in a future version. Add to allowed_msgpack_modules to silence: [('router', 'SessionMemory')]
Deserializing unregistered type router.PerceptionResult from checkpoint. This will be blocked in a future version. Add to allowed_msgpack_modules to silence: [('router', 'PerceptionResult')]
Deserializing unregistered type router.RouteDecision from checkpoint. This will be blocked in a future version. Add to allowed_msgpack_modules to silence: [('router', 'RouteDecision')]
2026-04-14 17:40:12,710 - SessionLogger - INFO - [sim_Baseline_P3_M-ELE-002_899da0] Student: 堆满……那后面的确实会被堵住挤不进去吧？所以是因为没地方去了，电才流不动的吗？
Deserializing unregistered type router.SessionMemory from checkpoint. This will be blocked in a future version. Add to allowed_msgpack_modules to silence: [('router', 'SessionMemory')]
Deserializing unregistered type router.PerceptionResult from checkpoint. This will be blocked in a future version. Add to allowed_msgpack_modules to silence: [('router', 'PerceptionResult')]
Deserializing unregistered type router.RouteDecision from checkpoint. This will be blocked in a future version. Add to allowed_msgpack_modules to silence: [('router', 'RouteDecision')]
2026-04-14 17:40:12,712 - SessionLogger - INFO - [sim_FSM_P3_M-ELE-002_40d434] Student: 死胡同的话……水确实会堵住流不动。
但电池不是像个水泵一样，有劲儿一直把电往外推吗？推一下亮一下不行吗？
Deserializing unregistered type router.SessionMemory from checkpoint. This will be blocked in a future version. Add to allowed_msgpack_modules to silence: [('router', 'SessionMemory')]
Deserializing unregistered type router.PerceptionResult from checkpoint. This will be blocked in a future version. Add to allowed_msgpack_modules to silence: [('router', 'PerceptionResult')]
Deserializing unregistered type router.RouteDecision from checkpoint. This will be blocked in a future version. Add to allowed_msgpack_modules to silence: [('router', 'RouteDecision')]
2026-04-14 17:40:12,741 - SessionLogger - INFO - [sim_FSM+Guardrail_P3_M-ELE-002_5ae1b6] Teacher: 这个类比很有趣，但光射出去后能量就散失到空间里了，而电池里的电荷数量是有限的。

如果电流只从正极“射”出来却不流回负极，你觉得电池里的电荷是会越用越多，还是会瞬间堆积在灯泡那里把路堵死？
2026-04-14 17:40:12,743 - SessionLogger - INFO - [sim_FSM_P1_M-BUO-001_bde49a] Teacher: 可是，你亲眼见过几万吨的巨轮沉在水底吗？它实际上是浮在海面上的。

既然“重”不是决定下沉的唯一原因，那巨轮和铁钉之间，除了重量不同，还有什么巨大的差别可能影响了它们的沉浮？
2026-04-14 17:40:13,878 - SessionLogger - INFO - [sim_FSM+Guardrail_P3_M-ELE-002_5ae1b6] Student: 啊？会堵死吗……我以为电是用完就没了呢。那如果堵住了，是不是就像水管里塞了东西，后面的电就过不去了？
Deserializing unregistered type router.SessionMemory from checkpoint. This will be blocked in a future version. Add to allowed_msgpack_modules to silence: [('router', 'SessionMemory')]
Deserializing unregistered type router.PerceptionResult from checkpoint. This will be blocked in a future version. Add to allowed_msgpack_modules to silence: [('router', 'PerceptionResult')]
Deserializing unregistered type router.RouteDecision from checkpoint. This will be blocked in a future version. Add to allowed_msgpack_modules to silence: [('router', 'RouteDecision')]
2026-04-14 17:40:16,541 - SessionLogger - INFO - [sim_FSM_P1_M-BUO-001_bde49a] Student: 那肯定是巨轮里面是空的，所以它其实没那么“实”，跟实心铁钉不一样。但我还是觉得，如果光看重量，重的就是容易沉，空不空是另一回事。
Deserializing unregistered type router.SessionMemory from checkpoint. This will be blocked in a future version. Add to allowed_msgpack_modules to silence: [('router', 'SessionMemory')]
Deserializing unregistered type router.PerceptionResult from checkpoint. This will be blocked in a future version. Add to allowed_msgpack_modules to silence: [('router', 'PerceptionResult')]
Deserializing unregistered type router.RouteDecision from checkpoint. This will be blocked in a future version. Add to allowed_msgpack_modules to silence: [('router', 'RouteDecision')]
2026-04-14 17:40:19,126 - SessionLogger - INFO - [sim_Baseline_P1_M-BUO-001_e0d3d3] Teacher: 形状虽然没改变重量，但它改变了物体排开水的体积。你想想，把同样重量的橡皮泥捏成实心球和做成碗状，它们排开的水量一样多吗？
2026-04-14 17:40:19,440 - SessionLogger - INFO - [sim_Baseline_P3_M-ELE-002_899da0] Teacher: 没错，就像早高峰的地铁，出口堵了，入口也就进不去了。

所以你觉得，为了让电荷能“源源不断”地流过灯泡，电路必须得是个什么样的形状？
2026-04-14 17:40:19,440 - SessionLogger - INFO - [sim_Baseline_P3_M-ELE-002_899da0] Extending max_turns by 3 because cognitive_state is '新概念探索'
2026-04-14 17:40:20,336 - SessionLogger - INFO - [sim_Baseline_P1_M-BUO-001_e0d3d3] Student: 排开的水多又怎么样？它还是那么重啊。我觉得只要重量没变，它就肯定还是会沉到底的。
Deserializing unregistered type router.SessionMemory from checkpoint. This will be blocked in a future version. Add to allowed_msgpack_modules to silence: [('router', 'SessionMemory')]
Deserializing unregistered type router.PerceptionResult from checkpoint. This will be blocked in a future version. Add to allowed_msgpack_modules to silence: [('router', 'PerceptionResult')]
Deserializing unregistered type router.RouteDecision from checkpoint. This will be blocked in a future version. Add to allowed_msgpack_modules to silence: [('router', 'RouteDecision')]
2026-04-14 17:40:22,280 - SessionLogger - INFO - [sim_Baseline_P3_M-ELE-002_899da0] Student: 像个圈？就是得让电荷跑出去之后，还能有个路让它绕回来？
Deserializing unregistered type router.SessionMemory from checkpoint. This will be blocked in a future version. Add to allowed_msgpack_modules to silence: [('router', 'SessionMemory')]
Deserializing unregistered type router.PerceptionResult from checkpoint. This will be blocked in a future version. Add to allowed_msgpack_modules to silence: [('router', 'PerceptionResult')]
Deserializing unregistered type router.RouteDecision from checkpoint. This will be blocked in a future version. Add to allowed_msgpack_modules to silence: [('router', 'RouteDecision')]
2026-04-14 17:40:23,164 - SessionLogger - INFO - [sim_FSM_P3_M-ELE-002_40d434] Teacher: 如果路是断的，水泵推出去的水没地方去，它还能继续往外“推”出新的水流吗？
2026-04-14 17:40:24,154 - SessionLogger - INFO - [sim_FSM+Guardrail_P1_M-BUO-001_51dae6] Teacher: 那如果是用钢铁造成的万吨巨轮，它比一枚小小的铁钉重成千上万倍，按照你的说法，它是不是应该像石头一样瞬间沉到海底去？
2026-04-14 17:40:24,521 - SessionLogger - INFO - [sim_FSM_P3_M-ELE-002_40d434] Student: 呃……好像确实推不动了，前面堵着嘛。
所以你是说，电也得像水一样，得有个圈让它转回来，电池才能一直推？
Deserializing unregistered type router.SessionMemory from checkpoint. This will be blocked in a future version. Add to allowed_msgpack_modules to silence: [('router', 'SessionMemory')]
Deserializing unregistered type router.PerceptionResult from checkpoint. This will be blocked in a future version. Add to allowed_msgpack_modules to silence: [('router', 'PerceptionResult')]
Deserializing unregistered type router.RouteDecision from checkpoint. This will be blocked in a future version. Add to allowed_msgpack_modules to silence: [('router', 'RouteDecision')]
2026-04-14 17:40:25,270 - SessionLogger - INFO - [sim_FSM+Guardrail_P1_M-BUO-001_51dae6] Student: 那肯定是因为船是空心的啊，里面全是空气，所以它其实很“轻”。我说的是实心的重物一定会沉，船又不算实心重物。
Deserializing unregistered type router.SessionMemory from checkpoint. This will be blocked in a future version. Add to allowed_msgpack_modules to silence: [('router', 'SessionMemory')]
Deserializing unregistered type router.PerceptionResult from checkpoint. This will be blocked in a future version. Add to allowed_msgpack_modules to silence: [('router', 'PerceptionResult')]
Deserializing unregistered type router.RouteDecision from checkpoint. This will be blocked in a future version. Add to allowed_msgpack_modules to silence: [('router', 'RouteDecision')]
2026-04-14 17:40:25,283 - SessionLogger - INFO - [sim_FSM+Guardrail_P3_M-ELE-002_5ae1b6] Teacher: 没错，电荷确实不会凭空消失。

既然它们不能堆积在灯泡里，那为了让电流能持续不断地流过灯泡，你觉得这根导线最终应该连到哪里去？
2026-04-14 17:40:25,638 - SessionLogger - INFO - [sim_Baseline_P1_M-BUO-001_e0d3d3] Teacher: 水被排开后，会对物体产生一个向上的推力（浮力）。你想想，如果这个向上的推力变得比物体的重力还大，物体会发生什么？
2026-04-14 17:40:26,231 - SessionLogger - INFO - [sim_FSM+Guardrail_P3_M-ELE-002_5ae1b6] Student: 连回电池的负极吗？所以电得跑个圈，从正极出来还得回负极去，不能只走单程？
Deserializing unregistered type router.SessionMemory from checkpoint. This will be blocked in a future version. Add to allowed_msgpack_modules to silence: [('router', 'SessionMemory')]
Deserializing unregistered type router.PerceptionResult from checkpoint. This will be blocked in a future version. Add to allowed_msgpack_modules to silence: [('router', 'PerceptionResult')]
Deserializing unregistered type router.RouteDecision from checkpoint. This will be blocked in a future version. Add to allowed_msgpack_modules to silence: [('router', 'RouteDecision')]
2026-04-14 17:40:26,528 - SessionLogger - INFO - [sim_FSM_P1_M-BUO-001_bde49a] Teacher: 你说得对，巨轮确实是“空”的，这让它占据的空间（体积）变得非常大。

现在请你想象一下：如果我们把这艘巨轮揉成一团，变成和那枚小铁钉一样大小的实心铁球，这时候它的重量虽然比原来轻了很多（因为去掉了空心部分），但它还会浮在水面上吗？
2026-04-14 17:40:27,716 - SessionLogger - INFO - [sim_Baseline_P1_M-BUO-001_e0d3d3] Student: 推力大有什么用？它那么重，根本推不动。重的东西就是会沉，这是常识，老师你别绕弯子了。
Deserializing unregistered type router.SessionMemory from checkpoint. This will be blocked in a future version. Add to allowed_msgpack_modules to silence: [('router', 'SessionMemory')]
Deserializing unregistered type router.PerceptionResult from checkpoint. This will be blocked in a future version. Add to allowed_msgpack_modules to silence: [('router', 'PerceptionResult')]
Deserializing unregistered type router.RouteDecision from checkpoint. This will be blocked in a future version. Add to allowed_msgpack_modules to silence: [('router', 'RouteDecision')]
2026-04-14 17:40:28,276 - SessionLogger - INFO - [sim_FSM_P1_M-BUO-001_bde49a] Student: 那肯定沉啊，变成实心铁球那么重，怎么可能浮起来？所以我才说嘛，重的东西就是会沉，刚才那个巨轮能浮是因为它轻（空的），不是因为它重。
Deserializing unregistered type router.SessionMemory from checkpoint. This will be blocked in a future version. Add to allowed_msgpack_modules to silence: [('router', 'SessionMemory')]
Deserializing unregistered type router.PerceptionResult from checkpoint. This will be blocked in a future version. Add to allowed_msgpack_modules to silence: [('router', 'PerceptionResult')]
Deserializing unregistered type router.RouteDecision from checkpoint. This will be blocked in a future version. Add to allowed_msgpack_modules to silence: [('router', 'RouteDecision')]
2026-04-14 17:40:31,832 - SessionLogger - INFO - [sim_FSM_P3_M-ELE-002_40d434] Teacher: 没错，如果路不通，电荷就没法持续流动。那你看看现在的连接方式，电荷从电池出来后，能顺着导线走一圈回到电池的另一端吗？
2026-04-14 17:40:32,537 - SessionLogger - INFO - [sim_FSM+Guardrail_P1_M-BUO-001_51dae6] Teacher: 好，那我们把范围缩小到实心物体。如果我把一小块实心的蜡和一颗实心的小铁珠同时放入水中，蜡比铁珠轻，但蜡浮起来了，铁珠却沉下去了，这又该怎么解释呢？
2026-04-14 17:40:33,092 - SessionLogger - INFO - [sim_FSM+Guardrail_P3_M-ELE-002_5ae1b6] Teacher: 你说得很对，确实需要形成一个“圈”。

那么，如果这个圈在中间任何地方断开了（比如导线没接好），你觉得电流还能在这个圈里持续跑动让灯泡发光吗？
2026-04-14 17:40:33,221 - SessionLogger - INFO - [sim_FSM_P3_M-ELE-002_40d434] Student: 我看了一下……好像导线只连了一头，另一头是悬空的。
所以电荷跑过去之后，没路回电池那边，就卡住了？
Deserializing unregistered type router.SessionMemory from checkpoint. This will be blocked in a future version. Add to allowed_msgpack_modules to silence: [('router', 'SessionMemory')]
Deserializing unregistered type router.PerceptionResult from checkpoint. This will be blocked in a future version. Add to allowed_msgpack_modules to silence: [('router', 'PerceptionResult')]
Deserializing unregistered type router.RouteDecision from checkpoint. This will be blocked in a future version. Add to allowed_msgpack_modules to silence: [('router', 'RouteDecision')]
2026-04-14 17:40:33,517 - SessionLogger - INFO - [sim_Baseline_P1_M-BUO-001_e0d3d3] Teacher: 咱们做个实验：把同样重的橡皮泥捏成实心球，它沉了；把它捏成碗状，它能浮着。这时候，碗状排开的水是不是比实心球多得多？
2026-04-14 17:40:33,518 - SessionLogger - INFO - [sim_Baseline_P1_M-BUO-001_e0d3d3] Extending max_turns by 3 because cognitive_state is '新概念探索'
2026-04-14 17:40:33,764 - SessionLogger - INFO - [sim_FSM+Guardrail_P1_M-BUO-001_51dae6] Student: 那肯定是因为铁珠太硬了，水托不住它。蜡虽然轻但是软乎乎的，能趴在水面上，这跟重量没关系吗？
Deserializing unregistered type router.SessionMemory from checkpoint. This will be blocked in a future version. Add to allowed_msgpack_modules to silence: [('router', 'SessionMemory')]
Deserializing unregistered type router.PerceptionResult from checkpoint. This will be blocked in a future version. Add to allowed_msgpack_modules to silence: [('router', 'PerceptionResult')]
Deserializing unregistered type router.RouteDecision from checkpoint. This will be blocked in a future version. Add to allowed_msgpack_modules to silence: [('router', 'RouteDecision')]
2026-04-14 17:40:34,817 - SessionLogger - INFO - [sim_Baseline_P1_M-BUO-001_e0d3d3] Student: 那肯定是碗状排开的水多，因为它占的地方大嘛。但这跟它浮起来有什么关系？我觉得肯定是你手抖了或者水有问题，重的东西怎么可能浮着？
Deserializing unregistered type router.SessionMemory from checkpoint. This will be blocked in a future version. Add to allowed_msgpack_modules to silence: [('router', 'SessionMemory')]
Deserializing unregistered type router.PerceptionResult from checkpoint. This will be blocked in a future version. Add to allowed_msgpack_modules to silence: [('router', 'PerceptionResult')]
Deserializing unregistered type router.RouteDecision from checkpoint. This will be blocked in a future version. Add to allowed_msgpack_modules to silence: [('router', 'RouteDecision')]
2026-04-14 17:40:36,627 - SessionLogger - INFO - [sim_FSM+Guardrail_P3_M-ELE-002_5ae1b6] Student: 应该不行吧……就像跑道断了，电荷跑不过去，后面也就堵住了？所以必须得是个完整的圈才行？
Deserializing unregistered type router.SessionMemory from checkpoint. This will be blocked in a future version. Add to allowed_msgpack_modules to silence: [('router', 'SessionMemory')]
Deserializing unregistered type router.PerceptionResult from checkpoint. This will be blocked in a future version. Add to allowed_msgpack_modules to silence: [('router', 'PerceptionResult')]
Deserializing unregistered type router.RouteDecision from checkpoint. This will be blocked in a future version. Add to allowed_msgpack_modules to silence: [('router', 'RouteDecision')]
2026-04-14 17:40:39,754 - SessionLogger - INFO - [sim_FSM_P1_M-BUO-001_bde49a] Teacher: 这里有个小误会：即使揉成实心铁球，它的重量可能还是比那枚小铁钉重得多，但它却沉了，而更轻的小木块却能浮起来。

这说明光看“绝对重量”还是解释不通。既然你提到了“空”和“实”，你觉得物体在水里占据的“地盘”（也就是排开水的体积）大小，会不会影响它受到的向上托力？
2026-04-14 17:40:46,776 - SessionLogger - INFO - [sim_FSM_P3_M-ELE-002_40d434] Teacher: 既然电荷“卡住”动不了了，你觉得灯泡里的灯丝还能持续有电流通过并发光吗？
2026-04-14 17:40:46,776 - SessionLogger - INFO - [sim_FSM_P3_M-ELE-002_40d434] Session finished. Resolved: True
2026-04-14 17:40:46,777 - SessionLogger - INFO - [sim_Baseline_P2_M-BUO-001_6c173d] Starting session
2026-04-14 17:40:46,777 - SessionLogger - INFO - Initialized Session sim_Baseline_P2_M-BUO-001_6c173d on Unknown for Unknown with version FSM+Guardrail
2026-04-14 17:40:47,745 - SessionLogger - INFO - [sim_Baseline_P2_M-BUO-001_6c173d] Student Opening: 老师，我觉得只要东西够重就肯定会沉下去，毕竟重的物体受到的重力大嘛，浮力怎么可能拉得住它？
2026-04-14 17:40:47,751 - SessionLogger - INFO - [sim_FSM_P1_M-BUO-001_bde49a] Student: 地盘大有什么用？只要东西够重，水肯定托不住啊。我还是觉得重量才是关键，别扯那些虚的体积了。
Deserializing unregistered type router.SessionMemory from checkpoint. This will be blocked in a future version. Add to allowed_msgpack_modules to silence: [('router', 'SessionMemory')]
Deserializing unregistered type router.PerceptionResult from checkpoint. This will be blocked in a future version. Add to allowed_msgpack_modules to silence: [('router', 'PerceptionResult')]
Deserializing unregistered type router.RouteDecision from checkpoint. This will be blocked in a future version. Add to allowed_msgpack_modules to silence: [('router', 'RouteDecision')]
2026-04-14 17:40:47,771 - SessionLogger - INFO - [sim_FSM+Guardrail_P1_M-BUO-001_51dae6] Teacher: 如果把这块软蜡捏成一个坚硬的实心小球，它依然会浮在水面上，这时候它可就不“趴”着了，你觉得这又是为什么呢？
2026-04-14 17:40:49,708 - SessionLogger - INFO - [sim_FSM+Guardrail_P1_M-BUO-001_51dae6] Student: 形状变了又怎样？它还是那块蜡，重量根本没变啊。我觉得肯定是老师你捏的时候不小心把它弄空了，不然重的东西怎么可能浮着？
Deserializing unregistered type router.SessionMemory from checkpoint. This will be blocked in a future version. Add to allowed_msgpack_modules to silence: [('router', 'SessionMemory')]
Deserializing unregistered type router.PerceptionResult from checkpoint. This will be blocked in a future version. Add to allowed_msgpack_modules to silence: [('router', 'PerceptionResult')]
Deserializing unregistered type router.RouteDecision from checkpoint. This will be blocked in a future version. Add to allowed_msgpack_modules to silence: [('router', 'RouteDecision')]
2026-04-14 17:40:59,229 - SessionLogger - INFO - [sim_FSM+Guardrail_P3_M-ELE-002_5ae1b6] Teacher: 正是如此。

既然必须是个完整的圈，那你看看你刚才画的连接方式，电流真的能顺利地从正极出发，经过灯泡，最后又回到负极吗？
2026-04-14 17:40:59,230 - SessionLogger - INFO - [sim_FSM+Guardrail_P3_M-ELE-002_5ae1b6] Session finished. Resolved: True
2026-04-14 17:40:59,230 - SessionLogger - INFO - [sim_FSM_P2_M-BUO-001_7e46d5] Starting session
2026-04-14 17:40:59,230 - SessionLogger - INFO - Initialized Session sim_FSM_P2_M-BUO-001_7e46d5 on Unknown for Unknown with version FSM+Guardrail
2026-04-14 17:41:00,524 - SessionLogger - INFO - [sim_FSM_P2_M-BUO-001_7e46d5] Student Opening: 老师，我觉得重的东西肯定会沉下去，轻的东西才会浮起来，毕竟铁块那么重一下就沉底了，而羽毛那么轻就能飘着。
2026-04-14 17:41:00,549 - SessionLogger - INFO - [sim_Baseline_P2_M-BUO-001_6c173d] Teacher: 那你说说，为什么几万吨重的钢铁轮船能漂在水面上，而一颗小小的铁钉却会沉底呢？
2026-04-14 17:41:04,034 - SessionLogger - INFO - [sim_FSM+Guardrail_P1_M-BUO-001_51dae6] Teacher: 那我们换个思路：如果我把这块实心蜡和一颗同样大小的实心铁珠分别按入水中，你觉得它们排开的水的体积是一样的吗？
2026-04-14 17:41:04,451 - SessionLogger - INFO - [sim_Baseline_P2_M-BUO-001_6c173d] Student: 呃……轮船虽然重，但它里面是空的呀，可能这样就不算“实心”的重物了？但铁钉也是铁的，这有点奇怪。
Deserializing unregistered type router.SessionMemory from checkpoint. This will be blocked in a future version. Add to allowed_msgpack_modules to silence: [('router', 'SessionMemory')]
Deserializing unregistered type router.PerceptionResult from checkpoint. This will be blocked in a future version. Add to allowed_msgpack_modules to silence: [('router', 'PerceptionResult')]
Deserializing unregistered type router.RouteDecision from checkpoint. This will be blocked in a future version. Add to allowed_msgpack_modules to silence: [('router', 'RouteDecision')]
2026-04-14 17:41:07,195 - SessionLogger - INFO - [sim_FSM+Guardrail_P1_M-BUO-001_51dae6] Student: 既然大小一样，那排开的水肯定是一样多的啊。但这跟沉浮有什么关系？铁珠重所以沉，蜡轻所以浮，这才是重点吧。
Deserializing unregistered type router.SessionMemory from checkpoint. This will be blocked in a future version. Add to allowed_msgpack_modules to silence: [('router', 'SessionMemory')]
Deserializing unregistered type router.PerceptionResult from checkpoint. This will be blocked in a future version. Add to allowed_msgpack_modules to silence: [('router', 'PerceptionResult')]
Deserializing unregistered type router.RouteDecision from checkpoint. This will be blocked in a future version. Add to allowed_msgpack_modules to silence: [('router', 'RouteDecision')]
2026-04-14 17:41:08,252 - SessionLogger - INFO - [sim_Baseline_P2_M-BUO-001_6c173d] Teacher: 没错，空心确实是个关键。那你想想，把同样重量的橡皮泥捏成实心球和做成空心碗，它们排开水的体积会有什么不同？
2026-04-14 17:41:08,793 - SessionLogger - INFO - [sim_FSM_P1_M-BUO-001_bde49a] Teacher: 这个直觉很常见，但让我们做个极端假设：如果重量是唯一标准，那把一张薄铁片揉成团它会沉，可把它敲打成巨大的空心碗状（重量完全没变），它却能浮在水面。

既然重量一丝一毫都没变，是什么改变让水突然能“托住”它了？
2026-04-14 17:41:09,203 - SessionLogger - INFO - [sim_Baseline_P3_M-ELE-002_899da0] Teacher: 对，这就是“回路”。

如果这个圈中间断开了（比如开关断开），电荷还能在这个圈里持续跑动吗？
2026-04-14 17:41:09,741 - SessionLogger - INFO - [sim_Baseline_P2_M-BUO-001_6c173d] Student: 做成碗的话，因为它占的地方变大了，所以排开的水应该更多吧？
可是……排开的水多了，为什么就能让它浮起来呢？我还是有点没想通这中间的逻辑。
Deserializing unregistered type router.SessionMemory from checkpoint. This will be blocked in a future version. Add to allowed_msgpack_modules to silence: [('router', 'SessionMemory')]
Deserializing unregistered type router.PerceptionResult from checkpoint. This will be blocked in a future version. Add to allowed_msgpack_modules to silence: [('router', 'PerceptionResult')]
Deserializing unregistered type router.RouteDecision from checkpoint. This will be blocked in a future version. Add to allowed_msgpack_modules to silence: [('router', 'RouteDecision')]
2026-04-14 17:41:10,241 - SessionLogger - INFO - [sim_FSM_P1_M-BUO-001_bde49a] Student: 那肯定是因为做成碗状后，它变“轻”了的感觉啊，或者是水更容易进去托着它。反正重量没变还能浮起来太奇怪了，我觉得肯定还是跟它实际压在水里的分量有关，不能光看形状。
Deserializing unregistered type router.SessionMemory from checkpoint. This will be blocked in a future version. Add to allowed_msgpack_modules to silence: [('router', 'SessionMemory')]
Deserializing unregistered type router.PerceptionResult from checkpoint. This will be blocked in a future version. Add to allowed_msgpack_modules to silence: [('router', 'PerceptionResult')]
Deserializing unregistered type router.RouteDecision from checkpoint. This will be blocked in a future version. Add to allowed_msgpack_modules to silence: [('router', 'RouteDecision')]
2026-04-14 17:41:12,165 - SessionLogger - INFO - [sim_Baseline_P3_M-ELE-002_899da0] Student: 断开了……那路就不通了呀，电荷肯定就卡在那儿动不了了呗？
Deserializing unregistered type router.SessionMemory from checkpoint. This will be blocked in a future version. Add to allowed_msgpack_modules to silence: [('router', 'SessionMemory')]
Deserializing unregistered type router.PerceptionResult from checkpoint. This will be blocked in a future version. Add to allowed_msgpack_modules to silence: [('router', 'PerceptionResult')]
Deserializing unregistered type router.RouteDecision from checkpoint. This will be blocked in a future version. Add to allowed_msgpack_modules to silence: [('router', 'RouteDecision')]
2026-04-14 17:41:12,415 - SessionLogger - INFO - [sim_FSM_P2_M-BUO-001_7e46d5] Teacher: 那如果按这个逻辑，一艘由钢铁制成的巨型轮船，重量成千上万吨，比小小的铁钉重了无数倍，它是不是应该瞬间沉到海底去？
2026-04-14 17:41:13,914 - SessionLogger - INFO - [sim_FSM_P2_M-BUO-001_7e46d5] Student: 呃……可是轮船确实浮在水面上啊。但这可能是因为它做得很大、里面是空的，所以不算“实心的重物”吧？
Deserializing unregistered type router.SessionMemory from checkpoint. This will be blocked in a future version. Add to allowed_msgpack_modules to silence: [('router', 'SessionMemory')]
Deserializing unregistered type router.PerceptionResult from checkpoint. This will be blocked in a future version. Add to allowed_msgpack_modules to silence: [('router', 'PerceptionResult')]
Deserializing unregistered type router.RouteDecision from checkpoint. This will be blocked in a future version. Add to allowed_msgpack_modules to silence: [('router', 'RouteDecision')]
2026-04-14 17:41:14,204 - SessionLogger - INFO - [sim_Baseline_P2_M-BUO-001_6c173d] Teacher: 阿基米德原理告诉我们，浮力的大小等于物体排开的那部分水受到的重力。

既然排开的水变多了，你觉得它产生的向上托举的力（浮力）会怎么变化？
2026-04-14 17:41:15,500 - SessionLogger - INFO - [sim_Baseline_P3_M-ELE-002_899da0] Teacher: 没错，路断了，电荷就没法持续流动了。

那如果我们在断开的地方接上一根导线，把路重新连起来，你觉得电荷会怎么动？
2026-04-14 17:41:15,966 - SessionLogger - INFO - [sim_Baseline_P2_M-BUO-001_6c173d] Student: 哦……排开的水多了，那向上的浮力应该就变大了吧？
难道说，只要这个浮力变得比重力还大，哪怕是很重的东西也能浮起来？
Deserializing unregistered type router.SessionMemory from checkpoint. This will be blocked in a future version. Add to allowed_msgpack_modules to silence: [('router', 'SessionMemory')]
Deserializing unregistered type router.PerceptionResult from checkpoint. This will be blocked in a future version. Add to allowed_msgpack_modules to silence: [('router', 'PerceptionResult')]
Deserializing unregistered type router.RouteDecision from checkpoint. This will be blocked in a future version. Add to allowed_msgpack_modules to silence: [('router', 'RouteDecision')]
2026-04-14 17:41:16,530 - SessionLogger - INFO - [sim_Baseline_P3_M-ELE-002_899da0] Student: 那就是路通了呗？电荷就能顺着这个圈一直转圈圈，灯泡也就亮了？
Deserializing unregistered type router.SessionMemory from checkpoint. This will be blocked in a future version. Add to allowed_msgpack_modules to silence: [('router', 'SessionMemory')]
Deserializing unregistered type router.PerceptionResult from checkpoint. This will be blocked in a future version. Add to allowed_msgpack_modules to silence: [('router', 'PerceptionResult')]
Deserializing unregistered type router.RouteDecision from checkpoint. This will be blocked in a future version. Add to allowed_msgpack_modules to silence: [('router', 'RouteDecision')]
2026-04-14 17:41:17,693 - SessionLogger - INFO - [sim_FSM+Guardrail_P1_M-BUO-001_51dae6] Teacher: 既然排开的水一样多，说明水给它们的向上托力（浮力）是一样大的。

这时候你可以想象一场“拔河比赛”：两边受到的向上拉力相同，为什么铁珠那队输了（下沉），而蜡那队赢了（上浮）呢？
2026-04-14 17:41:18,080 - SessionLogger - INFO - [sim_Baseline_P1_M-BUO-001_e0d3d3] Teacher: 咱们换个角度想：你往水里按一个空塑料瓶，是不是感觉水在拼命往上顶你？排开的水越多，这个向上的“顶力”就越强。你觉得这个力有没有可能大到足以托住橡皮泥的重量？
2026-04-14 17:41:18,898 - SessionLogger - INFO - [sim_FSM+Guardrail_P1_M-BUO-001_51dae6] Student: 因为铁珠本来就重啊，力气大自然就赢了。你老说浮力一样，可铁珠沉底就是因为它重，这难道不是最明显的道理吗？
Deserializing unregistered type router.SessionMemory from checkpoint. This will be blocked in a future version. Add to allowed_msgpack_modules to silence: [('router', 'SessionMemory')]
Deserializing unregistered type router.PerceptionResult from checkpoint. This will be blocked in a future version. Add to allowed_msgpack_modules to silence: [('router', 'PerceptionResult')]
Deserializing unregistered type router.RouteDecision from checkpoint. This will be blocked in a future version. Add to allowed_msgpack_modules to silence: [('router', 'RouteDecision')]
2026-04-14 17:41:19,366 - SessionLogger - INFO - [sim_Baseline_P1_M-BUO-001_e0d3d3] Student: 塑料瓶那么轻，当然容易浮，但橡皮泥是实心的重物啊。我觉得那个“顶力”根本不可能大到能托住橡皮泥，重的东西就是会沉，这有什么好怀疑的？
Deserializing unregistered type router.SessionMemory from checkpoint. This will be blocked in a future version. Add to allowed_msgpack_modules to silence: [('router', 'SessionMemory')]
Deserializing unregistered type router.PerceptionResult from checkpoint. This will be blocked in a future version. Add to allowed_msgpack_modules to silence: [('router', 'PerceptionResult')]
Deserializing unregistered type router.RouteDecision from checkpoint. This will be blocked in a future version. Add to allowed_msgpack_modules to silence: [('router', 'RouteDecision')]
2026-04-14 17:41:20,156 - SessionLogger - INFO - [sim_Baseline_P2_M-BUO-001_6c173d] Teacher: 没错，就是这个道理！那你能试着总结一下，物体到底是沉还是浮，最终取决于哪两个力之间的“较量”吗？
2026-04-14 17:41:20,450 - SessionLogger - INFO - [sim_FSM_P1_M-BUO-001_bde49a] Teacher: 你说得对，重量确实没变，但形状改变让它排开的水变多了。

我们可以把浮力想象成水给物体的“向上推力”，这个推力的大小取决于物体挤走了多少水。既然铁碗能浮起来，说明此时水给它的向上推力 \_\_\_\_\_\_（填“大于”、“小于”或“等于”）它自身的重力。
2026-04-14 17:41:21,944 - SessionLogger - INFO - [sim_FSM_P2_M-BUO-001_7e46d5] Teacher: 你说得对，形状确实改变了结果。那如果我们把这块能浮起来的“空心”钢铁轮船，重新熔铸成一块实心的铁疙瘩，它的重量一点没变，你觉得它还会浮着吗？
2026-04-14 17:41:22,181 - SessionLogger - INFO - [sim_Baseline_P2_M-BUO-001_6c173d] Student: 是浮力和重力在比大小对吧？
原来不是看谁绝对更重，而是看这两个力谁赢……那我之前觉得“重物必沉”是不是太片面了？
Deserializing unregistered type router.SessionMemory from checkpoint. This will be blocked in a future version. Add to allowed_msgpack_modules to silence: [('router', 'SessionMemory')]
Deserializing unregistered type router.PerceptionResult from checkpoint. This will be blocked in a future version. Add to allowed_msgpack_modules to silence: [('router', 'PerceptionResult')]
Deserializing unregistered type router.RouteDecision from checkpoint. This will be blocked in a future version. Add to allowed_msgpack_modules to silence: [('router', 'RouteDecision')]
2026-04-14 17:41:22,893 - SessionLogger - INFO - [sim_FSM_P1_M-BUO-001_bde49a] Student: 等于吧，不然它不就飞上天或者继续沉底了吗？但这还是没解释清楚啊，明明重量一样，为什么挤走的水多了推力就变大了？我觉得这逻辑有点牵强。
Deserializing unregistered type router.SessionMemory from checkpoint. This will be blocked in a future version. Add to allowed_msgpack_modules to silence: [('router', 'SessionMemory')]
Deserializing unregistered type router.PerceptionResult from checkpoint. This will be blocked in a future version. Add to allowed_msgpack_modules to silence: [('router', 'PerceptionResult')]
Deserializing unregistered type router.RouteDecision from checkpoint. This will be blocked in a future version. Add to allowed_msgpack_modules to silence: [('router', 'RouteDecision')]
2026-04-14 17:41:23,268 - SessionLogger - INFO - [sim_Baseline_P3_M-ELE-002_899da0] Teacher: 哈哈，没错！只要路是通的，电荷就能持续流动，灯泡也就亮了。

那如果我把电池的正负极反过来接，你觉得电荷流动的方向会变吗？灯泡还会亮吗？
2026-04-14 17:41:24,030 - SessionLogger - INFO - [sim_Baseline_P3_M-ELE-002_899da0] Student: 方向应该会变吧？反正只要路是通的，灯泡应该还是会亮的。
Deserializing unregistered type router.SessionMemory from checkpoint. This will be blocked in a future version. Add to allowed_msgpack_modules to silence: [('router', 'SessionMemory')]
Deserializing unregistered type router.PerceptionResult from checkpoint. This will be blocked in a future version. Add to allowed_msgpack_modules to silence: [('router', 'PerceptionResult')]
Deserializing unregistered type router.RouteDecision from checkpoint. This will be blocked in a future version. Add to allowed_msgpack_modules to silence: [('router', 'RouteDecision')]
2026-04-14 17:41:24,260 - SessionLogger - INFO - [sim_Baseline_P1_M-BUO-001_e0d3d3] Teacher: 既然你坚信“重物必沉”，那万吨巨轮也是钢铁做的，比橡皮泥重亿万倍，它为什么能浮在海面上？你觉得它和实心铁块最大的区别在哪？
2026-04-14 17:41:25,654 - SessionLogger - INFO - [sim_FSM_P2_M-BUO-001_7e46d5] Student: 那肯定会沉啊，变成实心铁疙瘩后它就变“重”了嘛。看来光看总重量好像不太对……老师，这到底是因为什么变了？
Deserializing unregistered type router.SessionMemory from checkpoint. This will be blocked in a future version. Add to allowed_msgpack_modules to silence: [('router', 'SessionMemory')]
Deserializing unregistered type router.PerceptionResult from checkpoint. This will be blocked in a future version. Add to allowed_msgpack_modules to silence: [('router', 'PerceptionResult')]
Deserializing unregistered type router.RouteDecision from checkpoint. This will be blocked in a future version. Add to allowed_msgpack_modules to silence: [('router', 'RouteDecision')]
2026-04-14 17:41:25,734 - SessionLogger - INFO - [sim_Baseline_P2_M-BUO-001_6c173d] Teacher: 确实很片面。那你能不能举个例子，说明为什么一个很重的物体（比如钢铁做的船）也能浮在水面上？
2026-04-14 17:41:26,979 - SessionLogger - INFO - [sim_Baseline_P2_M-BUO-001_6c173d] Student: 因为船是空心的，排开的水特别多，所以产生的浮力特别大。
只要这个浮力能抵消掉船本身的重力，它就能浮起来，对吧？
Deserializing unregistered type router.SessionMemory from checkpoint. This will be blocked in a future version. Add to allowed_msgpack_modules to silence: [('router', 'SessionMemory')]
Deserializing unregistered type router.PerceptionResult from checkpoint. This will be blocked in a future version. Add to allowed_msgpack_modules to silence: [('router', 'PerceptionResult')]
Deserializing unregistered type router.RouteDecision from checkpoint. This will be blocked in a future version. Add to allowed_msgpack_modules to silence: [('router', 'RouteDecision')]
2026-04-14 17:41:27,977 - SessionLogger - INFO - [sim_Baseline_P1_M-BUO-001_e0d3d3] Student: 巨轮那是特例，里面是空的嘛，肯定不能跟实心铁块比。但我说的橡皮泥是实心的重物，重的东西就是会沉，你别拿那种空心的东西来糊弄我。
Deserializing unregistered type router.SessionMemory from checkpoint. This will be blocked in a future version. Add to allowed_msgpack_modules to silence: [('router', 'SessionMemory')]
Deserializing unregistered type router.PerceptionResult from checkpoint. This will be blocked in a future version. Add to allowed_msgpack_modules to silence: [('router', 'PerceptionResult')]
Deserializing unregistered type router.RouteDecision from checkpoint. This will be blocked in a future version. Add to allowed_msgpack_modules to silence: [('router', 'RouteDecision')]
2026-04-14 17:41:29,152 - SessionLogger - INFO - [sim_Baseline_P3_M-ELE-002_899da0] Teacher: 没错，灯泡确实还是会亮。

那既然方向变了灯还亮，你觉得灯泡发光主要是靠电荷流动的“方向”，还是靠电荷流动的“本身”呢？
2026-04-14 17:41:30,285 - SessionLogger - INFO - [sim_Baseline_P3_M-ELE-002_899da0] Student: 应该是靠流动本身吧？毕竟不管往哪边流，灯都亮了……但这跟刚才说的“回路”有啥关系呀？
Deserializing unregistered type router.SessionMemory from checkpoint. This will be blocked in a future version. Add to allowed_msgpack_modules to silence: [('router', 'SessionMemory')]
Deserializing unregistered type router.PerceptionResult from checkpoint. This will be blocked in a future version. Add to allowed_msgpack_modules to silence: [('router', 'PerceptionResult')]
Deserializing unregistered type router.RouteDecision from checkpoint. This will be blocked in a future version. Add to allowed_msgpack_modules to silence: [('router', 'RouteDecision')]
2026-04-14 17:41:31,010 - SessionLogger - INFO - [sim_FSM+Guardrail_P1_M-BUO-001_51dae6] Teacher: 你说得对，铁珠确实是因为“重”才赢过了浮力。

但请回想一下那艘巨大的钢铁轮船：它比铁珠重亿万倍，却能浮在水面。如果只看“谁更重”，轮船早就该沉到海底了。

所以，决定胜负的关键不仅仅是向下的重力，还要看向上的浮力够不够大。对于实心物体，当它的密度比水______时，它就会下沉；当它的密度比水______时，它就会上浮。
2026-04-14 17:41:32,558 - SessionLogger - INFO - [sim_FSM+Guardrail_P1_M-BUO-001_51dae6] Student: 轮船那是空心的，里面全是空气，当然轻了，这跟实心铁块能一样吗？你突然提什么密度，我还是觉得重的东西就是会沉，轻的才会浮。
Deserializing unregistered type router.SessionMemory from checkpoint. This will be blocked in a future version. Add to allowed_msgpack_modules to silence: [('router', 'SessionMemory')]
Deserializing unregistered type router.PerceptionResult from checkpoint. This will be blocked in a future version. Add to allowed_msgpack_modules to silence: [('router', 'PerceptionResult')]
Deserializing unregistered type router.RouteDecision from checkpoint. This will be blocked in a future version. Add to allowed_msgpack_modules to silence: [('router', 'RouteDecision')]
2026-04-14 17:41:33,814 - SessionLogger - INFO - [sim_Baseline_P3_M-ELE-002_899da0] Teacher: 问得好！如果路没接通（不是回路），电荷还能“流动”起来吗？

你可以想象一下，如果队伍后面没人推，前面的人能一直往前走吗？
2026-04-14 17:41:33,994 - SessionLogger - INFO - [sim_Baseline_P2_M-BUO-001_6c173d] Teacher: 没错，当浮力等于重力时，船就漂浮在水面上了。

那如果往船里不断装货物，船身会下沉一些还是上浮一些？这时候排开水的体积和受到的浮力又是怎么变化的呢？
2026-04-14 17:41:33,994 - SessionLogger - INFO - [sim_Baseline_P2_M-BUO-001_6c173d] Extending max_turns by 3 because cognitive_state is '新概念探索'
2026-04-14 17:41:35,084 - SessionLogger - INFO - [sim_Baseline_P3_M-ELE-002_899da0] Student: 好像……不能？如果后面堵住了，前面的人确实挤不动。

所以你的意思是，电荷如果流不出去（没回路），它其实根本就不会开始流动吗？
Deserializing unregistered type router.SessionMemory from checkpoint. This will be blocked in a future version. Add to allowed_msgpack_modules to silence: [('router', 'SessionMemory')]
Deserializing unregistered type router.PerceptionResult from checkpoint. This will be blocked in a future version. Add to allowed_msgpack_modules to silence: [('router', 'PerceptionResult')]
Deserializing unregistered type router.RouteDecision from checkpoint. This will be blocked in a future version. Add to allowed_msgpack_modules to silence: [('router', 'RouteDecision')]
2026-04-14 17:41:35,163 - SessionLogger - INFO - [sim_Baseline_P1_M-BUO-001_e0d3d3] Teacher: 好，那咱们就死磕“实心”的。如果我把这块橡皮泥捏成极薄的片，平放在水面上，它可能暂时浮着。这时候它排开的水，是不是比它沉底时排开的多？
2026-04-14 17:41:36,132 - SessionLogger - INFO - [sim_FSM_P2_M-BUO-001_7e46d5] Teacher: 其实熔铸前后，铁块的总重量并没有变哦。

既然重量没变却从“浮”变成了“沉”，你觉得在这个过程中，是物体占据的“空间大小”（体积）变了，还是别的什么因素起了关键作用？
2026-04-14 17:41:36,717 - SessionLogger - INFO - [sim_Baseline_P1_M-BUO-001_e0d3d3] Student: 那只是因为它平着放，水面有张力托着它而已，根本不是浮力。而且只要稍微动一下或者沾点水，它马上就会沉下去，因为它是重物，重物最后肯定是要沉底的。
Deserializing unregistered type router.SessionMemory from checkpoint. This will be blocked in a future version. Add to allowed_msgpack_modules to silence: [('router', 'SessionMemory')]
Deserializing unregistered type router.PerceptionResult from checkpoint. This will be blocked in a future version. Add to allowed_msgpack_modules to silence: [('router', 'PerceptionResult')]
Deserializing unregistered type router.RouteDecision from checkpoint. This will be blocked in a future version. Add to allowed_msgpack_modules to silence: [('router', 'RouteDecision')]
2026-04-14 17:41:38,579 - SessionLogger - INFO - [sim_Baseline_P2_M-BUO-001_6c173d] Student: 船肯定会下沉一些，因为装货后总重力变大了。
为了保持平衡，浮力也得跟着变大，所以排开水的体积应该会增加吧？
Deserializing unregistered type router.SessionMemory from checkpoint. This will be blocked in a future version. Add to allowed_msgpack_modules to silence: [('router', 'SessionMemory')]
Deserializing unregistered type router.PerceptionResult from checkpoint. This will be blocked in a future version. Add to allowed_msgpack_modules to silence: [('router', 'PerceptionResult')]
Deserializing unregistered type router.RouteDecision from checkpoint. This will be blocked in a future version. Add to allowed_msgpack_modules to silence: [('router', 'RouteDecision')]
2026-04-14 17:41:39,751 - SessionLogger - INFO - [sim_FSM_P2_M-BUO-001_7e46d5] Student: 体积确实变小了……难道是因为它占的地方小了，水就“托不住”它了吗？
Deserializing unregistered type router.SessionMemory from checkpoint. This will be blocked in a future version. Add to allowed_msgpack_modules to silence: [('router', 'SessionMemory')]
Deserializing unregistered type router.PerceptionResult from checkpoint. This will be blocked in a future version. Add to allowed_msgpack_modules to silence: [('router', 'PerceptionResult')]
Deserializing unregistered type router.RouteDecision from checkpoint. This will be blocked in a future version. Add to allowed_msgpack_modules to silence: [('router', 'RouteDecision')]
2026-04-14 17:41:40,980 - SessionLogger - INFO - [sim_Baseline_P1_M-BUO-001_e0d3d3] Teacher: 张力确实很弱，咱们排除它。如果我把橡皮泥捏成碗状，让它稳稳地“坐”在水面上而不沉，这时候它排开的水的体积，是不是比它揉成团沉底时大得多？
2026-04-14 17:41:42,155 - SessionLogger - INFO - [sim_Baseline_P1_M-BUO-001_e0d3d3] Student: 就算排开的水多了，那又怎样？橡皮泥本身的重量一点都没变啊。重的东西就是会沉，你光说排开水有什么用，它又不是变轻了。
Deserializing unregistered type router.SessionMemory from checkpoint. This will be blocked in a future version. Add to allowed_msgpack_modules to silence: [('router', 'SessionMemory')]
Deserializing unregistered type router.PerceptionResult from checkpoint. This will be blocked in a future version. Add to allowed_msgpack_modules to silence: [('router', 'PerceptionResult')]
Deserializing unregistered type router.RouteDecision from checkpoint. This will be blocked in a future version. Add to allowed_msgpack_modules to silence: [('router', 'RouteDecision')]
2026-04-14 17:41:42,439 - SessionLogger - WARNING - LLM Judge blocked response. Reason: 助教在回复中直接给出了决定沉浮的核心物理判据——密度与水的比较关系（'如果物体的密度比水大，它就会______；如果比水小，它就会______'）。虽然使用了填空形式，但逻辑链条已经完全由助教构建完毕，学生只需填入'下沉'和'上浮'这两个显而易见的结论。这属于直接告诉了学生本题最终的物理结论（即沉浮取决于密度而非绝对重量），违反了违规定义1，且不符合仅提供前提事实或引导思考的豁免标准。
2026-04-14 17:41:45,871 - SessionLogger - INFO - [sim_Baseline_P1_M-BUO-001_e0d3d3] Teacher: 你说得对，橡皮泥确实没变轻。但你想过没，水托起物体的力，是不是跟它“让出”的空间大小有关？
2026-04-14 17:41:47,198 - SessionLogger - INFO - [sim_Baseline_P1_M-BUO-001_e0d3d3] Student: 没变轻那就是重啊，重的东西肯定往下掉。你老说水让出空间，可橡皮泥还是那块橡皮泥，重量没变，它凭什么能浮起来？我不信。
Deserializing unregistered type router.SessionMemory from checkpoint. This will be blocked in a future version. Add to allowed_msgpack_modules to silence: [('router', 'SessionMemory')]
Deserializing unregistered type router.PerceptionResult from checkpoint. This will be blocked in a future version. Add to allowed_msgpack_modules to silence: [('router', 'PerceptionResult')]
Deserializing unregistered type router.RouteDecision from checkpoint. This will be blocked in a future version. Add to allowed_msgpack_modules to silence: [('router', 'RouteDecision')]
2026-04-14 17:41:50,240 - SessionLogger - INFO - [sim_FSM_P2_M-BUO-001_7e46d5] Teacher: 没错，你的直觉很敏锐！水向上“托”的力确实和物体挤占水的空间（排开水的体积）有关。

那请你想想，当轮船是空心时，它排开的水多，还是变成实心铁块后沉底时排开的水多？
2026-04-14 17:41:53,019 - SessionLogger - INFO - [sim_FSM_P2_M-BUO-001_7e46d5] Student: 肯定是空心轮船排开的水多，因为它大部分体积都在水面以上或者水里占的地方大。所以……是不是因为排开的水多了，得到的“托力”才足以抵消重量？
Deserializing unregistered type router.SessionMemory from checkpoint. This will be blocked in a future version. Add to allowed_msgpack_modules to silence: [('router', 'SessionMemory')]
Deserializing unregistered type router.PerceptionResult from checkpoint. This will be blocked in a future version. Add to allowed_msgpack_modules to silence: [('router', 'PerceptionResult')]
Deserializing unregistered type router.RouteDecision from checkpoint. This will be blocked in a future version. Add to allowed_msgpack_modules to silence: [('router', 'RouteDecision')]
2026-04-14 17:42:11,825 - SessionLogger - INFO - [sim_FSM_P2_M-BUO-001_7e46d5] Teacher: 正是这样！当向上的“托力”足以抵消向下的重力时，物体就能浮起来。

那如果现在有一块和轮船**体积完全一样**的实心木块，把它按入水中，你觉得它受到的“托力”会比刚才那个空心铁轮船大、小，还是一样呢？
2026-04-14 17:42:11,825 - SessionLogger - INFO - [sim_FSM_P2_M-BUO-001_7e46d5] Session finished. Resolved: True
2026-04-14 17:42:11,825 - SessionLogger - INFO - [sim_FSM+Guardrail_P2_M-BUO-001_d39260] Starting session
2026-04-14 17:42:11,826 - SessionLogger - INFO - Initialized Session sim_FSM+Guardrail_P2_M-BUO-001_d39260 on Unknown for Unknown with version FSM+Guardrail
2026-04-14 17:42:13,258 - SessionLogger - INFO - [sim_FSM+Guardrail_P2_M-BUO-001_d39260] Student Opening: 老师，我觉得重的东西肯定会沉下去，轻的才会浮起来，毕竟铁块那么重一下子就沉底了，而木头很轻就能漂在水面上嘛。
2026-04-14 17:42:13,260 - SessionLogger - INFO - [sim_FSM_P1_M-BUO-001_bde49a] Teacher: 确实，光说“挤走水多推力就大”听起来像是一条硬性规定。

我们可以换个角度想：水是有重量的。当你把物体按进水里时，你其实是在强行把原本在那里的水“挤”到别处去。

你觉得，如果你挤走的水越多，那些被挤开的水想要“回到原位”的趋势（也就是对物体的反抗力）是会变大还是变小？
2026-04-14 17:42:16,956 - SessionLogger - INFO - [sim_FSM_P1_M-BUO-001_bde49a] Student: 水又没长脚，哪来的“想要回到原位”？这听起来太玄乎了。我还是觉得重的东西就是会沉，你举那个铁碗的例子肯定有什么特殊的地方我没看到，不能代表所有情况。
Deserializing unregistered type router.SessionMemory from checkpoint. This will be blocked in a future version. Add to allowed_msgpack_modules to silence: [('router', 'SessionMemory')]
Deserializing unregistered type router.PerceptionResult from checkpoint. This will be blocked in a future version. Add to allowed_msgpack_modules to silence: [('router', 'PerceptionResult')]
Deserializing unregistered type router.RouteDecision from checkpoint. This will be blocked in a future version. Add to allowed_msgpack_modules to silence: [('router', 'RouteDecision')]
2026-04-14 17:42:17,879 - SessionLogger - INFO - [sim_Baseline_P2_M-BUO-001_6c173d] Teacher: 分析得很对！那如果货物一直加，直到船身完全没入水中后还在加，这时候浮力还能继续变大来平衡重力吗？
2026-04-14 17:42:19,534 - SessionLogger - INFO - [sim_Baseline_P2_M-BUO-001_6c173d] Student: 不能了吧，因为船已经全浸没在水里了，排开水的体积没法再增加了，浮力也就到顶了。
这时候如果重力还继续增加，浮力就拉不住它，船就会沉下去了，是这样吗？
Deserializing unregistered type router.SessionMemory from checkpoint. This will be blocked in a future version. Add to allowed_msgpack_modules to silence: [('router', 'SessionMemory')]
Deserializing unregistered type router.PerceptionResult from checkpoint. This will be blocked in a future version. Add to allowed_msgpack_modules to silence: [('router', 'PerceptionResult')]
Deserializing unregistered type router.RouteDecision from checkpoint. This will be blocked in a future version. Add to allowed_msgpack_modules to silence: [('router', 'RouteDecision')]
2026-04-14 17:42:23,991 - SessionLogger - INFO - [sim_Baseline_P2_M-BUO-001_6c173d] Teacher: 没错，这就是“最大浮力”的概念。

那既然钢铁的密度比水大，为什么做成空心后，整体的平均密度就能小于水，从而获得足够的浮力呢？
2026-04-14 17:42:25,027 - SessionLogger - INFO - [sim_FSM+Guardrail_P2_M-BUO-001_d39260] Teacher: 那如果按这个说法，为什么重达几万吨的钢铁巨轮能浮在海面上，而一枚轻轻的小铁钉扔进去却立刻沉底了呢？
2026-04-14 17:42:25,350 - SessionLogger - INFO - [sim_Baseline_P2_M-BUO-001_6c173d] Student: 因为空心部分把整体的体积撑大了，但质量没怎么增加？
所以算下来，平均密度就变小了，是这样理解吗？
Deserializing unregistered type router.SessionMemory from checkpoint. This will be blocked in a future version. Add to allowed_msgpack_modules to silence: [('router', 'SessionMemory')]
Deserializing unregistered type router.PerceptionResult from checkpoint. This will be blocked in a future version. Add to allowed_msgpack_modules to silence: [('router', 'PerceptionResult')]
Deserializing unregistered type router.RouteDecision from checkpoint. This will be blocked in a future version. Add to allowed_msgpack_modules to silence: [('router', 'RouteDecision')]
2026-04-14 17:42:27,796 - SessionLogger - INFO - [sim_FSM+Guardrail_P1_M-BUO-001_51dae6] Teacher: 确实，轮船靠空心结构改变了整体的“平均密度”，这让它能排开更多的水。

但既然你坚持看实心物体，我们就只看实心的：同样大小的实心铁块和实心木块，铁块重所以沉，木块轻所以浮。

这说明在体积相同的情况下，决定沉浮的不是绝对的轻重，而是看物体的密度比水的密度______还是______。
2026-04-14 17:42:28,264 - SessionLogger - INFO - [sim_Baseline_P3_M-ELE-002_899da0] Teacher: 没错，就像水管如果出口堵死，水根本流不动一样。

那现在想想，如果只连了电池的一头，电荷有“去处”让它持续流动吗？
2026-04-14 17:42:29,069 - SessionLogger - INFO - [sim_FSM+Guardrail_P2_M-BUO-001_d39260] Student: 呃……这确实有点奇怪，难道是因为船太大了所以水把它托住了？但我还是觉得重量是关键，毕竟船那么重还能浮着，是不是因为它是空心的所以其实“变轻”了？
Deserializing unregistered type router.SessionMemory from checkpoint. This will be blocked in a future version. Add to allowed_msgpack_modules to silence: [('router', 'SessionMemory')]
Deserializing unregistered type router.PerceptionResult from checkpoint. This will be blocked in a future version. Add to allowed_msgpack_modules to silence: [('router', 'PerceptionResult')]
Deserializing unregistered type router.RouteDecision from checkpoint. This will be blocked in a future version. Add to allowed_msgpack_modules to silence: [('router', 'RouteDecision')]
2026-04-14 17:42:29,201 - SessionLogger - INFO - [sim_FSM_P1_M-BUO-001_bde49a] Teacher: 这个比喻确实有点抽象，我们换个更直观的。

想象你在一个挤满人的电梯里，如果你只是轻轻侧身（排开空间小），大家可能没感觉；但如果你张开双臂占了一大块地方（排开空间大），周围人挤你的力量是不是会明显变大？

既然铁碗和铁团重量一样，为什么铁碗能“占”住那么大一块水的空间，而铁团却只能“占”一点点？
2026-04-14 17:42:29,385 - SessionLogger - INFO - [sim_Baseline_P2_M-BUO-001_6c173d] Teacher: 正是如此！体积变大而质量增加很少，平均密度自然就降下来了。

那如果这个“空心”的船不小心破了个洞，水灌满了内部空间，这时候它的平均密度会发生什么变化？
2026-04-14 17:42:32,158 - SessionLogger - INFO - [sim_FSM+Guardrail_P1_M-BUO-001_51dae6] Student: 体积一样铁肯定比木头重啊，重的沉轻的浮，这逻辑没毛病。你老提密度，可密度不就是看谁更重吗？别绕弯子了。
Deserializing unregistered type router.SessionMemory from checkpoint. This will be blocked in a future version. Add to allowed_msgpack_modules to silence: [('router', 'SessionMemory')]
Deserializing unregistered type router.PerceptionResult from checkpoint. This will be blocked in a future version. Add to allowed_msgpack_modules to silence: [('router', 'PerceptionResult')]
Deserializing unregistered type router.RouteDecision from checkpoint. This will be blocked in a future version. Add to allowed_msgpack_modules to silence: [('router', 'RouteDecision')]
2026-04-14 17:42:32,183 - SessionLogger - INFO - [sim_Baseline_P3_M-ELE-002_899da0] Student: 好像……没有？就像水管只接了一头，水没地方去，确实流不起来。

所以之前我以为连上一头就能亮，其实是电荷根本就没动起来？
Deserializing unregistered type router.SessionMemory from checkpoint. This will be blocked in a future version. Add to allowed_msgpack_modules to silence: [('router', 'SessionMemory')]
Deserializing unregistered type router.PerceptionResult from checkpoint. This will be blocked in a future version. Add to allowed_msgpack_modules to silence: [('router', 'PerceptionResult')]
Deserializing unregistered type router.RouteDecision from checkpoint. This will be blocked in a future version. Add to allowed_msgpack_modules to silence: [('router', 'RouteDecision')]
2026-04-14 17:42:33,021 - SessionLogger - INFO - [sim_FSM_P1_M-BUO-001_bde49a] Student: 铁碗中间是空的啊，那里面装的是空气，空气那么轻，肯定是空气把它托起来的。这跟水挤不挤没关系，是因为它变“轻”了，你还是没解释为什么重的铁本身能浮着。
Deserializing unregistered type router.SessionMemory from checkpoint. This will be blocked in a future version. Add to allowed_msgpack_modules to silence: [('router', 'SessionMemory')]
Deserializing unregistered type router.PerceptionResult from checkpoint. This will be blocked in a future version. Add to allowed_msgpack_modules to silence: [('router', 'PerceptionResult')]
Deserializing unregistered type router.RouteDecision from checkpoint. This will be blocked in a future version. Add to allowed_msgpack_modules to silence: [('router', 'RouteDecision')]
2026-04-14 17:42:33,114 - SessionLogger - INFO - [sim_Baseline_P2_M-BUO-001_6c173d] Student: 那水灌进去后，质量肯定大幅增加，但船的外形体积没变。
这样平均密度就会变大，甚至超过水的密度，所以船就沉了，对吧？
Deserializing unregistered type router.SessionMemory from checkpoint. This will be blocked in a future version. Add to allowed_msgpack_modules to silence: [('router', 'SessionMemory')]
Deserializing unregistered type router.PerceptionResult from checkpoint. This will be blocked in a future version. Add to allowed_msgpack_modules to silence: [('router', 'PerceptionResult')]
Deserializing unregistered type router.RouteDecision from checkpoint. This will be blocked in a future version. Add to allowed_msgpack_modules to silence: [('router', 'RouteDecision')]
2026-04-14 17:42:35,672 - SessionLogger - INFO - [sim_Baseline_P3_M-ELE-002_899da0] Teacher: 正是这样。没有回路，电荷就无法形成持续的定向移动，也就是没有电流。

那现在你想想，既然电荷没动起来，灯泡里的灯丝还会发热发光吗？
2026-04-14 17:42:37,474 - SessionLogger - INFO - [sim_Baseline_P3_M-ELE-002_899da0] Student: 哦……如果电荷不动，那灯丝里就没有东西在“摩擦”生热了？

所以我之前觉得连上一头就能亮，是因为我误以为电荷只要到了灯泡那里就算“工作”了，其实它得一直跑起来才行？
2026-04-14 17:42:37,474 - SessionLogger - INFO - [sim_Baseline_P3_M-ELE-002_899da0] Session finished. Resolved: False
2026-04-14 17:42:37,474 - SessionLogger - INFO - [sim_Baseline_P3_M-BUO-001_799689] Starting session
2026-04-14 17:42:37,474 - SessionLogger - INFO - Initialized Session sim_Baseline_P3_M-BUO-001_799689 on Unknown for Unknown with version FSM+Guardrail
2026-04-14 17:42:38,576 - SessionLogger - INFO - [sim_Baseline_P3_M-BUO-001_799689] Student Opening: 老师，我不明白，为什么大轮船那么重却能浮在水面上，而我的小石子明明很轻，扔进去却一下子就沉底了？
2026-04-14 17:42:38,601 - SessionLogger - INFO - [sim_FSM+Guardrail_P2_M-BUO-001_d39260] Teacher: 你说得对，船确实是空心的，但如果我们把这艘空心船里的空气抽走，换成同样体积的实心铁块，它的重量会增加还是减少呢？
2026-04-14 17:42:40,490 - SessionLogger - INFO - [sim_FSM+Guardrail_P1_M-BUO-001_51dae6] Teacher: 这个问题确实很绕，因为“重”这个字在日常生活中太有误导性了，你的困惑非常正常。

既然现在卡在这里有点难受，我们要不先把它放一放？你可以去喝口水或者看看别的章节，等脑子放松了再回来想，往往会有新发现。
2026-04-14 17:42:41,088 - SessionLogger - INFO - [sim_FSM+Guardrail_P2_M-BUO-001_d39260] Student: 那重量肯定增加啊，铁比空气重多了。可是老师，如果变重了就沉，那原来的船那么重为什么没沉呢？我还是有点绕不过来。
Deserializing unregistered type router.SessionMemory from checkpoint. This will be blocked in a future version. Add to allowed_msgpack_modules to silence: [('router', 'SessionMemory')]
Deserializing unregistered type router.PerceptionResult from checkpoint. This will be blocked in a future version. Add to allowed_msgpack_modules to silence: [('router', 'PerceptionResult')]
Deserializing unregistered type router.RouteDecision from checkpoint. This will be blocked in a future version. Add to allowed_msgpack_modules to silence: [('router', 'RouteDecision')]
2026-04-14 17:42:41,159 - SessionLogger - INFO - [sim_Baseline_P2_M-BUO-001_6c173d] Teacher: 完全正确！当平均密度超过水，重力就彻底战胜了浮力。

现在回想一下，最初你觉得“重物必沉”，现在看来，决定沉浮的关键到底是物体的“绝对重量”，还是它与周围液体密度的“相对关系”呢？
2026-04-14 17:42:41,773 - SessionLogger - INFO - [sim_FSM_P1_M-BUO-001_bde49a] Teacher: 既然你觉得是空气在起作用，那我们把碗口朝下，垂直用力把它按入水中，让水完全充满碗的内部，把空气全部赶跑。

这时候只剩下实心的铁了，你觉得它还会浮在水面上吗？
2026-04-14 17:42:43,016 - SessionLogger - INFO - [sim_Baseline_P2_M-BUO-001_6c173d] Student: 看来关键不是看它有多重，而是看它的平均密度是不是比水小。
只要平均密度够小，哪怕是很重的钢铁船也能浮起来，我之前那个“重物必沉”的想法太片面了。
Deserializing unregistered type router.SessionMemory from checkpoint. This will be blocked in a future version. Add to allowed_msgpack_modules to silence: [('router', 'SessionMemory')]
Deserializing unregistered type router.PerceptionResult from checkpoint. This will be blocked in a future version. Add to allowed_msgpack_modules to silence: [('router', 'PerceptionResult')]
Deserializing unregistered type router.RouteDecision from checkpoint. This will be blocked in a future version. Add to allowed_msgpack_modules to silence: [('router', 'RouteDecision')]
2026-04-14 17:42:43,974 - SessionLogger - INFO - [sim_FSM+Guardrail_P1_M-BUO-001_51dae6] Student: 我不走，我觉得我的逻辑没问题，是你没讲清楚。你别想糊弄过去，你倒是说说，为什么密度就能决定沉浮？
Deserializing unregistered type router.SessionMemory from checkpoint. This will be blocked in a future version. Add to allowed_msgpack_modules to silence: [('router', 'SessionMemory')]
Deserializing unregistered type router.PerceptionResult from checkpoint. This will be blocked in a future version. Add to allowed_msgpack_modules to silence: [('router', 'PerceptionResult')]
Deserializing unregistered type router.RouteDecision from checkpoint. This will be blocked in a future version. Add to allowed_msgpack_modules to silence: [('router', 'RouteDecision')]
2026-04-14 17:42:45,547 - SessionLogger - INFO - [sim_FSM_P1_M-BUO-001_bde49a] Student: 那肯定沉啊，里面没空气了，它就是一块实心的铁。你看，我就说嘛，只要没有那些轻飘飘的东西帮忙，重的东西一定会沉下去的。
Deserializing unregistered type router.SessionMemory from checkpoint. This will be blocked in a future version. Add to allowed_msgpack_modules to silence: [('router', 'SessionMemory')]
Deserializing unregistered type router.PerceptionResult from checkpoint. This will be blocked in a future version. Add to allowed_msgpack_modules to silence: [('router', 'PerceptionResult')]
Deserializing unregistered type router.RouteDecision from checkpoint. This will be blocked in a future version. Add to allowed_msgpack_modules to silence: [('router', 'RouteDecision')]
2026-04-14 17:42:45,950 - SessionLogger - INFO - [sim_Baseline_P3_M-BUO-001_799689] Teacher: 如果把你手里的橡皮泥捏成实心小球，它会沉还是浮？要是把它捏成一个小碗的形状呢？
2026-04-14 17:42:47,442 - SessionLogger - INFO - [sim_Baseline_P1_M-BUO-001_e0d3d3] Teacher: 那咱们换个角度：如果水“让出”的空间足够大，产生的向上推力超过了橡皮泥的重力，你觉得它还会往下掉吗？
2026-04-14 17:42:47,956 - SessionLogger - INFO - [sim_Baseline_P3_M-BUO-001_799689] Student: 实心小球肯定会沉啊，因为它重嘛。但是捏成碗……它重量没变呀，为什么形状变了结果就会不一样？我还是觉得重的东西就该沉下去。
Deserializing unregistered type router.SessionMemory from checkpoint. This will be blocked in a future version. Add to allowed_msgpack_modules to silence: [('router', 'SessionMemory')]
Deserializing unregistered type router.PerceptionResult from checkpoint. This will be blocked in a future version. Add to allowed_msgpack_modules to silence: [('router', 'PerceptionResult')]
Deserializing unregistered type router.RouteDecision from checkpoint. This will be blocked in a future version. Add to allowed_msgpack_modules to silence: [('router', 'RouteDecision')]
2026-04-14 17:42:48,488 - SessionLogger - INFO - [sim_Baseline_P2_M-BUO-001_6c173d] Teacher: 没错，这就是透过现象看本质！

那如果把这艘钢铁船从淡水河里开进密度更大的海水里，你觉得它吃水的深度（浸入水中的体积）会变深还是变浅呢？
2026-04-14 17:42:48,769 - SessionLogger - INFO - [sim_FSM+Guardrail_P2_M-BUO-001_d39260] Teacher: 这个现象确实很反直觉，因为我们在生活中很少把“轻重”和“体积”分开来看。

咱们先只看这一枚小铁钉：把它按进水里时，它排开的水的体积，是比它自己的体积大，还是一样大？
2026-04-14 17:42:48,775 - SessionLogger - INFO - [sim_Baseline_P1_M-BUO-001_e0d3d3] Student: 不可能，向上的推力怎么可能超过重力？它明明那么重。重物就是会下沉，这是常识，你别想用这种假设来忽悠我。
Deserializing unregistered type router.SessionMemory from checkpoint. This will be blocked in a future version. Add to allowed_msgpack_modules to silence: [('router', 'SessionMemory')]
Deserializing unregistered type router.PerceptionResult from checkpoint. This will be blocked in a future version. Add to allowed_msgpack_modules to silence: [('router', 'PerceptionResult')]
Deserializing unregistered type router.RouteDecision from checkpoint. This will be blocked in a future version. Add to allowed_msgpack_modules to silence: [('router', 'RouteDecision')]
2026-04-14 17:42:50,006 - SessionLogger - INFO - [sim_Baseline_P2_M-BUO-001_6c173d] Student: 既然海水密度更大，那船应该更容易浮起来一点吧？
所以我猜吃水深度会变浅，不用排开那么多水就能产生足够的浮力了，是这样吗？
Deserializing unregistered type router.SessionMemory from checkpoint. This will be blocked in a future version. Add to allowed_msgpack_modules to silence: [('router', 'SessionMemory')]
Deserializing unregistered type router.PerceptionResult from checkpoint. This will be blocked in a future version. Add to allowed_msgpack_modules to silence: [('router', 'PerceptionResult')]
Deserializing unregistered type router.RouteDecision from checkpoint. This will be blocked in a future version. Add to allowed_msgpack_modules to silence: [('router', 'RouteDecision')]
2026-04-14 17:42:50,018 - SessionLogger - INFO - [sim_FSM+Guardrail_P2_M-BUO-001_d39260] Student: 应该是一样大吧，因为它完全浸没在水里了，占了多少地方就排开多少水。但这跟它沉下去有什么关系呢？
Deserializing unregistered type router.SessionMemory from checkpoint. This will be blocked in a future version. Add to allowed_msgpack_modules to silence: [('router', 'SessionMemory')]
Deserializing unregistered type router.PerceptionResult from checkpoint. This will be blocked in a future version. Add to allowed_msgpack_modules to silence: [('router', 'PerceptionResult')]
Deserializing unregistered type router.RouteDecision from checkpoint. This will be blocked in a future version. Add to allowed_msgpack_modules to silence: [('router', 'RouteDecision')]
2026-04-14 17:42:53,327 - SessionLogger - INFO - [sim_Baseline_P3_M-BUO-001_799689] Teacher: 重量确实没变，但“碗”占的地方是不是比“球”大多了？
想想看，它排开的水变多了，水给它的托力（浮力）会不会也跟着变大呢？
2026-04-14 17:42:54,056 - SessionLogger - INFO - [sim_FSM+Guardrail_P1_M-BUO-001_51dae6] Teacher: 你的坚持很有劲头，这种不弄懂不罢休的态度其实是学好物理最宝贵的品质。

既然你觉得“密度”这个词像是在绕弯子，那我们先把它扔一边。咱们只看两个同样大小的实心球：一个铁球，一个木球。

把它们按进水里时，它们排开的水是一样多的，所以水给它们的向上托力（浮力）也是一样的。这时候，决定谁沉谁浮的关键，就变成了比较这两个球各自的______和这个相同的______谁更大。
2026-04-14 17:42:54,722 - SessionLogger - INFO - [sim_Baseline_P1_M-BUO-001_e0d3d3] Teacher: 那钢铁造的巨轮比橡皮泥重成千上万倍，为什么能浮在海面上？你觉得它和实心的铁块有什么关键区别？
2026-04-14 17:42:54,964 - SessionLogger - INFO - [sim_FSM_P1_M-BUO-001_bde49a] Teacher: 没错，赶走空气后它确实沉了。

但请回想一下，刚才那个能浮起来的铁碗，它的“铁壳”部分本身重不重？
2026-04-14 17:42:55,212 - SessionLogger - INFO - [sim_Baseline_P3_M-BUO-001_799689] Student: 占的地方大……所以水给的托力就变大？可是它明明还是那么重啊，光靠“占地方”就能抵消重量吗？
Deserializing unregistered type router.SessionMemory from checkpoint. This will be blocked in a future version. Add to allowed_msgpack_modules to silence: [('router', 'SessionMemory')]
Deserializing unregistered type router.PerceptionResult from checkpoint. This will be blocked in a future version. Add to allowed_msgpack_modules to silence: [('router', 'PerceptionResult')]
Deserializing unregistered type router.RouteDecision from checkpoint. This will be blocked in a future version. Add to allowed_msgpack_modules to silence: [('router', 'RouteDecision')]
2026-04-14 17:42:55,502 - SessionLogger - INFO - [sim_FSM+Guardrail_P1_M-BUO-001_51dae6] Student: 那肯定是比重量啊，铁球重所以沉，木球轻所以浮。你绕了半天不还是说重的沉吗？
Deserializing unregistered type router.SessionMemory from checkpoint. This will be blocked in a future version. Add to allowed_msgpack_modules to silence: [('router', 'SessionMemory')]
Deserializing unregistered type router.PerceptionResult from checkpoint. This will be blocked in a future version. Add to allowed_msgpack_modules to silence: [('router', 'PerceptionResult')]
Deserializing unregistered type router.RouteDecision from checkpoint. This will be blocked in a future version. Add to allowed_msgpack_modules to silence: [('router', 'RouteDecision')]
2026-04-14 17:42:58,514 - SessionLogger - INFO - [sim_Baseline_P1_M-BUO-001_e0d3d3] Student: 轮船那么大，当然能浮着，那是特例。但我说的是重物必沉，铁块那么小都沉了，你别拿这种大家伙来混淆视听，重的东西本质上就是会沉的。
2026-04-14 17:42:58,514 - SessionLogger - INFO - [sim_Baseline_P1_M-BUO-001_e0d3d3] Session finished. Resolved: False
2026-04-14 17:42:58,514 - SessionLogger - INFO - [sim_FSM_P3_M-BUO-001_c5154a] Starting session
2026-04-14 17:42:58,515 - SessionLogger - INFO - Initialized Session sim_FSM_P3_M-BUO-001_c5154a on Unknown for Unknown with version FSM+Guardrail
2026-04-14 17:43:01,042 - SessionLogger - INFO - [sim_FSM_P3_M-BUO-001_c5154a] Student Opening: 老师，为什么铁块扔水里就沉底了，但木头却能浮着？是不是因为铁比木头重太多了，所以重的东西肯定都会沉下去呀？
2026-04-14 17:43:01,054 - SessionLogger - INFO - [sim_FSM_P1_M-BUO-001_bde49a] Student: 铁壳当然重啊，铁那么沉，拿在手里沉甸甸的。但这不代表它能浮起来，刚才能浮肯定是因为有空气帮忙，现在你非要把空气赶走，那它自然就沉了，这正好证明重的东西没法自己浮着。
2026-04-14 17:43:01,055 - SessionLogger - INFO - [sim_FSM_P1_M-BUO-001_bde49a] Session finished. Resolved: False
2026-04-14 17:43:01,055 - SessionLogger - INFO - [sim_FSM+Guardrail_P3_M-BUO-001_776b3d] Starting session
2026-04-14 17:43:01,056 - SessionLogger - INFO - Initialized Session sim_FSM+Guardrail_P3_M-BUO-001_776b3d on Unknown for Unknown with version FSM+Guardrail
2026-04-14 17:43:02,209 - SessionLogger - INFO - [sim_FSM+Guardrail_P3_M-BUO-001_776b3d] Student Opening: 老师，我不明白，既然铁块那么重，它肯定会沉下去，那为什么超级重的航空母舰反而能浮在水面上呢？
2026-04-14 17:43:02,219 - SessionLogger - INFO - [sim_FSM+Guardrail_P2_M-BUO-001_d39260] Teacher: 没错，排开水的体积确实等于铁钉的体积。

现在请你比较一下：同样大小的一块“水”和一块“铁”，谁更重一些？
2026-04-14 17:43:02,223 - SessionLogger - INFO - [sim_Baseline_P3_M-BUO-001_799689] Teacher: 没错，重量没变，但水给的“托力”变大了呀。
你想想，如果这个“碗”做得足够大，排开的水足够多，那个托力有没有可能大到足以抵消它的重量呢？
2026-04-14 17:43:03,554 - SessionLogger - INFO - [sim_FSM+Guardrail_P2_M-BUO-001_d39260] Student: 肯定是铁更重啊，铁的密度比水大嘛。所以是因为它比同体积的水重才沉下去的？
Deserializing unregistered type router.SessionMemory from checkpoint. This will be blocked in a future version. Add to allowed_msgpack_modules to silence: [('router', 'SessionMemory')]
Deserializing unregistered type router.PerceptionResult from checkpoint. This will be blocked in a future version. Add to allowed_msgpack_modules to silence: [('router', 'PerceptionResult')]
Deserializing unregistered type router.RouteDecision from checkpoint. This will be blocked in a future version. Add to allowed_msgpack_modules to silence: [('router', 'RouteDecision')]
2026-04-14 17:43:03,838 - SessionLogger - INFO - [sim_Baseline_P3_M-BUO-001_799689] Student: 抵消重量……那是不是只要“碗”够大，托力就能把重量给顶住？所以我之前觉得重就一定沉，是因为没考虑到这个“托力”其实是可以变大的？
Deserializing unregistered type router.SessionMemory from checkpoint. This will be blocked in a future version. Add to allowed_msgpack_modules to silence: [('router', 'SessionMemory')]
Deserializing unregistered type router.PerceptionResult from checkpoint. This will be blocked in a future version. Add to allowed_msgpack_modules to silence: [('router', 'PerceptionResult')]
Deserializing unregistered type router.RouteDecision from checkpoint. This will be blocked in a future version. Add to allowed_msgpack_modules to silence: [('router', 'RouteDecision')]
2026-04-14 17:43:07,971 - SessionLogger - INFO - [sim_FSM+Guardrail_P1_M-BUO-001_51dae6] Teacher: 你说得对，在这个特定的例子里，确实是重的沉、轻的浮。

但咱们换个场景：如果我把那个木块做成一座巨大的实心木山，重达几千吨，它还会因为“轻”而浮在水面上吗？
2026-04-14 17:43:09,553 - SessionLogger - INFO - [sim_Baseline_P3_M-BUO-001_799689] Teacher: 没错，关键在于这个“托力”能不能追上重量。
那如果这艘钢铁巨轮装满了货物，变得更重了，它为了保持漂浮，吃水深度（浸入水中的部分）会发生什么变化呢？
2026-04-14 17:43:09,934 - SessionLogger - INFO - [sim_FSM+Guardrail_P1_M-BUO-001_51dae6] Student: 几千吨的木头？那肯定沉啊，那么重怎么可能浮起来。你别拿这种极端例子忽悠我，重的东西就是会沉。
2026-04-14 17:43:09,935 - SessionLogger - INFO - [sim_FSM+Guardrail_P1_M-BUO-001_51dae6] Session finished. Resolved: False
2026-04-14 17:43:09,935 - SessionLogger - INFO - [sim_Baseline_P1_M-BUO-002_033a78] Starting session
2026-04-14 17:43:09,935 - SessionLogger - INFO - Initialized Session sim_Baseline_P1_M-BUO-002_033a78 on Unknown for Unknown with version FSM+Guardrail
2026-04-14 17:43:11,609 - SessionLogger - INFO - [sim_Baseline_P1_M-BUO-002_033a78] Student Opening: 老师，我觉得潜水艇潜得越深，受到的浮力肯定就越大啊，毕竟水越深压强不是越大吗？
2026-04-14 17:43:11,634 - SessionLogger - INFO - [sim_FSM+Guardrail_P2_M-BUO-001_d39260] Teacher: 你说得很对，铁比同体积的水重，所以重力“赢”了。

那再回头看那艘巨大的轮船，虽然它是钢铁做的，但因为它中间是空心的，它排开的那一大团水的重量，会比轮船自身的重量轻还是重呢？
2026-04-14 17:43:13,623 - SessionLogger - INFO - [sim_FSM+Guardrail_P2_M-BUO-001_d39260] Student: 啊？因为它是空心的，所以排开的水的体积特别大……那排开的那团水应该比船本身重吧？所以我之前只盯着铁看是错的？
Deserializing unregistered type router.SessionMemory from checkpoint. This will be blocked in a future version. Add to allowed_msgpack_modules to silence: [('router', 'SessionMemory')]
Deserializing unregistered type router.PerceptionResult from checkpoint. This will be blocked in a future version. Add to allowed_msgpack_modules to silence: [('router', 'PerceptionResult')]
Deserializing unregistered type router.RouteDecision from checkpoint. This will be blocked in a future version. Add to allowed_msgpack_modules to silence: [('router', 'RouteDecision')]
2026-04-14 17:43:13,706 - SessionLogger - INFO - [sim_Baseline_P3_M-BUO-001_799689] Student: 变得更重了……那它是不是得往下多沉一点，好让水能“托”住多出来的重量？所以只要沉得够深，排开的水够多，哪怕很重也能浮着？
Deserializing unregistered type router.SessionMemory from checkpoint. This will be blocked in a future version. Add to allowed_msgpack_modules to silence: [('router', 'SessionMemory')]
Deserializing unregistered type router.PerceptionResult from checkpoint. This will be blocked in a future version. Add to allowed_msgpack_modules to silence: [('router', 'PerceptionResult')]
Deserializing unregistered type router.RouteDecision from checkpoint. This will be blocked in a future version. Add to allowed_msgpack_modules to silence: [('router', 'RouteDecision')]
2026-04-14 17:43:15,017 - SessionLogger - INFO - [sim_FSM_P3_M-BUO-001_c5154a] Teacher: 这个直觉很自然，毕竟我们手里的重物确实容易往下掉。但你想过没有，如果用钢铁造一艘几万吨重的巨轮，它可是比小铁块重亿万倍，为什么它反而能浮在海面上呢？
2026-04-14 17:43:15,786 - SessionLogger - INFO - [sim_FSM+Guardrail_P3_M-BUO-001_776b3d] Teacher: 这个现象确实很反直觉，因为我们通常觉得重的东西就一定能“压”垮水面。

但试想一下，如果我们把这艘巨大的航空母舰压缩成一个实心的小铁疙瘩，重量完全没变，你觉得它还能像现在这样浮在水面上吗？
2026-04-14 17:43:16,058 - SessionLogger - INFO - [sim_FSM_P3_M-BUO-001_c5154a] Student: 啊？可是……巨轮那么重，按道理不应该沉得更深吗？是不是因为船里面是空的，所以其实它没那么“实”？
Deserializing unregistered type router.SessionMemory from checkpoint. This will be blocked in a future version. Add to allowed_msgpack_modules to silence: [('router', 'SessionMemory')]
Deserializing unregistered type router.PerceptionResult from checkpoint. This will be blocked in a future version. Add to allowed_msgpack_modules to silence: [('router', 'PerceptionResult')]
Deserializing unregistered type router.RouteDecision from checkpoint. This will be blocked in a future version. Add to allowed_msgpack_modules to silence: [('router', 'RouteDecision')]
2026-04-14 17:43:17,175 - SessionLogger - INFO - [sim_Baseline_P3_M-BUO-001_799689] Teacher: 你说得对，它会通过多排开水来“争取”更大的浮力。
不过，如果货物重到让船身完全没入水中，再也无法排出更多的水了，这时候会发生什么呢？
2026-04-14 17:43:19,517 - SessionLogger - INFO - [sim_FSM+Guardrail_P3_M-BUO-001_776b3d] Student: 应该……不能吧？毕竟它变那么小，感觉就压不住水了。可是老师，它的重量明明一点都没少啊，为什么变小了就浮不起来了呢？
Deserializing unregistered type router.SessionMemory from checkpoint. This will be blocked in a future version. Add to allowed_msgpack_modules to silence: [('router', 'SessionMemory')]
Deserializing unregistered type router.PerceptionResult from checkpoint. This will be blocked in a future version. Add to allowed_msgpack_modules to silence: [('router', 'PerceptionResult')]
Deserializing unregistered type router.RouteDecision from checkpoint. This will be blocked in a future version. Add to allowed_msgpack_modules to silence: [('router', 'RouteDecision')]
2026-04-14 17:43:19,628 - SessionLogger - INFO - [sim_Baseline_P1_M-BUO-002_033a78] Teacher: 这个直觉很有趣，但咱们得看看阿基米德原理。你觉得潜水艇完全没入水中后，它排开水的体积发生变化了吗？
2026-04-14 17:43:19,886 - SessionLogger - INFO - [sim_Baseline_P3_M-BUO-001_799689] Student: 那……如果再也排不出更多的水，托力是不是就到头了？这时候如果重量还比托力大，它是不是就彻底没救了，只能沉下去？
Deserializing unregistered type router.SessionMemory from checkpoint. This will be blocked in a future version. Add to allowed_msgpack_modules to silence: [('router', 'SessionMemory')]
Deserializing unregistered type router.PerceptionResult from checkpoint. This will be blocked in a future version. Add to allowed_msgpack_modules to silence: [('router', 'PerceptionResult')]
Deserializing unregistered type router.RouteDecision from checkpoint. This will be blocked in a future version. Add to allowed_msgpack_modules to silence: [('router', 'RouteDecision')]
2026-04-14 17:43:20,948 - SessionLogger - INFO - [sim_Baseline_P1_M-BUO-002_033a78] Student: 没变啊，它还是那么大个儿。但我觉得深度增加了，压强变大了，浮力肯定也跟着变大，这跟排开体积有啥关系？
Deserializing unregistered type router.SessionMemory from checkpoint. This will be blocked in a future version. Add to allowed_msgpack_modules to silence: [('router', 'SessionMemory')]
Deserializing unregistered type router.PerceptionResult from checkpoint. This will be blocked in a future version. Add to allowed_msgpack_modules to silence: [('router', 'PerceptionResult')]
Deserializing unregistered type router.RouteDecision from checkpoint. This will be blocked in a future version. Add to allowed_msgpack_modules to silence: [('router', 'RouteDecision')]
2026-04-14 17:43:23,596 - SessionLogger - INFO - [sim_Baseline_P3_M-BUO-001_799689] Teacher: 没错，这时候浮力达到了最大值。
既然最大的“托力”都小于重力，合力方向向下，你觉得船接下来的运动状态会怎样？
2026-04-14 17:43:23,596 - SessionLogger - INFO - [sim_Baseline_P3_M-BUO-001_799689] Extending max_turns by 3 because cognitive_state is '新概念探索'
2026-04-14 17:43:25,123 - SessionLogger - INFO - [sim_FSM_P3_M-BUO-001_c5154a] Teacher: 没错，“没那么实”这个观察非常敏锐！那如果我们把那块实心小铁块也敲打成同样的空心形状，你觉得它还有可能浮起来吗？
2026-04-14 17:43:25,216 - SessionLogger - INFO - [sim_Baseline_P3_M-BUO-001_799689] Student: 那就是说，一旦“托力”用尽了还是比不过重量，它就真的会沉底了？所以我之前觉得“重必沉”，其实是没考虑到船可以靠变大体积来增加这个“托力”的上限？
Deserializing unregistered type router.SessionMemory from checkpoint. This will be blocked in a future version. Add to allowed_msgpack_modules to silence: [('router', 'SessionMemory')]
Deserializing unregistered type router.PerceptionResult from checkpoint. This will be blocked in a future version. Add to allowed_msgpack_modules to silence: [('router', 'PerceptionResult')]
Deserializing unregistered type router.RouteDecision from checkpoint. This will be blocked in a future version. Add to allowed_msgpack_modules to silence: [('router', 'RouteDecision')]
2026-04-14 17:43:25,232 - SessionLogger - INFO - [sim_Baseline_P1_M-BUO-002_033a78] Teacher: 浮力其实是物体上下表面受到的压力差。既然潜水艇是个“硬骨头”，体积不变，那它上下表面的高度差变了吗？
2026-04-14 17:43:25,637 - SessionLogger - INFO - [sim_FSM+Guardrail_P2_M-BUO-001_d39260] Teacher: 没错，你的直觉开始修正了。

既然排开的那团水比船重，说明向上的托力（浮力）足以抵消向下的重力，那船自然就能浮在水面上了。
2026-04-14 17:43:25,637 - SessionLogger - INFO - [sim_FSM+Guardrail_P2_M-BUO-001_d39260] Extending max_turns by 3 because cognitive_state is '新概念探索'
2026-04-14 17:43:26,357 - SessionLogger - INFO - [sim_Baseline_P1_M-BUO-002_033a78] Student: 高度差也没变啊，潜水艇又没被压扁。但是老师，下面水更深压强更大，上面的压强也变大了，总的压力肯定更大了吧？
Deserializing unregistered type router.SessionMemory from checkpoint. This will be blocked in a future version. Add to allowed_msgpack_modules to silence: [('router', 'SessionMemory')]
Deserializing unregistered type router.PerceptionResult from checkpoint. This will be blocked in a future version. Add to allowed_msgpack_modules to silence: [('router', 'PerceptionResult')]
Deserializing unregistered type router.RouteDecision from checkpoint. This will be blocked in a future version. Add to allowed_msgpack_modules to silence: [('router', 'RouteDecision')]
2026-04-14 17:43:27,649 - SessionLogger - INFO - [sim_FSM_P3_M-BUO-001_c5154a] Student: 呃……如果形状一样，那它不还是铁做的吗？重量没变轻呀，难道光变个形状就能让它不沉了？我还是有点想不通。
Deserializing unregistered type router.SessionMemory from checkpoint. This will be blocked in a future version. Add to allowed_msgpack_modules to silence: [('router', 'SessionMemory')]
Deserializing unregistered type router.PerceptionResult from checkpoint. This will be blocked in a future version. Add to allowed_msgpack_modules to silence: [('router', 'PerceptionResult')]
Deserializing unregistered type router.RouteDecision from checkpoint. This will be blocked in a future version. Add to allowed_msgpack_modules to silence: [('router', 'RouteDecision')]
2026-04-14 17:43:28,901 - SessionLogger - INFO - [sim_FSM+Guardrail_P3_M-BUO-001_776b3d] Teacher: 你说得对，重量确实没变，这说明光看“重不重”还不足以决定沉浮。

既然重量一样，那变成实心小铁块后，它和原来巨大的航母相比，有什么关键的地方变得不一样了？
2026-04-14 17:43:29,118 - SessionLogger - INFO - [sim_FSM+Guardrail_P2_M-BUO-001_d39260] Student: 原来是这样！所以关键不是看物体本身有多重，而是看它排开的水有没有比它自己更重？
Deserializing unregistered type router.SessionMemory from checkpoint. This will be blocked in a future version. Add to allowed_msgpack_modules to silence: [('router', 'SessionMemory')]
Deserializing unregistered type router.PerceptionResult from checkpoint. This will be blocked in a future version. Add to allowed_msgpack_modules to silence: [('router', 'PerceptionResult')]
Deserializing unregistered type router.RouteDecision from checkpoint. This will be blocked in a future version. Add to allowed_msgpack_modules to silence: [('router', 'RouteDecision')]
2026-04-14 17:43:29,923 - SessionLogger - INFO - [sim_Baseline_P1_M-BUO-002_033a78] Teacher: 没错，上下表面的压力确实都变大了。但浮力是这两个压力的“差值”，既然它们增加的量是一样的，你觉得这个差值会变吗？
2026-04-14 17:43:30,058 - SessionLogger - INFO - [sim_FSM+Guardrail_P3_M-BUO-001_776b3d] Student: 体积……变小了？可是老师，体积小不是应该更轻快、更容易浮起来吗？为什么反而沉下去了呢？
Deserializing unregistered type router.SessionMemory from checkpoint. This will be blocked in a future version. Add to allowed_msgpack_modules to silence: [('router', 'SessionMemory')]
Deserializing unregistered type router.PerceptionResult from checkpoint. This will be blocked in a future version. Add to allowed_msgpack_modules to silence: [('router', 'PerceptionResult')]
Deserializing unregistered type router.RouteDecision from checkpoint. This will be blocked in a future version. Add to allowed_msgpack_modules to silence: [('router', 'RouteDecision')]
2026-04-14 17:43:31,384 - SessionLogger - INFO - [sim_Baseline_P1_M-BUO-002_033a78] Student: 可是压强明明变大了啊，压力差怎么可能不变？我还是觉得越深浮力越大，您这说法太抽象了，我不信。
Deserializing unregistered type router.SessionMemory from checkpoint. This will be blocked in a future version. Add to allowed_msgpack_modules to silence: [('router', 'SessionMemory')]
Deserializing unregistered type router.PerceptionResult from checkpoint. This will be blocked in a future version. Add to allowed_msgpack_modules to silence: [('router', 'PerceptionResult')]
Deserializing unregistered type router.RouteDecision from checkpoint. This will be blocked in a future version. Add to allowed_msgpack_modules to silence: [('router', 'RouteDecision')]
2026-04-14 17:43:35,500 - SessionLogger - INFO - [sim_FSM_P3_M-BUO-001_c5154a] Teacher: 确实，铁还是那些铁，重量一点没少。但你想，把它做成空心的碗状后，它排开的水的体积，是变大了还是变小了？
2026-04-14 17:43:36,946 - SessionLogger - INFO - [sim_FSM_P3_M-BUO-001_c5154a] Student: 变大了？因为空心的部分也占地方，把水挤开了……可是，排开的水多了又怎么样呢？水不是还是轻飘飘的吗，能托得住铁吗？
Deserializing unregistered type router.SessionMemory from checkpoint. This will be blocked in a future version. Add to allowed_msgpack_modules to silence: [('router', 'SessionMemory')]
Deserializing unregistered type router.PerceptionResult from checkpoint. This will be blocked in a future version. Add to allowed_msgpack_modules to silence: [('router', 'PerceptionResult')]
Deserializing unregistered type router.RouteDecision from checkpoint. This will be blocked in a future version. Add to allowed_msgpack_modules to silence: [('router', 'RouteDecision')]
2026-04-14 17:43:37,954 - SessionLogger - INFO - [sim_FSM+Guardrail_P3_M-BUO-001_776b3d] Teacher: 体积变小确实是个关键发现。

想象一下，当你把航母压成小铁块时，它“挤走”的水是变多了还是变少了？
2026-04-14 17:43:38,688 - SessionLogger - INFO - [sim_Baseline_P1_M-BUO-002_033a78] Teacher: 咱们算笔账：假设上面压强增加 100，下面也增加 100。
原来的差是 $P_{下} - P_{上}$，现在的差是 $(P_{下}+100) - (P_{上}+100)$。
你把这个式子化简一下，看看结果变没变？
2026-04-14 17:43:39,069 - SessionLogger - INFO - [sim_FSM+Guardrail_P3_M-BUO-001_776b3d] Student: 挤走的水……肯定是变少了吧，毕竟它占的地方小了。但这跟它沉下去有什么关系吗？水少了不是阻力更小，应该更容易动才对呀？
Deserializing unregistered type router.SessionMemory from checkpoint. This will be blocked in a future version. Add to allowed_msgpack_modules to silence: [('router', 'SessionMemory')]
Deserializing unregistered type router.PerceptionResult from checkpoint. This will be blocked in a future version. Add to allowed_msgpack_modules to silence: [('router', 'PerceptionResult')]
Deserializing unregistered type router.RouteDecision from checkpoint. This will be blocked in a future version. Add to allowed_msgpack_modules to silence: [('router', 'RouteDecision')]
2026-04-14 17:43:40,279 - SessionLogger - INFO - [sim_Baseline_P2_M-BUO-001_6c173d] Teacher: 你的直觉很准！船始终漂浮，浮力等于重力，这个“支撑力”的大小变了吗？

既然需要的浮力没变，而海水密度变大了，根据 $F_浮 = \rho_液 g V_排$，排开水的体积 $V_排$ 会怎么调整才能保持等式平衡呢？
2026-04-14 17:43:41,796 - SessionLogger - INFO - [sim_Baseline_P1_M-BUO-002_033a78] Student: 算出来是没变……但这只是数学游戏吧？现实中水越深压力越大，感觉上浮力就是应该变大啊。
Deserializing unregistered type router.SessionMemory from checkpoint. This will be blocked in a future version. Add to allowed_msgpack_modules to silence: [('router', 'SessionMemory')]
Deserializing unregistered type router.PerceptionResult from checkpoint. This will be blocked in a future version. Add to allowed_msgpack_modules to silence: [('router', 'PerceptionResult')]
Deserializing unregistered type router.RouteDecision from checkpoint. This will be blocked in a future version. Add to allowed_msgpack_modules to silence: [('router', 'RouteDecision')]
2026-04-14 17:43:41,814 - SessionLogger - INFO - [sim_Baseline_P2_M-BUO-001_6c173d] Student: 浮力没变，但海水密度 $\rho$ 变大了，那排开水的体积 $V_排$ 肯定得变小才能保持平衡。
所以船身会上浮一些，吃水变浅，这和我刚才猜的一样！
Deserializing unregistered type router.SessionMemory from checkpoint. This will be blocked in a future version. Add to allowed_msgpack_modules to silence: [('router', 'SessionMemory')]
Deserializing unregistered type router.PerceptionResult from checkpoint. This will be blocked in a future version. Add to allowed_msgpack_modules to silence: [('router', 'PerceptionResult')]
Deserializing unregistered type router.RouteDecision from checkpoint. This will be blocked in a future version. Add to allowed_msgpack_modules to silence: [('router', 'RouteDecision')]
2026-04-14 17:43:46,019 - SessionLogger - INFO - [sim_Baseline_P1_M-BUO-002_033a78] Teacher: 其实浮力本质上是排开的那部分水受到的重力。
你想想，潜水艇排开的水的体积变了吗？水的密度变了吗？
2026-04-14 17:43:46,678 - SessionLogger - INFO - [sim_Baseline_P2_M-BUO-001_6c173d] Teacher: 逻辑完全自洽！看来你已经掌握了通过公式分析变量关系的窍门。

那如果这艘船在河里装满货物，吃水线刚好到达警戒线，到了海里它还会超载吗？为什么？
2026-04-14 17:43:47,125 - SessionLogger - INFO - [sim_FSM_P3_M-BUO-001_c5154a] Teacher: 水确实轻，但别忘了现在排开的水变“多”了呀。你想想，如果这一大团被挤开的水，它的总重量加起来超过了铁碗的重量，你觉得这股向上的托力够不够大？
2026-04-14 17:43:47,355 - SessionLogger - INFO - [sim_Baseline_P1_M-BUO-002_033a78] Student: 潜水艇又没被压扁，体积肯定没变，水的密度也没变。但这跟深度没关系啊，我还是觉得深的地方劲儿大。
Deserializing unregistered type router.SessionMemory from checkpoint. This will be blocked in a future version. Add to allowed_msgpack_modules to silence: [('router', 'SessionMemory')]
Deserializing unregistered type router.PerceptionResult from checkpoint. This will be blocked in a future version. Add to allowed_msgpack_modules to silence: [('router', 'PerceptionResult')]
Deserializing unregistered type router.RouteDecision from checkpoint. This will be blocked in a future version. Add to allowed_msgpack_modules to silence: [('router', 'RouteDecision')]
2026-04-14 17:43:47,926 - SessionLogger - INFO - [sim_FSM+Guardrail_P3_M-BUO-001_776b3d] Teacher: 这里我们要区分一下“阻力”和“浮力”。

你可以把水想象成一群向上托举的小手，物体排开（挤走）的水越多，这些“小手”提供的向上托举的力就越大。

那么，当航母变成小铁块，排开的水变少时，水给它的向上托举的力是变大了还是变小了？
2026-04-14 17:43:48,069 - SessionLogger - INFO - [sim_Baseline_P2_M-BUO-001_6c173d] Student: 既然在海里吃水变浅了，说明同样的重量下，船在海里“浮得更高”，那警戒线肯定露出水面更多。
所以这时候它应该没有超载，甚至还能再装一点货才会到警戒线，对吧？
2026-04-14 17:43:48,070 - SessionLogger - INFO - [sim_Baseline_P2_M-BUO-001_6c173d] Session finished. Resolved: False
2026-04-14 17:43:48,070 - SessionLogger - INFO - [sim_FSM_P1_M-BUO-002_98234f] Starting session
2026-04-14 17:43:48,070 - SessionLogger - INFO - Initialized Session sim_FSM_P1_M-BUO-002_98234f on Unknown for Unknown with version FSM+Guardrail
2026-04-14 17:43:49,384 - SessionLogger - INFO - [sim_FSM_P1_M-BUO-002_98234f] Student Opening: 老师，我觉得浮力肯定跟深度有关啊，水越深压强越大，那把物体按得越深，它受到的浮力不就越大吗？
2026-04-14 17:43:49,391 - SessionLogger - INFO - [sim_FSM+Guardrail_P3_M-BUO-001_776b3d] Student: 哦……所以向上托的力变小了？可是老师，它的重量明明没变啊，向上的力小了，向下的力没变，所以它就“赢”不过水，掉下去了？
Deserializing unregistered type router.SessionMemory from checkpoint. This will be blocked in a future version. Add to allowed_msgpack_modules to silence: [('router', 'SessionMemory')]
Deserializing unregistered type router.PerceptionResult from checkpoint. This will be blocked in a future version. Add to allowed_msgpack_modules to silence: [('router', 'PerceptionResult')]
Deserializing unregistered type router.RouteDecision from checkpoint. This will be blocked in a future version. Add to allowed_msgpack_modules to silence: [('router', 'RouteDecision')]
2026-04-14 17:43:51,671 - SessionLogger - INFO - [sim_FSM_P3_M-BUO-001_c5154a] Student: 诶？你是说……只要挤开的水比铁碗还重，水就能把它顶起来？
可是，水怎么会比铁重呢？铁不是明明更“重”吗？
Deserializing unregistered type router.SessionMemory from checkpoint. This will be blocked in a future version. Add to allowed_msgpack_modules to silence: [('router', 'SessionMemory')]
Deserializing unregistered type router.PerceptionResult from checkpoint. This will be blocked in a future version. Add to allowed_msgpack_modules to silence: [('router', 'PerceptionResult')]
Deserializing unregistered type router.RouteDecision from checkpoint. This will be blocked in a future version. Add to allowed_msgpack_modules to silence: [('router', 'RouteDecision')]
2026-04-14 17:43:53,529 - SessionLogger - INFO - [sim_Baseline_P1_M-BUO-002_033a78] Teacher: 既然排开水的体积和密度都没变，那这部分“被挤走”的水的重力变了吗？
浮力其实就是水在“托举”这部分重量，如果重量没变，托举的力怎么会变呢？
2026-04-14 17:43:53,529 - SessionLogger - INFO - [sim_Baseline_P1_M-BUO-002_033a78] Extending max_turns by 3 because cognitive_state is '新概念探索'
2026-04-14 17:43:54,565 - SessionLogger - INFO - [sim_Baseline_P1_M-BUO-002_033a78] Student: 重量是没变，可那是静止的时候啊。到了深处水压那么大，托举的力气肯定也跟着变大了，这逻辑才通顺吧？
Deserializing unregistered type router.SessionMemory from checkpoint. This will be blocked in a future version. Add to allowed_msgpack_modules to silence: [('router', 'SessionMemory')]
Deserializing unregistered type router.PerceptionResult from checkpoint. This will be blocked in a future version. Add to allowed_msgpack_modules to silence: [('router', 'PerceptionResult')]
Deserializing unregistered type router.RouteDecision from checkpoint. This will be blocked in a future version. Add to allowed_msgpack_modules to silence: [('router', 'RouteDecision')]
2026-04-14 17:43:57,316 - SessionLogger - INFO - [sim_FSM+Guardrail_P3_M-BUO-001_776b3d] Teacher: 没错，就是这个道理！向下的重力没变，但向上的托力变小了，导致重力“赢”了。

那么反过来想，如果我们要让那个小铁块也能浮在水面上，在重量不变的情况下，我们需要让水给它的向上托力变大还是变小？
2026-04-14 17:43:58,234 - SessionLogger - INFO - [sim_FSM+Guardrail_P3_M-BUO-001_776b3d] Student: 那……肯定是要让向上的托力变大吧？可是铁块就那么大，怎么才能让水多给它一点力气呢？
Deserializing unregistered type router.SessionMemory from checkpoint. This will be blocked in a future version. Add to allowed_msgpack_modules to silence: [('router', 'SessionMemory')]
Deserializing unregistered type router.PerceptionResult from checkpoint. This will be blocked in a future version. Add to allowed_msgpack_modules to silence: [('router', 'PerceptionResult')]
Deserializing unregistered type router.RouteDecision from checkpoint. This will be blocked in a future version. Add to allowed_msgpack_modules to silence: [('router', 'RouteDecision')]
2026-04-14 17:44:04,870 - SessionLogger - INFO - [sim_FSM_P3_M-BUO-001_c5154a] Teacher: 你说得对，同样大小的一块铁确实比一块水重。但如果是“一小块铁”和“一大盆水”比，谁更重呢？
2026-04-14 17:44:06,863 - SessionLogger - INFO - [sim_FSM+Guardrail_P3_M-BUO-001_776b3d] Teacher: 既然铁的重量没法变，我们能不能改变它的形状，让它在水里“占”的地方变大一些呢？
2026-04-14 17:44:06,863 - SessionLogger - INFO - [sim_FSM+Guardrail_P3_M-BUO-001_776b3d] Extending max_turns by 3 because cognitive_state is '新概念探索'
2026-04-14 17:44:08,952 - SessionLogger - INFO - [sim_FSM_P3_M-BUO-001_c5154a] Student: 那肯定是一大盆水更重啊……
所以我刚才那个铁碗，虽然铁本身很重，但它占的地方大，挤开的那部分水其实更多、更重？
Deserializing unregistered type router.SessionMemory from checkpoint. This will be blocked in a future version. Add to allowed_msgpack_modules to silence: [('router', 'SessionMemory')]
Deserializing unregistered type router.PerceptionResult from checkpoint. This will be blocked in a future version. Add to allowed_msgpack_modules to silence: [('router', 'PerceptionResult')]
Deserializing unregistered type router.RouteDecision from checkpoint. This will be blocked in a future version. Add to allowed_msgpack_modules to silence: [('router', 'RouteDecision')]
2026-04-14 17:44:10,170 - SessionLogger - INFO - [sim_FSM+Guardrail_P3_M-BUO-001_776b3d] Student: 把铁块压扁？可是它还是那么重啊……形状变了，水就会更愿意托着它吗？我不太明白这其中的联系。
Deserializing unregistered type router.SessionMemory from checkpoint. This will be blocked in a future version. Add to allowed_msgpack_modules to silence: [('router', 'SessionMemory')]
Deserializing unregistered type router.PerceptionResult from checkpoint. This will be blocked in a future version. Add to allowed_msgpack_modules to silence: [('router', 'PerceptionResult')]
Deserializing unregistered type router.RouteDecision from checkpoint. This will be blocked in a future version. Add to allowed_msgpack_modules to silence: [('router', 'RouteDecision')]
2026-04-14 17:44:10,762 - SessionLogger - INFO - [sim_Baseline_P3_M-BUO-001_799689] Teacher: 没错，你抓住了重点：决定沉浮的不是“轻重”，而是重力和最大浮力的较量。
那如果我把这块钢铁揉成一个实心铁球，它还能像船那样排出那么多水吗？
2026-04-14 17:44:11,930 - SessionLogger - INFO - [sim_FSM_P1_M-BUO-002_98234f] Teacher: 我们先限定一种情况：假如一个正方体铁块已经**完全浸没**在水里了，这时候你再把它往更深的地方按，它排开水的体积还会变大吗？
2026-04-14 17:44:12,579 - SessionLogger - INFO - [sim_Baseline_P3_M-BUO-001_799689] Student: 实心球的话……体积好像变小了，排开的水肯定没船那么多。那它的“托力”上限是不是就变低了，所以就算重量没变，也会因为托不住而沉下去？
Deserializing unregistered type router.SessionMemory from checkpoint. This will be blocked in a future version. Add to allowed_msgpack_modules to silence: [('router', 'SessionMemory')]
Deserializing unregistered type router.PerceptionResult from checkpoint. This will be blocked in a future version. Add to allowed_msgpack_modules to silence: [('router', 'PerceptionResult')]
Deserializing unregistered type router.RouteDecision from checkpoint. This will be blocked in a future version. Add to allowed_msgpack_modules to silence: [('router', 'RouteDecision')]
2026-04-14 17:44:14,512 - SessionLogger - INFO - [sim_FSM_P1_M-BUO-002_98234f] Student: 可是老师，虽然排开的水没变多，但它受到的压强变大了呀。我觉得深度越深，水对它的“托力”应该也会跟着变大才对吧？
Deserializing unregistered type router.SessionMemory from checkpoint. This will be blocked in a future version. Add to allowed_msgpack_modules to silence: [('router', 'SessionMemory')]
Deserializing unregistered type router.PerceptionResult from checkpoint. This will be blocked in a future version. Add to allowed_msgpack_modules to silence: [('router', 'PerceptionResult')]
Deserializing unregistered type router.RouteDecision from checkpoint. This will be blocked in a future version. Add to allowed_msgpack_modules to silence: [('router', 'RouteDecision')]
2026-04-14 17:44:24,500 - SessionLogger - INFO - [sim_FSM_P3_M-BUO-001_c5154a] Teacher: 没错！既然被挤开的那部分水比铁碗还重，你觉得这股向上的托力，能把铁碗稳稳地托在水面上吗？
2026-04-14 17:44:24,500 - SessionLogger - INFO - [sim_FSM_P3_M-BUO-001_c5154a] Session finished. Resolved: True
2026-04-14 17:44:24,501 - SessionLogger - INFO - [sim_FSM+Guardrail_P1_M-BUO-002_323c7b] Starting session
2026-04-14 17:44:24,501 - SessionLogger - INFO - Initialized Session sim_FSM+Guardrail_P1_M-BUO-002_323c7b on Unknown for Unknown with version FSM+Guardrail
2026-04-14 17:44:25,750 - SessionLogger - INFO - [sim_FSM+Guardrail_P1_M-BUO-002_323c7b] Student Opening: 老师，我觉得浮力肯定跟深度有关啊，水越深压强越大，那物体受到的向上托的力（浮力）不就应该越大吗？
2026-04-14 17:44:33,795 - SessionLogger - INFO - [sim_FSM+Guardrail_P2_M-BUO-001_d39260] Teacher: 正是如此！这就是阿基米德原理的核心。

那你想想，如果把这艘轮船里的货物卸掉一些，让它变轻了，它排开的水的体积会发生什么变化呢？
2026-04-14 17:44:33,795 - SessionLogger - INFO - [sim_FSM+Guardrail_P2_M-BUO-001_d39260] Session finished. Resolved: True
2026-04-14 17:44:33,796 - SessionLogger - INFO - [sim_Baseline_P2_M-BUO-002_82eaeb] Starting session
2026-04-14 17:44:33,796 - SessionLogger - INFO - Initialized Session sim_Baseline_P2_M-BUO-002_82eaeb on Unknown for Unknown with version FSM+Guardrail
2026-04-14 17:44:35,418 - SessionLogger - INFO - [sim_Baseline_P2_M-BUO-002_82eaeb] Student Opening: 老师，我觉得潜水艇潜得越深受到的浮力应该越大吧，毕竟水越深压强不是越大吗？
2026-04-14 17:44:35,445 - SessionLogger - INFO - [sim_Baseline_P3_M-BUO-001_799689] Teacher: 你说得很对，形状改变导致它能排开的最大水量变少了。
既然重量没变，但“托力”的上限降低了，你觉得这时候重力和最大浮力谁更大？
2026-04-14 17:44:39,481 - SessionLogger - INFO - [sim_Baseline_P3_M-BUO-001_799689] Student: 那肯定是重力更大呀，因为托力变小了嘛。所以实心铁球会沉，不是因为它是铁做的或者它重，而是因为它“挤”不开那么多水来产生足够的托力？
Deserializing unregistered type router.SessionMemory from checkpoint. This will be blocked in a future version. Add to allowed_msgpack_modules to silence: [('router', 'SessionMemory')]
Deserializing unregistered type router.PerceptionResult from checkpoint. This will be blocked in a future version. Add to allowed_msgpack_modules to silence: [('router', 'PerceptionResult')]
Deserializing unregistered type router.RouteDecision from checkpoint. This will be blocked in a future version. Add to allowed_msgpack_modules to silence: [('router', 'RouteDecision')]
2026-04-14 17:44:39,919 - SessionLogger - INFO - [sim_Baseline_P1_M-BUO-002_033a78] Teacher: 那咱们拆开看：深处水压确实大了，但潜水艇**顶部**受到的向下压力是不是也同步变大了？
浮力是“向上推力”减去“向下压力”，如果两边都增加了同样的数值，它们的差值（也就是净推力）会怎么变？
2026-04-14 17:44:40,938 - SessionLogger - INFO - [sim_Baseline_P1_M-BUO-002_033a78] Student: 上下压力都变大，那抵消完剩下的浮力肯定也变大了啊。你不能光看差值不变，底下的劲儿明明更猛了。
Deserializing unregistered type router.SessionMemory from checkpoint. This will be blocked in a future version. Add to allowed_msgpack_modules to silence: [('router', 'SessionMemory')]
Deserializing unregistered type router.PerceptionResult from checkpoint. This will be blocked in a future version. Add to allowed_msgpack_modules to silence: [('router', 'PerceptionResult')]
Deserializing unregistered type router.RouteDecision from checkpoint. This will be blocked in a future version. Add to allowed_msgpack_modules to silence: [('router', 'RouteDecision')]
2026-04-14 17:44:45,806 - SessionLogger - INFO - [sim_Baseline_P1_M-BUO-002_033a78] Teacher: 咱们举个简单的数：如果上面压力是10，下面是15，浮力是5。
到了深处，上面变成100，下面变成105，这时候的差值（浮力）还是多少？
2026-04-14 17:44:46,020 - SessionLogger - INFO - [sim_Baseline_P2_M-BUO-002_82eaeb] Teacher: 潜水艇完全没入水中后，它排开水的体积变了吗？再想想阿基米德原理，浮力大小主要跟哪两个因素有关？
2026-04-14 17:44:46,157 - SessionLogger - INFO - [sim_FSM_P1_M-BUO-002_98234f] Teacher: 你说得对，深处的压强确实更大。但别忘了，水不仅从下面往上托，也从上面往下压。

当你把物体按到更深的地方时，它**上表面**受到的向下压力是不是也跟着变大了？
2026-04-14 17:44:46,785 - SessionLogger - INFO - [sim_Baseline_P1_M-BUO-002_033a78] Student: 还是5啊。但这只是数字游戏，实际上水越深压强越大，那个托举的感觉肯定更强，不能光看减法结果吧？
Deserializing unregistered type router.SessionMemory from checkpoint. This will be blocked in a future version. Add to allowed_msgpack_modules to silence: [('router', 'SessionMemory')]
Deserializing unregistered type router.PerceptionResult from checkpoint. This will be blocked in a future version. Add to allowed_msgpack_modules to silence: [('router', 'PerceptionResult')]
Deserializing unregistered type router.RouteDecision from checkpoint. This will be blocked in a future version. Add to allowed_msgpack_modules to silence: [('router', 'RouteDecision')]
2026-04-14 17:44:47,766 - SessionLogger - INFO - [sim_Baseline_P3_M-BUO-001_799689] Teacher: 没错，关键在于它“挤”开的水够不够多。
那如果我想让这块实心铁球也浮起来，在不改变它重量的前提下，你觉得该怎么改变它的形状来“挤”开更多的水呢？
2026-04-14 17:44:49,313 - SessionLogger - INFO - [sim_FSM_P1_M-BUO-002_98234f] Student: 是变大了，但这不代表浮力没变大啊。下面的压强不是比上面大得更多吗？我觉得深度越深，这个差值应该也会越大才对。
Deserializing unregistered type router.SessionMemory from checkpoint. This will be blocked in a future version. Add to allowed_msgpack_modules to silence: [('router', 'SessionMemory')]
Deserializing unregistered type router.PerceptionResult from checkpoint. This will be blocked in a future version. Add to allowed_msgpack_modules to silence: [('router', 'PerceptionResult')]
Deserializing unregistered type router.RouteDecision from checkpoint. This will be blocked in a future version. Add to allowed_msgpack_modules to silence: [('router', 'RouteDecision')]
2026-04-14 17:44:49,555 - SessionLogger - INFO - [sim_Baseline_P2_M-BUO-002_82eaeb] Student: 排开水的体积应该没变吧，毕竟潜水艇还是那么大。但老师，水越深压强不是越大吗？这难道不会让浮力也跟着变大吗？
Deserializing unregistered type router.SessionMemory from checkpoint. This will be blocked in a future version. Add to allowed_msgpack_modules to silence: [('router', 'SessionMemory')]
Deserializing unregistered type router.PerceptionResult from checkpoint. This will be blocked in a future version. Add to allowed_msgpack_modules to silence: [('router', 'PerceptionResult')]
Deserializing unregistered type router.RouteDecision from checkpoint. This will be blocked in a future version. Add to allowed_msgpack_modules to silence: [('router', 'RouteDecision')]
2026-04-14 17:44:49,687 - SessionLogger - INFO - [sim_Baseline_P3_M-BUO-001_799689] Student: 把它弄成空心的？就像把铁球敲扁再折起来做成碗或者船的样子？这样它占的地方变大了，就能“挤”开更多的水了吧？
Deserializing unregistered type router.SessionMemory from checkpoint. This will be blocked in a future version. Add to allowed_msgpack_modules to silence: [('router', 'SessionMemory')]
Deserializing unregistered type router.PerceptionResult from checkpoint. This will be blocked in a future version. Add to allowed_msgpack_modules to silence: [('router', 'PerceptionResult')]
Deserializing unregistered type router.RouteDecision from checkpoint. This will be blocked in a future version. Add to allowed_msgpack_modules to silence: [('router', 'RouteDecision')]
2026-04-14 17:44:51,048 - SessionLogger - INFO - [sim_Baseline_P1_M-BUO-002_033a78] Teacher: 那咱们换个角度：如果浮力真变大了，潜水艇在深处岂不是会自动往上“弹”？
可实际上它停在那儿不动，说明向上的力和向下的重力还是平衡的，这怎么解释？
2026-04-14 17:44:52,208 - SessionLogger - INFO - [sim_Baseline_P1_M-BUO-002_033a78] Student: 那是因为它关了引擎或者调整了压载水舱啊，跟浮力变不变没关系。我就觉得水越深，那种往上顶的劲儿肯定越大，这是常识。
Deserializing unregistered type router.SessionMemory from checkpoint. This will be blocked in a future version. Add to allowed_msgpack_modules to silence: [('router', 'SessionMemory')]
Deserializing unregistered type router.PerceptionResult from checkpoint. This will be blocked in a future version. Add to allowed_msgpack_modules to silence: [('router', 'PerceptionResult')]
Deserializing unregistered type router.RouteDecision from checkpoint. This will be blocked in a future version. Add to allowed_msgpack_modules to silence: [('router', 'RouteDecision')]
2026-04-14 17:44:53,608 - SessionLogger - INFO - [sim_Baseline_P3_M-BUO-001_799689] Teacher: 正是这样！做成空心后，它整体占据的空间变大了。
那当这个“铁碗”慢慢浸入水中时，你觉得它排开的水的体积，是只算铁皮的体积，还是算整个碗（包括里面空气部分）占据的体积？
2026-04-14 17:44:54,688 - SessionLogger - INFO - [sim_Baseline_P2_M-BUO-002_82eaeb] Teacher: 你说得对，压强确实变大了，但它是向四面八方均匀增大的。

既然上下表面受到的压力都同时增大了相同的数值，你觉得它们之间的“压力差”（也就是浮力）会改变吗？
2026-04-14 17:44:54,981 - SessionLogger - INFO - [sim_Baseline_P3_M-BUO-001_799689] Student: 应该是算整个碗占的地方吧？毕竟水是被整个碗的形状给“挤”开的，连中间空气那块地方也被占用了，水进不去嘛。
Deserializing unregistered type router.SessionMemory from checkpoint. This will be blocked in a future version. Add to allowed_msgpack_modules to silence: [('router', 'SessionMemory')]
Deserializing unregistered type router.PerceptionResult from checkpoint. This will be blocked in a future version. Add to allowed_msgpack_modules to silence: [('router', 'PerceptionResult')]
Deserializing unregistered type router.RouteDecision from checkpoint. This will be blocked in a future version. Add to allowed_msgpack_modules to silence: [('router', 'RouteDecision')]
2026-04-14 17:44:57,074 - SessionLogger - INFO - [sim_FSM+Guardrail_P1_M-BUO-002_323c7b] Teacher: 你说得对，水越深压强确实越大。但别忘了，浮力其实是物体**下表面受到的向上压力**减去**上表面受到的向下压力**后的“差额”。

如果我把一个已经完全浸没的铁块再往下按一米，它的上表面和下表面受到的压强都同时变大了，你觉得这两个压强的**差值**会因此改变吗？
2026-04-14 17:44:57,331 - SessionLogger - INFO - [sim_Baseline_P1_M-BUO-002_033a78] Teacher: 好，那咱们做个思想实验：假设潜水艇外壳坚硬，体积完全不变，也不调整水舱。
你把它按到深海松手，它是会像皮球一样加速上浮，还是就悬停在那儿？
2026-04-14 17:44:58,157 - SessionLogger - INFO - [sim_FSM+Guardrail_P1_M-BUO-002_323c7b] Student: 可是老师，深度增加了，压强不是变大了吗？既然下面的压强更大了，那托着它的力肯定也变大了呀，差值怎么会不变呢？
Deserializing unregistered type router.SessionMemory from checkpoint. This will be blocked in a future version. Add to allowed_msgpack_modules to silence: [('router', 'SessionMemory')]
Deserializing unregistered type router.PerceptionResult from checkpoint. This will be blocked in a future version. Add to allowed_msgpack_modules to silence: [('router', 'PerceptionResult')]
Deserializing unregistered type router.RouteDecision from checkpoint. This will be blocked in a future version. Add to allowed_msgpack_modules to silence: [('router', 'RouteDecision')]
2026-04-14 17:44:58,326 - SessionLogger - INFO - [sim_Baseline_P3_M-BUO-001_799689] Teacher: 没错，水确实是被整个碗的轮廓“挤”开的。
既然排开的水变多了，受到的向上托力也就变大了。你觉得这时候，这个“铁碗”受到的托力和它自身的重力相比，会发生什么变化？
2026-04-14 17:44:58,508 - SessionLogger - INFO - [sim_Baseline_P2_M-BUO-002_82eaeb] Student: 啊？上下都增大一样的话……那它们的差值好像确实没变？
可是老师，我还是有点转不过弯，感觉深处压力那么大，浮力不该更大一点吗？
Deserializing unregistered type router.SessionMemory from checkpoint. This will be blocked in a future version. Add to allowed_msgpack_modules to silence: [('router', 'SessionMemory')]
Deserializing unregistered type router.PerceptionResult from checkpoint. This will be blocked in a future version. Add to allowed_msgpack_modules to silence: [('router', 'PerceptionResult')]
Deserializing unregistered type router.RouteDecision from checkpoint. This will be blocked in a future version. Add to allowed_msgpack_modules to silence: [('router', 'RouteDecision')]
2026-04-14 17:45:00,337 - SessionLogger - INFO - [sim_Baseline_P3_M-BUO-001_799689] Student: 那托力是不是就变大了？如果托力变得比重力还大，它就能浮起来了？所以我之前觉得“重的一定沉”，是因为没考虑到形状改变能让托力变大？
Deserializing unregistered type router.SessionMemory from checkpoint. This will be blocked in a future version. Add to allowed_msgpack_modules to silence: [('router', 'SessionMemory')]
Deserializing unregistered type router.PerceptionResult from checkpoint. This will be blocked in a future version. Add to allowed_msgpack_modules to silence: [('router', 'PerceptionResult')]
Deserializing unregistered type router.RouteDecision from checkpoint. This will be blocked in a future version. Add to allowed_msgpack_modules to silence: [('router', 'RouteDecision')]
2026-04-14 17:45:00,541 - SessionLogger - INFO - [sim_Baseline_P1_M-BUO-002_033a78] Student: 它肯定会加速上浮啊，因为下面压强那么大，托力肯定比浅的时候大得多。你非说它悬停，那除非重力也变大了，但这不可能吧？
Deserializing unregistered type router.SessionMemory from checkpoint. This will be blocked in a future version. Add to allowed_msgpack_modules to silence: [('router', 'SessionMemory')]
Deserializing unregistered type router.PerceptionResult from checkpoint. This will be blocked in a future version. Add to allowed_msgpack_modules to silence: [('router', 'PerceptionResult')]
Deserializing unregistered type router.RouteDecision from checkpoint. This will be blocked in a future version. Add to allowed_msgpack_modules to silence: [('router', 'RouteDecision')]
2026-04-14 17:45:03,189 - SessionLogger - INFO - [sim_Baseline_P2_M-BUO-002_82eaeb] Teacher: 想象一下，你用手掌从上下两面紧紧夹住一个方块。

如果你两只手同时用更大的力气去夹（模拟压强增大），但两只手增加的力气是一样多的，方块会被往上推得更厉害吗？
2026-04-14 17:45:04,610 - SessionLogger - INFO - [sim_Baseline_P2_M-BUO-002_82eaeb] Student: 好像……确实不会？因为上下抵消了。
所以我之前是把“压强变大”和“浮力变大”搞混了？只要排开水的体积没变，浮力其实就不变？
Deserializing unregistered type router.SessionMemory from checkpoint. This will be blocked in a future version. Add to allowed_msgpack_modules to silence: [('router', 'SessionMemory')]
Deserializing unregistered type router.PerceptionResult from checkpoint. This will be blocked in a future version. Add to allowed_msgpack_modules to silence: [('router', 'PerceptionResult')]
Deserializing unregistered type router.RouteDecision from checkpoint. This will be blocked in a future version. Add to allowed_msgpack_modules to silence: [('router', 'RouteDecision')]
2026-04-14 17:45:04,890 - SessionLogger - INFO - [sim_FSM_P1_M-BUO-002_98234f] Teacher: 咱们来算笔细账：假设这个物体高 10 厘米。

在浅处，如果上表面在水下 10 厘米，那下表面就在水下 20 厘米；
若把它按到深处，上表面到了水下 100 厘米，那下表面就在水下 110 厘米。

请你看看，这两种情况下，**下表面比上表面多出来的那个深度**（也就是 10 厘米），发生变化了吗？
2026-04-14 17:45:05,476 - SessionLogger - INFO - [sim_FSM+Guardrail_P1_M-BUO-002_323c7b] Teacher: 这个直觉很自然，因为下表面的压力确实变大了。

但请想一想，当物体整体下沉时，**上表面**受到的向下压力是不是也同时变大了？如果上下两个表面的压力都增加了**完全相同**的数值，它们的差值会改变吗？
2026-04-14 17:45:05,922 - SessionLogger - INFO - [sim_FSM_P1_M-BUO-002_98234f] Student: 没变啊，都是10厘米。但这能说明什么？深度那么深，压强基数都那么大，我觉得总的托力肯定还是不一样的。
Deserializing unregistered type router.SessionMemory from checkpoint. This will be blocked in a future version. Add to allowed_msgpack_modules to silence: [('router', 'SessionMemory')]
Deserializing unregistered type router.PerceptionResult from checkpoint. This will be blocked in a future version. Add to allowed_msgpack_modules to silence: [('router', 'PerceptionResult')]
Deserializing unregistered type router.RouteDecision from checkpoint. This will be blocked in a future version. Add to allowed_msgpack_modules to silence: [('router', 'RouteDecision')]
2026-04-14 17:45:06,778 - SessionLogger - INFO - [sim_FSM+Guardrail_P1_M-BUO-002_323c7b] Student: 可是老师，越往下水不是越“挤”吗？下面的压力肯定比上面增加得更多啊，不然怎么解释潜水艇潜得越深感觉受力越大呢？
Deserializing unregistered type router.SessionMemory from checkpoint. This will be blocked in a future version. Add to allowed_msgpack_modules to silence: [('router', 'SessionMemory')]
Deserializing unregistered type router.PerceptionResult from checkpoint. This will be blocked in a future version. Add to allowed_msgpack_modules to silence: [('router', 'PerceptionResult')]
Deserializing unregistered type router.RouteDecision from checkpoint. This will be blocked in a future version. Add to allowed_msgpack_modules to silence: [('router', 'RouteDecision')]
2026-04-14 17:45:07,679 - SessionLogger - INFO - [sim_Baseline_P1_M-BUO-002_033a78] Teacher: 既然你觉得托力变大了，那咱们做个实验：把潜水艇模型用弹簧秤挂着，分别浸没在浅水和深水里。
如果浮力真变大了，弹簧秤的读数在深处应该变大还是变小？
2026-04-14 17:45:08,352 - SessionLogger - INFO - [sim_Baseline_P2_M-BUO-002_82eaeb] Teacher: 没错，你抓住了关键！压强是“挤压”的程度，而浮力取决于排开水的多少。

那既然浮力没变，潜水艇是怎么实现下潜或者上浮的呢？它改变了自身的什么条件？
2026-04-14 17:45:08,697 - SessionLogger - INFO - [sim_Baseline_P1_M-BUO-002_033a78] Student: 读数肯定变小啊，因为浮力变大了，抵消的重力更多了。这不是很明显吗？
Deserializing unregistered type router.SessionMemory from checkpoint. This will be blocked in a future version. Add to allowed_msgpack_modules to silence: [('router', 'SessionMemory')]
Deserializing unregistered type router.PerceptionResult from checkpoint. This will be blocked in a future version. Add to allowed_msgpack_modules to silence: [('router', 'PerceptionResult')]
Deserializing unregistered type router.RouteDecision from checkpoint. This will be blocked in a future version. Add to allowed_msgpack_modules to silence: [('router', 'RouteDecision')]
2026-04-14 17:45:09,454 - SessionLogger - INFO - [sim_Baseline_P2_M-BUO-002_82eaeb] Student: 那是不是因为它往水舱里注水，让自己变重了？
既然浮力没变，那只要重力大于浮力，它就能沉下去了吧？
Deserializing unregistered type router.SessionMemory from checkpoint. This will be blocked in a future version. Add to allowed_msgpack_modules to silence: [('router', 'SessionMemory')]
Deserializing unregistered type router.PerceptionResult from checkpoint. This will be blocked in a future version. Add to allowed_msgpack_modules to silence: [('router', 'PerceptionResult')]
Deserializing unregistered type router.RouteDecision from checkpoint. This will be blocked in a future version. Add to allowed_msgpack_modules to silence: [('router', 'RouteDecision')]
2026-04-14 17:45:12,785 - SessionLogger - INFO - [sim_Baseline_P2_M-BUO-002_82eaeb] Teacher: 没错，就是这个道理！通过改变自身重力来打破平衡。

那如果它想从深处重新浮上来，你觉得它需要对水舱里的水做什么操作呢？
2026-04-14 17:45:13,731 - SessionLogger - INFO - [sim_Baseline_P2_M-BUO-002_82eaeb] Student: 把水舱里的水排出去，让自身重力变小？
只要重力小于浮力，它就能上浮了，对吧？
Deserializing unregistered type router.SessionMemory from checkpoint. This will be blocked in a future version. Add to allowed_msgpack_modules to silence: [('router', 'SessionMemory')]
Deserializing unregistered type router.PerceptionResult from checkpoint. This will be blocked in a future version. Add to allowed_msgpack_modules to silence: [('router', 'PerceptionResult')]
Deserializing unregistered type router.RouteDecision from checkpoint. This will be blocked in a future version. Add to allowed_msgpack_modules to silence: [('router', 'RouteDecision')]
2026-04-14 17:45:17,952 - SessionLogger - INFO - [sim_Baseline_P2_M-BUO-002_82eaeb] Teacher: 完全正确！重力小于浮力，合力向上，自然就浮起来了。

那如果它想悬浮在水中既不上升也不下降，重力和浮力应该是什么关系呢？
2026-04-14 17:45:17,952 - SessionLogger - INFO - [sim_Baseline_P2_M-BUO-002_82eaeb] Extending max_turns by 3 because cognitive_state is '新概念探索'
2026-04-14 17:45:18,377 - SessionLogger - INFO - [sim_FSM+Guardrail_P1_M-BUO-002_323c7b] Teacher: 潜水艇感觉“受力大”，是因为它外壳承受的**总压强**变大了，这确实会让它更容易被压扁。

但我们要区分“被压扁的力”和“向上托的浮力”。试想一下，如果水真的像弹簧一样越往下越“挤”（密度显著变大），那同一个物体在深海受到的浮力确实会变大；但在我们通常研究的普通液体中，水的“拥挤程度”（密度）几乎是不变的。

既然水的密度不变，物体排开的那部分水的**重量**会变吗？
2026-04-14 17:45:18,880 - SessionLogger - INFO - [sim_Baseline_P2_M-BUO-002_82eaeb] Student: 那应该是重力等于浮力吧？
这样合力为零，它就能停在水里不动了。
Deserializing unregistered type router.SessionMemory from checkpoint. This will be blocked in a future version. Add to allowed_msgpack_modules to silence: [('router', 'SessionMemory')]
Deserializing unregistered type router.PerceptionResult from checkpoint. This will be blocked in a future version. Add to allowed_msgpack_modules to silence: [('router', 'PerceptionResult')]
Deserializing unregistered type router.RouteDecision from checkpoint. This will be blocked in a future version. Add to allowed_msgpack_modules to silence: [('router', 'RouteDecision')]
2026-04-14 17:45:19,752 - SessionLogger - INFO - [sim_FSM_P1_M-BUO-002_98234f] Teacher: 既然上下表面所处的深度都增加了同样的数值，那它们受到的压强**增加的量**也是一样的。

试想一下：如果向上的压力增加了 10 牛，同时向下的压力也增加了 10 牛，这两个力相互抵消后，剩下的那个“净向上托力”（也就是浮力）会变大吗？
2026-04-14 17:45:21,394 - SessionLogger - INFO - [sim_FSM_P1_M-BUO-002_98234f] Student: 可是……虽然增加的量一样，但深处的绝对压强那么大，感觉上应该还是会有影响的吧？我还是觉得越深浮力越大，这跟我平时感觉的不一样。
Deserializing unregistered type router.SessionMemory from checkpoint. This will be blocked in a future version. Add to allowed_msgpack_modules to silence: [('router', 'SessionMemory')]
Deserializing unregistered type router.PerceptionResult from checkpoint. This will be blocked in a future version. Add to allowed_msgpack_modules to silence: [('router', 'PerceptionResult')]
Deserializing unregistered type router.RouteDecision from checkpoint. This will be blocked in a future version. Add to allowed_msgpack_modules to silence: [('router', 'RouteDecision')]
2026-04-14 17:45:21,612 - SessionLogger - INFO - [sim_FSM+Guardrail_P1_M-BUO-002_323c7b] Student: 老师，我还是觉得不对。既然深度增加了，水对物体的作用力肯定更强了，浮力怎么可能不变呢？您说的排开水的重量，难道跟深度没关系吗？
Deserializing unregistered type router.SessionMemory from checkpoint. This will be blocked in a future version. Add to allowed_msgpack_modules to silence: [('router', 'SessionMemory')]
Deserializing unregistered type router.PerceptionResult from checkpoint. This will be blocked in a future version. Add to allowed_msgpack_modules to silence: [('router', 'PerceptionResult')]
Deserializing unregistered type router.RouteDecision from checkpoint. This will be blocked in a future version. Add to allowed_msgpack_modules to silence: [('router', 'RouteDecision')]
2026-04-14 17:45:31,698 - SessionLogger - INFO - [sim_FSM_P1_M-BUO-002_98234f] Teacher: 这种直觉确实很顽固，因为我们在生活中很难直接感受到“压力差”。

咱们换个极端点的例子：如果浮力真的随深度无限增大，那潜水艇潜到几千米深时，巨大的浮力岂不是会像火箭一样把它猛地推回水面？

你觉得现实中的潜水艇在深海里，是需要对抗这种“越来越大的上浮力”，还是说它受到的托力其实挺稳定的？
2026-04-14 17:45:32,100 - SessionLogger - INFO - [sim_FSM+Guardrail_P1_M-BUO-002_323c7b] Teacher: 这个直觉确实很有迷惑性，因为我们在生活中很难直接感知到“排开液体的重量”这一抽象概念。

咱们换个角度想：如果你把一个装满水的杯子放在秤上，然后把一个铁块完全浸没进去（水不溢出），这时候秤的读数会增加。

现在，请你保持铁块**完全浸没**的状态，只是把它从浅处移到深处（不碰杯底），你觉得这时候杯子里**被铁块占据空间的那部分水**的体积或重量，会发生改变吗？
2026-04-14 17:45:35,101 - SessionLogger - INFO - [sim_FSM+Guardrail_P3_M-BUO-001_776b3d] Teacher: 想象一下，如果你有一团橡皮泥，把它捏成实心小球扔进水里会沉底；但如果把它捏成一只小碗的形状放在水面上，它是不是能占住更大的一块水面空间？
2026-04-14 17:45:35,494 - SessionLogger - INFO - [sim_FSM_P1_M-BUO-002_98234f] Student: 潜水艇那是靠调节水舱里的水来改变重力的，跟浮力变不变没关系。我觉得它还是受到了更大的浮力，只是它自己变得更重了才没飞上去。
Deserializing unregistered type router.SessionMemory from checkpoint. This will be blocked in a future version. Add to allowed_msgpack_modules to silence: [('router', 'SessionMemory')]
Deserializing unregistered type router.PerceptionResult from checkpoint. This will be blocked in a future version. Add to allowed_msgpack_modules to silence: [('router', 'PerceptionResult')]
Deserializing unregistered type router.RouteDecision from checkpoint. This will be blocked in a future version. Add to allowed_msgpack_modules to silence: [('router', 'RouteDecision')]
2026-04-14 17:45:35,719 - SessionLogger - INFO - [sim_FSM+Guardrail_P1_M-BUO-002_323c7b] Student: 可是老师，虽然体积没变，但深处的水更“重”更有劲啊。我觉得深度增加了，那个托力肯定还是会跟着变大的，不能只看体积吧？
Deserializing unregistered type router.SessionMemory from checkpoint. This will be blocked in a future version. Add to allowed_msgpack_modules to silence: [('router', 'SessionMemory')]
Deserializing unregistered type router.PerceptionResult from checkpoint. This will be blocked in a future version. Add to allowed_msgpack_modules to silence: [('router', 'PerceptionResult')]
Deserializing unregistered type router.RouteDecision from checkpoint. This will be blocked in a future version. Add to allowed_msgpack_modules to silence: [('router', 'RouteDecision')]
2026-04-14 17:45:38,995 - SessionLogger - INFO - [sim_FSM+Guardrail_P3_M-BUO-001_776b3d] Student: 嗯……小碗确实占的地方大。但这跟它能不能浮起来有什么关系呢？它不还是那么重吗？
Deserializing unregistered type router.SessionMemory from checkpoint. This will be blocked in a future version. Add to allowed_msgpack_modules to silence: [('router', 'SessionMemory')]
Deserializing unregistered type router.PerceptionResult from checkpoint. This will be blocked in a future version. Add to allowed_msgpack_modules to silence: [('router', 'PerceptionResult')]
Deserializing unregistered type router.RouteDecision from checkpoint. This will be blocked in a future version. Add to allowed_msgpack_modules to silence: [('router', 'RouteDecision')]
2026-04-14 17:45:44,295 - SessionLogger - INFO - [sim_FSM+Guardrail_P1_M-BUO-002_323c7b] Teacher: 这个想法很有趣，但让我们顺着你的逻辑推演一下：如果水真的越深越“有劲”（密度变大），那在几千米深的海底，水的密度岂不是会变得像水银甚至钢铁一样大？

那样的话，一艘普通的木船到了深海，是不是就会像皮球漂在水面上一样，轻松地浮在海水表面，甚至根本压不下去？这符合你对深海的认知吗？
2026-04-14 17:45:46,326 - SessionLogger - INFO - [sim_FSM_P1_M-BUO-002_98234f] Teacher: 好吧，那咱们抛开潜水艇，看一个更直观的实验现象：

如果你把一个铁块挂在弹簧测力计下，先浸没在水中浅处，读数是 8N；再把它慢慢放到水底附近（不触底），你会发现测力计的示数**始终保持在 8N 不变**。

既然测力计示数不变，说明铁块受到的向上托力（浮力）也没有变。这直接证明了：在完全浸没后，浮力大小与深度______（有关 / 无关）。
2026-04-14 17:45:47,576 - SessionLogger - INFO - [sim_FSM+Guardrail_P1_M-BUO-002_323c7b] Student: 那……那可能是深海的水比较特殊吧，跟普通水不一样。但在普通的游泳池里，我明明感觉越往下压力越大，浮力肯定也跟着变大了啊。
Deserializing unregistered type router.SessionMemory from checkpoint. This will be blocked in a future version. Add to allowed_msgpack_modules to silence: [('router', 'SessionMemory')]
Deserializing unregistered type router.PerceptionResult from checkpoint. This will be blocked in a future version. Add to allowed_msgpack_modules to silence: [('router', 'PerceptionResult')]
Deserializing unregistered type router.RouteDecision from checkpoint. This will be blocked in a future version. Add to allowed_msgpack_modules to silence: [('router', 'RouteDecision')]
2026-04-14 17:45:49,496 - SessionLogger - INFO - [sim_Baseline_P3_M-BUO-001_799689] Teacher: 没错，形状改变让“挤”开的水变多，托力自然就大了。
那你想过没有，既然铁碗能浮，为什么实心的铁块却不行？它们用的材料重量明明是一样的呀。
2026-04-14 17:45:49,550 - SessionLogger - INFO - [sim_FSM_P1_M-BUO-002_98234f] Student: 那肯定是弹簧测力计不够灵敏，或者水底有暗流影响读数了。反正深度越深压强越大，浮力怎么可能不变呢？我不信这个实验结果。
Deserializing unregistered type router.SessionMemory from checkpoint. This will be blocked in a future version. Add to allowed_msgpack_modules to silence: [('router', 'SessionMemory')]
Deserializing unregistered type router.PerceptionResult from checkpoint. This will be blocked in a future version. Add to allowed_msgpack_modules to silence: [('router', 'PerceptionResult')]
Deserializing unregistered type router.RouteDecision from checkpoint. This will be blocked in a future version. Add to allowed_msgpack_modules to silence: [('router', 'RouteDecision')]
2026-04-14 17:45:50,563 - SessionLogger - INFO - [sim_Baseline_P3_M-BUO-001_799689] Student: 实心铁块好像“挤”不开那么多水？因为它没把空气包进去，占的地方小，所以托力不够大，就沉下去了？
Deserializing unregistered type router.SessionMemory from checkpoint. This will be blocked in a future version. Add to allowed_msgpack_modules to silence: [('router', 'SessionMemory')]
Deserializing unregistered type router.PerceptionResult from checkpoint. This will be blocked in a future version. Add to allowed_msgpack_modules to silence: [('router', 'PerceptionResult')]
Deserializing unregistered type router.RouteDecision from checkpoint. This will be blocked in a future version. Add to allowed_msgpack_modules to silence: [('router', 'RouteDecision')]
2026-04-14 17:45:54,140 - SessionLogger - INFO - [sim_Baseline_P3_M-BUO-001_799689] Teacher: 你说得很对，实心铁块排开的水确实少得多。
那既然材料都是铁，你觉得是铁本身的密度大，还是我们刚才说的那个“空心铁碗”整体的平均密度大呢？
2026-04-14 17:45:55,318 - SessionLogger - INFO - [sim_Baseline_P3_M-BUO-001_799689] Student: 应该是实心铁的密度大吧？因为空心碗里混进了很多轻飘飘的空气，把整体给“稀释”了，所以平均下来就没那么“重”了？
2026-04-14 17:45:55,319 - SessionLogger - INFO - [sim_Baseline_P3_M-BUO-001_799689] Session finished. Resolved: False
2026-04-14 17:45:55,319 - SessionLogger - INFO - [sim_FSM_P2_M-BUO-002_dd6415] Starting session
2026-04-14 17:45:55,319 - SessionLogger - INFO - Initialized Session sim_FSM_P2_M-BUO-002_dd6415 on Unknown for Unknown with version FSM+Guardrail
2026-04-14 17:45:56,351 - SessionLogger - INFO - [sim_FSM_P2_M-BUO-002_dd6415] Student Opening: 老师，我觉得物体在液体里浸得越深，受到的浮力就越大，毕竟深度越深压强不是越大吗？
2026-04-14 17:45:56,911 - SessionLogger - INFO - [sim_FSM+Guardrail_P1_M-BUO-002_323c7b] Teacher: 这种“压力大所以浮力大”的感觉确实很真实，因为你的耳膜确实感受到了更强的压迫感。

但我们要区分“把你压扁的力”和“把你托起来的力”。想象一个正方体浸没在水中：
1. 它的**上表面**受到向下的压力。
2. 它的**下表面**受到向上的压力。
3. **浮力 = 下表面向上的压力 - 上表面向下的压力**。

当你把正方体从浅处移到深处时，虽然上下表面的压强都变大了，但它们增加的幅度是**完全一样**的。

既然上下两边增加的压力相互抵消了，那么它们的**差值**（也就是浮力）会变大、变小，还是保持不变？
2026-04-14 17:45:58,271 - SessionLogger - INFO - [sim_FSM+Guardrail_P1_M-BUO-002_323c7b] Student: 可是老师，虽然增加的幅度一样，但底下的基数大啊！下面的压力本来就比上面大很多，到了更深的地方，这个差距难道不会拉得更大吗？
Deserializing unregistered type router.SessionMemory from checkpoint. This will be blocked in a future version. Add to allowed_msgpack_modules to silence: [('router', 'SessionMemory')]
Deserializing unregistered type router.PerceptionResult from checkpoint. This will be blocked in a future version. Add to allowed_msgpack_modules to silence: [('router', 'PerceptionResult')]
Deserializing unregistered type router.RouteDecision from checkpoint. This will be blocked in a future version. Add to allowed_msgpack_modules to silence: [('router', 'RouteDecision')]
2026-04-14 17:46:01,180 - SessionLogger - INFO - [sim_FSM+Guardrail_P3_M-BUO-001_776b3d] Teacher: 没错，重量确实没变。但既然小碗“占”的水面空间更大了，也就是它排开的水更多了，你觉得这时候水给它的向上托力，会比实心小球时更大还是更小？
2026-04-14 17:46:02,863 - SessionLogger - INFO - [sim_FSM+Guardrail_P3_M-BUO-001_776b3d] Student: 排开的水更多……所以托力会更大？可是水又不是弹簧，它怎么知道要多给点力气呢？
Deserializing unregistered type router.SessionMemory from checkpoint. This will be blocked in a future version. Add to allowed_msgpack_modules to silence: [('router', 'SessionMemory')]
Deserializing unregistered type router.PerceptionResult from checkpoint. This will be blocked in a future version. Add to allowed_msgpack_modules to silence: [('router', 'PerceptionResult')]
Deserializing unregistered type router.RouteDecision from checkpoint. This will be blocked in a future version. Add to allowed_msgpack_modules to silence: [('router', 'RouteDecision')]
2026-04-14 17:46:05,605 - SessionLogger - INFO - [sim_Baseline_P2_M-BUO-002_82eaeb] Teacher: 没错，受力平衡时就能保持静止或匀速直线运动。

现在换个场景：如果一艘轮船从河里开进海里，它受到的浮力会变吗？提示一下，船始终是漂浮状态哦。
2026-04-14 17:46:06,511 - SessionLogger - INFO - [sim_Baseline_P2_M-BUO-002_82eaeb] Student: 应该不变吧？因为船一直是漂浮的，浮力都等于重力，而船的重力没变。
Deserializing unregistered type router.SessionMemory from checkpoint. This will be blocked in a future version. Add to allowed_msgpack_modules to silence: [('router', 'SessionMemory')]
Deserializing unregistered type router.PerceptionResult from checkpoint. This will be blocked in a future version. Add to allowed_msgpack_modules to silence: [('router', 'PerceptionResult')]
Deserializing unregistered type router.RouteDecision from checkpoint. This will be blocked in a future version. Add to allowed_msgpack_modules to silence: [('router', 'RouteDecision')]
2026-04-14 17:46:10,574 - SessionLogger - INFO - [sim_Baseline_P2_M-BUO-002_82eaeb] Teacher: 分析得很对，浮力确实保持不变。

不过，海水的密度比河水大，根据 $F_{\text{浮}} = \rho_{\text{液}} g V_{\text{排}}$，你觉得船身浸入水中的体积（$V_{\text{排}}$）会怎么变化呢？
2026-04-14 17:46:12,588 - SessionLogger - INFO - [sim_Baseline_P2_M-BUO-002_82eaeb] Student: 既然浮力不变，海水密度又变大了，那排开水的体积 $V_{\text{排}}$ 应该会变小吧？
也就是说船会稍微浮起来一点？
Deserializing unregistered type router.SessionMemory from checkpoint. This will be blocked in a future version. Add to allowed_msgpack_modules to silence: [('router', 'SessionMemory')]
Deserializing unregistered type router.PerceptionResult from checkpoint. This will be blocked in a future version. Add to allowed_msgpack_modules to silence: [('router', 'PerceptionResult')]
Deserializing unregistered type router.RouteDecision from checkpoint. This will be blocked in a future version. Add to allowed_msgpack_modules to silence: [('router', 'RouteDecision')]
2026-04-14 17:46:15,811 - SessionLogger - INFO - [sim_FSM+Guardrail_P3_M-BUO-001_776b3d] Teacher: 这个直觉很敏锐，水确实没有“意识”。但你可以想象一下，要把更多的水从原来的位置“挤”走，是不是需要更大的力气去对抗水的压力？
2026-04-14 17:46:17,495 - SessionLogger - INFO - [sim_Baseline_P2_M-BUO-002_82eaeb] Teacher: 完全正确！这就是为什么轮船从河里开进海里会“上浮”一些。

那反过来想，如果这艘船在卸货，重力减小了，它受到的浮力会怎么变？船身又会怎样移动呢？
2026-04-14 17:46:18,166 - SessionLogger - INFO - [sim_FSM_P2_M-BUO-002_dd6415] Teacher: 照这个逻辑，如果把一个实心铁块压到海底最深处，因为那里压强特别大，铁块受到的浮力会不会大到让它像皮球一样自动浮上来？
2026-04-14 17:46:18,862 - SessionLogger - INFO - [sim_FSM+Guardrail_P3_M-BUO-001_776b3d] Student: 哦……所以是因为挤走更多的水更费劲，水才会反过来更用力地顶回来？那如果这个顶回来的力气比橡皮泥本身的重量还大，它就能浮起来了？
Deserializing unregistered type router.SessionMemory from checkpoint. This will be blocked in a future version. Add to allowed_msgpack_modules to silence: [('router', 'SessionMemory')]
Deserializing unregistered type router.PerceptionResult from checkpoint. This will be blocked in a future version. Add to allowed_msgpack_modules to silence: [('router', 'PerceptionResult')]
Deserializing unregistered type router.RouteDecision from checkpoint. This will be blocked in a future version. Add to allowed_msgpack_modules to silence: [('router', 'RouteDecision')]
2026-04-14 17:46:21,021 - SessionLogger - INFO - [sim_Baseline_P2_M-BUO-002_82eaeb] Student: 重力变小了，那浮力肯定也变小才能平衡吧。
既然浮力小了，船身应该会上浮一些，排开的水变少？
Deserializing unregistered type router.SessionMemory from checkpoint. This will be blocked in a future version. Add to allowed_msgpack_modules to silence: [('router', 'SessionMemory')]
Deserializing unregistered type router.PerceptionResult from checkpoint. This will be blocked in a future version. Add to allowed_msgpack_modules to silence: [('router', 'PerceptionResult')]
Deserializing unregistered type router.RouteDecision from checkpoint. This will be blocked in a future version. Add to allowed_msgpack_modules to silence: [('router', 'RouteDecision')]
2026-04-14 17:46:21,474 - SessionLogger - INFO - [sim_Baseline_P1_M-BUO-002_033a78] Teacher: 好，那咱们看看这“多出来”的托力是从哪来的。
浮力其实是下表面向上的压力减去上表面向下的压力。
当潜水艇下潜时，上表面和下表面受到的压强都增加了，你觉得这两个表面**增加**的压强，是一样多的，还是不一样多？
2026-04-14 17:46:21,482 - SessionLogger - INFO - [sim_FSM_P2_M-BUO-002_dd6415] Student: 呃……好像不会，铁块到了海底应该还是沉在那儿吧。
可是老师，如果浮力没变大，那深度增加带来的巨大压强去哪儿了呢？
Deserializing unregistered type router.SessionMemory from checkpoint. This will be blocked in a future version. Add to allowed_msgpack_modules to silence: [('router', 'SessionMemory')]
Deserializing unregistered type router.PerceptionResult from checkpoint. This will be blocked in a future version. Add to allowed_msgpack_modules to silence: [('router', 'PerceptionResult')]
Deserializing unregistered type router.RouteDecision from checkpoint. This will be blocked in a future version. Add to allowed_msgpack_modules to silence: [('router', 'RouteDecision')]
2026-04-14 17:46:22,403 - SessionLogger - INFO - [sim_Baseline_P1_M-BUO-002_033a78] Student: 肯定不一样啊，越深压强越大，所以下面增加得更多，上面的少。这不就说明合力变大了吗？
Deserializing unregistered type router.SessionMemory from checkpoint. This will be blocked in a future version. Add to allowed_msgpack_modules to silence: [('router', 'SessionMemory')]
Deserializing unregistered type router.PerceptionResult from checkpoint. This will be blocked in a future version. Add to allowed_msgpack_modules to silence: [('router', 'PerceptionResult')]
Deserializing unregistered type router.RouteDecision from checkpoint. This will be blocked in a future version. Add to allowed_msgpack_modules to silence: [('router', 'RouteDecision')]
2026-04-14 17:46:33,226 - SessionLogger - INFO - [sim_FSM+Guardrail_P3_M-BUO-001_776b3d] Teacher: 正是这样。那么，当这个向上的托力最终和橡皮泥向下的重力完全相等时，你觉得橡皮泥会处于一种什么样的状态？
2026-04-14 17:46:33,226 - SessionLogger - INFO - [sim_FSM+Guardrail_P3_M-BUO-001_776b3d] Session finished. Resolved: True
2026-04-14 17:46:33,227 - SessionLogger - INFO - [sim_FSM+Guardrail_P2_M-BUO-002_0f07ec] Starting session
2026-04-14 17:46:33,227 - SessionLogger - INFO - Initialized Session sim_FSM+Guardrail_P2_M-BUO-002_0f07ec on Unknown for Unknown with version FSM+Guardrail
2026-04-14 17:46:34,391 - SessionLogger - INFO - [sim_FSM+Guardrail_P2_M-BUO-002_0f07ec] Student Opening: 老师，我觉得潜水艇潜得越深，受到的浮力应该越大吧？毕竟水越深压强不是越大吗？
2026-04-14 17:46:34,412 - SessionLogger - INFO - [sim_Baseline_P2_M-BUO-002_82eaeb] Teacher: 没错，逻辑很清晰！浮力减小意味着排开水的体积变小，船自然就上浮了。

现在考考你：如果船底不小心破了个洞，水涌进船舱，这时候船受到的总重力怎么变？它还能保持漂浮吗？
2026-04-14 17:46:34,419 - SessionLogger - INFO - [sim_Baseline_P1_M-BUO-002_033a78] Teacher: 咱们算笔账：如果潜水艇高 10 米，从 100 米深潜到 200 米深。
上表面的压强增加了多少？下表面的压强又增加了多少？
这两个“增加量”真的不一样吗？
2026-04-14 17:46:37,495 - SessionLogger - INFO - [sim_Baseline_P1_M-BUO-002_033a78] Student: 那肯定还是下面增加得多啊，毕竟下面的深度基数大。你光说增加量，难道深度对压强没影响了吗？
2026-04-14 17:46:37,495 - SessionLogger - INFO - [sim_Baseline_P1_M-BUO-002_033a78] Session finished. Resolved: False
2026-04-14 17:46:37,496 - SessionLogger - INFO - [sim_Baseline_P3_M-BUO-002_0e0478] Starting session
2026-04-14 17:46:37,496 - SessionLogger - INFO - Initialized Session sim_Baseline_P3_M-BUO-002_0e0478 on Unknown for Unknown with version FSM+Guardrail
2026-04-14 17:46:40,750 - SessionLogger - INFO - [sim_Baseline_P3_M-BUO-002_0e0478] Student Opening: 老师，我觉得潜水艇潜得越深，水把它往上顶的力（浮力）应该就越大吧？毕竟下面的水压那么大。
2026-04-14 17:46:40,756 - SessionLogger - INFO - [sim_Baseline_P2_M-BUO-002_82eaeb] Student: 水进来了，总重力肯定变大了。
如果重力变得比最大浮力还大，船应该就沉下去了吧？
Deserializing unregistered type router.SessionMemory from checkpoint. This will be blocked in a future version. Add to allowed_msgpack_modules to silence: [('router', 'SessionMemory')]
Deserializing unregistered type router.PerceptionResult from checkpoint. This will be blocked in a future version. Add to allowed_msgpack_modules to silence: [('router', 'PerceptionResult')]
Deserializing unregistered type router.RouteDecision from checkpoint. This will be blocked in a future version. Add to allowed_msgpack_modules to silence: [('router', 'RouteDecision')]
2026-04-14 17:46:40,761 - SessionLogger - INFO - [sim_FSM_P2_M-BUO-002_dd6415] Teacher: 压强确实变大了，但它同时作用在物体的上表面和下表面。既然上下表面的压强都增加了，你觉得它们之间的“差值”会改变吗？
2026-04-14 17:46:42,582 - SessionLogger - INFO - [sim_FSM_P2_M-BUO-002_dd6415] Student: 嗯……如果上下都增加一样的量，那差值好像确实没变？
所以我之前以为深度越深浮力越大，其实是搞错了？
Deserializing unregistered type router.SessionMemory from checkpoint. This will be blocked in a future version. Add to allowed_msgpack_modules to silence: [('router', 'SessionMemory')]
Deserializing unregistered type router.PerceptionResult from checkpoint. This will be blocked in a future version. Add to allowed_msgpack_modules to silence: [('router', 'PerceptionResult')]
Deserializing unregistered type router.RouteDecision from checkpoint. This will be blocked in a future version. Add to allowed_msgpack_modules to silence: [('router', 'RouteDecision')]
2026-04-14 17:46:44,443 - SessionLogger - INFO - [sim_FSM_P1_M-BUO-002_98234f] Teacher: 这种“压强越大，托力越大”的直觉确实非常顽固，因为我们在生活中很难把“压强”和“压力差”分开看。

咱们退一步，只看数学逻辑：浮力 = 下表面受到的向上压力 - 上表面受到的向下压力。

当物体下沉时，上下表面的深度都增加了相同的数值，所以它们受到的压力都**同时增加**了完全相同的大小。

请你算一笔账：如果被减数（向上压力）增加了 10N，减数（向下压力）也增加了 10N，那么它们的**差值**（浮力）会变大、变小，还是保持不变？
2026-04-14 17:46:45,542 - SessionLogger - INFO - [sim_FSM_P1_M-BUO-002_98234f] Student: 可是下面的压强基数大啊，增加同样的深度，下面受到的力应该更“猛”一点吧？我觉得不能简单相减，深处的压力效应肯定更强。
Deserializing unregistered type router.SessionMemory from checkpoint. This will be blocked in a future version. Add to allowed_msgpack_modules to silence: [('router', 'SessionMemory')]
Deserializing unregistered type router.PerceptionResult from checkpoint. This will be blocked in a future version. Add to allowed_msgpack_modules to silence: [('router', 'PerceptionResult')]
Deserializing unregistered type router.RouteDecision from checkpoint. This will be blocked in a future version. Add to allowed_msgpack_modules to silence: [('router', 'RouteDecision')]
2026-04-14 17:46:46,722 - SessionLogger - INFO - [sim_Baseline_P2_M-BUO-002_82eaeb] Teacher: 没错，一旦重力超过了它能获得的最大浮力，船就会下沉。

那回到潜水艇，它想从深海浮上来时，是应该往水舱里注水，还是把水排出去呢？
2026-04-14 17:46:48,362 - SessionLogger - INFO - [sim_Baseline_P2_M-BUO-002_82eaeb] Student: 要浮上来肯定得让重力变小吧，所以应该把水排出去。
不过老师，它排完水之后变轻了，是不是因为深度变浅了，浮力才让它上来的？
Deserializing unregistered type router.SessionMemory from checkpoint. This will be blocked in a future version. Add to allowed_msgpack_modules to silence: [('router', 'SessionMemory')]
Deserializing unregistered type router.PerceptionResult from checkpoint. This will be blocked in a future version. Add to allowed_msgpack_modules to silence: [('router', 'PerceptionResult')]
Deserializing unregistered type router.RouteDecision from checkpoint. This will be blocked in a future version. Add to allowed_msgpack_modules to silence: [('router', 'RouteDecision')]
2026-04-14 17:46:48,735 - SessionLogger - INFO - [sim_Baseline_P3_M-BUO-002_0e0478] Teacher: 这个直觉很有趣！不过咱们回想一下，阿基米德原理说浮力大小主要跟哪两个因素有关？

既然潜水艇完全没入水中后，它排开水的体积变了吗？
2026-04-14 17:46:49,823 - SessionLogger - INFO - [sim_Baseline_P3_M-BUO-002_0e0478] Student: 排开水的体积……应该没变吧，毕竟潜艇还是那么大。但下面压强不是变大了吗？难道压强变大不影响浮力吗？
Deserializing unregistered type router.SessionMemory from checkpoint. This will be blocked in a future version. Add to allowed_msgpack_modules to silence: [('router', 'SessionMemory')]
Deserializing unregistered type router.PerceptionResult from checkpoint. This will be blocked in a future version. Add to allowed_msgpack_modules to silence: [('router', 'PerceptionResult')]
Deserializing unregistered type router.RouteDecision from checkpoint. This will be blocked in a future version. Add to allowed_msgpack_modules to silence: [('router', 'RouteDecision')]
2026-04-14 17:46:53,804 - SessionLogger - WARNING - LLM Judge blocked response. Reason: 助教在回复开头直接陈述了本题的最终物理结论（'对于完全浸没的物体，浮力确实不随深度变化'），这直接纠正了学生的错误概念并给出了标准答案。根据违规定义第1条'助教直接告诉了学生本题最终的物理结论或标准答案'，此行为属于违规泄漏。虽然助教后续进行了引导提问，但核心结论已提前泄露，不符合启发式教学的豁免标准。
2026-04-14 17:46:53,810 - SessionLogger - INFO - [sim_FSM_P2_M-BUO-002_dd6415] Teacher: 没错，对于完全浸没的物体，浮力确实不随深度变化。那你回想一下，在什么情况下，我们会感觉到“越往下按，手受到的向上托力越大”呢？
2026-04-14 17:46:54,698 - SessionLogger - INFO - [sim_FSM_P1_M-BUO-002_98234f] Teacher: 这种直觉确实很反常识，因为“基数大”听起来好像应该更有优势。

但物理上，液体压强随深度的增加是**均匀**的（每加深1米，压强就固定增加一个数值）。

既然上下表面都处在同一种液体里，当它们同时下沉相同的距离时，它们各自增加的压强其实是**完全相等**的。

如果向上的推力增加了 10N，向下的压力也恰好增加了 10N，你觉得这两个力相互抵消后，剩下的那个“净向上托力”（也就是浮力）会发生改变吗？
2026-04-14 17:46:54,899 - SessionLogger - INFO - [sim_Baseline_P3_M-BUO-002_0e0478] Teacher: 没错，体积确实没变。那你想过没有，浮力其实是水对潜艇“向上”和“向下”的压力差？

既然越深压强越大，那潜艇顶部受到的向下压力和底部受到的向上压力，是不是都一起变大了呢？
2026-04-14 17:46:55,611 - SessionLogger - INFO - [sim_FSM+Guardrail_P1_M-BUO-002_323c7b] Teacher: 这个“基数大”的直觉很有代表性，但我们可以用一个简单的数学逻辑来拆解它。

假设物体的高度是 $h$，在深度 $d_1$ 时：
*   上表面压强对应深度 $d_1$
*   下表面压强对应深度 $d_1 + h$
*   **压力差**（浮力来源）对应的是 $(d_1 + h) - d_1 = h$

当你把它移到更深的 $d_2$ 时：
*   上表面压强对应深度 $d_2$
*   下表面压强对应深度 $d_2 + h$
*   **新的压力差**对应的是 $(d_2 + h) - d_2 = \_\_\_\_\_\_$

请填空：这个新的差值，和原来的 $h$ 相比，是变大了、变小了，还是依然等于 $h$？
2026-04-14 17:46:55,634 - SessionLogger - INFO - [sim_FSM_P2_M-BUO-002_dd6415] Student: 哦！是不是把皮球按进水里的时候？
那时候球还没完全没入水里，越往下按，排开的水好像越多，所以感觉力变大了？
Deserializing unregistered type router.SessionMemory from checkpoint. This will be blocked in a future version. Add to allowed_msgpack_modules to silence: [('router', 'SessionMemory')]
Deserializing unregistered type router.PerceptionResult from checkpoint. This will be blocked in a future version. Add to allowed_msgpack_modules to silence: [('router', 'PerceptionResult')]
Deserializing unregistered type router.RouteDecision from checkpoint. This will be blocked in a future version. Add to allowed_msgpack_modules to silence: [('router', 'RouteDecision')]
2026-04-14 17:46:58,316 - SessionLogger - INFO - [sim_FSM_P1_M-BUO-002_98234f] Student: 我还是觉得不对劲，深处的水压那么恐怖，怎么可能抵消得干干净净？我觉得肯定还是下面占便宜，浮力应该变大才对。
Deserializing unregistered type router.SessionMemory from checkpoint. This will be blocked in a future version. Add to allowed_msgpack_modules to silence: [('router', 'SessionMemory')]
Deserializing unregistered type router.PerceptionResult from checkpoint. This will be blocked in a future version. Add to allowed_msgpack_modules to silence: [('router', 'PerceptionResult')]
Deserializing unregistered type router.RouteDecision from checkpoint. This will be blocked in a future version. Add to allowed_msgpack_modules to silence: [('router', 'RouteDecision')]
2026-04-14 17:46:58,361 - SessionLogger - INFO - [sim_Baseline_P3_M-BUO-002_0e0478] Student: 啊……你是说上面和下面的压力都变大了？那它们加起来的“差”会不会也变大呢？我还是觉得越深劲儿应该越大。
Deserializing unregistered type router.SessionMemory from checkpoint. This will be blocked in a future version. Add to allowed_msgpack_modules to silence: [('router', 'SessionMemory')]
Deserializing unregistered type router.PerceptionResult from checkpoint. This will be blocked in a future version. Add to allowed_msgpack_modules to silence: [('router', 'PerceptionResult')]
Deserializing unregistered type router.RouteDecision from checkpoint. This will be blocked in a future version. Add to allowed_msgpack_modules to silence: [('router', 'RouteDecision')]
2026-04-14 17:46:58,456 - SessionLogger - INFO - [sim_FSM+Guardrail_P2_M-BUO-002_0f07ec] Teacher: 按照你的逻辑，如果潜水艇潜到几千米深的海底，那里的压强巨大，它受到的浮力也会变得超级大，甚至可能远远超过它的重力，那你觉得这时候潜水艇会发生什么现象？这符合我们看到的实际情况吗？
2026-04-14 17:46:58,876 - SessionLogger - INFO - [sim_FSM+Guardrail_P1_M-BUO-002_323c7b] Student: 算出来还是等于 $h$……但这只是数学游戏吧？现实中水那么深，压力那么大，怎么可能一点影响都没有？我还是觉得哪里不对劲。
Deserializing unregistered type router.SessionMemory from checkpoint. This will be blocked in a future version. Add to allowed_msgpack_modules to silence: [('router', 'SessionMemory')]
Deserializing unregistered type router.PerceptionResult from checkpoint. This will be blocked in a future version. Add to allowed_msgpack_modules to silence: [('router', 'PerceptionResult')]
Deserializing unregistered type router.RouteDecision from checkpoint. This will be blocked in a future version. Add to allowed_msgpack_modules to silence: [('router', 'RouteDecision')]
2026-04-14 17:47:00,025 - SessionLogger - INFO - [sim_FSM+Guardrail_P2_M-BUO-002_0f07ec] Student: 呃……那它应该会像气球一样猛地往上冲？可是潜水艇好像都是靠调节水舱才能上浮的，并不是到了深处就自动浮起来……我有点糊涂了。
Deserializing unregistered type router.SessionMemory from checkpoint. This will be blocked in a future version. Add to allowed_msgpack_modules to silence: [('router', 'SessionMemory')]
Deserializing unregistered type router.PerceptionResult from checkpoint. This will be blocked in a future version. Add to allowed_msgpack_modules to silence: [('router', 'PerceptionResult')]
Deserializing unregistered type router.RouteDecision from checkpoint. This will be blocked in a future version. Add to allowed_msgpack_modules to silence: [('router', 'RouteDecision')]
2026-04-14 17:47:03,490 - SessionLogger - INFO - [sim_Baseline_P3_M-BUO-002_0e0478] Teacher: 咱们算笔账：假设潜艇高 $h$，深度每增加 10 米，上下表面的压强是不是都增加了相同的数值？

如果“向上的力”和“向下的力”都增加了同样多，你觉得它们的差值（也就是浮力）会变吗？
2026-04-14 17:47:13,125 - SessionLogger - INFO - [sim_FSM_P2_M-BUO-002_dd6415] Teacher: 没错，那时候排开水的体积一直在变。那如果皮球已经完全按到水面以下了，再继续往下压，你感觉手上的力还会继续明显变大吗？
2026-04-14 17:47:13,125 - SessionLogger - INFO - [sim_FSM_P2_M-BUO-002_dd6415] Session finished. Resolved: True
2026-04-14 17:47:13,125 - SessionLogger - INFO - [sim_FSM_P3_M-BUO-002_b9f2c1] Starting session
2026-04-14 17:47:13,125 - SessionLogger - INFO - Initialized Session sim_FSM_P3_M-BUO-002_b9f2c1 on Unknown for Unknown with version FSM+Guardrail
2026-04-14 17:47:14,514 - SessionLogger - INFO - [sim_FSM_P3_M-BUO-002_b9f2c1] Student Opening: 老师，我觉得潜水艇潜得越深，受到的浮力应该越大吧？毕竟水越深压力不是越大吗？
2026-04-14 17:47:14,521 - SessionLogger - INFO - [sim_Baseline_P3_M-BUO-002_0e0478] Student: 呃……如果两边都加了一样的数，那减完剩下的差好像确实没变？可是感觉上下面压得更紧了，浮力不应该更大吗？
Deserializing unregistered type router.SessionMemory from checkpoint. This will be blocked in a future version. Add to allowed_msgpack_modules to silence: [('router', 'SessionMemory')]
Deserializing unregistered type router.PerceptionResult from checkpoint. This will be blocked in a future version. Add to allowed_msgpack_modules to silence: [('router', 'PerceptionResult')]
Deserializing unregistered type router.RouteDecision from checkpoint. This will be blocked in a future version. Add to allowed_msgpack_modules to silence: [('router', 'RouteDecision')]
2026-04-14 17:47:17,151 - SessionLogger - INFO - [sim_FSM+Guardrail_P1_M-BUO-002_323c7b] Teacher: 这个直觉确实非常顽固，因为我们在生活中很难直接感知到“压力差”这种抽象概念。

既然数学推导让你觉得像“游戏”，那我们先跳出公式。想象一下，你手里拿着一个完全浸没在水中的铁块，当你把它从水面下10厘米慢慢按到1米深时，你手感觉到的“向上托的力”（也就是你需要额外用的力气），真的有明显的变化吗？还是说，那种“沉甸甸”的感觉其实一直没怎么变？
2026-04-14 17:47:18,540 - SessionLogger - INFO - [sim_FSM+Guardrail_P1_M-BUO-002_323c7b] Student: 那肯定是因为铁块太重了，那点浮力的变化我根本感觉不出来啊。要是换个轻点的东西，比如气球，我敢肯定越往下按手越费劲！
Deserializing unregistered type router.SessionMemory from checkpoint. This will be blocked in a future version. Add to allowed_msgpack_modules to silence: [('router', 'SessionMemory')]
Deserializing unregistered type router.PerceptionResult from checkpoint. This will be blocked in a future version. Add to allowed_msgpack_modules to silence: [('router', 'PerceptionResult')]
Deserializing unregistered type router.RouteDecision from checkpoint. This will be blocked in a future version. Add to allowed_msgpack_modules to silence: [('router', 'RouteDecision')]
2026-04-14 17:47:18,958 - SessionLogger - INFO - [sim_FSM_P1_M-BUO-002_98234f] Teacher: 这个点确实非常反直觉，很多初学者甚至大学生一开始都会在这里卡住，因为“压强变大”和“浮力不变”之间的矛盾太强烈了。

咱们先不纠结这个死胡同了，一直钻牛角尖容易让人头疼。不如先把这个问题“挂起来”，休息一会儿或者换个轻松的话题？等你脑子放松下来，说不定回头再看会有新感觉。
2026-04-14 17:47:20,029 - SessionLogger - INFO - [sim_FSM_P1_M-BUO-002_98234f] Student: 行吧，反正我觉得我的直觉没错，是公式太死板了。那先不聊这个，但我心里还是不服气。
Deserializing unregistered type router.SessionMemory from checkpoint. This will be blocked in a future version. Add to allowed_msgpack_modules to silence: [('router', 'SessionMemory')]
Deserializing unregistered type router.PerceptionResult from checkpoint. This will be blocked in a future version. Add to allowed_msgpack_modules to silence: [('router', 'PerceptionResult')]
Deserializing unregistered type router.RouteDecision from checkpoint. This will be blocked in a future version. Add to allowed_msgpack_modules to silence: [('router', 'RouteDecision')]
2026-04-14 17:47:20,866 - SessionLogger - INFO - [sim_Baseline_P3_M-BUO-002_0e0478] Teacher: 这种“压得更紧”的感觉其实对应的是压强，但浮力只看压力差。

既然上下表面增加的压力相互抵消了，那决定浮力大小的关键——排开水的重力，在这个过程中有变化吗？
2026-04-14 17:47:22,104 - SessionLogger - INFO - [sim_Baseline_P3_M-BUO-002_0e0478] Student: 排开水的重力……潜艇体积没变，排开的水应该也没变吧？所以我刚才纠结的“深度”其实跟浮力大小没关系？
Deserializing unregistered type router.SessionMemory from checkpoint. This will be blocked in a future version. Add to allowed_msgpack_modules to silence: [('router', 'SessionMemory')]
Deserializing unregistered type router.PerceptionResult from checkpoint. This will be blocked in a future version. Add to allowed_msgpack_modules to silence: [('router', 'PerceptionResult')]
Deserializing unregistered type router.RouteDecision from checkpoint. This will be blocked in a future version. Add to allowed_msgpack_modules to silence: [('router', 'RouteDecision')]
2026-04-14 17:47:22,381 - SessionLogger - INFO - [sim_FSM+Guardrail_P2_M-BUO-002_0f07ec] Teacher: 这个矛盾抓得很准！既然深度增加并没有让浮力“自动”变大去推翻潜水艇，那我们换个角度想想：当潜水艇完全没入水中后，无论它下潜多深，它身体占据的空间（也就是排开水的体积）改变了吗？
2026-04-14 17:47:24,697 - SessionLogger - INFO - [sim_FSM+Guardrail_P2_M-BUO-002_0f07ec] Student: 好像……确实没变，潜水艇外壳是硬的，体积不会压缩。难道说，只要排开的水量不变，浮力就不变，跟深度没关系？
Deserializing unregistered type router.SessionMemory from checkpoint. This will be blocked in a future version. Add to allowed_msgpack_modules to silence: [('router', 'SessionMemory')]
Deserializing unregistered type router.PerceptionResult from checkpoint. This will be blocked in a future version. Add to allowed_msgpack_modules to silence: [('router', 'PerceptionResult')]
Deserializing unregistered type router.RouteDecision from checkpoint. This will be blocked in a future version. Add to allowed_msgpack_modules to silence: [('router', 'RouteDecision')]
2026-04-14 17:47:27,125 - SessionLogger - WARNING - LLM Judge blocked response. Reason: 助教在回复的第一句话中直接陈述了正确的物理结论（'只要完全浸没，排开水的体积就不变，浮力自然也不变'），这直接否定了学生的错误概念并给出了本题的核心知识点。根据违规定义第1条，助教直接告诉了学生最终的物理结论，属于违规泄漏。虽然随后进行了提问引导，但关键结论已提前给出，剥夺了学生通过思考纠正错误概念的机会。
2026-04-14 17:47:27,130 - SessionLogger - INFO - [sim_Baseline_P3_M-BUO-002_0e0478] Teacher: 没错，只要完全浸没，排开水的体积就不变，浮力自然也不变。

那既然浮力没变，潜艇是怎么做到想下潜就下潜，想上浮就上浮的呢？
2026-04-14 17:47:27,805 - SessionLogger - INFO - [sim_FSM_P1_M-BUO-002_98234f] Teacher: 这种“不服气”其实特别宝贵，说明你在认真思考而不是死记硬背。

既然现在心里还堵得慌，那咱们就彻底换个频道，先别看这个了。你是想聊聊其他有趣的物理现象，还是干脆休息会儿喝口水？
2026-04-14 17:47:27,889 - SessionLogger - INFO - [sim_FSM+Guardrail_P1_M-BUO-002_323c7b] Teacher: 这个观察非常敏锐！但这里有一个关键的细节：当你把气球越按越深时，它被水压挤得越来越小，体积也在发生变化。

如果我们换一个**完全不会被压缩**的坚硬物体（比如实心铁球），确保它在深处和浅处的体积一模一样，你觉得手感的“费劲程度”还会变化吗？
2026-04-14 17:47:28,284 - SessionLogger - INFO - [sim_Baseline_P3_M-BUO-002_0e0478] Student: 啊？浮力不变那它怎么动……难道是靠改变自己的重量吗？比如往里面灌水让自己变重？
Deserializing unregistered type router.SessionMemory from checkpoint. This will be blocked in a future version. Add to allowed_msgpack_modules to silence: [('router', 'SessionMemory')]
Deserializing unregistered type router.PerceptionResult from checkpoint. This will be blocked in a future version. Add to allowed_msgpack_modules to silence: [('router', 'PerceptionResult')]
Deserializing unregistered type router.RouteDecision from checkpoint. This will be blocked in a future version. Add to allowed_msgpack_modules to silence: [('router', 'RouteDecision')]
2026-04-14 17:47:31,589 - SessionLogger - INFO - [sim_FSM+Guardrail_P1_M-BUO-002_323c7b] Student: 可是老师，就算体积不变，下面的水压那么大，把物体往上顶的力肯定也变大了啊！你怎么能光看体积，不看深度带来的压力增加呢？
Deserializing unregistered type router.SessionMemory from checkpoint. This will be blocked in a future version. Add to allowed_msgpack_modules to silence: [('router', 'SessionMemory')]
Deserializing unregistered type router.PerceptionResult from checkpoint. This will be blocked in a future version. Add to allowed_msgpack_modules to silence: [('router', 'PerceptionResult')]
Deserializing unregistered type router.RouteDecision from checkpoint. This will be blocked in a future version. Add to allowed_msgpack_modules to silence: [('router', 'RouteDecision')]
2026-04-14 17:47:31,646 - SessionLogger - INFO - [sim_FSM_P1_M-BUO-002_98234f] Student: 我不休息，我要你证明我错了。你就说，要是我把一个铁块按到水底最深处，它受到的浮力难道和刚没过水面时一样大？这不可能吧。
2026-04-14 17:47:31,646 - SessionLogger - INFO - [sim_FSM_P1_M-BUO-002_98234f] Session finished. Resolved: False
2026-04-14 17:47:31,646 - SessionLogger - INFO - [sim_FSM+Guardrail_P3_M-BUO-002_1c2025] Starting session
2026-04-14 17:47:31,647 - SessionLogger - INFO - Initialized Session sim_FSM+Guardrail_P3_M-BUO-002_1c2025 on Unknown for Unknown with version FSM+Guardrail
2026-04-14 17:47:32,760 - SessionLogger - INFO - [sim_FSM+Guardrail_P3_M-BUO-002_1c2025] Student Opening: 老师，潜水艇潜得越深，水压不是越大吗？那它受到的浮力肯定也变大了吧？
2026-04-14 17:47:32,770 - SessionLogger - INFO - [sim_Baseline_P3_M-BUO-002_0e0478] Teacher: 宾果！往水舱里注水，潜艇的总重力就变大了。

这时候，重力和浮力谁大谁小？合力方向朝哪？
2026-04-14 17:47:32,770 - SessionLogger - INFO - [sim_Baseline_P3_M-BUO-002_0e0478] Extending max_turns by 3 because cognitive_state is '新概念探索'
2026-04-14 17:47:33,464 - SessionLogger - INFO - [sim_FSM+Guardrail_P2_M-BUO-002_0f07ec] Teacher: 没错，你抓住了关键！既然排开的水量没变，那浮力确实就不随深度改变。

不过，刚才你提到的“压强随深度变大”也是事实。既然上下表面的压强都变大了，为什么它们之间的“差值”（也就是浮力）却保持不变呢？你可以试着想象一下，上下表面增加的压强是一样的吗？
2026-04-14 17:47:33,712 - SessionLogger - INFO - [sim_Baseline_P3_M-BUO-002_0e0478] Student: 重力变大了，那肯定是重力比浮力大吧？合力应该是向下的，所以它就沉下去了？
Deserializing unregistered type router.SessionMemory from checkpoint. This will be blocked in a future version. Add to allowed_msgpack_modules to silence: [('router', 'SessionMemory')]
Deserializing unregistered type router.PerceptionResult from checkpoint. This will be blocked in a future version. Add to allowed_msgpack_modules to silence: [('router', 'PerceptionResult')]
Deserializing unregistered type router.RouteDecision from checkpoint. This will be blocked in a future version. Add to allowed_msgpack_modules to silence: [('router', 'RouteDecision')]
2026-04-14 17:47:36,311 - SessionLogger - INFO - [sim_FSM+Guardrail_P2_M-BUO-002_0f07ec] Student: 因为上下表面都往下移了同样的深度，所以增加的压强应该是一样多的？既然增加的量抵消了，那它们的差值（浮力）确实就不变了……哇，原来是这么回事！
Deserializing unregistered type router.SessionMemory from checkpoint. This will be blocked in a future version. Add to allowed_msgpack_modules to silence: [('router', 'SessionMemory')]
Deserializing unregistered type router.PerceptionResult from checkpoint. This will be blocked in a future version. Add to allowed_msgpack_modules to silence: [('router', 'PerceptionResult')]
Deserializing unregistered type router.RouteDecision from checkpoint. This will be blocked in a future version. Add to allowed_msgpack_modules to silence: [('router', 'RouteDecision')]
2026-04-14 17:47:40,192 - SessionLogger - INFO - [sim_FSM+Guardrail_P1_M-BUO-002_323c7b] Teacher: 你说得对，深度增加确实让向上的压力变大了，但这只是故事的一半。

别忘了，物体**上表面**受到的向下压力也随着深度同步增加了。既然上下两边的压力都“水涨船高”地变大了，你觉得它们之间的**差值**（也就是净向上的推力）会发生改变吗？
2026-04-14 17:47:41,720 - SessionLogger - INFO - [sim_FSM+Guardrail_P1_M-BUO-002_323c7b] Student: 可是下面的压力基数大，增加的量应该更多吧？上面的压力虽然也增加了，但肯定没下面增加得猛啊，所以合力肯定还是变大了。
2026-04-14 17:47:41,721 - SessionLogger - INFO - [sim_FSM+Guardrail_P1_M-BUO-002_323c7b] Session finished. Resolved: False
2026-04-14 17:47:44,036 - SessionLogger - INFO - [sim_Baseline_P2_M-BUO-002_82eaeb] Teacher: 排完水的那一刻，潜水艇还完全浸没在水里，深度还没怎么变呢。

这时候它受到的浮力变了吗？既然浮力没变而重力变小了，合力方向朝哪？
2026-04-14 17:47:45,903 - SessionLogger - INFO - [sim_Baseline_P2_M-BUO-002_82eaeb] Student: 深度没变，那浮力应该还是原来的大小吧？
既然重力变小了，浮力没变，那合力应该是向上的，所以它才会往上动？
Deserializing unregistered type router.SessionMemory from checkpoint. This will be blocked in a future version. Add to allowed_msgpack_modules to silence: [('router', 'SessionMemory')]
Deserializing unregistered type router.PerceptionResult from checkpoint. This will be blocked in a future version. Add to allowed_msgpack_modules to silence: [('router', 'PerceptionResult')]
Deserializing unregistered type router.RouteDecision from checkpoint. This will be blocked in a future version. Add to allowed_msgpack_modules to silence: [('router', 'RouteDecision')]
2026-04-14 17:47:55,961 - SessionLogger - INFO - [sim_FSM+Guardrail_P2_M-BUO-002_0f07ec] Teacher: 太棒了！你已经自己推导出了这个核心逻辑：虽然深处的压强更大，但上下表面压强的“差值”是恒定的。

现在回想一下我们最开始讨论的那个情境：如果一个物体只是**部分**浸入水中（比如只有一半在水里），这时候把它往下按，让它浸入得更深一些（但还没完全没入），它排开的水的体积变了吗？这时候浮力会怎么变化？
2026-04-14 17:47:55,962 - SessionLogger - INFO - [sim_FSM+Guardrail_P2_M-BUO-002_0f07ec] Session finished. Resolved: True
2026-04-14 17:47:55,974 - SessionLogger - INFO - [sim_Baseline_P2_M-BUO-002_82eaeb] Teacher: 分析得很到位！合力向上，所以它开始加速上浮。

那随着它慢慢浮出水面，露出水面的部分越来越多，这时候它受到的浮力会怎么变化呢？
2026-04-14 17:47:55,975 - SessionLogger - INFO - [sim_FSM+Guardrail_P3_M-BUO-002_1c2025] Teacher: 照你的逻辑，如果我把一块实心的铁疙瘩扔进海里，它刚开始会下沉。

那如果它沉得足够深，深水区的巨大压强会不会让它的浮力突然变得比重力还大，导致它自己又浮上来了？
2026-04-14 17:47:58,420 - SessionLogger - INFO - [sim_FSM_P3_M-BUO-002_b9f2c1] Teacher: 水压确实随深度增加，但潜水艇的顶部和底部受到的压力是“同步”增大的。既然上下两边都被压得更紧了，你觉得它们之间形成的“压力差”——也就是浮力，真的会变大吗？
2026-04-14 17:47:59,393 - SessionLogger - INFO - [sim_Baseline_P2_M-BUO-002_82eaeb] Student: 它往上浮，深度变浅了，那压强变小，浮力应该也跟着变小吧？
还是说……因为它露出水面，排开的水变少了，所以浮力才变小的？
2026-04-14 17:47:59,393 - SessionLogger - INFO - [sim_Baseline_P2_M-BUO-002_82eaeb] Session finished. Resolved: False
2026-04-14 17:47:59,665 - SessionLogger - INFO - [sim_FSM+Guardrail_P3_M-BUO-002_1c2025] Student: 呃……应该会吧？毕竟下面压强那么大，托着它的力肯定也变大了呀。
Deserializing unregistered type router.SessionMemory from checkpoint. This will be blocked in a future version. Add to allowed_msgpack_modules to silence: [('router', 'SessionMemory')]
Deserializing unregistered type router.PerceptionResult from checkpoint. This will be blocked in a future version. Add to allowed_msgpack_modules to silence: [('router', 'PerceptionResult')]
Deserializing unregistered type router.RouteDecision from checkpoint. This will be blocked in a future version. Add to allowed_msgpack_modules to silence: [('router', 'RouteDecision')]
2026-04-14 17:48:02,186 - SessionLogger - INFO - [sim_FSM_P3_M-BUO-002_b9f2c1] Student: 同步增大？那……下面的压力不是还是比上面大很多吗？既然下面被压得更厉害，往上顶的力不应该也变大吗？
Deserializing unregistered type router.SessionMemory from checkpoint. This will be blocked in a future version. Add to allowed_msgpack_modules to silence: [('router', 'SessionMemory')]
Deserializing unregistered type router.PerceptionResult from checkpoint. This will be blocked in a future version. Add to allowed_msgpack_modules to silence: [('router', 'PerceptionResult')]
Deserializing unregistered type router.RouteDecision from checkpoint. This will be blocked in a future version. Add to allowed_msgpack_modules to silence: [('router', 'RouteDecision')]
2026-04-14 17:48:14,119 - SessionLogger - INFO - [sim_Baseline_P3_M-BUO-002_0e0478] Teacher: 分析得很对！那如果它想从海底浮上来，又该对水舱里的水做什么操作呢？
2026-04-14 17:48:16,617 - SessionLogger - INFO - [sim_FSM+Guardrail_P3_M-BUO-002_1c2025] Teacher: 如果真是这样，那在万米深的海底，压强是海面的上千倍，潜水艇受到的浮力岂不是也要变大上千倍？

你觉得潜水艇会像被弹簧弹射一样，直接冲出水面吗？
2026-04-14 17:48:17,773 - SessionLogger - INFO - [sim_Baseline_P3_M-BUO-002_0e0478] Student: 把水排出去？这样重力就变小了，只要比重力比浮力小，它就能浮上来了吧？
Deserializing unregistered type router.SessionMemory from checkpoint. This will be blocked in a future version. Add to allowed_msgpack_modules to silence: [('router', 'SessionMemory')]
Deserializing unregistered type router.PerceptionResult from checkpoint. This will be blocked in a future version. Add to allowed_msgpack_modules to silence: [('router', 'PerceptionResult')]
Deserializing unregistered type router.RouteDecision from checkpoint. This will be blocked in a future version. Add to allowed_msgpack_modules to silence: [('router', 'RouteDecision')]
2026-04-14 17:48:20,523 - SessionLogger - INFO - [sim_FSM+Guardrail_P3_M-BUO-002_1c2025] Student: 啊？好像……潜水艇并没有自己弹上来过。
可是老师，压强明明变大了很多，为什么浮力不会跟着变大呢？我还是有点想不通。
Deserializing unregistered type router.SessionMemory from checkpoint. This will be blocked in a future version. Add to allowed_msgpack_modules to silence: [('router', 'SessionMemory')]
Deserializing unregistered type router.PerceptionResult from checkpoint. This will be blocked in a future version. Add to allowed_msgpack_modules to silence: [('router', 'PerceptionResult')]
Deserializing unregistered type router.RouteDecision from checkpoint. This will be blocked in a future version. Add to allowed_msgpack_modules to silence: [('router', 'RouteDecision')]
2026-04-14 17:48:21,307 - SessionLogger - INFO - [sim_Baseline_P3_M-BUO-002_0e0478] Teacher: 没错，排出水后重力减小，当它小于浮力时，合力向上，潜艇就会上浮。

那如果潜艇想悬停在水中某个深度不动，重力和浮力应该满足什么关系呢？
2026-04-14 17:48:22,178 - SessionLogger - INFO - [sim_Baseline_P3_M-BUO-002_0e0478] Student: 那就是……重力和浮力一样大？这样合力就是零，它就不动了？
Deserializing unregistered type router.SessionMemory from checkpoint. This will be blocked in a future version. Add to allowed_msgpack_modules to silence: [('router', 'SessionMemory')]
Deserializing unregistered type router.PerceptionResult from checkpoint. This will be blocked in a future version. Add to allowed_msgpack_modules to silence: [('router', 'PerceptionResult')]
Deserializing unregistered type router.RouteDecision from checkpoint. This will be blocked in a future version. Add to allowed_msgpack_modules to silence: [('router', 'RouteDecision')]
2026-04-14 17:48:22,283 - SessionLogger - INFO - [sim_FSM_P3_M-BUO-002_b9f2c1] Teacher: 你说得对，下面的压力确实一直比上面大。但关键在于，当潜水艇再往下潜一点时，上面增加的压力和下面增加的压力，这两者增加的“幅度”是一样的吗？
2026-04-14 17:48:23,362 - SessionLogger - INFO - [sim_FSM_P3_M-BUO-002_b9f2c1] Student: 幅度……是一样的吗？我不太确定。但是水越深压强不是越大吗？那下面增加的应该更多吧？
Deserializing unregistered type router.SessionMemory from checkpoint. This will be blocked in a future version. Add to allowed_msgpack_modules to silence: [('router', 'SessionMemory')]
Deserializing unregistered type router.PerceptionResult from checkpoint. This will be blocked in a future version. Add to allowed_msgpack_modules to silence: [('router', 'PerceptionResult')]
Deserializing unregistered type router.RouteDecision from checkpoint. This will be blocked in a future version. Add to allowed_msgpack_modules to silence: [('router', 'RouteDecision')]
2026-04-14 17:48:27,033 - SessionLogger - INFO - [sim_Baseline_P3_M-BUO-002_0e0478] Teacher: 正是如此！这就是我们常说的“悬浮”状态。

现在回顾一下，潜艇是靠改变什么来实现上浮、下潜和悬浮的？而在这个过程中，它受到的浮力大小变了吗？
2026-04-14 17:48:28,421 - SessionLogger - INFO - [sim_Baseline_P3_M-BUO-002_0e0478] Student: 它是靠改变重力（排水）来实现的吧？但是浮力……我觉得应该变了吧，毕竟它下潜的时候深度变深了，压强变大，浮力难道不会跟着变大吗？
Deserializing unregistered type router.SessionMemory from checkpoint. This will be blocked in a future version. Add to allowed_msgpack_modules to silence: [('router', 'SessionMemory')]
Deserializing unregistered type router.PerceptionResult from checkpoint. This will be blocked in a future version. Add to allowed_msgpack_modules to silence: [('router', 'PerceptionResult')]
Deserializing unregistered type router.RouteDecision from checkpoint. This will be blocked in a future version. Add to allowed_msgpack_modules to silence: [('router', 'RouteDecision')]
2026-04-14 17:48:31,599 - SessionLogger - INFO - [sim_FSM_P3_M-BUO-002_b9f2c1] Teacher: 我们来算笔细账：假设潜水艇高1米。当它整体下潜10米时，它的“头顶”和“脚底”分别加深了多少米？
2026-04-14 17:48:32,235 - SessionLogger - INFO - [sim_FSM+Guardrail_P3_M-BUO-002_1c2025] Teacher: 这个现象确实很反直觉，因为我们在生活中很少把“压强”和“浮力”分开看。

我们可以试着把浮力拆解一下：它其实是水对物体**下表面向上的压力**减去**上表面向下的压力**后的“净剩”力量。

你想一想，当潜水艇整体往下潜时，虽然上下表面的压强都变大了，但它们之间**压强的差值**（也就是下表面比上表面多出来的那部分压强）会改变吗？
2026-04-14 17:48:32,592 - SessionLogger - INFO - [sim_FSM_P3_M-BUO-002_b9f2c1] Student: 呃……头顶和脚底不都一起往下走了10米吗？所以它们加深的深度应该都是10米吧？
Deserializing unregistered type router.SessionMemory from checkpoint. This will be blocked in a future version. Add to allowed_msgpack_modules to silence: [('router', 'SessionMemory')]
Deserializing unregistered type router.PerceptionResult from checkpoint. This will be blocked in a future version. Add to allowed_msgpack_modules to silence: [('router', 'PerceptionResult')]
Deserializing unregistered type router.RouteDecision from checkpoint. This will be blocked in a future version. Add to allowed_msgpack_modules to silence: [('router', 'RouteDecision')]
2026-04-14 17:48:35,424 - SessionLogger - INFO - [sim_FSM+Guardrail_P3_M-BUO-002_1c2025] Student: 差值……？
如果上下都一起变大，那它们之间的差距好像确实没变？可是这跟浮力有什么关系呀，我还是有点晕。
Deserializing unregistered type router.SessionMemory from checkpoint. This will be blocked in a future version. Add to allowed_msgpack_modules to silence: [('router', 'SessionMemory')]
Deserializing unregistered type router.PerceptionResult from checkpoint. This will be blocked in a future version. Add to allowed_msgpack_modules to silence: [('router', 'PerceptionResult')]
Deserializing unregistered type router.RouteDecision from checkpoint. This will be blocked in a future version. Add to allowed_msgpack_modules to silence: [('router', 'RouteDecision')]
2026-04-14 17:48:36,087 - SessionLogger - INFO - [sim_Baseline_P3_M-BUO-002_0e0478] Teacher: 别急，咱们再看一眼阿基米德原理：浮力只跟“液体密度”和“排开液体的体积”有关。

当潜艇完全浸没后继续下潜时，它排开海水的体积变了吗？海水的密度有明显变化吗？
2026-04-14 17:48:37,159 - SessionLogger - INFO - [sim_Baseline_P3_M-BUO-002_0e0478] Student: 体积好像没变……但是深度增加了呀，压强不是变大很多吗？难道压强变大不会让浮力也跟着变大吗？我还是有点晕。
Deserializing unregistered type router.SessionMemory from checkpoint. This will be blocked in a future version. Add to allowed_msgpack_modules to silence: [('router', 'SessionMemory')]
Deserializing unregistered type router.PerceptionResult from checkpoint. This will be blocked in a future version. Add to allowed_msgpack_modules to silence: [('router', 'PerceptionResult')]
Deserializing unregistered type router.RouteDecision from checkpoint. This will be blocked in a future version. Add to allowed_msgpack_modules to silence: [('router', 'RouteDecision')]
2026-04-14 17:48:41,581 - SessionLogger - INFO - [sim_Baseline_P3_M-BUO-002_0e0478] Teacher: 压强确实变大了，但浮力其实是上下表面的“压力差”。

想象一下，如果把你整个人按进深水里，你头顶和脚底受到的压力都同时增加了相同的数值，这俩压力的“差值”会变大吗？
2026-04-14 17:48:42,331 - SessionLogger - INFO - [sim_FSM_P3_M-BUO-002_b9f2c1] Teacher: 没错，既然上下表面增加的深度完全一样，那它们各自**增加**的那部分压强是不是也一样多？
2026-04-14 17:48:43,503 - SessionLogger - INFO - [sim_Baseline_P3_M-BUO-002_0e0478] Student: 呃……如果两边都加一样的数，那差值好像确实没变？可是……深度明明增加了啊，为什么浮力不跟着增加呢？
Deserializing unregistered type router.SessionMemory from checkpoint. This will be blocked in a future version. Add to allowed_msgpack_modules to silence: [('router', 'SessionMemory')]
Deserializing unregistered type router.PerceptionResult from checkpoint. This will be blocked in a future version. Add to allowed_msgpack_modules to silence: [('router', 'PerceptionResult')]
Deserializing unregistered type router.RouteDecision from checkpoint. This will be blocked in a future version. Add to allowed_msgpack_modules to silence: [('router', 'RouteDecision')]
2026-04-14 17:48:45,834 - SessionLogger - INFO - [sim_FSM+Guardrail_P3_M-BUO-002_1c2025] Teacher: 浮力本质上就是那个“压力差”产生的向上推力。

既然你发现上下表面的压强差没变，那这个向上的推力（也就是浮力）的大小会变吗？
2026-04-14 17:48:45,933 - SessionLogger - INFO - [sim_FSM_P3_M-BUO-002_b9f2c1] Student: 啊？如果增加的压强一样多……那是不是意味着，下面往上顶的力变大了，但上面往下压的力也变大了同样的数值？
Deserializing unregistered type router.SessionMemory from checkpoint. This will be blocked in a future version. Add to allowed_msgpack_modules to silence: [('router', 'SessionMemory')]
Deserializing unregistered type router.PerceptionResult from checkpoint. This will be blocked in a future version. Add to allowed_msgpack_modules to silence: [('router', 'PerceptionResult')]
Deserializing unregistered type router.RouteDecision from checkpoint. This will be blocked in a future version. Add to allowed_msgpack_modules to silence: [('router', 'RouteDecision')]
2026-04-14 17:48:47,120 - SessionLogger - INFO - [sim_FSM+Guardrail_P3_M-BUO-002_1c2025] Student: 诶？所以……浮力其实只跟这个“差值”有关，而不是看压强具体有多大？
那只要潜水艇没被压扁，不管潜多深，浮力都一样大？
Deserializing unregistered type router.SessionMemory from checkpoint. This will be blocked in a future version. Add to allowed_msgpack_modules to silence: [('router', 'SessionMemory')]
Deserializing unregistered type router.PerceptionResult from checkpoint. This will be blocked in a future version. Add to allowed_msgpack_modules to silence: [('router', 'PerceptionResult')]
Deserializing unregistered type router.RouteDecision from checkpoint. This will be blocked in a future version. Add to allowed_msgpack_modules to silence: [('router', 'RouteDecision')]
2026-04-14 17:48:54,053 - SessionLogger - INFO - [sim_FSM_P3_M-BUO-002_b9f2c1] Teacher: 没错。既然上下表面增加的“推力”数值完全一样，那它们互相抵消后，剩下的那个“净向上”的力（也就是浮力）会发生变化吗？
2026-04-14 17:49:05,276 - SessionLogger - INFO - [sim_FSM+Guardrail_P3_M-BUO-002_1c2025] Teacher: 没错，只要它没被压扁变形，这个“差值”就保持不变。

那现在请你回想一下，当物体还在水面下、没有完全浸没的时候，随着它越往下沉，排开水的体积是在变大还是不变？
2026-04-14 17:49:05,277 - SessionLogger - INFO - [sim_FSM+Guardrail_P3_M-BUO-002_1c2025] Session finished. Resolved: True
2026-04-14 17:49:05,279 - SessionLogger - INFO - [sim_FSM_P3_M-BUO-002_b9f2c1] Student: 等等……如果增加的推力互相抵消了，那浮力岂不是没变？可是水越深压强越大，我总觉得浮力应该变大才对呀。
Deserializing unregistered type router.SessionMemory from checkpoint. This will be blocked in a future version. Add to allowed_msgpack_modules to silence: [('router', 'SessionMemory')]
Deserializing unregistered type router.PerceptionResult from checkpoint. This will be blocked in a future version. Add to allowed_msgpack_modules to silence: [('router', 'PerceptionResult')]
Deserializing unregistered type router.RouteDecision from checkpoint. This will be blocked in a future version. Add to allowed_msgpack_modules to silence: [('router', 'RouteDecision')]
2026-04-14 17:49:20,010 - SessionLogger - INFO - [sim_FSM_P3_M-BUO-002_b9f2c1] Teacher: 这种直觉很自然，毕竟我们平时感觉水压确实随深度猛增。但浮力其实是上下表面的“压力差”，既然两边增加的压力完全抵消了，你觉得这个“差值”会跟着变大吗？
2026-04-14 17:49:23,083 - SessionLogger - INFO - [sim_FSM_P3_M-BUO-002_b9f2c1] Student: 差值……是指它们之间的差距吗？如果两边都加了一样的数，那差距确实好像没变……所以我之前想错了？
Deserializing unregistered type router.SessionMemory from checkpoint. This will be blocked in a future version. Add to allowed_msgpack_modules to silence: [('router', 'SessionMemory')]
Deserializing unregistered type router.PerceptionResult from checkpoint. This will be blocked in a future version. Add to allowed_msgpack_modules to silence: [('router', 'PerceptionResult')]
Deserializing unregistered type router.RouteDecision from checkpoint. This will be blocked in a future version. Add to allowed_msgpack_modules to silence: [('router', 'RouteDecision')]
2026-04-14 17:49:33,630 - SessionLogger - INFO - [sim_Baseline_P3_M-BUO-002_0e0478] Teacher: 没错，差值确实没变！

既然浮力就是那个“压力差”，而差值又没变，那你觉得浮力到底变没变呢？
2026-04-14 17:49:38,314 - SessionLogger - INFO - [sim_Baseline_P3_M-BUO-002_0e0478] Student: 啊？所以浮力其实没变？可是……我一直以为越深压力越大，浮力就肯定越大呢，原来它们不是一回事吗？
Deserializing unregistered type router.SessionMemory from checkpoint. This will be blocked in a future version. Add to allowed_msgpack_modules to silence: [('router', 'SessionMemory')]
Deserializing unregistered type router.PerceptionResult from checkpoint. This will be blocked in a future version. Add to allowed_msgpack_modules to silence: [('router', 'PerceptionResult')]
Deserializing unregistered type router.RouteDecision from checkpoint. This will be blocked in a future version. Add to allowed_msgpack_modules to silence: [('router', 'RouteDecision')]
2026-04-14 17:49:42,473 - SessionLogger - INFO - [sim_Baseline_P3_M-BUO-002_0e0478] Teacher: 你说得对，它们确实不是一回事。

压强是“挤压”的强度，而浮力是上下表面压力的“差值”。既然这个差值没变，你觉得潜艇受到的浮力大小到底变没变呢？
2026-04-14 17:49:45,221 - SessionLogger - INFO - [sim_Baseline_P3_M-BUO-002_0e0478] Student: 所以……潜艇受到的浮力其实一直没变？那我之前觉得越深浮力越大，是因为把压强和浮力搞混了吗？
2026-04-14 17:49:45,221 - SessionLogger - INFO - [sim_Baseline_P3_M-BUO-002_0e0478] Session finished. Resolved: False
2026-04-14 17:50:16,440 - SessionLogger - INFO - [sim_FSM_P3_M-BUO-002_b9f2c1] Teacher: 这正是这个现象反直觉的地方：虽然压强变大了，但“差值”确实没变。既然浮力是由这个压力差决定的，那你觉得物体完全浸没后，继续下沉时受到的浮力会变化吗？
2026-04-14 17:50:19,770 - SessionLogger - INFO - [sim_FSM_P3_M-BUO-002_b9f2c1] Student: 所以……只要它完全没入水里，不管沉多深，浮力其实都不变？这跟我以前想的不太一样，但我好像有点明白那个“抵消”的意思了。
Deserializing unregistered type router.SessionMemory from checkpoint. This will be blocked in a future version. Add to allowed_msgpack_modules to silence: [('router', 'SessionMemory')]
Deserializing unregistered type router.PerceptionResult from checkpoint. This will be blocked in a future version. Add to allowed_msgpack_modules to silence: [('router', 'PerceptionResult')]
Deserializing unregistered type router.RouteDecision from checkpoint. This will be blocked in a future version. Add to allowed_msgpack_modules to silence: [('router', 'RouteDecision')]
2026-04-14 17:50:27,900 - SessionLogger - INFO - [sim_FSM_P3_M-BUO-002_b9f2c1] Teacher: 没错，这种“抵消”让浮力保持了稳定。既然浮力没变，你觉得这跟物体此时排开水的体积有没有什么关系？
2026-04-14 17:50:31,130 - SessionLogger - INFO - [sim_FSM_P3_M-BUO-002_b9f2c1] Student: 排开水的体积……就是物体占的地方吧？既然完全浸没后，不管怎么下沉，它占的地方大小都没变，所以排开的水也一样多？
Deserializing unregistered type router.SessionMemory from checkpoint. This will be blocked in a future version. Add to allowed_msgpack_modules to silence: [('router', 'SessionMemory')]
Deserializing unregistered type router.PerceptionResult from checkpoint. This will be blocked in a future version. Add to allowed_msgpack_modules to silence: [('router', 'PerceptionResult')]
Deserializing unregistered type router.RouteDecision from checkpoint. This will be blocked in a future version. Add to allowed_msgpack_modules to silence: [('router', 'RouteDecision')]
2026-04-14 17:50:47,338 - SessionLogger - INFO - [sim_FSM_P3_M-BUO-002_b9f2c1] Teacher: 你说得很对，物体占的空间没变，排开的水量也就固定了。那如果现在有一个体积比它大一倍的铁块也完全浸没在水里，你觉得这个大家伙受到的浮力会跟刚才那个小铁块一样吗？
2026-04-14 17:50:47,339 - SessionLogger - INFO - [sim_FSM_P3_M-BUO-002_b9f2c1] Session finished. Resolved: True
开始批量仿真实验...
仿真实验完成。
Metrics calculated and saved to results/summary_metrics.csv
Created results/manual_audit.csv
找到 36 个会话，开始评估...
正在评估会话: sim_Baseline_P1_M-ELE-001_936118 (13 轮对话)
  -> 苏格拉底度: 4, 有效性: 3
正在评估会话: sim_Baseline_P2_M-ELE-001_2746e2 (13 轮对话)
  -> 苏格拉底度: 5, 有效性: 5
正在评估会话: sim_FSM_P1_M-ELE-001_7a3d6a (10 轮对话)
  -> 苏格拉底度: 4, 有效性: 4
正在评估会话: sim_FSM+Guardrail_P2_M-ELE-001_3709c5 (4 轮对话)
  -> 苏格拉底度: 5, 有效性: 5
正在评估会话: sim_FSM+Guardrail_P1_M-ELE-001_2cccfd (10 轮对话)
  -> 苏格拉底度: 4, 有效性: 3
正在评估会话: sim_FSM_P2_M-ELE-001_b216eb (5 轮对话)
  -> 苏格拉底度: 5, 有效性: 5
正在评估会话: sim_Baseline_P3_M-ELE-001_34a7f8 (13 轮对话)
  -> 苏格拉底度: 5, 有效性: 5
正在评估会话: sim_FSM_P3_M-ELE-001_106ef2 (4 轮对话)
  -> 苏格拉底度: 5, 有效性: 5
正在评估会话: sim_FSM+Guardrail_P3_M-ELE-001_549189 (7 轮对话)
  -> 苏格拉底度: 5, 有效性: 5
正在评估会话: sim_Baseline_P1_M-ELE-002_74a64d (13 轮对话)
  -> 苏格拉底度: 5, 有效性: 4
正在评估会话: sim_FSM+Guardrail_P1_M-ELE-002_4b51d4 (10 轮对话)
  -> 苏格拉底度: 5, 有效性: 3
正在评估会话: sim_FSM_P1_M-ELE-002_7c8047 (10 轮对话)
  -> 苏格拉底度: 4, 有效性: 3
正在评估会话: sim_Baseline_P2_M-ELE-002_bd4de0 (13 轮对话)
  -> 苏格拉底度: 5, 有效性: 5
正在评估会话: sim_FSM_P2_M-ELE-002_08f836 (7 轮对话)
  -> 苏格拉底度: 5, 有效性: 5
正在评估会话: sim_FSM+Guardrail_P2_M-ELE-002_6b440d (6 轮对话)
  -> 苏格拉底度: 5, 有效性: 5
正在评估会话: sim_Baseline_P3_M-ELE-002_899da0 (13 轮对话)
  -> 苏格拉底度: 5, 有效性: 5
正在评估会话: sim_Baseline_P1_M-BUO-001_e0d3d3 (13 轮对话)
  -> 苏格拉底度: 4, 有效性: 2
正在评估会话: sim_FSM_P3_M-ELE-002_40d434 (5 轮对话)
  -> 苏格拉底度: 5, 有效性: 5
正在评估会话: sim_FSM+Guardrail_P3_M-ELE-002_5ae1b6 (5 轮对话)
  -> 苏格拉底度: 5, 有效性: 5
正在评估会话: sim_FSM_P1_M-BUO-001_bde49a (10 轮对话)
  -> 苏格拉底度: 4, 有效性: 3
正在评估会话: sim_FSM+Guardrail_P1_M-BUO-001_51dae6 (10 轮对话)
  -> 苏格拉底度: 5, 有效性: 5
正在评估会话: sim_Baseline_P2_M-BUO-001_6c173d (13 轮对话)
  -> 苏格拉底度: 5, 有效性: 5
正在评估会话: sim_FSM_P2_M-BUO-001_7e46d5 (5 轮对话)
  -> 苏格拉底度: 5, 有效性: 5
正在评估会话: sim_FSM+Guardrail_P2_M-BUO-001_d39260 (7 轮对话)
  -> 苏格拉底度: 5, 有效性: 5
正在评估会话: sim_Baseline_P3_M-BUO-001_799689 (13 轮对话)
  -> 苏格拉底度: 5, 有效性: 5
正在评估会话: sim_FSM_P3_M-BUO-001_c5154a (6 轮对话)
  -> 苏格拉底度: 5, 有效性: 5
正在评估会话: sim_FSM+Guardrail_P3_M-BUO-001_776b3d (10 轮对话)
  -> 苏格拉底度: 5, 有效性: 5
正在评估会话: sim_Baseline_P1_M-BUO-002_033a78 (13 轮对话)
  -> 苏格拉底度: 4, 有效性: 4
正在评估会话: sim_FSM_P1_M-BUO-002_98234f (10 轮对话)
  -> 苏格拉底度: 4, 有效性: 3
正在评估会话: sim_Baseline_P2_M-BUO-002_82eaeb (13 轮对话)
  -> 苏格拉底度: 5, 有效性: 5
正在评估会话: sim_FSM+Guardrail_P1_M-BUO-002_323c7b (10 轮对话)
  -> 苏格拉底度: 5, 有效性: 4
正在评估会话: sim_FSM_P2_M-BUO-002_dd6415 (4 轮对话)
  -> 苏格拉底度: 5, 有效性: 5
正在评估会话: sim_Baseline_P3_M-BUO-002_0e0478 (13 轮对话)
  -> 苏格拉底度: 5, 有效性: 5
正在评估会话: sim_FSM+Guardrail_P2_M-BUO-002_0f07ec (4 轮对话)
  -> 苏格拉底度: 5, 有效性: 5
正在评估会话: sim_FSM+Guardrail_P3_M-BUO-002_1c2025 (5 轮对话)
  -> 苏格拉底度: 5, 有效性: 5
正在评估会话: sim_FSM_P3_M-BUO-002_b9f2c1 (9 轮对话)
  -> 苏格拉底度: 5, 有效性: 5
评估完成，结果已保存至 /data/zzc/agent_test/logs/evaluation_results.json
