2026-04-14 14:50:29,006 - SessionLogger - INFO - [sim_Baseline_P1_M-ELE-001_9ce267] Starting session
2026-04-14 14:50:29,006 - SessionLogger - INFO - Initialized Session sim_Baseline_P1_M-ELE-001_9ce267 on Unknown for Unknown with version FSM+Guardrail
2026-04-14 14:50:32,525 - SessionLogger - INFO - [sim_Baseline_P1_M-ELE-001_9ce267] Student Opening: 老师，我觉得串联电路里，电流流过第一个灯泡肯定被消耗掉了一部分，所以第二个灯泡分到的电流应该比第一个少吧？
2026-04-14 14:50:32,527 - SessionLogger - INFO - [sim_FSM_P1_M-ELE-001_5b0891] Starting session
2026-04-14 14:50:32,527 - SessionLogger - INFO - Initialized Session sim_FSM_P1_M-ELE-001_5b0891 on Unknown for Unknown with version FSM+Guardrail
2026-04-14 14:50:33,570 - SessionLogger - INFO - [sim_FSM_P1_M-ELE-001_5b0891] Student Opening: 老师，我觉得串联电路里，电流流过第一个灯泡就被消耗掉一部分了，所以第二个灯泡分到的电流肯定比第一个少，它才会比较暗嘛。
2026-04-14 14:50:33,571 - SessionLogger - INFO - [sim_FSM+Guardrail_P1_M-ELE-001_abbe28] Starting session
2026-04-14 14:50:33,571 - SessionLogger - INFO - Initialized Session sim_FSM+Guardrail_P1_M-ELE-001_abbe28 on Unknown for Unknown with version FSM+Guardrail
2026-04-14 14:50:35,483 - SessionLogger - INFO - [sim_FSM+Guardrail_P1_M-ELE-001_abbe28] Student Opening: 老师，我觉得串联电路里第二个灯泡肯定比第一个暗，因为电流流过第一个灯泡的时候已经被“用掉”了一部分，剩下的电流就不够亮了。
2026-04-14 14:50:35,484 - SessionLogger - INFO - [sim_Baseline_P2_M-ELE-001_67543c] Starting session
2026-04-14 14:50:35,484 - SessionLogger - INFO - Initialized Session sim_Baseline_P2_M-ELE-001_67543c on Unknown for Unknown with version FSM+Guardrail
2026-04-14 14:50:37,658 - SessionLogger - INFO - [sim_Baseline_P2_M-ELE-001_67543c] Student Opening: 老师，我觉得串联电路里，电流流过第一个灯泡后肯定变少了，因为灯泡发光把电给“用掉”了嘛，那第二个灯泡分到的电流应该就更少了吧？
2026-04-14 14:50:37,660 - SessionLogger - INFO - [sim_FSM_P2_M-ELE-001_6a5377] Starting session
2026-04-14 14:50:37,660 - SessionLogger - INFO - Initialized Session sim_FSM_P2_M-ELE-001_6a5377 on Unknown for Unknown with version FSM+Guardrail
2026-04-14 14:50:38,879 - SessionLogger - INFO - [sim_FSM_P2_M-ELE-001_6a5377] Student Opening: 老师，串联电路里，电流流过第一个灯泡后不是被消耗掉一部分了吗？那第二个灯泡得到的电流应该比第一个少吧？
2026-04-14 14:50:38,881 - SessionLogger - INFO - [sim_FSM+Guardrail_P2_M-ELE-001_a2f44e] Starting session
2026-04-14 14:50:38,881 - SessionLogger - INFO - Initialized Session sim_FSM+Guardrail_P2_M-ELE-001_a2f44e on Unknown for Unknown with version FSM+Guardrail
2026-04-14 14:50:40,024 - SessionLogger - INFO - [sim_FSM+Guardrail_P2_M-ELE-001_a2f44e] Student Opening: 老师，我觉得串联电路里，电流流过第一个灯泡后肯定变少了，因为灯泡把电“用掉”了一部分嘛，那第二个灯泡分到的电流不就更少了吗？
2026-04-14 14:50:47,322 - SessionLogger - INFO - [sim_Baseline_P1_M-ELE-001_9ce267] Teacher: 这个直觉很常见！不过你想一下，电流其实是电荷在流动。如果电荷在第一个灯泡里“少”了，它们去哪儿了呢？是消失了还是堆在灯泡里了？
2026-04-14 14:50:48,899 - SessionLogger - INFO - [sim_Baseline_P2_M-ELE-001_67543c] Teacher: 这个想法很常见！不过咱们换个角度想：如果把电流比作水管里的水流，灯泡就像里面的小水车。

水车转动确实消耗了水的能量，但你觉得流进小水车的水量，和流出来的水量，会变少吗？
2026-04-14 14:50:50,433 - SessionLogger - INFO - [sim_Baseline_P1_M-ELE-001_9ce267] Student: 它们肯定是被灯泡“用掉”变成光和热了啊，不然灯泡怎么会亮？反正流过去的电流肯定变少了。
Deserializing unregistered type router.SessionMemory from checkpoint. This will be blocked in a future version. Add to allowed_msgpack_modules to silence: [('router', 'SessionMemory')]
Deserializing unregistered type router.PerceptionResult from checkpoint. This will be blocked in a future version. Add to allowed_msgpack_modules to silence: [('router', 'PerceptionResult')]
Deserializing unregistered type router.RouteDecision from checkpoint. This will be blocked in a future version. Add to allowed_msgpack_modules to silence: [('router', 'RouteDecision')]
2026-04-14 14:50:52,610 - SessionLogger - INFO - [sim_Baseline_P2_M-ELE-001_67543c] Student: 嗯……水流的话，水确实没少，只是转得慢了？
可是电不一样吧，灯泡亮了不就是把电“吃”掉了吗，那剩下的电肯定就少了呀。
Deserializing unregistered type router.SessionMemory from checkpoint. This will be blocked in a future version. Add to allowed_msgpack_modules to silence: [('router', 'SessionMemory')]
Deserializing unregistered type router.PerceptionResult from checkpoint. This will be blocked in a future version. Add to allowed_msgpack_modules to silence: [('router', 'PerceptionResult')]
Deserializing unregistered type router.RouteDecision from checkpoint. This will be blocked in a future version. Add to allowed_msgpack_modules to silence: [('router', 'RouteDecision')]
2026-04-14 14:50:54,587 - SessionLogger - INFO - [sim_FSM_P1_M-ELE-001_5b0891] Teacher: 如果按你的说法，电流每经过一个灯泡就会“变少”一点，那假如我们在这个电路里串联上100个同样的小灯泡，你觉得第100个灯泡还能亮得起来吗？
2026-04-14 14:50:55,756 - SessionLogger - INFO - [sim_FSM_P1_M-ELE-001_5b0891] Student: 肯定还能亮啊，虽然电流被前面99个灯泡分得差不多了，但总归还是剩下一点点能流过去的吧。
Deserializing unregistered type router.SessionMemory from checkpoint. This will be blocked in a future version. Add to allowed_msgpack_modules to silence: [('router', 'SessionMemory')]
Deserializing unregistered type router.PerceptionResult from checkpoint. This will be blocked in a future version. Add to allowed_msgpack_modules to silence: [('router', 'PerceptionResult')]
Deserializing unregistered type router.RouteDecision from checkpoint. This will be blocked in a future version. Add to allowed_msgpack_modules to silence: [('router', 'RouteDecision')]
2026-04-14 14:50:58,058 - SessionLogger - INFO - [sim_Baseline_P1_M-ELE-001_9ce267] Teacher: 你说得对，能量确实变成了光和热。但你想，电荷就像运送能量的“小卡车”，货物（能量）卸下了，卡车（电荷）本身会消失吗？
2026-04-14 14:50:58,323 - SessionLogger - INFO - [sim_FSM+Guardrail_P1_M-ELE-001_abbe28] Teacher: 如果按你的说法，电流每经过一个灯泡就被“吃掉”一些，那要是我们串联十个一模一样的灯泡，第十个灯泡岂不是几乎都不亮了？
2026-04-14 14:50:59,012 - SessionLogger - INFO - [sim_Baseline_P1_M-ELE-001_9ce267] Student: 可是老师，能量都没了，那电流肯定也变小了啊。我觉得电流和能量是一回事，用掉了就是少了。
Deserializing unregistered type router.SessionMemory from checkpoint. This will be blocked in a future version. Add to allowed_msgpack_modules to silence: [('router', 'SessionMemory')]
Deserializing unregistered type router.PerceptionResult from checkpoint. This will be blocked in a future version. Add to allowed_msgpack_modules to silence: [('router', 'PerceptionResult')]
Deserializing unregistered type router.RouteDecision from checkpoint. This will be blocked in a future version. Add to allowed_msgpack_modules to silence: [('router', 'RouteDecision')]
2026-04-14 14:51:00,947 - SessionLogger - INFO - [sim_Baseline_P2_M-ELE-001_67543c] Teacher: 灯泡确实“吃”掉了电的能量，但构成电流的那些电子并没有消失哦。

你想想，如果流进灯泡的电子多，流出来的少，那多出来的电子岂不是都堆积在灯泡里了？
2026-04-14 14:51:01,543 - SessionLogger - INFO - [sim_FSM+Guardrail_P1_M-ELE-001_abbe28] Student: 对啊，肯定是这样。电流被前面的灯泡分着用了，传到后面肯定就剩不下多少了，所以第十个肯定最暗。
Deserializing unregistered type router.SessionMemory from checkpoint. This will be blocked in a future version. Add to allowed_msgpack_modules to silence: [('router', 'SessionMemory')]
Deserializing unregistered type router.PerceptionResult from checkpoint. This will be blocked in a future version. Add to allowed_msgpack_modules to silence: [('router', 'PerceptionResult')]
Deserializing unregistered type router.RouteDecision from checkpoint. This will be blocked in a future version. Add to allowed_msgpack_modules to silence: [('router', 'RouteDecision')]
2026-04-14 14:51:02,581 - SessionLogger - INFO - [sim_Baseline_P2_M-ELE-001_67543c] Student: 啊？堆积在灯泡里……那灯泡岂不是会越用越鼓，甚至爆掉？
好像确实没听说过灯泡会因为存了太多电而变胖，难道电子真的没少？
Deserializing unregistered type router.SessionMemory from checkpoint. This will be blocked in a future version. Add to allowed_msgpack_modules to silence: [('router', 'SessionMemory')]
Deserializing unregistered type router.PerceptionResult from checkpoint. This will be blocked in a future version. Add to allowed_msgpack_modules to silence: [('router', 'PerceptionResult')]
Deserializing unregistered type router.RouteDecision from checkpoint. This will be blocked in a future version. Add to allowed_msgpack_modules to silence: [('router', 'RouteDecision')]
2026-04-14 14:51:05,400 - SessionLogger - INFO - [sim_FSM_P2_M-ELE-001_6a5377] Teacher: 这个直觉很自然，毕竟我们常说电器在“耗电”。但你想过没有，如果电流真的像食物一样被第一个灯泡“吃”掉了一部分，那假如我们串联上一百个同样的灯泡，最后一个灯泡是不是应该因为“吃不饱”而几乎完全不亮？
2026-04-14 14:51:05,529 - SessionLogger - INFO - [sim_Baseline_P1_M-ELE-001_9ce267] Teacher: 咱们换个角度想：如果流进灯泡的电荷多，流出来的少，那多出来的电荷是不是就堆在灯泡里了？
2026-04-14 14:51:05,855 - SessionLogger - INFO - [sim_FSM+Guardrail_P2_M-ELE-001_a2f44e] Teacher: 那我们来做个大胆的推测：如果按你的说法，电流每经过一个灯泡就被“消耗”掉一部分，那如果我们在这个电路里一口气串联上50个同样的小灯泡，你觉得第50个灯泡还能亮起来吗？
2026-04-14 14:51:06,460 - SessionLogger - INFO - [sim_Baseline_P1_M-ELE-001_9ce267] Student: 那也不会堆着啊，电荷肯定是被消耗掉了。反正我觉得后面的电流就是比前面小，这是常识。
Deserializing unregistered type router.SessionMemory from checkpoint. This will be blocked in a future version. Add to allowed_msgpack_modules to silence: [('router', 'SessionMemory')]
Deserializing unregistered type router.PerceptionResult from checkpoint. This will be blocked in a future version. Add to allowed_msgpack_modules to silence: [('router', 'PerceptionResult')]
Deserializing unregistered type router.RouteDecision from checkpoint. This will be blocked in a future version. Add to allowed_msgpack_modules to silence: [('router', 'RouteDecision')]
2026-04-14 14:51:06,749 - SessionLogger - INFO - [sim_Baseline_P2_M-ELE-001_67543c] Teacher: 没错，电子只是把能量交给了灯泡，自己并没有消失。

既然进来的电子数量和出去的一样多，那单位时间内通过电路中任何一点的电荷量（也就是电流）会发生变化吗？
2026-04-14 14:51:07,014 - SessionLogger - INFO - [sim_FSM_P2_M-ELE-001_6a5377] Student: 好像有点道理……但我还是觉得电流肯定会变少一点，毕竟灯泡发光肯定得“用”掉点什么吧？只是可能没我想的那么多？
Deserializing unregistered type router.SessionMemory from checkpoint. This will be blocked in a future version. Add to allowed_msgpack_modules to silence: [('router', 'SessionMemory')]
Deserializing unregistered type router.PerceptionResult from checkpoint. This will be blocked in a future version. Add to allowed_msgpack_modules to silence: [('router', 'PerceptionResult')]
Deserializing unregistered type router.RouteDecision from checkpoint. This will be blocked in a future version. Add to allowed_msgpack_modules to silence: [('router', 'RouteDecision')]
2026-04-14 14:51:08,665 - SessionLogger - INFO - [sim_Baseline_P2_M-ELE-001_67543c] Student: 照这么说，既然电子没少，那电流好像确实应该是一样的？
可是老师，如果电流一样大，为什么第一个灯泡看起来比第二个亮（或者我觉得它先“吃”了电）呢？这点我还是有点转不过弯来。
Deserializing unregistered type router.SessionMemory from checkpoint. This will be blocked in a future version. Add to allowed_msgpack_modules to silence: [('router', 'SessionMemory')]
Deserializing unregistered type router.PerceptionResult from checkpoint. This will be blocked in a future version. Add to allowed_msgpack_modules to silence: [('router', 'PerceptionResult')]
Deserializing unregistered type router.RouteDecision from checkpoint. This will be blocked in a future version. Add to allowed_msgpack_modules to silence: [('router', 'RouteDecision')]
2026-04-14 14:51:08,940 - SessionLogger - INFO - [sim_FSM_P1_M-ELE-001_5b0891] Teacher: 那如果我们拿两个完全一模一样的灯泡串联在一起，按你的逻辑，第一个灯泡是不是应该比第二个亮得多？
2026-04-14 14:51:09,175 - SessionLogger - INFO - [sim_FSM+Guardrail_P2_M-ELE-001_a2f44e] Student: 嗯……那第50个灯泡应该会很暗很暗，甚至可能完全不亮吧？毕竟前面的49个灯泡已经把电流消耗得差不多了。
Deserializing unregistered type router.SessionMemory from checkpoint. This will be blocked in a future version. Add to allowed_msgpack_modules to silence: [('router', 'SessionMemory')]
Deserializing unregistered type router.PerceptionResult from checkpoint. This will be blocked in a future version. Add to allowed_msgpack_modules to silence: [('router', 'PerceptionResult')]
Deserializing unregistered type router.RouteDecision from checkpoint. This will be blocked in a future version. Add to allowed_msgpack_modules to silence: [('router', 'RouteDecision')]
2026-04-14 14:51:09,899 - SessionLogger - INFO - [sim_FSM_P1_M-ELE-001_5b0891] Student: 对啊，第一个灯泡肯定更亮，因为它先把大部分电流给“用”掉了，流到第二个灯泡的电流自然就少了。
Deserializing unregistered type router.SessionMemory from checkpoint. This will be blocked in a future version. Add to allowed_msgpack_modules to silence: [('router', 'SessionMemory')]
Deserializing unregistered type router.PerceptionResult from checkpoint. This will be blocked in a future version. Add to allowed_msgpack_modules to silence: [('router', 'PerceptionResult')]
Deserializing unregistered type router.RouteDecision from checkpoint. This will be blocked in a future version. Add to allowed_msgpack_modules to silence: [('router', 'RouteDecision')]
2026-04-14 14:51:13,013 - SessionLogger - INFO - [sim_Baseline_P1_M-ELE-001_9ce267] Teacher: 想象一下家里的自来水管，水流过水表或水龙头后，水是凭空消失了吗？还是说它只是继续流向下水道了？
2026-04-14 14:51:13,509 - SessionLogger - INFO - [sim_Baseline_P2_M-ELE-001_67543c] Teacher: 亮度其实取决于电子“交出”了多少能量，而不是电子本身的数量。

这就好比两辆载重相同的卡车经过两个收费站，如果第一个收费站收的“过路费”更多，你觉得哪里的灯会更亮？
2026-04-14 14:51:14,021 - SessionLogger - INFO - [sim_Baseline_P1_M-ELE-001_9ce267] Student: 水跟电又不一样，水是看得见的，电是看不见的。我觉得灯泡就是把电流给“吃”掉了，所以后面肯定没那么多。
Deserializing unregistered type router.SessionMemory from checkpoint. This will be blocked in a future version. Add to allowed_msgpack_modules to silence: [('router', 'SessionMemory')]
Deserializing unregistered type router.PerceptionResult from checkpoint. This will be blocked in a future version. Add to allowed_msgpack_modules to silence: [('router', 'PerceptionResult')]
Deserializing unregistered type router.RouteDecision from checkpoint. This will be blocked in a future version. Add to allowed_msgpack_modules to silence: [('router', 'RouteDecision')]
2026-04-14 14:51:14,994 - SessionLogger - INFO - [sim_Baseline_P2_M-ELE-001_67543c] Student: 哦……所以亮度是看“过路费”交了多少，而不是看剩下了多少卡车？
那如果是串联的话，是不是意味着两盏灯分到的“过路费”其实是一样的，所以电流根本没变少？
Deserializing unregistered type router.SessionMemory from checkpoint. This will be blocked in a future version. Add to allowed_msgpack_modules to silence: [('router', 'SessionMemory')]
Deserializing unregistered type router.PerceptionResult from checkpoint. This will be blocked in a future version. Add to allowed_msgpack_modules to silence: [('router', 'PerceptionResult')]
Deserializing unregistered type router.RouteDecision from checkpoint. This will be blocked in a future version. Add to allowed_msgpack_modules to silence: [('router', 'RouteDecision')]
2026-04-14 14:51:18,815 - SessionLogger - INFO - [sim_FSM_P2_M-ELE-001_6a5377] Teacher: 这确实是个容易混淆的地方，因为灯泡发光确实“用”掉了某种东西，但那其实是电能。

想象一下水管推动水轮机转动，水轮机转起来后，流过去的水量（比如每秒流过的升数）会变少吗？
2026-04-14 14:51:18,820 - SessionLogger - INFO - [sim_Baseline_P2_M-ELE-001_67543c] Teacher: 电流确实没变少，但“过路费”（电压）不一定平分哦。

如果两盏灯的电阻不一样，就像两个收费站的收费标准不同，你觉得它们分到的电压还会一样吗？
2026-04-14 14:51:19,977 - SessionLogger - INFO - [sim_FSM_P2_M-ELE-001_6a5377] Student: 水确实不会变少……所以您的意思是，电流其实就像水流一样，只是把能量留下了，但“流”本身的数量没变？
Deserializing unregistered type router.SessionMemory from checkpoint. This will be blocked in a future version. Add to allowed_msgpack_modules to silence: [('router', 'SessionMemory')]
Deserializing unregistered type router.PerceptionResult from checkpoint. This will be blocked in a future version. Add to allowed_msgpack_modules to silence: [('router', 'PerceptionResult')]
Deserializing unregistered type router.RouteDecision from checkpoint. This will be blocked in a future version. Add to allowed_msgpack_modules to silence: [('router', 'RouteDecision')]
2026-04-14 14:51:20,192 - SessionLogger - INFO - [sim_Baseline_P2_M-ELE-001_67543c] Student: 啊，原来电阻大就是“收费标准”高，那它分到的电压就更多？
所以我之前觉得电流被消耗了，其实是把“能量被拿走”和“电子变少”搞混了……是这样吗？
Deserializing unregistered type router.SessionMemory from checkpoint. This will be blocked in a future version. Add to allowed_msgpack_modules to silence: [('router', 'SessionMemory')]
Deserializing unregistered type router.PerceptionResult from checkpoint. This will be blocked in a future version. Add to allowed_msgpack_modules to silence: [('router', 'PerceptionResult')]
Deserializing unregistered type router.RouteDecision from checkpoint. This will be blocked in a future version. Add to allowed_msgpack_modules to silence: [('router', 'RouteDecision')]
2026-04-14 14:51:20,235 - SessionLogger - INFO - [sim_Baseline_P1_M-ELE-001_9ce267] Teacher: 如果灯泡真的“吃”掉了一部分电荷，那这些消失的电荷去哪儿了？难道它们凭空蒸发了吗？
2026-04-14 14:51:21,272 - SessionLogger - INFO - [sim_Baseline_P1_M-ELE-001_9ce267] Student: 反正就是变少了呗，变成光和热了呀。你别老纠结电荷去哪了，我就觉得电流肯定被用掉了。
Deserializing unregistered type router.SessionMemory from checkpoint. This will be blocked in a future version. Add to allowed_msgpack_modules to silence: [('router', 'SessionMemory')]
Deserializing unregistered type router.PerceptionResult from checkpoint. This will be blocked in a future version. Add to allowed_msgpack_modules to silence: [('router', 'PerceptionResult')]
Deserializing unregistered type router.RouteDecision from checkpoint. This will be blocked in a future version. Add to allowed_msgpack_modules to silence: [('router', 'RouteDecision')]
2026-04-14 14:51:24,338 - SessionLogger - INFO - [sim_Baseline_P2_M-ELE-001_67543c] Teacher: 没错，你抓住了关键！电子就像搬运工，数量没变，但每个人背的“货物”（能量）变少了。

既然电流处处相等，根据 $P=I^2R$，你觉得电阻更大的那个灯泡，实际功率会更大还是更小呢？
2026-04-14 14:51:24,339 - SessionLogger - INFO - [sim_Baseline_P2_M-ELE-001_67543c] Extending max_turns by 3 because cognitive_state is '新概念探索'
2026-04-14 14:51:24,922 - SessionLogger - INFO - [sim_FSM+Guardrail_P1_M-ELE-001_abbe28] Teacher: 想象这是一个封闭的水循环系统，如果第一个水车真的“用掉”了一部分水，那流回水泵的水是不是就变少了？长此以往，管子里的水会不会很快就流干了？
2026-04-14 14:51:25,999 - SessionLogger - INFO - [sim_FSM_P1_M-ELE-001_5b0891] Teacher: 咱们换个角度想，就像家里的自来水流过水龙头，你觉得流进龙头的水多，还是流出龙头的水多？
2026-04-14 14:51:26,235 - SessionLogger - INFO - [sim_Baseline_P2_M-ELE-001_67543c] Student: 既然电流 $I$ 是一样的，那电阻 $R$ 越大，算出来的功率 $P$ 肯定就越大呗？
所以我之前觉得后面的灯暗，其实是因为它的电阻比较小，分到的“过路费”少，而不是因为电流变小了？
Deserializing unregistered type router.SessionMemory from checkpoint. This will be blocked in a future version. Add to allowed_msgpack_modules to silence: [('router', 'SessionMemory')]
Deserializing unregistered type router.PerceptionResult from checkpoint. This will be blocked in a future version. Add to allowed_msgpack_modules to silence: [('router', 'PerceptionResult')]
Deserializing unregistered type router.RouteDecision from checkpoint. This will be blocked in a future version. Add to allowed_msgpack_modules to silence: [('router', 'RouteDecision')]
2026-04-14 14:51:26,495 - SessionLogger - INFO - [sim_Baseline_P1_M-ELE-001_9ce267] Teacher: 那咱们打个比方：电流像是一队送货的卡车，光和热是它们卸下的货物。

如果卡车在半路上把货卸了就凭空消失了，后面的路是不是就堵死，再也送不进新货了？
2026-04-14 14:51:26,495 - SessionLogger - INFO - [sim_Baseline_P1_M-ELE-001_9ce267] Extending max_turns by 3 because cognitive_state is '新概念探索'
2026-04-14 14:51:26,755 - SessionLogger - INFO - [sim_FSM+Guardrail_P1_M-ELE-001_abbe28] Student: 水跟电又不一样，电是会被灯泡烧掉变成光和热的，当然会变少。你这个水管的例子根本说明不了电流的问题。
Deserializing unregistered type router.SessionMemory from checkpoint. This will be blocked in a future version. Add to allowed_msgpack_modules to silence: [('router', 'SessionMemory')]
Deserializing unregistered type router.PerceptionResult from checkpoint. This will be blocked in a future version. Add to allowed_msgpack_modules to silence: [('router', 'PerceptionResult')]
Deserializing unregistered type router.RouteDecision from checkpoint. This will be blocked in a future version. Add to allowed_msgpack_modules to silence: [('router', 'RouteDecision')]
2026-04-14 14:51:27,843 - SessionLogger - INFO - [sim_Baseline_P1_M-ELE-001_9ce267] Student: 可是灯泡亮了就是说明电被用掉了啊，这跟卡车有什么关系。反正我觉得流过去的电流肯定变少了，不然灯泡怎么会亮呢？
Deserializing unregistered type router.SessionMemory from checkpoint. This will be blocked in a future version. Add to allowed_msgpack_modules to silence: [('router', 'SessionMemory')]
Deserializing unregistered type router.PerceptionResult from checkpoint. This will be blocked in a future version. Add to allowed_msgpack_modules to silence: [('router', 'PerceptionResult')]
Deserializing unregistered type router.RouteDecision from checkpoint. This will be blocked in a future version. Add to allowed_msgpack_modules to silence: [('router', 'RouteDecision')]
2026-04-14 14:51:28,315 - SessionLogger - INFO - [sim_FSM_P2_M-ELE-001_6a5377] Teacher: 没错，电荷就像水分子一样，只是路过灯泡把能量交出去了。

那既然“流”的数量没变，你觉得我们在电路的不同位置分别接上电流表，测出来的读数会有什么关系？
2026-04-14 14:51:29,058 - SessionLogger - INFO - [sim_FSM+Guardrail_P2_M-ELE-001_a2f44e] Teacher: 这确实是个很直觉的想法。但请你回忆一下，如果你在实验室里把两个完全一样的小灯泡串联起来，你观察到的现象是前面的灯泡明显比后面的亮，还是它们俩亮度基本一样？
2026-04-14 14:51:29,178 - SessionLogger - INFO - [sim_FSM_P1_M-ELE-001_5b0891] Student: 那肯定流进去的多啊，因为水龙头把水“用”掉了才喷出来嘛，剩下的水当然就少了。
Deserializing unregistered type router.SessionMemory from checkpoint. This will be blocked in a future version. Add to allowed_msgpack_modules to silence: [('router', 'SessionMemory')]
Deserializing unregistered type router.PerceptionResult from checkpoint. This will be blocked in a future version. Add to allowed_msgpack_modules to silence: [('router', 'PerceptionResult')]
Deserializing unregistered type router.RouteDecision from checkpoint. This will be blocked in a future version. Add to allowed_msgpack_modules to silence: [('router', 'RouteDecision')]
2026-04-14 14:51:29,440 - SessionLogger - INFO - [sim_FSM_P2_M-ELE-001_6a5377] Student: 那读数应该是一样的？可是……如果电流没变，灯泡是怎么把电能“拿走”发光的呢？我还是有点转不过弯来。
Deserializing unregistered type router.SessionMemory from checkpoint. This will be blocked in a future version. Add to allowed_msgpack_modules to silence: [('router', 'SessionMemory')]
Deserializing unregistered type router.PerceptionResult from checkpoint. This will be blocked in a future version. Add to allowed_msgpack_modules to silence: [('router', 'PerceptionResult')]
Deserializing unregistered type router.RouteDecision from checkpoint. This will be blocked in a future version. Add to allowed_msgpack_modules to silence: [('router', 'RouteDecision')]
2026-04-14 14:51:30,186 - SessionLogger - INFO - [sim_FSM+Guardrail_P2_M-ELE-001_a2f44e] Student: 好像……它们俩是一样亮的？
但这怎么可能呢，如果电流没被消耗，那灯泡发光用的“电”是从哪儿来的呀？
Deserializing unregistered type router.SessionMemory from checkpoint. This will be blocked in a future version. Add to allowed_msgpack_modules to silence: [('router', 'SessionMemory')]
Deserializing unregistered type router.PerceptionResult from checkpoint. This will be blocked in a future version. Add to allowed_msgpack_modules to silence: [('router', 'PerceptionResult')]
Deserializing unregistered type router.RouteDecision from checkpoint. This will be blocked in a future version. Add to allowed_msgpack_modules to silence: [('router', 'RouteDecision')]
2026-04-14 14:51:37,771 - SessionLogger - INFO - [sim_FSM_P2_M-ELE-001_6a5377] Teacher: 这确实很反直觉，因为我们常把“电”当成一种会被烧掉的燃料。

试着想象一下：如果一群人排队传递重物，每个人接过重物走一段路再交给下一个人，虽然人（电荷）的数量没变，但他们是不是都付出了体力（能量）？
2026-04-14 14:51:38,113 - SessionLogger - INFO - [sim_FSM+Guardrail_P1_M-ELE-001_abbe28] Teacher: 你说得对，电能确实转化成了光和热，但这就像运煤的卡车把煤卸在第一个车站，卡车本身并没有消失，而是空车继续开往第二个车站，你觉得这时候路上的卡车数量会变少吗？
2026-04-14 14:51:41,274 - SessionLogger - INFO - [sim_FSM_P2_M-ELE-001_6a5377] Student: 哦！人是没少，但是每个人都累了……所以电流大小其实是指“人”流动的速度或者数量，而不是他们剩下的力气？
Deserializing unregistered type router.SessionMemory from checkpoint. This will be blocked in a future version. Add to allowed_msgpack_modules to silence: [('router', 'SessionMemory')]
Deserializing unregistered type router.PerceptionResult from checkpoint. This will be blocked in a future version. Add to allowed_msgpack_modules to silence: [('router', 'PerceptionResult')]
Deserializing unregistered type router.RouteDecision from checkpoint. This will be blocked in a future version. Add to allowed_msgpack_modules to silence: [('router', 'RouteDecision')]
2026-04-14 14:51:41,752 - SessionLogger - INFO - [sim_FSM+Guardrail_P1_M-ELE-001_abbe28] Student: 可是灯泡把电“吃”了呀，不像卡车卸货后车还在。我觉得电流就是像煤一样被消耗掉了，所以后面肯定变少。
Deserializing unregistered type router.SessionMemory from checkpoint. This will be blocked in a future version. Add to allowed_msgpack_modules to silence: [('router', 'SessionMemory')]
Deserializing unregistered type router.PerceptionResult from checkpoint. This will be blocked in a future version. Add to allowed_msgpack_modules to silence: [('router', 'PerceptionResult')]
Deserializing unregistered type router.RouteDecision from checkpoint. This will be blocked in a future version. Add to allowed_msgpack_modules to silence: [('router', 'RouteDecision')]
2026-04-14 14:51:44,430 - SessionLogger - INFO - [sim_FSM+Guardrail_P2_M-ELE-001_a2f44e] Teacher: 这确实很反直觉，因为我们常觉得“用了”就是“少了”。

想象一下，水流推动一个水轮机转动后，流过去的水量会变少吗？还是说，水只是把它的“劲儿”（能量）留给了水轮机，自己却继续流向了下游？
2026-04-14 14:51:46,518 - SessionLogger - INFO - [sim_FSM+Guardrail_P2_M-ELE-001_a2f44e] Student: 哦……水确实不会变少，只是力气变小了。
所以我是不是搞混了？电流其实是那个“水”，而灯泡消耗的是它的“劲儿”？
Deserializing unregistered type router.SessionMemory from checkpoint. This will be blocked in a future version. Add to allowed_msgpack_modules to silence: [('router', 'SessionMemory')]
Deserializing unregistered type router.PerceptionResult from checkpoint. This will be blocked in a future version. Add to allowed_msgpack_modules to silence: [('router', 'PerceptionResult')]
Deserializing unregistered type router.RouteDecision from checkpoint. This will be blocked in a future version. Add to allowed_msgpack_modules to silence: [('router', 'RouteDecision')]
2026-04-14 14:51:58,127 - SessionLogger - INFO - [sim_FSM_P2_M-ELE-001_6a5377] Teacher: 非常棒的直觉！电流确实描述的是电荷流动的“繁忙程度”，而不是它们携带能量的多少。

既然我们推测电流在串联电路中处处相等，你能设计一个简单的实验或者列举一个现象，来验证这个猜想吗？
2026-04-14 14:51:58,127 - SessionLogger - INFO - [sim_FSM_P2_M-ELE-001_6a5377] Session finished. Resolved: True
2026-04-14 14:51:58,127 - SessionLogger - INFO - [sim_Baseline_P3_M-ELE-001_f1cb4e] Starting session
2026-04-14 14:51:58,127 - SessionLogger - INFO - Initialized Session sim_Baseline_P3_M-ELE-001_f1cb4e on Unknown for Unknown with version FSM+Guardrail
2026-04-14 14:51:59,168 - SessionLogger - INFO - [sim_Baseline_P3_M-ELE-001_f1cb4e] Student Opening: 老师，串联电路里，电流流过第一个灯泡的时候不是被“用掉”了一部分吗？那流到第二个灯泡的电流应该变小了吧？
2026-04-14 14:52:03,478 - SessionLogger - INFO - [sim_FSM_P1_M-ELE-001_5b0891] Teacher: 如果像你说的那样，流进第一个灯泡的电流比流出来的大，那是不是意味着有一部分电荷“停留”在了灯泡里面？
2026-04-14 14:52:03,557 - SessionLogger - INFO - [sim_FSM+Guardrail_P1_M-ELE-001_abbe28] Teacher: 我们先不纠结类比，直接看事实：如果电流真的像煤一样被灯泡“烧没”了，那流出第二个灯泡的电流是从哪儿来的呢？
2026-04-14 14:52:03,677 - SessionLogger - INFO - [sim_FSM+Guardrail_P2_M-ELE-001_a2f44e] Teacher: 没错，这个类比很精准！既然“水流”（电流）在流过第一个灯泡后并没有减少，那你觉得流进第二个灯泡的“水流”大小，和流进第一个灯泡时相比，会发生什么变化？
2026-04-14 14:52:05,103 - SessionLogger - INFO - [sim_Baseline_P2_M-ELE-001_67543c] Teacher: 没错，逻辑完全通了！电阻大的那个“收费站”收的钱多，转化成的光能自然也多。

那现在换个场景，如果这两盏灯是**并联**在电路里（也就是并排两个收费站），你觉得这时候该用哪个公式来判断谁更亮呢？
2026-04-14 14:52:05,181 - SessionLogger - INFO - [sim_Baseline_P1_M-ELE-001_9ce267] Teacher: 灯泡亮是因为“货物”（能量）被卸下了，但“卡车”（电荷）还得空车开回去继续拉货呀。

如果卡车真的变少了，后面的路是不是很快就没车可走了？
2026-04-14 14:52:05,861 - SessionLogger - INFO - [sim_Baseline_P3_M-ELE-001_f1cb4e] Teacher: 这是个很常见的直觉！但你想过没，如果电流真的在第一个灯泡那里“少”了，那剩下的电荷去哪儿了呢？它们会堆积在灯泡里吗？
2026-04-14 14:52:07,430 - SessionLogger - INFO - [sim_FSM_P1_M-ELE-001_5b0891] Student: 也不是停留，就是被灯泡消耗掉了嘛。电流就是一种会被用电器“吃掉”的东西，这有什么好奇怪的？
Deserializing unregistered type router.SessionMemory from checkpoint. This will be blocked in a future version. Add to allowed_msgpack_modules to silence: [('router', 'SessionMemory')]
Deserializing unregistered type router.PerceptionResult from checkpoint. This will be blocked in a future version. Add to allowed_msgpack_modules to silence: [('router', 'PerceptionResult')]
Deserializing unregistered type router.RouteDecision from checkpoint. This will be blocked in a future version. Add to allowed_msgpack_modules to silence: [('router', 'RouteDecision')]
2026-04-14 14:52:08,093 - SessionLogger - INFO - [sim_FSM+Guardrail_P1_M-ELE-001_abbe28] Student: 当然是从第一个灯泡那里传过来的啊，只是变少了而已。你问这个干嘛，反正就是越往后越少。
Deserializing unregistered type router.SessionMemory from checkpoint. This will be blocked in a future version. Add to allowed_msgpack_modules to silence: [('router', 'SessionMemory')]
Deserializing unregistered type router.PerceptionResult from checkpoint. This will be blocked in a future version. Add to allowed_msgpack_modules to silence: [('router', 'PerceptionResult')]
Deserializing unregistered type router.RouteDecision from checkpoint. This will be blocked in a future version. Add to allowed_msgpack_modules to silence: [('router', 'RouteDecision')]
2026-04-14 14:52:08,473 - SessionLogger - INFO - [sim_Baseline_P1_M-ELE-001_9ce267] Student: 可是灯泡亮了就是说明电被用掉了啊，这跟卡车有什么关系。反正我觉得流过去的电流肯定变少了，不然灯泡怎么会亮呢？
Deserializing unregistered type router.SessionMemory from checkpoint. This will be blocked in a future version. Add to allowed_msgpack_modules to silence: [('router', 'SessionMemory')]
Deserializing unregistered type router.PerceptionResult from checkpoint. This will be blocked in a future version. Add to allowed_msgpack_modules to silence: [('router', 'PerceptionResult')]
Deserializing unregistered type router.RouteDecision from checkpoint. This will be blocked in a future version. Add to allowed_msgpack_modules to silence: [('router', 'RouteDecision')]
2026-04-14 14:52:09,121 - SessionLogger - INFO - [sim_FSM+Guardrail_P2_M-ELE-001_a2f44e] Student: 既然水流没变少，那流进第二个灯泡的电流应该和第一个是一样大的吧？
所以我之前觉得后面灯泡暗是因为“电流少了”，其实是错的？
Deserializing unregistered type router.SessionMemory from checkpoint. This will be blocked in a future version. Add to allowed_msgpack_modules to silence: [('router', 'SessionMemory')]
Deserializing unregistered type router.PerceptionResult from checkpoint. This will be blocked in a future version. Add to allowed_msgpack_modules to silence: [('router', 'PerceptionResult')]
Deserializing unregistered type router.RouteDecision from checkpoint. This will be blocked in a future version. Add to allowed_msgpack_modules to silence: [('router', 'RouteDecision')]
2026-04-14 14:52:09,577 - SessionLogger - INFO - [sim_Baseline_P3_M-ELE-001_f1cb4e] Student: 啊？堆积？应该……不会吧？它们不是被灯泡发光发热“用掉”了吗，就像电池里的电用完了一样。
Deserializing unregistered type router.SessionMemory from checkpoint. This will be blocked in a future version. Add to allowed_msgpack_modules to silence: [('router', 'SessionMemory')]
Deserializing unregistered type router.PerceptionResult from checkpoint. This will be blocked in a future version. Add to allowed_msgpack_modules to silence: [('router', 'PerceptionResult')]
Deserializing unregistered type router.RouteDecision from checkpoint. This will be blocked in a future version. Add to allowed_msgpack_modules to silence: [('router', 'RouteDecision')]
2026-04-14 14:52:09,988 - SessionLogger - INFO - [sim_Baseline_P2_M-ELE-001_67543c] Student: 并联的话电压是一样的吧？那用 $P=I^2R$ 好像不好比，因为电流不一样了……
是不是得换那个带电压的公式，比如 $P=U^2/R$ 来看？
Deserializing unregistered type router.SessionMemory from checkpoint. This will be blocked in a future version. Add to allowed_msgpack_modules to silence: [('router', 'SessionMemory')]
Deserializing unregistered type router.PerceptionResult from checkpoint. This will be blocked in a future version. Add to allowed_msgpack_modules to silence: [('router', 'PerceptionResult')]
Deserializing unregistered type router.RouteDecision from checkpoint. This will be blocked in a future version. Add to allowed_msgpack_modules to silence: [('router', 'RouteDecision')]
2026-04-14 14:52:12,219 - SessionLogger - INFO - [sim_Baseline_P1_M-ELE-001_9ce267] Teacher: 灯泡亮是因为电荷在通过灯丝时“摩擦”生热发光，就像人跑步会累一样。

但人跑完步虽然累了，人数会变少吗？
2026-04-14 14:52:14,240 - SessionLogger - INFO - [sim_Baseline_P1_M-ELE-001_9ce267] Student: 人虽然没变少，但是力气没了呀。电流也是一样，能量被消耗了，那电流肯定就变小了嘛，这不是很正常吗？
Deserializing unregistered type router.SessionMemory from checkpoint. This will be blocked in a future version. Add to allowed_msgpack_modules to silence: [('router', 'SessionMemory')]
Deserializing unregistered type router.PerceptionResult from checkpoint. This will be blocked in a future version. Add to allowed_msgpack_modules to silence: [('router', 'PerceptionResult')]
Deserializing unregistered type router.RouteDecision from checkpoint. This will be blocked in a future version. Add to allowed_msgpack_modules to silence: [('router', 'RouteDecision')]
2026-04-14 14:52:15,647 - SessionLogger - INFO - [sim_Baseline_P2_M-ELE-001_67543c] Teacher: 太棒了，找对公式了！在电压 $U$ 相同的情况下，你看这个公式 $P=U^2/R$。

如果电阻 $R$ 变大，分母变大，算出来的功率 $P$ 是会变大还是变小呢？
2026-04-14 14:52:17,161 - SessionLogger - INFO - [sim_Baseline_P2_M-ELE-001_67543c] Student: 分母变大，那算出来的功率 $P$ 肯定就变小了呀。
所以并联的时候，反而是电阻小的那个灯泡更亮？这跟串联的时候正好反过来了？
Deserializing unregistered type router.SessionMemory from checkpoint. This will be blocked in a future version. Add to allowed_msgpack_modules to silence: [('router', 'SessionMemory')]
Deserializing unregistered type router.PerceptionResult from checkpoint. This will be blocked in a future version. Add to allowed_msgpack_modules to silence: [('router', 'PerceptionResult')]
Deserializing unregistered type router.RouteDecision from checkpoint. This will be blocked in a future version. Add to allowed_msgpack_modules to silence: [('router', 'RouteDecision')]
2026-04-14 14:52:18,850 - SessionLogger - INFO - [sim_Baseline_P1_M-ELE-001_9ce267] Teacher: “力气”（能量）变小了，不代表“人”（电荷）的数量变少了呀。

如果进灯泡前有100个电荷，出灯泡后只剩50个，那另外50个电荷去哪了呢？
2026-04-14 14:52:18,949 - SessionLogger - INFO - [sim_Baseline_P3_M-ELE-001_f1cb4e] Teacher: 其实灯泡“用掉”的是电荷携带的能量，而不是电荷本身。

想象一下送货员（电荷）把货物（能量）卸在第一个灯泡那里，送货员本人是不是还得继续往前走，去下一个地方？
2026-04-14 14:52:28,281 - SessionLogger - INFO - [sim_FSM+Guardrail_P2_M-ELE-001_a2f44e] Teacher: 正是如此。既然电流在电路中各处都一样大，并没有“前多后少”，那你觉得我们之前担心的“后面的灯泡因为抢不到电流而变暗”这个顾虑，现在还需要存在吗？
2026-04-14 14:52:28,282 - SessionLogger - INFO - [sim_FSM+Guardrail_P2_M-ELE-001_a2f44e] Session finished. Resolved: True
2026-04-14 14:52:28,282 - SessionLogger - INFO - [sim_FSM_P3_M-ELE-001_2fba4a] Starting session
2026-04-14 14:52:28,282 - SessionLogger - INFO - Initialized Session sim_FSM_P3_M-ELE-001_2fba4a on Unknown for Unknown with version FSM+Guardrail
2026-04-14 14:52:29,346 - SessionLogger - INFO - [sim_FSM_P3_M-ELE-001_2fba4a] Student Opening: 老师，串联电路里，电流流过第一个灯泡的时候不是被消耗掉一部分用来发光吗？那流到第二个灯泡的电流是不是就变小了呀？
2026-04-14 14:52:29,352 - SessionLogger - INFO - [sim_Baseline_P1_M-ELE-001_9ce267] Student: 那50个肯定是在灯泡里变成光和热被消耗掉了啊。电流不就是被用电器“吃掉”一部分吗，不然灯怎么会亮？
Deserializing unregistered type router.SessionMemory from checkpoint. This will be blocked in a future version. Add to allowed_msgpack_modules to silence: [('router', 'SessionMemory')]
Deserializing unregistered type router.PerceptionResult from checkpoint. This will be blocked in a future version. Add to allowed_msgpack_modules to silence: [('router', 'PerceptionResult')]
Deserializing unregistered type router.RouteDecision from checkpoint. This will be blocked in a future version. Add to allowed_msgpack_modules to silence: [('router', 'RouteDecision')]
2026-04-14 14:52:29,357 - SessionLogger - INFO - [sim_Baseline_P2_M-ELE-001_67543c] Teacher: 没错，结论完全正确！串联看电阻大的亮，并联看电阻小的亮。

你能试着从“电流分配”或者“能量转化”的角度，简单说说为什么并联时电阻越小反而越亮吗？
2026-04-14 14:52:29,376 - SessionLogger - INFO - [sim_FSM_P1_M-ELE-001_5b0891] Teacher: 如果电流真的被灯泡“吃掉”并消失了，那你觉得用久了的灯泡，会不会因为肚子里装满了被吃掉的电流而变得更重？
2026-04-14 14:52:30,427 - SessionLogger - INFO - [sim_Baseline_P3_M-ELE-001_f1cb4e] Student: 哦……所以送货员只是把货卸了，人还得接着走？那是不是说，不管经过几个灯泡，送货员的数量其实一直没变？
Deserializing unregistered type router.SessionMemory from checkpoint. This will be blocked in a future version. Add to allowed_msgpack_modules to silence: [('router', 'SessionMemory')]
Deserializing unregistered type router.PerceptionResult from checkpoint. This will be blocked in a future version. Add to allowed_msgpack_modules to silence: [('router', 'PerceptionResult')]
Deserializing unregistered type router.RouteDecision from checkpoint. This will be blocked in a future version. Add to allowed_msgpack_modules to silence: [('router', 'RouteDecision')]
2026-04-14 14:52:31,719 - SessionLogger - INFO - [sim_Baseline_P2_M-ELE-001_67543c] Student: 因为电压一样，电阻小的那条路“阻力”小，流过去的电流就特别大？
虽然每个电荷带的能量（电压）没变，但因为冲过去的电荷数量多，所以总功率反而更大了？
Deserializing unregistered type router.SessionMemory from checkpoint. This will be blocked in a future version. Add to allowed_msgpack_modules to silence: [('router', 'SessionMemory')]
Deserializing unregistered type router.PerceptionResult from checkpoint. This will be blocked in a future version. Add to allowed_msgpack_modules to silence: [('router', 'PerceptionResult')]
Deserializing unregistered type router.RouteDecision from checkpoint. This will be blocked in a future version. Add to allowed_msgpack_modules to silence: [('router', 'RouteDecision')]
2026-04-14 14:52:32,942 - SessionLogger - INFO - [sim_FSM_P1_M-ELE-001_5b0891] Student: 那……那电流又不是沙子，它被消耗掉就变成光和热散出去了，怎么会留在灯泡里变重呢？
Deserializing unregistered type router.SessionMemory from checkpoint. This will be blocked in a future version. Add to allowed_msgpack_modules to silence: [('router', 'SessionMemory')]
Deserializing unregistered type router.PerceptionResult from checkpoint. This will be blocked in a future version. Add to allowed_msgpack_modules to silence: [('router', 'PerceptionResult')]
Deserializing unregistered type router.RouteDecision from checkpoint. This will be blocked in a future version. Add to allowed_msgpack_modules to silence: [('router', 'RouteDecision')]
2026-04-14 14:52:34,063 - SessionLogger - INFO - [sim_Baseline_P1_M-ELE-001_9ce267] Teacher: 电荷可是实实在在的物质粒子，怎么能像能量一样“变身”成光呢？

如果电荷真的在灯泡里消失了，那电路岂不是这就断了，后面的灯泡怎么还能亮？
2026-04-14 14:52:34,131 - SessionLogger - INFO - [sim_FSM+Guardrail_P1_M-ELE-001_abbe28] Teacher: 那我们来做个思想实验：如果电流真的每经过一个灯泡就“少一截”，那你见过的那种串联的一长串节日小彩灯，是不是离插头最近的那颗特别亮，而最后面的那颗几乎都不亮了？
2026-04-14 14:52:35,676 - SessionLogger - INFO - [sim_FSM+Guardrail_P1_M-ELE-001_abbe28] Student: 那……可能是电池劲儿大，硬推过去的？反正我觉得前面的肯定比后面的亮，电流就是被用掉了。
Deserializing unregistered type router.SessionMemory from checkpoint. This will be blocked in a future version. Add to allowed_msgpack_modules to silence: [('router', 'SessionMemory')]
Deserializing unregistered type router.PerceptionResult from checkpoint. This will be blocked in a future version. Add to allowed_msgpack_modules to silence: [('router', 'PerceptionResult')]
Deserializing unregistered type router.RouteDecision from checkpoint. This will be blocked in a future version. Add to allowed_msgpack_modules to silence: [('router', 'RouteDecision')]
2026-04-14 14:52:35,896 - SessionLogger - INFO - [sim_Baseline_P1_M-ELE-001_9ce267] Student: 没断啊，只是电流变小了而已。后面的灯泡当然还能亮，只不过因为电流少了，所以它会比前面的暗一点，这很合理吧？
Deserializing unregistered type router.SessionMemory from checkpoint. This will be blocked in a future version. Add to allowed_msgpack_modules to silence: [('router', 'SessionMemory')]
Deserializing unregistered type router.PerceptionResult from checkpoint. This will be blocked in a future version. Add to allowed_msgpack_modules to silence: [('router', 'PerceptionResult')]
Deserializing unregistered type router.RouteDecision from checkpoint. This will be blocked in a future version. Add to allowed_msgpack_modules to silence: [('router', 'RouteDecision')]
2026-04-14 14:52:37,057 - SessionLogger - INFO - [sim_Baseline_P3_M-ELE-001_f1cb4e] Teacher: 没错，送货员（电荷）既不会消失，也不会凭空产生。

既然他们只能排成一队依次通过，你觉得在队伍中间的任何位置，单位时间内通过的送货员数量会不一样吗？
2026-04-14 14:52:38,142 - SessionLogger - INFO - [sim_Baseline_P3_M-ELE-001_f1cb4e] Student: 嗯……如果队伍中间有人变少或者变多，那后面不就堵住了或者断开了吗？所以……其实每个地方通过的送货员数量应该是一样的？
Deserializing unregistered type router.SessionMemory from checkpoint. This will be blocked in a future version. Add to allowed_msgpack_modules to silence: [('router', 'SessionMemory')]
Deserializing unregistered type router.PerceptionResult from checkpoint. This will be blocked in a future version. Add to allowed_msgpack_modules to silence: [('router', 'PerceptionResult')]
Deserializing unregistered type router.RouteDecision from checkpoint. This will be blocked in a future version. Add to allowed_msgpack_modules to silence: [('router', 'RouteDecision')]
2026-04-14 14:52:38,231 - SessionLogger - INFO - [sim_Baseline_P2_M-ELE-001_67543c] Teacher: 解释得非常透彻！“单价”（电压）没变，但“销量”（电流）暴增，总“营业额”（功率）自然就高了。

看来你已经彻底打通了串并联电路亮度判断的任督二脉。现在如果给你两个不同规格的灯泡，你能快速判断出它们在两种连接方式下谁更亮了吗？
2026-04-14 14:52:39,265 - SessionLogger - INFO - [sim_Baseline_P1_M-ELE-001_9ce267] Teacher: 如果电流真的像水流过水车那样被“用掉”变少了，那流回电源负极的电荷岂不是比从正极出来的少？

多出来的那些电荷都堆积在哪里了呢？
2026-04-14 14:52:40,093 - SessionLogger - INFO - [sim_Baseline_P2_M-ELE-001_67543c] Student: 嗯……串联时电阻大的亮，并联时电阻小的亮，这个口诀我记住了。
不过老师，如果题目不直接给电阻，只给额定电压和功率，我是不是得先算出电阻才能比呀？
Deserializing unregistered type router.SessionMemory from checkpoint. This will be blocked in a future version. Add to allowed_msgpack_modules to silence: [('router', 'SessionMemory')]
Deserializing unregistered type router.PerceptionResult from checkpoint. This will be blocked in a future version. Add to allowed_msgpack_modules to silence: [('router', 'PerceptionResult')]
Deserializing unregistered type router.RouteDecision from checkpoint. This will be blocked in a future version. Add to allowed_msgpack_modules to silence: [('router', 'RouteDecision')]
2026-04-14 14:52:41,099 - SessionLogger - INFO - [sim_Baseline_P1_M-ELE-001_9ce267] Student: 电荷才不会堆积呢，它们流得慢一点不就行了吗？反正前面的灯泡“吃”掉了一些电流，后面的肯定就剩得少了，这有什么好奇怪的。
Deserializing unregistered type router.SessionMemory from checkpoint. This will be blocked in a future version. Add to allowed_msgpack_modules to silence: [('router', 'SessionMemory')]
Deserializing unregistered type router.PerceptionResult from checkpoint. This will be blocked in a future version. Add to allowed_msgpack_modules to silence: [('router', 'PerceptionResult')]
Deserializing unregistered type router.RouteDecision from checkpoint. This will be blocked in a future version. Add to allowed_msgpack_modules to silence: [('router', 'RouteDecision')]
2026-04-14 14:52:42,212 - SessionLogger - INFO - [sim_Baseline_P3_M-ELE-001_f1cb4e] Teacher: 你说得很对，电流就像水流一样，在单一路径中流量是守恒的。

那既然流过每个灯泡的“送货员”数量都一样，你觉得为什么串联的灯泡越多，它们整体看起来反而越暗呢？
2026-04-14 14:52:42,806 - SessionLogger - INFO - [sim_FSM_P3_M-ELE-001_2fba4a] Teacher: 这个想法很自然，毕竟灯泡发光确实需要“付出”代价。但如果电流真的像水流过水车那样被“用掉”变少了，你觉得串联在一起的两个完全相同的灯泡，它们的亮度会一样吗？
2026-04-14 14:52:43,407 - SessionLogger - INFO - [sim_Baseline_P2_M-ELE-001_67543c] Teacher: 是个好问题！既然 $R = U_{额}^2 / P_{额}$，你觉得在额定电压相同的情况下，额定功率大的灯泡，它的电阻其实是更大还是更小呢？
2026-04-14 14:52:43,819 - SessionLogger - INFO - [sim_FSM+Guardrail_P1_M-ELE-001_abbe28] Teacher: 这个直觉很自然，因为能量确实被消耗了。但我们要区分“能量”和“电流”：灯泡消耗的是电能（把它变成光），而电流只是电荷流动的速率。

既然电荷没有凭空消失，也没有在灯泡里堆积起来，你觉得在串联的这一条单行道上，前面流进去的电荷数量和后面流出来的数量，是**相等**还是**不相等**？
2026-04-14 14:52:43,856 - SessionLogger - INFO - [sim_FSM_P1_M-ELE-001_5b0891] Teacher: 既然电流变成了光和热散出去，并没有留在灯泡里，那你能不能设计一个小实验，来验证一下流过第一个灯泡后的电流，到底有没有真的“变少”？
2026-04-14 14:52:43,856 - SessionLogger - INFO - [sim_FSM_P1_M-ELE-001_5b0891] Extending max_turns by 3 because cognitive_state is '新概念探索'
2026-04-14 14:52:43,965 - SessionLogger - INFO - [sim_Baseline_P3_M-ELE-001_f1cb4e] Student: 啊？那既然送货员没少，货也没被带走……难道是因为送货员走得太累了，送得慢了？还是说他们每个人手里剩下的“货”变少了？
Deserializing unregistered type router.SessionMemory from checkpoint. This will be blocked in a future version. Add to allowed_msgpack_modules to silence: [('router', 'SessionMemory')]
Deserializing unregistered type router.PerceptionResult from checkpoint. This will be blocked in a future version. Add to allowed_msgpack_modules to silence: [('router', 'PerceptionResult')]
Deserializing unregistered type router.RouteDecision from checkpoint. This will be blocked in a future version. Add to allowed_msgpack_modules to silence: [('router', 'RouteDecision')]
2026-04-14 14:52:44,103 - SessionLogger - INFO - [sim_FSM_P3_M-ELE-001_2fba4a] Student: 嗯……应该还是后面那个暗一点吧？毕竟前面的灯泡已经“吃”掉了一部分电流，剩下的肯定不够后面的灯泡亮得那么足了。
Deserializing unregistered type router.SessionMemory from checkpoint. This will be blocked in a future version. Add to allowed_msgpack_modules to silence: [('router', 'SessionMemory')]
Deserializing unregistered type router.PerceptionResult from checkpoint. This will be blocked in a future version. Add to allowed_msgpack_modules to silence: [('router', 'PerceptionResult')]
Deserializing unregistered type router.RouteDecision from checkpoint. This will be blocked in a future version. Add to allowed_msgpack_modules to silence: [('router', 'RouteDecision')]
2026-04-14 14:52:47,604 - SessionLogger - INFO - [sim_FSM_P1_M-ELE-001_5b0891] Student: 可是灯泡变暗了不就是电流变小最直接的证据吗？还要做什么实验，事实摆在眼前啊。
Deserializing unregistered type router.SessionMemory from checkpoint. This will be blocked in a future version. Add to allowed_msgpack_modules to silence: [('router', 'SessionMemory')]
Deserializing unregistered type router.PerceptionResult from checkpoint. This will be blocked in a future version. Add to allowed_msgpack_modules to silence: [('router', 'PerceptionResult')]
Deserializing unregistered type router.RouteDecision from checkpoint. This will be blocked in a future version. Add to allowed_msgpack_modules to silence: [('router', 'RouteDecision')]
2026-04-14 14:52:48,313 - SessionLogger - INFO - [sim_FSM+Guardrail_P1_M-ELE-001_abbe28] Student: 电荷没消失不代表电流没变小啊，就像水管里水没漏，但流得慢了也是可能的。我还是觉得电流被灯泡“挡”了一下，肯定不相等。
Deserializing unregistered type router.SessionMemory from checkpoint. This will be blocked in a future version. Add to allowed_msgpack_modules to silence: [('router', 'SessionMemory')]
Deserializing unregistered type router.PerceptionResult from checkpoint. This will be blocked in a future version. Add to allowed_msgpack_modules to silence: [('router', 'PerceptionResult')]
Deserializing unregistered type router.RouteDecision from checkpoint. This will be blocked in a future version. Add to allowed_msgpack_modules to silence: [('router', 'RouteDecision')]
2026-04-14 14:52:48,582 - SessionLogger - INFO - [sim_Baseline_P3_M-ELE-001_f1cb4e] Teacher: 你的直觉很敏锐！“走得慢”意味着电流变小了，而“货变少”意味着每个灯泡分到的能量少了。

你觉得串联的灯泡越多，是对送货员的“阻碍”变大了，还是电源提供的“总货物”变少了？
2026-04-14 14:52:49,155 - SessionLogger - INFO - [sim_Baseline_P2_M-ELE-001_67543c] Student: 分母 $P_{额}$ 越大，算出来的电阻 $R$ 应该越小吧？
所以额定功率大的灯泡，其实电阻更小？
Deserializing unregistered type router.SessionMemory from checkpoint. This will be blocked in a future version. Add to allowed_msgpack_modules to silence: [('router', 'SessionMemory')]
Deserializing unregistered type router.PerceptionResult from checkpoint. This will be blocked in a future version. Add to allowed_msgpack_modules to silence: [('router', 'PerceptionResult')]
Deserializing unregistered type router.RouteDecision from checkpoint. This will be blocked in a future version. Add to allowed_msgpack_modules to silence: [('router', 'RouteDecision')]
2026-04-14 14:52:49,988 - SessionLogger - INFO - [sim_Baseline_P3_M-ELE-001_f1cb4e] Student: 应该是阻碍变大了吧？就像路上关卡变多了，送货员走起来更费劲，所以整体都变慢了？
Deserializing unregistered type router.SessionMemory from checkpoint. This will be blocked in a future version. Add to allowed_msgpack_modules to silence: [('router', 'SessionMemory')]
Deserializing unregistered type router.PerceptionResult from checkpoint. This will be blocked in a future version. Add to allowed_msgpack_modules to silence: [('router', 'PerceptionResult')]
Deserializing unregistered type router.RouteDecision from checkpoint. This will be blocked in a future version. Add to allowed_msgpack_modules to silence: [('router', 'RouteDecision')]
2026-04-14 14:52:56,298 - SessionLogger - INFO - [sim_Baseline_P3_M-ELE-001_f1cb4e] Teacher: 没错，关卡（电阻）越多，整体通过就越困难。

既然“送货员”流动的速度（电流）变慢了，而每个灯泡分到的“货物”（电压）也变少了，你觉得这两个因素是怎么共同导致灯泡变暗的？
2026-04-14 14:52:56,298 - SessionLogger - INFO - [sim_Baseline_P3_M-ELE-001_f1cb4e] Extending max_turns by 3 because cognitive_state is '新概念探索'
2026-04-14 14:52:58,587 - SessionLogger - INFO - [sim_FSM_P3_M-ELE-001_2fba4a] Teacher: 那我们在实验室里把两个一模一样的小灯泡串联起来时，你观察到它们是“前亮后暗”，还是“一样亮”呢？
2026-04-14 14:52:59,964 - SessionLogger - INFO - [sim_Baseline_P3_M-ELE-001_f1cb4e] Student: 哦……所以是因为送货员走得慢了，而且每个人手里分到的货也少了，两样都缺，灯泡自然就亮不起来了？
Deserializing unregistered type router.SessionMemory from checkpoint. This will be blocked in a future version. Add to allowed_msgpack_modules to silence: [('router', 'SessionMemory')]
Deserializing unregistered type router.PerceptionResult from checkpoint. This will be blocked in a future version. Add to allowed_msgpack_modules to silence: [('router', 'PerceptionResult')]
Deserializing unregistered type router.RouteDecision from checkpoint. This will be blocked in a future version. Add to allowed_msgpack_modules to silence: [('router', 'RouteDecision')]
2026-04-14 14:53:02,071 - SessionLogger - INFO - [sim_FSM_P3_M-ELE-001_2fba4a] Student: 呃……好像是一样亮的？
可是如果电流没变少，那灯泡发光用的“电”是从哪儿来的呢？我还是有点乱。
Deserializing unregistered type router.SessionMemory from checkpoint. This will be blocked in a future version. Add to allowed_msgpack_modules to silence: [('router', 'SessionMemory')]
Deserializing unregistered type router.PerceptionResult from checkpoint. This will be blocked in a future version. Add to allowed_msgpack_modules to silence: [('router', 'PerceptionResult')]
Deserializing unregistered type router.RouteDecision from checkpoint. This will be blocked in a future version. Add to allowed_msgpack_modules to silence: [('router', 'RouteDecision')]
2026-04-14 14:53:12,937 - SessionLogger - INFO - [sim_FSM_P3_M-ELE-001_2fba4a] Teacher: 这种困惑很正常，因为我们容易把“电流”和“电能”混为一谈。你可以想象一下：如果有一队搬运工（电荷）排队通过两个关卡，他们每个人携带的能量在过关时被留下了，但搬运工的人数并没有减少。你觉得灯泡消耗的，是这些“搬运工”本身，还是他们身上携带的“货物”呢？
2026-04-14 14:53:16,949 - SessionLogger - INFO - [sim_FSM_P3_M-ELE-001_2fba4a] Student: 噢……所以灯泡是把他们背上的“货物”（能量）拿走了，但是搬运工本人（电流）还是原封不动地继续往后走？
Deserializing unregistered type router.SessionMemory from checkpoint. This will be blocked in a future version. Add to allowed_msgpack_modules to silence: [('router', 'SessionMemory')]
Deserializing unregistered type router.PerceptionResult from checkpoint. This will be blocked in a future version. Add to allowed_msgpack_modules to silence: [('router', 'PerceptionResult')]
Deserializing unregistered type router.RouteDecision from checkpoint. This will be blocked in a future version. Add to allowed_msgpack_modules to silence: [('router', 'RouteDecision')]
2026-04-14 14:53:24,928 - SessionLogger - INFO - [sim_FSM_P3_M-ELE-001_2fba4a] Teacher: 没错，这个理解很到位！既然“搬运工”的人数和行进速度在前后都没有变化，那你觉得在电路的不同位置测量电流，读数会改变吗？
2026-04-14 14:53:28,117 - SessionLogger - INFO - [sim_FSM_P3_M-ELE-001_2fba4a] Student: 既然人没少，速度也没变，那测出来的电流应该是一样的吧？
原来之前是我搞混了，以为灯泡把“人”给留下了……
Deserializing unregistered type router.SessionMemory from checkpoint. This will be blocked in a future version. Add to allowed_msgpack_modules to silence: [('router', 'SessionMemory')]
Deserializing unregistered type router.PerceptionResult from checkpoint. This will be blocked in a future version. Add to allowed_msgpack_modules to silence: [('router', 'PerceptionResult')]
Deserializing unregistered type router.RouteDecision from checkpoint. This will be blocked in a future version. Add to allowed_msgpack_modules to silence: [('router', 'RouteDecision')]
2026-04-14 14:53:32,469 - SessionLogger - INFO - [sim_Baseline_P3_M-ELE-001_f1cb4e] Teacher: 完全正确！电流小了，分到的电压也少了，功率自然大幅下降。

那如果把这些灯泡改成并联（就像给每个灯泡都修了一条独立的专用车道），你觉得“关卡”对整体电流的阻碍作用，会比串联时更大还是更小？
2026-04-14 14:53:33,822 - SessionLogger - INFO - [sim_Baseline_P3_M-ELE-001_f1cb4e] Student: 那是不是阻碍变小了？因为路变宽了，送货员不用排队挤在一起，可以一起跑，所以总电流应该会变大吧？
Deserializing unregistered type router.SessionMemory from checkpoint. This will be blocked in a future version. Add to allowed_msgpack_modules to silence: [('router', 'SessionMemory')]
Deserializing unregistered type router.PerceptionResult from checkpoint. This will be blocked in a future version. Add to allowed_msgpack_modules to silence: [('router', 'PerceptionResult')]
Deserializing unregistered type router.RouteDecision from checkpoint. This will be blocked in a future version. Add to allowed_msgpack_modules to silence: [('router', 'RouteDecision')]
2026-04-14 14:53:34,910 - SessionLogger - INFO - [sim_Baseline_P2_M-ELE-001_67543c] Teacher: 没错，额定功率大的灯泡电阻反而小。

那结合刚才的结论，如果把这两个灯泡串联起来，你觉得是那个“原本更亮”（额定功率大）的灯泡更亮，还是另一个更亮？
2026-04-14 14:53:39,899 - SessionLogger - INFO - [sim_FSM_P3_M-ELE-001_2fba4a] Teacher: 没错，电流确实没有变少。那现在请你试着总结一下：在串联电路中，灯泡发光到底消耗的是什么？而电流在这个过程中又扮演了什么角色呢？
2026-04-14 14:53:39,913 - SessionLogger - INFO - [sim_FSM_P1_M-ELE-001_5b0891] Teacher: 如果电流真的被第一个灯泡“吃掉”了一部分，导致后面变小了，那我们把两个完全一样的灯泡串联起来，是不是应该看到第一个明显比第二个亮很多？
2026-04-14 14:53:39,914 - SessionLogger - INFO - [sim_FSM+Guardrail_P1_M-ELE-001_abbe28] Teacher: 想象一下早高峰的地铁安检口，如果前面进去的人多，后面出来的人少，中间岂不是瞬间就挤爆了？

在稳定的电路里，电荷既不会在灯泡里堆积，也不会凭空消失。所以，流进灯泡的电荷快慢和流出灯泡的电荷快慢，必须是**相等**还是**不相等**？
2026-04-14 14:53:39,915 - SessionLogger - INFO - [sim_Baseline_P1_M-ELE-001_9ce267] Teacher: 如果前面的电荷“消失”了，那后面导线里的电荷从哪儿来补充呢？

电路里可没有制造电荷的工厂，后面的电荷总不能凭空变出来吧？
2026-04-14 14:53:39,921 - SessionLogger - INFO - [sim_Baseline_P2_M-ELE-001_67543c] Student: 额定功率大的电阻小，串联时电流一样，根据 $P=I^2R$，电阻小的实际功率应该更小吧？
所以反而是那个“原本更亮”（额定功率大）的灯泡在串联时会变暗，另一个更亮？
Deserializing unregistered type router.SessionMemory from checkpoint. This will be blocked in a future version. Add to allowed_msgpack_modules to silence: [('router', 'SessionMemory')]
Deserializing unregistered type router.PerceptionResult from checkpoint. This will be blocked in a future version. Add to allowed_msgpack_modules to silence: [('router', 'PerceptionResult')]
Deserializing unregistered type router.RouteDecision from checkpoint. This will be blocked in a future version. Add to allowed_msgpack_modules to silence: [('router', 'RouteDecision')]
2026-04-14 14:53:41,619 - SessionLogger - INFO - [sim_FSM_P1_M-ELE-001_5b0891] Student: 那……那可能是第二个灯泡比较“挑食”，或者它离电源太远了，力气不够了才变暗的。反正电流肯定是被前面那个用掉了一些。
Deserializing unregistered type router.SessionMemory from checkpoint. This will be blocked in a future version. Add to allowed_msgpack_modules to silence: [('router', 'SessionMemory')]
Deserializing unregistered type router.PerceptionResult from checkpoint. This will be blocked in a future version. Add to allowed_msgpack_modules to silence: [('router', 'PerceptionResult')]
Deserializing unregistered type router.RouteDecision from checkpoint. This will be blocked in a future version. Add to allowed_msgpack_modules to silence: [('router', 'RouteDecision')]
2026-04-14 14:53:42,086 - SessionLogger - INFO - [sim_Baseline_P3_M-ELE-001_f1cb4e] Teacher: 你说得对，路多了，总阻力确实变小了。

那在这种“多车道”的情况下，你觉得每条车道上的“送货员”速度（支路电流），还会像串联时那样互相影响、一起变慢吗？
2026-04-14 14:53:43,265 - SessionLogger - INFO - [sim_Baseline_P3_M-ELE-001_f1cb4e] Student: 应该不会影响吧？因为每条路都是独立的，这条路上的关卡应该不会挡住那条路上的送货员，所以他们还是能按自己的速度跑？
Deserializing unregistered type router.SessionMemory from checkpoint. This will be blocked in a future version. Add to allowed_msgpack_modules to silence: [('router', 'SessionMemory')]
Deserializing unregistered type router.PerceptionResult from checkpoint. This will be blocked in a future version. Add to allowed_msgpack_modules to silence: [('router', 'PerceptionResult')]
Deserializing unregistered type router.RouteDecision from checkpoint. This will be blocked in a future version. Add to allowed_msgpack_modules to silence: [('router', 'RouteDecision')]
2026-04-14 14:53:43,387 - SessionLogger - INFO - [sim_FSM_P3_M-ELE-001_2fba4a] Student: 灯泡消耗的是搬运工背上的“货物”，也就是电能。
电流就像是那队搬运工，他们只是负责把能量运过去，自己并没有被用掉。
Deserializing unregistered type router.SessionMemory from checkpoint. This will be blocked in a future version. Add to allowed_msgpack_modules to silence: [('router', 'SessionMemory')]
Deserializing unregistered type router.PerceptionResult from checkpoint. This will be blocked in a future version. Add to allowed_msgpack_modules to silence: [('router', 'PerceptionResult')]
Deserializing unregistered type router.RouteDecision from checkpoint. This will be blocked in a future version. Add to allowed_msgpack_modules to silence: [('router', 'RouteDecision')]
2026-04-14 14:53:43,411 - SessionLogger - INFO - [sim_Baseline_P2_M-ELE-001_67543c] Teacher: 完全正确！这就是典型的“大材小用”，额定功率大的灯泡在串联里反而“吃亏”了。

那反过来想，如果把它们并联在额定电压下，谁的实际功率会等于它的额定功率，从而显得更亮呢？
2026-04-14 14:53:44,562 - SessionLogger - INFO - [sim_Baseline_P1_M-ELE-001_9ce267] Student: 谁说是凭空变出来的？后面的电荷本来就在那儿等着呢。我只是说流过去的“劲儿”变小了，又不是说电荷没了，你干嘛老纠结电荷的数量啊？
Deserializing unregistered type router.SessionMemory from checkpoint. This will be blocked in a future version. Add to allowed_msgpack_modules to silence: [('router', 'SessionMemory')]
Deserializing unregistered type router.PerceptionResult from checkpoint. This will be blocked in a future version. Add to allowed_msgpack_modules to silence: [('router', 'PerceptionResult')]
Deserializing unregistered type router.RouteDecision from checkpoint. This will be blocked in a future version. Add to allowed_msgpack_modules to silence: [('router', 'RouteDecision')]
2026-04-14 14:53:44,632 - SessionLogger - INFO - [sim_FSM+Guardrail_P1_M-ELE-001_abbe28] Student: 那……那是电荷没堆积，但电流是能量啊，能量被灯泡吃掉了肯定就少了。你别老拿地铁打比方，电跟人多不一样。
Deserializing unregistered type router.SessionMemory from checkpoint. This will be blocked in a future version. Add to allowed_msgpack_modules to silence: [('router', 'SessionMemory')]
Deserializing unregistered type router.PerceptionResult from checkpoint. This will be blocked in a future version. Add to allowed_msgpack_modules to silence: [('router', 'PerceptionResult')]
Deserializing unregistered type router.RouteDecision from checkpoint. This will be blocked in a future version. Add to allowed_msgpack_modules to silence: [('router', 'RouteDecision')]
2026-04-14 14:53:44,844 - SessionLogger - INFO - [sim_Baseline_P2_M-ELE-001_67543c] Student: 并联时电压相等，都等于额定电压，那它们的实际功率应该就等于额定功率了吧？
所以肯定是额定功率大的那个更亮，因为它本来设计的就是在额定电压下工作嘛。
2026-04-14 14:53:44,844 - SessionLogger - INFO - [sim_Baseline_P2_M-ELE-001_67543c] Session finished. Resolved: False
2026-04-14 14:53:44,844 - SessionLogger - INFO - [sim_FSM+Guardrail_P3_M-ELE-001_bd529a] Starting session
2026-04-14 14:53:44,845 - SessionLogger - INFO - Initialized Session sim_FSM+Guardrail_P3_M-ELE-001_bd529a on Unknown for Unknown with version FSM+Guardrail
2026-04-14 14:53:48,403 - SessionLogger - INFO - [sim_FSM+Guardrail_P3_M-ELE-001_bd529a] Student Opening: 老师，既然灯泡发光要用电，那电流流过第一个灯泡后肯定变少了吧？不然第二个灯泡怎么还会亮得暗一点呢？
2026-04-14 14:53:48,434 - SessionLogger - INFO - [sim_Baseline_P3_M-ELE-001_f1cb4e] Teacher: 没错，各走各的路，互不干扰。

既然每条路上的“送货员”都能按自己的节奏跑，那如果其中一条路断了（比如一个灯泡坏了），其他路上的“送货员”会停下来吗？
2026-04-14 14:53:49,486 - SessionLogger - INFO - [sim_Baseline_P3_M-ELE-001_f1cb4e] Student: 那肯定不会停吧？毕竟其他路还是通的，送货员又不傻，干嘛要跟着那条断的路一起停下来？
Deserializing unregistered type router.SessionMemory from checkpoint. This will be blocked in a future version. Add to allowed_msgpack_modules to silence: [('router', 'SessionMemory')]
Deserializing unregistered type router.PerceptionResult from checkpoint. This will be blocked in a future version. Add to allowed_msgpack_modules to silence: [('router', 'PerceptionResult')]
Deserializing unregistered type router.RouteDecision from checkpoint. This will be blocked in a future version. Add to allowed_msgpack_modules to silence: [('router', 'RouteDecision')]
2026-04-14 14:53:50,526 - SessionLogger - INFO - [sim_Baseline_P1_M-ELE-001_9ce267] Teacher: 好吧，那咱们聊聊这个“劲儿”。

如果前面的灯泡把电流的“劲儿”用掉了，导致后面的电流变小，那你觉得在串联电路里，同一个时刻，流过第一个灯泡和第二个灯泡的电荷数量，到底是一样多，还是不一样多？
2026-04-14 14:53:51,808 - SessionLogger - INFO - [sim_Baseline_P1_M-ELE-001_9ce267] Student: 肯定不一样多啊，第一个灯泡用掉了一些“劲儿”，流到第二个的时候自然就少了。我都说了好几遍了，电流就是会被消耗掉的嘛。
2026-04-14 14:53:51,809 - SessionLogger - INFO - [sim_Baseline_P1_M-ELE-001_9ce267] Session finished. Resolved: False
2026-04-14 14:53:51,809 - SessionLogger - INFO - [sim_Baseline_P1_M-ELE-002_9699f8] Starting session
2026-04-14 14:53:51,809 - SessionLogger - INFO - Initialized Session sim_Baseline_P1_M-ELE-002_9699f8 on Unknown for Unknown with version FSM+Guardrail
2026-04-14 14:53:53,553 - SessionLogger - INFO - [sim_Baseline_P1_M-ELE-002_9699f8] Student Opening: 老师，我就把灯泡的一头接在电池正极上，另一头悬空，它为什么还不亮？电不是从正极流出来就能用了吗？
2026-04-14 14:54:03,402 - SessionLogger - INFO - [sim_FSM_P3_M-ELE-001_2fba4a] Teacher: 总结得非常准确！既然电流（搬运工）在流过第一个灯泡后并没有减少，那你觉得流过第二个灯泡的电流，和流过第一个灯泡的电流相比，大小关系是怎样的？
2026-04-14 14:54:03,402 - SessionLogger - INFO - [sim_FSM_P3_M-ELE-001_2fba4a] Session finished. Resolved: True
2026-04-14 14:54:03,403 - SessionLogger - INFO - [sim_FSM_P1_M-ELE-002_02d9c5] Starting session
2026-04-14 14:54:03,403 - SessionLogger - INFO - Initialized Session sim_FSM_P1_M-ELE-002_02d9c5 on Unknown for Unknown with version FSM+Guardrail
2026-04-14 14:54:06,274 - SessionLogger - INFO - [sim_FSM_P1_M-ELE-002_02d9c5] Student Opening: 老师，我就把灯泡的一头接在电池正极上，另一头悬空，它为啥不亮？电不是从正极流出来进灯泡就行了吗？
2026-04-14 14:54:06,286 - SessionLogger - INFO - [sim_FSM_P1_M-ELE-001_5b0891] Teacher: 这个“力气”的说法很有趣。如果电流像水流一样在封闭管子里流动，前面的水被用掉了一些，那后面的管子会不会因为缺水而断流？
2026-04-14 14:54:06,306 - SessionLogger - INFO - [sim_FSM+Guardrail_P1_M-ELE-001_abbe28] Teacher: 你说得对，电确实和人不一样，而且这里有个关键的概念混淆：**电流不是能量**，而是电荷流动的快慢；灯泡“吃掉”的是电能，而不是电荷本身。

既然电荷没有被消耗掉，也没有在电路里堆积，那么在串联电路的任何位置，单位时间内流过的电荷量（也就是电流）应该是**处处相等**还是**越来越小**？
2026-04-14 14:54:06,311 - SessionLogger - INFO - [sim_Baseline_P3_M-ELE-001_f1cb4e] Teacher: 哈哈，确实如此！这就是为什么家里的灯坏了一个，其他的还能亮。

那既然各条路互不影响，你觉得并联时，每条支路两端的“压力差”（电压），和电源提供的总“压力”之间有什么关系？
2026-04-14 14:54:08,445 - SessionLogger - INFO - [sim_Baseline_P1_M-ELE-002_9699f8] Teacher: 想象一下，如果水管只接在水龙头上，另一头悬空，水能持续流出来吗？电荷也是一样，它需要一条完整的“路”流回电池的负极，你觉得现在的连接方式构成回路了吗？
2026-04-14 14:54:08,493 - SessionLogger - INFO - [sim_FSM+Guardrail_P3_M-ELE-001_bd529a] Teacher: 如果按你的想法，电流每经过一个灯泡就被“吃掉”一部分，那要是我们在一根线上串联一百个小灯泡，你觉得最后一个灯泡还能亮得起来吗？
2026-04-14 14:54:09,699 - SessionLogger - INFO - [sim_Baseline_P3_M-ELE-001_f1cb4e] Student: 呃……这个“压力差”是指什么呀？是送货员跑得快慢的原因吗？我不太确定它们之间有什么关系，感觉有点抽象。
Deserializing unregistered type router.SessionMemory from checkpoint. This will be blocked in a future version. Add to allowed_msgpack_modules to silence: [('router', 'SessionMemory')]
Deserializing unregistered type router.PerceptionResult from checkpoint. This will be blocked in a future version. Add to allowed_msgpack_modules to silence: [('router', 'PerceptionResult')]
Deserializing unregistered type router.RouteDecision from checkpoint. This will be blocked in a future version. Add to allowed_msgpack_modules to silence: [('router', 'RouteDecision')]
2026-04-14 14:54:09,875 - SessionLogger - INFO - [sim_FSM_P1_M-ELE-001_5b0891] Student: 水管里当然不会断流，但电流是电啊，跟水又不一样。灯泡把电“烧”掉了，剩下的肯定就少了嘛，这逻辑没错吧？
Deserializing unregistered type router.SessionMemory from checkpoint. This will be blocked in a future version. Add to allowed_msgpack_modules to silence: [('router', 'SessionMemory')]
Deserializing unregistered type router.PerceptionResult from checkpoint. This will be blocked in a future version. Add to allowed_msgpack_modules to silence: [('router', 'PerceptionResult')]
Deserializing unregistered type router.RouteDecision from checkpoint. This will be blocked in a future version. Add to allowed_msgpack_modules to silence: [('router', 'RouteDecision')]
2026-04-14 14:54:09,935 - SessionLogger - INFO - [sim_FSM+Guardrail_P1_M-ELE-001_abbe28] Student: 你一直说电荷没少，可灯泡发光发热不需要“力气”吗？电流就是那个“力气”，前面用掉了，后面肯定就没劲了，所以还是越来越小。
Deserializing unregistered type router.SessionMemory from checkpoint. This will be blocked in a future version. Add to allowed_msgpack_modules to silence: [('router', 'SessionMemory')]
Deserializing unregistered type router.PerceptionResult from checkpoint. This will be blocked in a future version. Add to allowed_msgpack_modules to silence: [('router', 'PerceptionResult')]
Deserializing unregistered type router.RouteDecision from checkpoint. This will be blocked in a future version. Add to allowed_msgpack_modules to silence: [('router', 'RouteDecision')]
2026-04-14 14:54:12,307 - SessionLogger - INFO - [sim_FSM+Guardrail_P3_M-ELE-001_bd529a] Student: 嗯……可能还是能亮吧？毕竟虽然电流被前面吃掉了很多，但总该剩下一点点流到最后那个灯泡那里呀。
Deserializing unregistered type router.SessionMemory from checkpoint. This will be blocked in a future version. Add to allowed_msgpack_modules to silence: [('router', 'SessionMemory')]
Deserializing unregistered type router.PerceptionResult from checkpoint. This will be blocked in a future version. Add to allowed_msgpack_modules to silence: [('router', 'PerceptionResult')]
Deserializing unregistered type router.RouteDecision from checkpoint. This will be blocked in a future version. Add to allowed_msgpack_modules to silence: [('router', 'RouteDecision')]
2026-04-14 14:54:13,119 - SessionLogger - INFO - [sim_Baseline_P1_M-ELE-002_9699f8] Student: 水跟电又不一样，电池里本来就有电，只要接上一头就能送出来。我觉得不需要流回去，流回去多麻烦啊，反正电到了灯泡就该亮了。
Deserializing unregistered type router.SessionMemory from checkpoint. This will be blocked in a future version. Add to allowed_msgpack_modules to silence: [('router', 'SessionMemory')]
Deserializing unregistered type router.PerceptionResult from checkpoint. This will be blocked in a future version. Add to allowed_msgpack_modules to silence: [('router', 'PerceptionResult')]
Deserializing unregistered type router.RouteDecision from checkpoint. This will be blocked in a future version. Add to allowed_msgpack_modules to silence: [('router', 'RouteDecision')]
2026-04-14 14:54:14,096 - SessionLogger - INFO - [sim_Baseline_P3_M-ELE-001_f1cb4e] Teacher: 没错，“压力差”就是让送货员跑起来的动力（电压）。

你想想，如果所有车道都直接连在同一个“大仓库”（电源）的两端，那每条车道入口和出口之间的“落差”，会不会都是一样的？
2026-04-14 14:54:15,211 - SessionLogger - INFO - [sim_Baseline_P3_M-ELE-001_f1cb4e] Student: 哦……如果都是直接连在仓库两头，那落差应该是一样的吧？毕竟起点和终点的高度都没变。
Deserializing unregistered type router.SessionMemory from checkpoint. This will be blocked in a future version. Add to allowed_msgpack_modules to silence: [('router', 'SessionMemory')]
Deserializing unregistered type router.PerceptionResult from checkpoint. This will be blocked in a future version. Add to allowed_msgpack_modules to silence: [('router', 'PerceptionResult')]
Deserializing unregistered type router.RouteDecision from checkpoint. This will be blocked in a future version. Add to allowed_msgpack_modules to silence: [('router', 'RouteDecision')]
2026-04-14 14:54:17,583 - SessionLogger - INFO - [sim_FSM_P1_M-ELE-001_5b0891] Teacher: 如果电流真的像燃料一样被“烧”没了，那流回电源负极的电荷是不是就比从正极出来的少？
2026-04-14 14:54:19,102 - SessionLogger - INFO - [sim_FSM_P1_M-ELE-001_5b0891] Student: 电荷回不回去关我什么事，反正灯泡是亮了。我就觉得电流流过去肯定得少点，不然能量从哪来？
Deserializing unregistered type router.SessionMemory from checkpoint. This will be blocked in a future version. Add to allowed_msgpack_modules to silence: [('router', 'SessionMemory')]
Deserializing unregistered type router.PerceptionResult from checkpoint. This will be blocked in a future version. Add to allowed_msgpack_modules to silence: [('router', 'PerceptionResult')]
Deserializing unregistered type router.RouteDecision from checkpoint. This will be blocked in a future version. Add to allowed_msgpack_modules to silence: [('router', 'RouteDecision')]
2026-04-14 14:54:19,571 - SessionLogger - INFO - [sim_FSM_P1_M-ELE-002_02d9c5] Teacher: 如果电流真的像你说的那样，只从正极“射”进灯泡却不需要流回负极，那你觉得这些电荷进入灯泡后，是就这样消失在空气里了，还是在灯丝里越积越多呢？
2026-04-14 14:54:20,884 - SessionLogger - INFO - [sim_FSM_P1_M-ELE-002_02d9c5] Student: 它们肯定是被灯泡“用掉”发光了呀，就像水浇花一样，流进去被吸收了就不需要再流回来了。
Deserializing unregistered type router.SessionMemory from checkpoint. This will be blocked in a future version. Add to allowed_msgpack_modules to silence: [('router', 'SessionMemory')]
Deserializing unregistered type router.PerceptionResult from checkpoint. This will be blocked in a future version. Add to allowed_msgpack_modules to silence: [('router', 'PerceptionResult')]
Deserializing unregistered type router.RouteDecision from checkpoint. This will be blocked in a future version. Add to allowed_msgpack_modules to silence: [('router', 'RouteDecision')]
2026-04-14 14:54:21,221 - SessionLogger - INFO - [sim_FSM+Guardrail_P1_M-ELE-001_abbe28] Teacher: 这里确实容易混淆：灯泡发光发热消耗的是**电能**（你可以把它想象成电荷携带的“能量包”），而不是**电流**（电荷流动的快慢）。

这就好比快递员送货，他把货物（能量）卸在门口后，人（电荷）还是得继续去送下一家，人的数量并没有减少。

所以，既然电荷本身没有被消耗，你觉得流过第一个灯泡后的电流大小，和流过第二个灯泡前的电流大小，是**相等**还是**变小**？
2026-04-14 14:54:22,506 - SessionLogger - INFO - [sim_FSM+Guardrail_P1_M-ELE-001_abbe28] Student: 快递员送完货虽然人还在，但他肯定累了啊，走得肯定没之前快了。电流也是一样的，流过灯泡后肯定变慢了，所以还是变小。
Deserializing unregistered type router.SessionMemory from checkpoint. This will be blocked in a future version. Add to allowed_msgpack_modules to silence: [('router', 'SessionMemory')]
Deserializing unregistered type router.PerceptionResult from checkpoint. This will be blocked in a future version. Add to allowed_msgpack_modules to silence: [('router', 'PerceptionResult')]
Deserializing unregistered type router.RouteDecision from checkpoint. This will be blocked in a future version. Add to allowed_msgpack_modules to silence: [('router', 'RouteDecision')]
2026-04-14 14:54:24,567 - SessionLogger - INFO - [sim_Baseline_P1_M-ELE-002_9699f8] Teacher: 那你想过没，如果电荷只往灯泡里挤却流不走，灯泡那儿很快就“堵”住了，后面的电荷还怎么挤得进来呢？
2026-04-14 14:54:27,219 - SessionLogger - INFO - [sim_Baseline_P1_M-ELE-002_9699f8] Student: 不会堵的，电用掉就没了呀，又不是在那儿堆积。只要电池一直送，灯泡就应该一直亮，跟回不回去没关系。
Deserializing unregistered type router.SessionMemory from checkpoint. This will be blocked in a future version. Add to allowed_msgpack_modules to silence: [('router', 'SessionMemory')]
Deserializing unregistered type router.PerceptionResult from checkpoint. This will be blocked in a future version. Add to allowed_msgpack_modules to silence: [('router', 'PerceptionResult')]
Deserializing unregistered type router.RouteDecision from checkpoint. This will be blocked in a future version. Add to allowed_msgpack_modules to silence: [('router', 'RouteDecision')]
2026-04-14 14:54:28,008 - SessionLogger - INFO - [sim_FSM+Guardrail_P3_M-ELE-001_bd529a] Teacher: 这个直觉很自然，但咱们做个思想实验：如果串联两个完全一样的灯泡，按你的说法，第一个“吃掉”了大部分电流，那它是不是应该比第二个亮得多？
2026-04-14 14:54:29,173 - SessionLogger - INFO - [sim_FSM+Guardrail_P3_M-ELE-001_bd529a] Student: 好像……实验里它们是一样亮的？但这不对呀，如果电流没被用掉，那灯泡发的光是从哪儿来的呢？
Deserializing unregistered type router.SessionMemory from checkpoint. This will be blocked in a future version. Add to allowed_msgpack_modules to silence: [('router', 'SessionMemory')]
Deserializing unregistered type router.PerceptionResult from checkpoint. This will be blocked in a future version. Add to allowed_msgpack_modules to silence: [('router', 'PerceptionResult')]
Deserializing unregistered type router.RouteDecision from checkpoint. This will be blocked in a future version. Add to allowed_msgpack_modules to silence: [('router', 'RouteDecision')]
2026-04-14 14:54:30,076 - SessionLogger - INFO - [sim_FSM_P1_M-ELE-001_5b0891] Teacher: 灯泡发光确实需要能量，但我们要区分“电流”和“电能”。

如果电流真的变少了，意味着电荷在灯泡里堆积或消失了，你觉得这在电路里可能发生吗？
2026-04-14 14:54:31,296 - SessionLogger - INFO - [sim_FSM_P1_M-ELE-001_5b0891] Student: 电荷怎么会消失呢，我只是说电流变小了。反正前面的灯泡把电“用”了一部分，后面的肯定就没那么多了，这很合理啊。
Deserializing unregistered type router.SessionMemory from checkpoint. This will be blocked in a future version. Add to allowed_msgpack_modules to silence: [('router', 'SessionMemory')]
Deserializing unregistered type router.PerceptionResult from checkpoint. This will be blocked in a future version. Add to allowed_msgpack_modules to silence: [('router', 'PerceptionResult')]
Deserializing unregistered type router.RouteDecision from checkpoint. This will be blocked in a future version. Add to allowed_msgpack_modules to silence: [('router', 'RouteDecision')]
2026-04-14 14:54:33,079 - SessionLogger - INFO - [sim_FSM+Guardrail_P1_M-ELE-001_abbe28] Teacher: 这个“累”的类比很形象，但在物理电路中，电荷并没有“体力”概念，也不会因为释放了能量就变慢。

在稳定的直流电路里，电源提供的推力让所有电荷保持同步流动，就像一根刚性的链条，你推这一头，另一头必须同时动，中间不可能出现“前面快、后面慢”的情况，否则链条就断了或堆积了。

所以，基于电荷流动的连续性，串联电路中各处的电流大小应该是**相等**还是**不相等**？
2026-04-14 14:54:35,018 - SessionLogger - INFO - [sim_FSM+Guardrail_P1_M-ELE-001_abbe28] Student: 链条是硬的，但电又不是铁链子。我就觉得前面灯泡把电“吃”掉一部分，后面肯定就剩得少了，怎么可能还相等？
2026-04-14 14:54:35,019 - SessionLogger - INFO - [sim_FSM+Guardrail_P1_M-ELE-001_abbe28] Session finished. Resolved: False
2026-04-14 14:54:35,019 - SessionLogger - INFO - [sim_FSM+Guardrail_P1_M-ELE-002_d9978a] Starting session
2026-04-14 14:54:35,019 - SessionLogger - INFO - Initialized Session sim_FSM+Guardrail_P1_M-ELE-002_d9978a on Unknown for Unknown with version FSM+Guardrail
2026-04-14 14:54:36,101 - SessionLogger - INFO - [sim_FSM+Guardrail_P1_M-ELE-002_d9978a] Student Opening: 老师，我就把灯泡连在电池正极上，负极空着不接，灯泡为啥不亮？电不是从正极流出来就能用吗？
2026-04-14 14:54:36,124 - SessionLogger - INFO - [sim_Baseline_P1_M-ELE-002_9699f8] Teacher: 电确实把能量留给了灯泡，但运载能量的“电荷”本身并没有消失。如果这些电荷不流回电池，电池怎么能源源不断地推出新的电荷来维持流动呢？
2026-04-14 14:54:37,504 - SessionLogger - INFO - [sim_Baseline_P1_M-ELE-002_9699f8] Student: 电池里电多着呢，不用流回去也能一直推出来。我就接这一头，它凭什么不亮？
Deserializing unregistered type router.SessionMemory from checkpoint. This will be blocked in a future version. Add to allowed_msgpack_modules to silence: [('router', 'SessionMemory')]
Deserializing unregistered type router.PerceptionResult from checkpoint. This will be blocked in a future version. Add to allowed_msgpack_modules to silence: [('router', 'PerceptionResult')]
Deserializing unregistered type router.RouteDecision from checkpoint. This will be blocked in a future version. Add to allowed_msgpack_modules to silence: [('router', 'RouteDecision')]
2026-04-14 14:54:39,979 - SessionLogger - INFO - [sim_FSM_P1_M-ELE-002_02d9c5] Teacher: 好，那如果我们把两个一模一样的灯泡串在一起，按你的说法，第一个灯泡“喝”掉了大部分电流，那第二个灯泡得到的电流应该很少吧？你觉得这时候两个灯泡的亮度会一样吗？
2026-04-14 14:54:40,999 - SessionLogger - INFO - [sim_FSM_P1_M-ELE-002_02d9c5] Student: 那肯定第一个更亮啊，因为它先“喝”到了电。第二个灯泡剩下的电少了，自然就暗一些，这很合理吧？
Deserializing unregistered type router.SessionMemory from checkpoint. This will be blocked in a future version. Add to allowed_msgpack_modules to silence: [('router', 'SessionMemory')]
Deserializing unregistered type router.PerceptionResult from checkpoint. This will be blocked in a future version. Add to allowed_msgpack_modules to silence: [('router', 'PerceptionResult')]
Deserializing unregistered type router.RouteDecision from checkpoint. This will be blocked in a future version. Add to allowed_msgpack_modules to silence: [('router', 'RouteDecision')]
2026-04-14 14:54:41,081 - SessionLogger - INFO - [sim_FSM_P1_M-ELE-001_5b0891] Teacher: 既然电荷没有消失，那单位时间内流过第一个灯泡的电荷量，和流过第二个灯泡的电荷量，为什么会不一样呢？
2026-04-14 14:54:42,309 - SessionLogger - INFO - [sim_FSM_P1_M-ELE-001_5b0891] Student: 因为第一个灯泡把一部分电流给“截留”消耗掉了呀。流过去的自然就变少了，这还要问吗？
Deserializing unregistered type router.SessionMemory from checkpoint. This will be blocked in a future version. Add to allowed_msgpack_modules to silence: [('router', 'SessionMemory')]
Deserializing unregistered type router.PerceptionResult from checkpoint. This will be blocked in a future version. Add to allowed_msgpack_modules to silence: [('router', 'PerceptionResult')]
Deserializing unregistered type router.RouteDecision from checkpoint. This will be blocked in a future version. Add to allowed_msgpack_modules to silence: [('router', 'RouteDecision')]
2026-04-14 14:54:42,344 - SessionLogger - INFO - [sim_Baseline_P1_M-ELE-002_9699f8] Teacher: 电池确实有很多电荷，但如果没有回路，正极推出去的电荷会在灯泡处堆积，产生反向的斥力。你觉得这种“拥堵”会让后续的电荷继续流动，还是很快就被挡住动不了了？
2026-04-14 14:54:43,502 - SessionLogger - INFO - [sim_Baseline_P1_M-ELE-002_9699f8] Student: 电池劲儿大着呢，那点斥力根本挡不住。我就觉得接上一头就能亮，你老说堵不堵的，有证据吗？
Deserializing unregistered type router.SessionMemory from checkpoint. This will be blocked in a future version. Add to allowed_msgpack_modules to silence: [('router', 'SessionMemory')]
Deserializing unregistered type router.PerceptionResult from checkpoint. This will be blocked in a future version. Add to allowed_msgpack_modules to silence: [('router', 'PerceptionResult')]
Deserializing unregistered type router.RouteDecision from checkpoint. This will be blocked in a future version. Add to allowed_msgpack_modules to silence: [('router', 'RouteDecision')]
2026-04-14 14:54:50,120 - SessionLogger - INFO - [sim_Baseline_P1_M-ELE-002_9699f8] Teacher: 想象一下，如果你拿一根水管只接在水龙头上，另一头堵死或者悬空，水能一直哗哗地流出来吗？还是说喷一下就停了？
2026-04-14 14:54:50,761 - SessionLogger - INFO - [sim_FSM+Guardrail_P3_M-ELE-001_bd529a] Teacher: 这就触及到核心了！我们可以把电流想象成在管子里循环流动的水，而灯泡就像是一个水轮机。当水流过水轮机让它转动（发光）后，你觉得从水轮机流出来的水量，会比流进去的水量少吗？
2026-04-14 14:54:53,758 - SessionLogger - INFO - [sim_FSM+Guardrail_P1_M-ELE-002_d9978a] Teacher: 这个想法很直觉，就像我们以为水龙头打开水就会流出来一样。但你想过没有，如果电流只从正极“挤”出来，却 nowhere to go（无处可去），那正极的电是不是瞬间就“堵”住了，后面的电根本推不动？
2026-04-14 14:54:54,451 - SessionLogger - INFO - [sim_FSM+Guardrail_P3_M-ELE-001_bd529a] Student: 水轮机转动确实会消耗水的“劲儿”，但水本身好像确实没少……所以您的意思是，电流只是把能量留下了，自己还是那么多流过去了？
Deserializing unregistered type router.SessionMemory from checkpoint. This will be blocked in a future version. Add to allowed_msgpack_modules to silence: [('router', 'SessionMemory')]
Deserializing unregistered type router.PerceptionResult from checkpoint. This will be blocked in a future version. Add to allowed_msgpack_modules to silence: [('router', 'PerceptionResult')]
Deserializing unregistered type router.RouteDecision from checkpoint. This will be blocked in a future version. Add to allowed_msgpack_modules to silence: [('router', 'RouteDecision')]
2026-04-14 14:54:55,315 - SessionLogger - INFO - [sim_Baseline_P1_M-ELE-002_9699f8] Student: 那不一样，水管里本来就有水，但电池是“造”电的。你别老拿水比喻，电又不是水，接上一头肯定能流出来。
Deserializing unregistered type router.SessionMemory from checkpoint. This will be blocked in a future version. Add to allowed_msgpack_modules to silence: [('router', 'SessionMemory')]
Deserializing unregistered type router.PerceptionResult from checkpoint. This will be blocked in a future version. Add to allowed_msgpack_modules to silence: [('router', 'PerceptionResult')]
Deserializing unregistered type router.RouteDecision from checkpoint. This will be blocked in a future version. Add to allowed_msgpack_modules to silence: [('router', 'RouteDecision')]
2026-04-14 14:54:55,318 - SessionLogger - INFO - [sim_FSM_P1_M-ELE-002_02d9c5] Teacher: 你在做实验的时候，真的观察到两个相同的灯泡串联时，第一个比第二个明显更亮吗？
2026-04-14 14:54:57,257 - SessionLogger - INFO - [sim_FSM_P1_M-ELE-002_02d9c5] Student: 我……我没仔细看过，但理论上肯定是第一个更亮啊。你是不是想骗我说它们一样亮？我不信。
Deserializing unregistered type router.SessionMemory from checkpoint. This will be blocked in a future version. Add to allowed_msgpack_modules to silence: [('router', 'SessionMemory')]
Deserializing unregistered type router.PerceptionResult from checkpoint. This will be blocked in a future version. Add to allowed_msgpack_modules to silence: [('router', 'PerceptionResult')]
Deserializing unregistered type router.RouteDecision from checkpoint. This will be blocked in a future version. Add to allowed_msgpack_modules to silence: [('router', 'RouteDecision')]
2026-04-14 14:54:57,557 - SessionLogger - INFO - [sim_FSM+Guardrail_P1_M-ELE-002_d9978a] Student: 电怎么会堵住？它又不是水管里的水，电池有劲儿就能一直往外送啊。我觉得只要连上一头，电肯定能流进灯泡让它亮。
Deserializing unregistered type router.SessionMemory from checkpoint. This will be blocked in a future version. Add to allowed_msgpack_modules to silence: [('router', 'SessionMemory')]
Deserializing unregistered type router.PerceptionResult from checkpoint. This will be blocked in a future version. Add to allowed_msgpack_modules to silence: [('router', 'PerceptionResult')]
Deserializing unregistered type router.RouteDecision from checkpoint. This will be blocked in a future version. Add to allowed_msgpack_modules to silence: [('router', 'RouteDecision')]
2026-04-14 14:55:02,109 - SessionLogger - INFO - [sim_FSM+Guardrail_P3_M-ELE-001_bd529a] Teacher: 没错，灯泡消耗的是电能，而不是电流本身。既然电流的大小在流过灯泡前后并没有减少，那你觉得在串联电路的不同位置测量电流，读数会有什么变化吗？
2026-04-14 14:55:02,740 - SessionLogger - INFO - [sim_Baseline_P3_M-ELE-001_f1cb4e] Teacher: 太棒了！既然每条路的“落差”（电压）都一样，那如果我在其中一条路上多装几个灯泡（增加阻力），你觉得这条路上的“送货员”数量（电流）会变多还是变少？
2026-04-14 14:55:04,395 - SessionLogger - INFO - [sim_FSM+Guardrail_P3_M-ELE-001_bd529a] Student: 啊……如果水没少，那读数应该是一样的？可是……如果没有电流被“用掉”，电池里的电是怎么变少的呢？
Deserializing unregistered type router.SessionMemory from checkpoint. This will be blocked in a future version. Add to allowed_msgpack_modules to silence: [('router', 'SessionMemory')]
Deserializing unregistered type router.PerceptionResult from checkpoint. This will be blocked in a future version. Add to allowed_msgpack_modules to silence: [('router', 'PerceptionResult')]
Deserializing unregistered type router.RouteDecision from checkpoint. This will be blocked in a future version. Add to allowed_msgpack_modules to silence: [('router', 'RouteDecision')]
2026-04-14 14:55:04,822 - SessionLogger - INFO - [sim_FSM_P1_M-ELE-002_02d9c5] Teacher: 这个直觉确实很诱人，但物理事实往往反直觉：在串联电路中，两个完全相同的灯泡亮度其实是一模一样的。

既然现象是“一样亮”，这是否意味着流过它们的电流大小其实并没有因为经过第一个灯泡而减少？
2026-04-14 14:55:06,089 - SessionLogger - INFO - [sim_Baseline_P3_M-ELE-001_f1cb4e] Student: 那肯定会变少吧？路不好走了，送货员肯定就懒得去了，或者被堵在半路回不来了？
Deserializing unregistered type router.SessionMemory from checkpoint. This will be blocked in a future version. Add to allowed_msgpack_modules to silence: [('router', 'SessionMemory')]
Deserializing unregistered type router.PerceptionResult from checkpoint. This will be blocked in a future version. Add to allowed_msgpack_modules to silence: [('router', 'PerceptionResult')]
Deserializing unregistered type router.RouteDecision from checkpoint. This will be blocked in a future version. Add to allowed_msgpack_modules to silence: [('router', 'RouteDecision')]
2026-04-14 14:55:06,429 - SessionLogger - INFO - [sim_FSM_P1_M-ELE-002_02d9c5] Student: 那怎么可能一样亮？肯定是第一个把电“吃”掉了一部分，剩下的给第二个，只是我们眼睛看不出来差别罢了。
Deserializing unregistered type router.SessionMemory from checkpoint. This will be blocked in a future version. Add to allowed_msgpack_modules to silence: [('router', 'SessionMemory')]
Deserializing unregistered type router.PerceptionResult from checkpoint. This will be blocked in a future version. Add to allowed_msgpack_modules to silence: [('router', 'PerceptionResult')]
Deserializing unregistered type router.RouteDecision from checkpoint. This will be blocked in a future version. Add to allowed_msgpack_modules to silence: [('router', 'RouteDecision')]
2026-04-14 14:55:07,051 - SessionLogger - INFO - [sim_Baseline_P1_M-ELE-002_9699f8] Teacher: 其实电池并不“制造”电荷，它只是像搬运工一样，把已有的电荷从一端搬到另一端。如果电荷只从正极出来却回不去，你觉得电池里的电荷储备会被瞬间抽空，还是根本推不动？
2026-04-14 14:55:07,051 - SessionLogger - INFO - [sim_Baseline_P1_M-ELE-002_9699f8] Extending max_turns by 3 because cognitive_state is '新概念探索'
2026-04-14 14:55:08,094 - SessionLogger - INFO - [sim_Baseline_P1_M-ELE-002_9699f8] Student: 电池那么小，怎么可能瞬间抽空？它肯定能一直往外送电，你别吓唬我。
Deserializing unregistered type router.SessionMemory from checkpoint. This will be blocked in a future version. Add to allowed_msgpack_modules to silence: [('router', 'SessionMemory')]
Deserializing unregistered type router.PerceptionResult from checkpoint. This will be blocked in a future version. Add to allowed_msgpack_modules to silence: [('router', 'PerceptionResult')]
Deserializing unregistered type router.RouteDecision from checkpoint. This will be blocked in a future version. Add to allowed_msgpack_modules to silence: [('router', 'RouteDecision')]
2026-04-14 14:55:11,025 - SessionLogger - INFO - [sim_Baseline_P3_M-ELE-001_f1cb4e] Teacher: 哈哈，送货员虽然“懒”了点，但电路是闭合的，进去多少就得出来多少，不会堵在半路消失哦。

既然这条路上的送货员变少了，而另一条没加灯泡的路况没变，你觉得总仓库门口进出的送货员总数（总电流）会怎么变？
2026-04-14 14:55:11,914 - SessionLogger - INFO - [sim_Baseline_P3_M-ELE-001_f1cb4e] Student: 呃……那总数应该也会变少吧？毕竟有一条路的人变少了，加起来肯定没原来多了。
2026-04-14 14:55:11,915 - SessionLogger - INFO - [sim_Baseline_P3_M-ELE-001_f1cb4e] Session finished. Resolved: False
2026-04-14 14:55:11,915 - SessionLogger - INFO - [sim_Baseline_P2_M-ELE-002_127fb3] Starting session
2026-04-14 14:55:11,915 - SessionLogger - INFO - Initialized Session sim_Baseline_P2_M-ELE-002_127fb3 on Unknown for Unknown with version FSM+Guardrail
2026-04-14 14:55:14,481 - SessionLogger - INFO - [sim_Baseline_P2_M-ELE-002_127fb3] Student Opening: 老师，我把电池正极连到灯泡上，灯泡怎么不亮啊？电流不是从正极出来流进灯泡就会发光吗，干嘛非得绕一圈回去？
2026-04-14 14:55:14,500 - SessionLogger - INFO - [sim_FSM+Guardrail_P1_M-ELE-002_d9978a] Teacher: 如果电真的只能“单程旅行”，只进不出，那你想想，灯泡里会不会瞬间就“塞满”了电荷，导致后面的电根本挤不进去？
2026-04-14 14:55:16,504 - SessionLogger - INFO - [sim_FSM+Guardrail_P1_M-ELE-002_d9978a] Student: 灯泡那么小，怎么可能塞满？电是能量，又不是沙子，用掉就没了，怎么会堵在那儿？
Deserializing unregistered type router.SessionMemory from checkpoint. This will be blocked in a future version. Add to allowed_msgpack_modules to silence: [('router', 'SessionMemory')]
Deserializing unregistered type router.PerceptionResult from checkpoint. This will be blocked in a future version. Add to allowed_msgpack_modules to silence: [('router', 'PerceptionResult')]
Deserializing unregistered type router.RouteDecision from checkpoint. This will be blocked in a future version. Add to allowed_msgpack_modules to silence: [('router', 'RouteDecision')]
2026-04-14 14:55:16,992 - SessionLogger - INFO - [sim_FSM+Guardrail_P3_M-ELE-001_bd529a] Teacher: 电池里的“电”其实存的是化学能，它负责给电荷“加油”让它们跑起来。既然电流（电荷的流动）没少，那随着时间推移，你觉得电池里剩下的“油”（能量）会发生什么变化？
2026-04-14 14:55:18,238 - SessionLogger - INFO - [sim_FSM+Guardrail_P3_M-ELE-001_bd529a] Student: 哦！所以电池里的“油”是被灯泡烧掉了，但推着油跑的“车”（电流）还是那几辆，只是没劲儿了？
Deserializing unregistered type router.SessionMemory from checkpoint. This will be blocked in a future version. Add to allowed_msgpack_modules to silence: [('router', 'SessionMemory')]
Deserializing unregistered type router.PerceptionResult from checkpoint. This will be blocked in a future version. Add to allowed_msgpack_modules to silence: [('router', 'PerceptionResult')]
Deserializing unregistered type router.RouteDecision from checkpoint. This will be blocked in a future version. Add to allowed_msgpack_modules to silence: [('router', 'RouteDecision')]
2026-04-14 14:55:24,174 - SessionLogger - INFO - [sim_FSM+Guardrail_P1_M-ELE-002_d9978a] Teacher: 你说得对，电确实不是被“消耗”掉的沙子。但既然它没消失，也没从负极流走，那这些电荷在灯泡里岂不是越积越多？你觉得这种“只进不出”的状态能维持电流持续流动吗？
2026-04-14 14:55:24,558 - SessionLogger - INFO - [sim_FSM_P1_M-ELE-002_02d9c5] Teacher: “这确实很反直觉，因为我们常觉得‘用了’就是‘少了’。但想象一下封闭水管里的水流：如果第一个水车‘截留’了一部分水流，那后面的水管里岂不是很快就没水了？你觉得在封闭管道里，水流的速度（流量）会因为经过水车而变慢或变少吗？”

这个类比指向“连续性”。
如果学生回答“会变少”，那就继续追问后果（断流）。
如果学生回答“不会”，那就引导到“那为什么灯会亮？消耗的是什么？”

再精简一下，符合1-3句话。
</think>

这确实很反直觉，因为我们容易把“消耗能量”等同于“消耗电流”。

想象一个充满水的封闭圆环水管，中间有个小水车：如果第一个水车“截留”了一部分水流，那后面的水管里岂不是很快就没水可流了？你觉得在封闭管道里，流过的水量会因为经过水车而变少吗？
2026-04-14 14:55:28,098 - SessionLogger - INFO - [sim_Baseline_P2_M-ELE-002_127fb3] Teacher: 如果电荷只流进灯泡却流不走，它们就会在另一端“堵死”。你觉得后面还想流进来的电荷，还能挤得动吗？
2026-04-14 14:55:33,716 - SessionLogger - INFO - [sim_FSM+Guardrail_P3_M-ELE-001_bd529a] Teacher: 这个“车”的比喻很形象！不过要注意，在同一个串联回路里，这些“车”是首尾相连一直循环跑的。如果前面的“车”没劲儿了，后面的“车”还能保持同样的速度挤过去吗？
2026-04-14 14:55:33,725 - SessionLogger - INFO - [sim_FSM+Guardrail_P1_M-ELE-002_d9978a] Student: 电进去之后就被灯泡“用掉”变成光了呀，根本不会积在那儿。只要电池一直送电，灯就应该一直亮，跟回不回去没关系。
Deserializing unregistered type router.SessionMemory from checkpoint. This will be blocked in a future version. Add to allowed_msgpack_modules to silence: [('router', 'SessionMemory')]
Deserializing unregistered type router.PerceptionResult from checkpoint. This will be blocked in a future version. Add to allowed_msgpack_modules to silence: [('router', 'PerceptionResult')]
Deserializing unregistered type router.RouteDecision from checkpoint. This will be blocked in a future version. Add to allowed_msgpack_modules to silence: [('router', 'RouteDecision')]
2026-04-14 14:55:33,726 - SessionLogger - INFO - [sim_FSM_P1_M-ELE-002_02d9c5] Student: 水管是水管，电是电，这能一样吗？电流就是被灯泡用掉了，又不是水在那儿瞎转圈。
Deserializing unregistered type router.SessionMemory from checkpoint. This will be blocked in a future version. Add to allowed_msgpack_modules to silence: [('router', 'SessionMemory')]
Deserializing unregistered type router.PerceptionResult from checkpoint. This will be blocked in a future version. Add to allowed_msgpack_modules to silence: [('router', 'PerceptionResult')]
Deserializing unregistered type router.RouteDecision from checkpoint. This will be blocked in a future version. Add to allowed_msgpack_modules to silence: [('router', 'RouteDecision')]
2026-04-14 14:55:34,854 - SessionLogger - INFO - [sim_Baseline_P2_M-ELE-002_127fb3] Student: 呃……好像有点道理？如果后面堵住了，前面的确实就挤不进去了。那电流是不是必须得有个地方“流走”才行？
Deserializing unregistered type router.SessionMemory from checkpoint. This will be blocked in a future version. Add to allowed_msgpack_modules to silence: [('router', 'SessionMemory')]
Deserializing unregistered type router.PerceptionResult from checkpoint. This will be blocked in a future version. Add to allowed_msgpack_modules to silence: [('router', 'PerceptionResult')]
Deserializing unregistered type router.RouteDecision from checkpoint. This will be blocked in a future version. Add to allowed_msgpack_modules to silence: [('router', 'RouteDecision')]
2026-04-14 14:55:36,792 - SessionLogger - INFO - [sim_FSM+Guardrail_P3_M-ELE-001_bd529a] Student: 呃……如果前面的车没劲儿了，后面的车不就被堵住或者变慢了吗？那电流不就还是变小了嘛？
Deserializing unregistered type router.SessionMemory from checkpoint. This will be blocked in a future version. Add to allowed_msgpack_modules to silence: [('router', 'SessionMemory')]
Deserializing unregistered type router.PerceptionResult from checkpoint. This will be blocked in a future version. Add to allowed_msgpack_modules to silence: [('router', 'PerceptionResult')]
Deserializing unregistered type router.RouteDecision from checkpoint. This will be blocked in a future version. Add to allowed_msgpack_modules to silence: [('router', 'RouteDecision')]
2026-04-14 14:55:40,365 - SessionLogger - INFO - [sim_Baseline_P2_M-ELE-002_127fb3] Teacher: 没错，电荷得有个“出口”才能持续流动。你觉得这个“出口”应该连回电池的哪一端，才能让电池继续把电荷“推”出来呢？
2026-04-14 14:55:41,894 - SessionLogger - INFO - [sim_FSM+Guardrail_P1_M-ELE-002_d9978a] Teacher: 这里有个关键区别：灯泡消耗的是“电能”，而不是作为载体的“电荷”本身。

如果电荷真的像燃料一样被烧掉消失了，那电路后半段岂不是彻底空了？你觉得断开的后半段导线里，还有电荷在移动吗？
2026-04-14 14:55:41,954 - SessionLogger - INFO - [sim_Baseline_P2_M-ELE-002_127fb3] Student: 是连回负极吗？因为正极一直在往外推，如果负极能把流过去的电荷收回来，电池是不是就能接着推了？
Deserializing unregistered type router.SessionMemory from checkpoint. This will be blocked in a future version. Add to allowed_msgpack_modules to silence: [('router', 'SessionMemory')]
Deserializing unregistered type router.PerceptionResult from checkpoint. This will be blocked in a future version. Add to allowed_msgpack_modules to silence: [('router', 'PerceptionResult')]
Deserializing unregistered type router.RouteDecision from checkpoint. This will be blocked in a future version. Add to allowed_msgpack_modules to silence: [('router', 'RouteDecision')]
2026-04-14 14:55:44,792 - SessionLogger - INFO - [sim_FSM_P1_M-ELE-002_02d9c5] Teacher: 你说得对，电流确实不是水。但我们要区分“电荷”和“电能”：灯泡消耗的是**电能**（把它变成了光和热），而携带能量的**电荷**并没有消失，它们必须流回电源才能形成持续的电流。

如果电流真的像你说的那样被第一个灯泡“用掉”了，那电路里就没有电荷能流回电源负极了。你觉得这时候电路还能保持通电状态，还是会立刻断开？
2026-04-14 14:55:45,838 - SessionLogger - INFO - [sim_FSM+Guardrail_P1_M-ELE-002_d9978a] Student: 反正电池一直在推，电肯定能过去。后半段有没有电荷我不关心，只要灯亮了不就行了吗？
Deserializing unregistered type router.SessionMemory from checkpoint. This will be blocked in a future version. Add to allowed_msgpack_modules to silence: [('router', 'SessionMemory')]
Deserializing unregistered type router.PerceptionResult from checkpoint. This will be blocked in a future version. Add to allowed_msgpack_modules to silence: [('router', 'PerceptionResult')]
Deserializing unregistered type router.RouteDecision from checkpoint. This will be blocked in a future version. Add to allowed_msgpack_modules to silence: [('router', 'RouteDecision')]
2026-04-14 14:55:46,377 - SessionLogger - INFO - [sim_Baseline_P2_M-ELE-002_127fb3] Teacher: 你的直觉很准！电池确实需要这样一个“回收站”来维持内部的化学平衡。你可以试着把导线连回负极，看看灯泡是不是就亮了？
2026-04-14 14:55:46,921 - SessionLogger - INFO - [sim_FSM_P1_M-ELE-002_02d9c5] Student: 反正只要连上正极，电就能射过去让灯亮，回不回去有什么关系？你老说回路回路，但我看只接一头灯也是能闪一下的。
Deserializing unregistered type router.SessionMemory from checkpoint. This will be blocked in a future version. Add to allowed_msgpack_modules to silence: [('router', 'SessionMemory')]
Deserializing unregistered type router.PerceptionResult from checkpoint. This will be blocked in a future version. Add to allowed_msgpack_modules to silence: [('router', 'PerceptionResult')]
Deserializing unregistered type router.RouteDecision from checkpoint. This will be blocked in a future version. Add to allowed_msgpack_modules to silence: [('router', 'RouteDecision')]
2026-04-14 14:55:47,387 - SessionLogger - INFO - [sim_Baseline_P2_M-ELE-002_127fb3] Student: 哇，真的亮了！原来必须连成一个大圈，电流才能一直转起来啊。
Deserializing unregistered type router.SessionMemory from checkpoint. This will be blocked in a future version. Add to allowed_msgpack_modules to silence: [('router', 'SessionMemory')]
Deserializing unregistered type router.PerceptionResult from checkpoint. This will be blocked in a future version. Add to allowed_msgpack_modules to silence: [('router', 'PerceptionResult')]
Deserializing unregistered type router.RouteDecision from checkpoint. This will be blocked in a future version. Add to allowed_msgpack_modules to silence: [('router', 'RouteDecision')]
2026-04-14 14:55:49,897 - SessionLogger - INFO - [sim_FSM_P1_M-ELE-001_5b0891] Teacher: 确实，看到灯泡发光，很容易直观地觉得电被“用”掉了。

但其实灯泡“吃掉”的是电能（让灯丝发热发光），而负责搬运能量的电荷（也就是电流）必须连续流动，不能在半路消失或堆积。

如果我们在第一个灯泡之后、第二个灯泡之前串联一个电流表，你觉得它的示数会比电源处的电流小吗？
2026-04-14 14:55:51,045 - SessionLogger - INFO - [sim_Baseline_P2_M-ELE-002_127fb3] Teacher: 没错，这个“大圈”在物理上就叫闭合回路。那如果我把这根连回负极的线剪断，你觉得灯泡还会亮吗？为什么？
2026-04-14 14:55:51,224 - SessionLogger - INFO - [sim_FSM_P1_M-ELE-001_5b0891] Student: 那肯定小啊，电流表测的就是剩下的电流。前面的灯泡都“吃”掉一部分了，后面剩下的当然就少了。
Deserializing unregistered type router.SessionMemory from checkpoint. This will be blocked in a future version. Add to allowed_msgpack_modules to silence: [('router', 'SessionMemory')]
Deserializing unregistered type router.PerceptionResult from checkpoint. This will be blocked in a future version. Add to allowed_msgpack_modules to silence: [('router', 'PerceptionResult')]
Deserializing unregistered type router.RouteDecision from checkpoint. This will be blocked in a future version. Add to allowed_msgpack_modules to silence: [('router', 'RouteDecision')]
2026-04-14 14:55:52,281 - SessionLogger - INFO - [sim_FSM+Guardrail_P1_M-ELE-002_d9978a] Teacher: 这就像你只修了进水管，却没接出水管。如果水只能流进去却流不走，你觉得水龙头还能持续流出新水吗？
2026-04-14 14:55:52,437 - SessionLogger - INFO - [sim_Baseline_P2_M-ELE-002_127fb3] Student: 肯定不亮了呀，因为路断了，电荷没法流回负极那个“回收站”，电池也就推不动新的电荷出来了。
Deserializing unregistered type router.SessionMemory from checkpoint. This will be blocked in a future version. Add to allowed_msgpack_modules to silence: [('router', 'SessionMemory')]
Deserializing unregistered type router.PerceptionResult from checkpoint. This will be blocked in a future version. Add to allowed_msgpack_modules to silence: [('router', 'PerceptionResult')]
Deserializing unregistered type router.RouteDecision from checkpoint. This will be blocked in a future version. Add to allowed_msgpack_modules to silence: [('router', 'RouteDecision')]
2026-04-14 14:55:53,505 - SessionLogger - INFO - [sim_FSM+Guardrail_P1_M-ELE-002_d9978a] Student: 水和电又不一样，电是能量，流过去就转化成光了，不需要再流回来。你老拿水做比喻，我觉得根本讲不通。
Deserializing unregistered type router.SessionMemory from checkpoint. This will be blocked in a future version. Add to allowed_msgpack_modules to silence: [('router', 'SessionMemory')]
Deserializing unregistered type router.PerceptionResult from checkpoint. This will be blocked in a future version. Add to allowed_msgpack_modules to silence: [('router', 'PerceptionResult')]
Deserializing unregistered type router.RouteDecision from checkpoint. This will be blocked in a future version. Add to allowed_msgpack_modules to silence: [('router', 'RouteDecision')]
2026-04-14 14:55:54,374 - SessionLogger - INFO - [sim_Baseline_P1_M-ELE-002_9699f8] Teacher: 那咱们不谈抽空，谈谈“堵车”。如果正电荷全堆在灯泡这一头，它们彼此之间可是会互相排斥的。你觉得这股反向的斥力，会不会抵消掉电池想继续推电荷出来的劲儿？
2026-04-14 14:55:56,226 - SessionLogger - INFO - [sim_Baseline_P1_M-ELE-002_9699f8] Student: 电荷那么小，挤一挤怎么了？电池劲儿大着呢，那点斥力根本挡不住。
Deserializing unregistered type router.SessionMemory from checkpoint. This will be blocked in a future version. Add to allowed_msgpack_modules to silence: [('router', 'SessionMemory')]
Deserializing unregistered type router.PerceptionResult from checkpoint. This will be blocked in a future version. Add to allowed_msgpack_modules to silence: [('router', 'PerceptionResult')]
Deserializing unregistered type router.RouteDecision from checkpoint. This will be blocked in a future version. Add to allowed_msgpack_modules to silence: [('router', 'RouteDecision')]
2026-04-14 14:55:56,843 - SessionLogger - INFO - [sim_Baseline_P2_M-ELE-002_127fb3] Teacher: 说得太对了，这就是“断路”。那如果我不剪断导线，而是直接用一根导线把灯泡的两端连起来（短路），你觉得电荷还会乖乖流过灯丝让灯泡发光吗？
2026-04-14 14:55:57,789 - SessionLogger - INFO - [sim_Baseline_P2_M-ELE-002_127fb3] Student: 啊？那电荷是不是会直接从那根导线“抄近道”跑回负极，不走灯丝了？
Deserializing unregistered type router.SessionMemory from checkpoint. This will be blocked in a future version. Add to allowed_msgpack_modules to silence: [('router', 'SessionMemory')]
Deserializing unregistered type router.PerceptionResult from checkpoint. This will be blocked in a future version. Add to allowed_msgpack_modules to silence: [('router', 'PerceptionResult')]
Deserializing unregistered type router.RouteDecision from checkpoint. This will be blocked in a future version. Add to allowed_msgpack_modules to silence: [('router', 'RouteDecision')]
2026-04-14 14:55:59,725 - SessionLogger - INFO - [sim_FSM_P1_M-ELE-001_5b0891] Teacher: 想象一下封闭水管里的水流，如果前面的水轮机“用掉”了一部分水，那流到后面管道里的水量是不是就变少了？
2026-04-14 14:56:01,115 - SessionLogger - INFO - [sim_Baseline_P2_M-ELE-002_127fb3] Teacher: 没错，电荷确实更喜欢走这条阻力小的“捷径”。既然大部分电荷都去“抄近道”了，你觉得流过灯丝的电流会变多还是变少？灯泡又会发生什么变化呢？
2026-04-14 14:56:01,115 - SessionLogger - INFO - [sim_Baseline_P2_M-ELE-002_127fb3] Extending max_turns by 3 because cognitive_state is '新概念探索'
2026-04-14 14:56:01,857 - SessionLogger - INFO - [sim_FSM+Guardrail_P1_M-ELE-002_d9978a] Teacher: 这个直觉确实很普遍，因为灯泡发光让我们觉得电被“用光”了。但物理上，电流是电荷的定向移动，而电荷本身并没有变成光，它只是把携带的能量交给了灯泡。

如果电荷真的在灯泡里“消失”了，那电路后半段就彻底空了。你觉得在一个没有电荷的空导线里，还能形成持续的电流吗？
2026-04-14 14:56:02,409 - SessionLogger - INFO - [sim_FSM_P1_M-ELE-001_5b0891] Student: 水管那个例子不一样，水是真的被蒸发或者漏掉了。但电是被灯泡“用”掉的能量，电流肯定变小了，你别拿水管来硬套。
2026-04-14 14:56:02,409 - SessionLogger - INFO - [sim_FSM_P1_M-ELE-001_5b0891] Session finished. Resolved: False
2026-04-14 14:56:02,409 - SessionLogger - INFO - [sim_FSM_P2_M-ELE-002_1ce717] Starting session
2026-04-14 14:56:02,410 - SessionLogger - INFO - Initialized Session sim_FSM_P2_M-ELE-002_1ce717 on Unknown for Unknown with version FSM+Guardrail
2026-04-14 14:56:03,768 - SessionLogger - INFO - [sim_FSM_P2_M-ELE-002_1ce717] Student Opening: 老师，我把电池正极用导线连到灯泡上，灯泡怎么不亮啊？电不是从正极出来流进灯泡就会发光吗？
2026-04-14 14:56:04,971 - SessionLogger - INFO - [sim_Baseline_P2_M-ELE-002_127fb3] Student: 那流过灯丝的电流肯定变得超级少，甚至几乎没有了吧？灯泡应该会直接熄灭。
Deserializing unregistered type router.SessionMemory from checkpoint. This will be blocked in a future version. Add to allowed_msgpack_modules to silence: [('router', 'SessionMemory')]
Deserializing unregistered type router.PerceptionResult from checkpoint. This will be blocked in a future version. Add to allowed_msgpack_modules to silence: [('router', 'PerceptionResult')]
Deserializing unregistered type router.RouteDecision from checkpoint. This will be blocked in a future version. Add to allowed_msgpack_modules to silence: [('router', 'RouteDecision')]
2026-04-14 14:56:05,909 - SessionLogger - INFO - [sim_FSM+Guardrail_P1_M-ELE-002_d9978a] Student: 电荷怎么会消失呢？我只是说它把能量留下了。只要电池还在推，电就能一直往前挤，不需要后面有路让它回来。
Deserializing unregistered type router.SessionMemory from checkpoint. This will be blocked in a future version. Add to allowed_msgpack_modules to silence: [('router', 'SessionMemory')]
Deserializing unregistered type router.PerceptionResult from checkpoint. This will be blocked in a future version. Add to allowed_msgpack_modules to silence: [('router', 'PerceptionResult')]
Deserializing unregistered type router.RouteDecision from checkpoint. This will be blocked in a future version. Add to allowed_msgpack_modules to silence: [('router', 'RouteDecision')]
2026-04-14 14:56:10,662 - SessionLogger - INFO - [sim_Baseline_P1_M-ELE-002_9699f8] Teacher: 电荷之间的斥力可是随距离减小急剧增大的，哪怕只多挤一点点，阻力都会变得巨大。你觉得电池那点固定的电压，真能无限地对抗这种越来越强的“反弹”吗？
2026-04-14 14:56:12,514 - SessionLogger - INFO - [sim_Baseline_P1_M-ELE-002_9699f8] Student: 反正灯泡是亮的，说明电就是过去了。你老说这些看不见的力，太玄乎了，我不信。
Deserializing unregistered type router.SessionMemory from checkpoint. This will be blocked in a future version. Add to allowed_msgpack_modules to silence: [('router', 'SessionMemory')]
Deserializing unregistered type router.PerceptionResult from checkpoint. This will be blocked in a future version. Add to allowed_msgpack_modules to silence: [('router', 'PerceptionResult')]
Deserializing unregistered type router.RouteDecision from checkpoint. This will be blocked in a future version. Add to allowed_msgpack_modules to silence: [('router', 'RouteDecision')]
2026-04-14 14:56:19,257 - SessionLogger - INFO - [sim_FSM_P2_M-ELE-002_1ce717] Teacher: 这个想法确实很直觉，好像电只要“送达”了就行。但你想一想，如果电只要流进灯泡就能让它发光，那灯泡的另一端如果不接任何东西，电“进去”之后去哪儿了呢？它会堆积在灯泡里把灯泡撑爆吗？
2026-04-14 14:56:23,123 - SessionLogger - INFO - [sim_FSM_P2_M-ELE-002_1ce717] Student: 呃……好像确实不会撑爆，那电是不是用完了就消失了？所以只要正极通电应该就能亮才对吧？
Deserializing unregistered type router.SessionMemory from checkpoint. This will be blocked in a future version. Add to allowed_msgpack_modules to silence: [('router', 'SessionMemory')]
Deserializing unregistered type router.PerceptionResult from checkpoint. This will be blocked in a future version. Add to allowed_msgpack_modules to silence: [('router', 'PerceptionResult')]
Deserializing unregistered type router.RouteDecision from checkpoint. This will be blocked in a future version. Add to allowed_msgpack_modules to silence: [('router', 'RouteDecision')]
2026-04-14 14:56:23,895 - SessionLogger - INFO - [sim_FSM+Guardrail_P3_M-ELE-001_bd529a] Teacher: 这个直觉很敏锐，但别忘了电路是个封闭的“环路”，电荷并没有消失。如果整个环路里的“车流”整体都变慢了（电流减小），那前面和后面的速度还会不一样吗？
2026-04-14 14:56:24,475 - SessionLogger - INFO - [sim_Baseline_P1_M-ELE-002_9699f8] Teacher: 那咱们不看力，看现象。如果在灯泡前后各接一个电流表，你觉得这两个表的读数会一样，还是后面的更小？
2026-04-14 14:56:25,531 - SessionLogger - INFO - [sim_FSM+Guardrail_P3_M-ELE-001_bd529a] Student: 啊？你是说大家一起变慢？那……如果大家都一样慢，为什么我还是觉得前面的灯泡把电“吃”掉了一些，导致后面分到的比较少呢？
Deserializing unregistered type router.SessionMemory from checkpoint. This will be blocked in a future version. Add to allowed_msgpack_modules to silence: [('router', 'SessionMemory')]
Deserializing unregistered type router.PerceptionResult from checkpoint. This will be blocked in a future version. Add to allowed_msgpack_modules to silence: [('router', 'PerceptionResult')]
Deserializing unregistered type router.RouteDecision from checkpoint. This will be blocked in a future version. Add to allowed_msgpack_modules to silence: [('router', 'RouteDecision')]
2026-04-14 14:56:28,725 - SessionLogger - INFO - [sim_Baseline_P1_M-ELE-002_9699f8] Student: 肯定后面的小啊，灯泡把电“吃”掉了一部分用来发光，剩下的才流过去。
Deserializing unregistered type router.SessionMemory from checkpoint. This will be blocked in a future version. Add to allowed_msgpack_modules to silence: [('router', 'SessionMemory')]
Deserializing unregistered type router.PerceptionResult from checkpoint. This will be blocked in a future version. Add to allowed_msgpack_modules to silence: [('router', 'PerceptionResult')]
Deserializing unregistered type router.RouteDecision from checkpoint. This will be blocked in a future version. Add to allowed_msgpack_modules to silence: [('router', 'RouteDecision')]
2026-04-14 14:56:32,770 - SessionLogger - INFO - [sim_Baseline_P1_M-ELE-002_9699f8] Teacher: 那咱们做个实验验证一下：把两个电流表分别串在灯泡的前面和后面，接通电路看看读数。如果后面的真的小了，多出来的那些电荷去哪儿了呢？
2026-04-14 14:56:33,300 - SessionLogger - INFO - [sim_FSM+Guardrail_P3_M-ELE-001_bd529a] Teacher: 这种“前吃后少”的感觉很自然，但请想象一下：如果前面的灯泡真的“截留”了一部分电荷（电流），那流到后面灯泡的电荷数量是不是就变少了？
2026-04-14 14:56:34,911 - SessionLogger - INFO - [sim_Baseline_P1_M-ELE-002_9699f8] Student: 那肯定是变成光或者热散掉了呗，能量守恒嘛。你别老拿这种死板的实验来压我，反正灯亮了就是硬道理。
Deserializing unregistered type router.SessionMemory from checkpoint. This will be blocked in a future version. Add to allowed_msgpack_modules to silence: [('router', 'SessionMemory')]
Deserializing unregistered type router.PerceptionResult from checkpoint. This will be blocked in a future version. Add to allowed_msgpack_modules to silence: [('router', 'PerceptionResult')]
Deserializing unregistered type router.RouteDecision from checkpoint. This will be blocked in a future version. Add to allowed_msgpack_modules to silence: [('router', 'RouteDecision')]
2026-04-14 14:56:36,944 - SessionLogger - INFO - [sim_FSM+Guardrail_P3_M-ELE-001_bd529a] Student: 对啊，不就是变少了吗？前面的灯泡把电荷“用”掉了一部分，那流到后面的肯定就少了呀，这有什么不对吗？
Deserializing unregistered type router.SessionMemory from checkpoint. This will be blocked in a future version. Add to allowed_msgpack_modules to silence: [('router', 'SessionMemory')]
Deserializing unregistered type router.PerceptionResult from checkpoint. This will be blocked in a future version. Add to allowed_msgpack_modules to silence: [('router', 'PerceptionResult')]
Deserializing unregistered type router.RouteDecision from checkpoint. This will be blocked in a future version. Add to allowed_msgpack_modules to silence: [('router', 'RouteDecision')]
2026-04-14 14:56:38,018 - SessionLogger - INFO - [sim_FSM_P1_M-ELE-002_02d9c5] Teacher: 那一瞬间的闪烁，其实是把导线和灯泡里原本存的一点电荷“挤”过去了，就像挤压水管里残留的一小段水。

但因为电荷没有回路流回来补充，这点存货瞬间就用光了，所以灯马上就灭了。既然你想让灯泡**持续**发光，你觉得我们是应该依赖这点一次性存货，还是得让电荷能循环起来？
2026-04-14 14:56:39,204 - SessionLogger - INFO - [sim_FSM_P1_M-ELE-002_02d9c5] Student: 那只是接触不良或者电池没电了吧，跟回不回去没关系。只要电池有电，它就应该一直往外送，灯泡就该一直亮。
Deserializing unregistered type router.SessionMemory from checkpoint. This will be blocked in a future version. Add to allowed_msgpack_modules to silence: [('router', 'SessionMemory')]
Deserializing unregistered type router.PerceptionResult from checkpoint. This will be blocked in a future version. Add to allowed_msgpack_modules to silence: [('router', 'PerceptionResult')]
Deserializing unregistered type router.RouteDecision from checkpoint. This will be blocked in a future version. Add to allowed_msgpack_modules to silence: [('router', 'RouteDecision')]
2026-04-14 14:56:40,207 - SessionLogger - INFO - [sim_Baseline_P1_M-ELE-002_9699f8] Teacher: 能量确实守恒，但电荷可是有质量的实物粒子，它没法像能量那样“变”成光。如果电荷真的在灯泡里消失了，那电线里的电荷岂不是越积越少，最后灯不就灭了吗？
2026-04-14 14:56:41,627 - SessionLogger - INFO - [sim_FSM_P2_M-ELE-002_1ce717] Teacher: 按照你的逻辑，电流流过第一个灯泡时就被“吃光”或“消失”了。那如果我们把两个相同的灯泡串联起来，你觉得第二个灯泡还会亮吗？为什么？
2026-04-14 14:56:41,858 - SessionLogger - INFO - [sim_Baseline_P1_M-ELE-002_9699f8] Student: 电池一直在源源不断地送电出来啊，怎么会灭？你别老吓唬我，反正只要连着正极，灯就能一直亮。
Deserializing unregistered type router.SessionMemory from checkpoint. This will be blocked in a future version. Add to allowed_msgpack_modules to silence: [('router', 'SessionMemory')]
Deserializing unregistered type router.PerceptionResult from checkpoint. This will be blocked in a future version. Add to allowed_msgpack_modules to silence: [('router', 'PerceptionResult')]
Deserializing unregistered type router.RouteDecision from checkpoint. This will be blocked in a future version. Add to allowed_msgpack_modules to silence: [('router', 'RouteDecision')]
2026-04-14 14:56:43,813 - SessionLogger - INFO - [sim_FSM_P2_M-ELE-002_1ce717] Student: 那第二个肯定不亮啊，因为电都被第一个灯泡“吃”光了嘛。老师，难道实际情况不是这样吗？
Deserializing unregistered type router.SessionMemory from checkpoint. This will be blocked in a future version. Add to allowed_msgpack_modules to silence: [('router', 'SessionMemory')]
Deserializing unregistered type router.PerceptionResult from checkpoint. This will be blocked in a future version. Add to allowed_msgpack_modules to silence: [('router', 'PerceptionResult')]
Deserializing unregistered type router.RouteDecision from checkpoint. This will be blocked in a future version. Add to allowed_msgpack_modules to silence: [('router', 'RouteDecision')]
2026-04-14 14:56:45,248 - SessionLogger - INFO - [sim_FSM+Guardrail_P1_M-ELE-002_d9978a] Teacher: 你说得对，电荷确实没消失，只是留下了能量。但想象一下早高峰的地铁，如果只有人拼命往车厢里挤，却没有人从后门下车离开，你觉得前面的人还能继续挤进去吗？
2026-04-14 14:56:46,650 - SessionLogger - INFO - [sim_FSM+Guardrail_P1_M-ELE-002_d9978a] Student: 地铁是人，电是能量，这能一样吗？电池有劲儿一直推，电就能一直往前跑，根本不需要后面有人让路。
Deserializing unregistered type router.SessionMemory from checkpoint. This will be blocked in a future version. Add to allowed_msgpack_modules to silence: [('router', 'SessionMemory')]
Deserializing unregistered type router.PerceptionResult from checkpoint. This will be blocked in a future version. Add to allowed_msgpack_modules to silence: [('router', 'PerceptionResult')]
Deserializing unregistered type router.RouteDecision from checkpoint. This will be blocked in a future version. Add to allowed_msgpack_modules to silence: [('router', 'RouteDecision')]
2026-04-14 14:56:47,679 - SessionLogger - INFO - [sim_FSM_P1_M-ELE-002_02d9c5] Teacher: 我们可以把电池想象成一个“电荷泵”，它的作用不是制造电荷，而是推动电荷在电路里跑圈。

如果只接一头，电荷到了灯泡尽头就没路走了，就像单行道堵死了一样，泵也就推不动了。所以，为了让电池能持续不断地“推”动电荷，你觉得电路必须是______（A. 断开的单头连接 / B. 闭合的完整回路）？
2026-04-14 14:56:49,509 - SessionLogger - INFO - [sim_FSM_P1_M-ELE-002_02d9c5] Student: 我觉得是A，只要连上正极电就能过去。你那个泵的理论太复杂了，我就觉得电是从电池里发出来的，到了灯泡那儿工作完就没事了。
Deserializing unregistered type router.SessionMemory from checkpoint. This will be blocked in a future version. Add to allowed_msgpack_modules to silence: [('router', 'SessionMemory')]
Deserializing unregistered type router.PerceptionResult from checkpoint. This will be blocked in a future version. Add to allowed_msgpack_modules to silence: [('router', 'PerceptionResult')]
Deserializing unregistered type router.RouteDecision from checkpoint. This will be blocked in a future version. Add to allowed_msgpack_modules to silence: [('router', 'RouteDecision')]
2026-04-14 14:56:53,807 - SessionLogger - INFO - [sim_FSM_P2_M-ELE-002_1ce717] Teacher: 这确实是个很常见的直觉误区。但如果你亲手做过实验，会发现两个串联的灯泡其实是一样亮的。如果电流真的被第一个“吃光”了，你觉得第二个灯泡靠什么发光呢？
2026-04-14 14:56:53,857 - SessionLogger - INFO - [sim_FSM+Guardrail_P3_M-ELE-001_bd529a] Teacher: 这个想法很直觉，但请想一想：如果电荷真的在灯泡里“消失”或被“吃掉”了，那它们去哪了呢？是堆积在灯泡里，还是凭空蒸发了？
2026-04-14 14:56:54,479 - SessionLogger - INFO - [sim_FSM+Guardrail_P1_M-ELE-002_d9978a] Teacher: 这个比喻确实有局限，我们直接看物理事实：导线里充满了电荷，如果后面堵死，前面的电荷根本挤不动。

所以，为了让电荷能持续定向移动，电路必须是______（选填：“断开的”或“闭合的”）？
2026-04-14 14:56:55,757 - SessionLogger - INFO - [sim_FSM_P2_M-ELE-002_1ce717] Student: 啊？真的两个都亮吗？那……如果电没被吃掉，它流到第二个灯泡之后又去哪儿了呢？
Deserializing unregistered type router.SessionMemory from checkpoint. This will be blocked in a future version. Add to allowed_msgpack_modules to silence: [('router', 'SessionMemory')]
Deserializing unregistered type router.PerceptionResult from checkpoint. This will be blocked in a future version. Add to allowed_msgpack_modules to silence: [('router', 'PerceptionResult')]
Deserializing unregistered type router.RouteDecision from checkpoint. This will be blocked in a future version. Add to allowed_msgpack_modules to silence: [('router', 'RouteDecision')]
2026-04-14 14:56:56,636 - SessionLogger - INFO - [sim_Baseline_P2_M-ELE-002_127fb3] Teacher: 分析得很准！既然电流都去“抄近道”了，那这根导线里的电流会变得非常大。你觉得这时候电池和导线会发生什么危险的情况吗？
2026-04-14 14:56:57,463 - SessionLogger - INFO - [sim_FSM+Guardrail_P3_M-ELE-001_bd529a] Student: 呃……应该没堆积吧，灯泡也没鼓起来。但它们确实被“用”掉了呀，不然灯怎么会亮呢？难道它们只是路过一下？
Deserializing unregistered type router.SessionMemory from checkpoint. This will be blocked in a future version. Add to allowed_msgpack_modules to silence: [('router', 'SessionMemory')]
Deserializing unregistered type router.PerceptionResult from checkpoint. This will be blocked in a future version. Add to allowed_msgpack_modules to silence: [('router', 'PerceptionResult')]
Deserializing unregistered type router.RouteDecision from checkpoint. This will be blocked in a future version. Add to allowed_msgpack_modules to silence: [('router', 'RouteDecision')]
2026-04-14 14:56:57,512 - SessionLogger - INFO - [sim_FSM+Guardrail_P1_M-ELE-002_d9978a] Student: 我觉得填“断开的”也行啊。只要电池那头使劲推，电就能流过去让灯泡亮，干嘛非得绕一圈回来？
Deserializing unregistered type router.SessionMemory from checkpoint. This will be blocked in a future version. Add to allowed_msgpack_modules to silence: [('router', 'SessionMemory')]
Deserializing unregistered type router.PerceptionResult from checkpoint. This will be blocked in a future version. Add to allowed_msgpack_modules to silence: [('router', 'PerceptionResult')]
Deserializing unregistered type router.RouteDecision from checkpoint. This will be blocked in a future version. Add to allowed_msgpack_modules to silence: [('router', 'RouteDecision')]
2026-04-14 14:56:57,809 - SessionLogger - INFO - [sim_Baseline_P2_M-ELE-002_127fb3] Student: 导线会不会因为电流太大而变得很烫，甚至把电池给烧坏了？
Deserializing unregistered type router.SessionMemory from checkpoint. This will be blocked in a future version. Add to allowed_msgpack_modules to silence: [('router', 'SessionMemory')]
Deserializing unregistered type router.PerceptionResult from checkpoint. This will be blocked in a future version. Add to allowed_msgpack_modules to silence: [('router', 'PerceptionResult')]
Deserializing unregistered type router.RouteDecision from checkpoint. This will be blocked in a future version. Add to allowed_msgpack_modules to silence: [('router', 'RouteDecision')]
2026-04-14 14:57:02,080 - SessionLogger - INFO - [sim_Baseline_P2_M-ELE-002_127fb3] Teacher: 没错，这就是短路的危害。既然电流这么大，你觉得我们在设计电路时，该加个什么“保险装置”来防止这种危险发生呢？
2026-04-14 14:57:03,207 - SessionLogger - INFO - [sim_Baseline_P2_M-ELE-002_127fb3] Student: 是不是加个保险丝？电流太大它就熔断，把路切断。不过老师，这和让灯泡正常发光有什么关系吗？
Deserializing unregistered type router.SessionMemory from checkpoint. This will be blocked in a future version. Add to allowed_msgpack_modules to silence: [('router', 'SessionMemory')]
Deserializing unregistered type router.PerceptionResult from checkpoint. This will be blocked in a future version. Add to allowed_msgpack_modules to silence: [('router', 'PerceptionResult')]
Deserializing unregistered type router.RouteDecision from checkpoint. This will be blocked in a future version. Add to allowed_msgpack_modules to silence: [('router', 'RouteDecision')]
2026-04-14 14:57:03,712 - SessionLogger - INFO - [sim_FSM_P1_M-ELE-002_02d9c5] Teacher: 这个直觉很常见，因为“电”这个词在生活中确实常被当成一种消耗品。但物理上，电池更像是一个推力源，它推动的是导线里本来就有的电荷。

如果电荷到了灯泡就“没事了”、停在那儿不动，那后面的电荷就会因为拥挤而再也进不来，电流瞬间就断了。所以，为了让推力能持续起作用，电荷必须得有个地方回去，你觉得电路应该是______（A. 有去无回的单行道 / B. 有去有回的闭合圈）？
2026-04-14 14:57:04,976 - SessionLogger - INFO - [sim_FSM+Guardrail_P1_M-ELE-002_d9978a] Teacher: 如果电路是断开的，电荷流过去就会在断口处堆积，就像水管堵住一样，流动瞬间就停止了。

所以，为了让电流持续不断，路径必须是______（选填：“闭合的”或“断开的”）？
2026-04-14 14:57:05,548 - SessionLogger - INFO - [sim_FSM_P1_M-ELE-002_02d9c5] Student: 我还是觉得是A。电只要到了灯泡让它发光就行了，干嘛非得回去？你老说拥挤，那电池一直推不就行了吗？
Deserializing unregistered type router.SessionMemory from checkpoint. This will be blocked in a future version. Add to allowed_msgpack_modules to silence: [('router', 'SessionMemory')]
Deserializing unregistered type router.PerceptionResult from checkpoint. This will be blocked in a future version. Add to allowed_msgpack_modules to silence: [('router', 'PerceptionResult')]
Deserializing unregistered type router.RouteDecision from checkpoint. This will be blocked in a future version. Add to allowed_msgpack_modules to silence: [('router', 'RouteDecision')]
2026-04-14 14:57:06,953 - SessionLogger - INFO - [sim_Baseline_P2_M-ELE-002_127fb3] Teacher: 保险丝是最后的“防线”，但最好的办法是不让短路发生。想想看，如果灯泡两端被一根导线直接连起来，电流还会“愿意”费劲去挤灯丝吗？
2026-04-14 14:57:07,722 - SessionLogger - INFO - [sim_FSM+Guardrail_P3_M-ELE-001_bd529a] Teacher: 你说得对，电荷确实只是“路过”，并没有被消耗掉。

既然电荷的数量没变，那灯泡发光发热所消耗的能量，究竟是来自这些“路过”的电荷本身，还是来自推动它们流动的某种“推力”呢？
2026-04-14 14:57:08,261 - SessionLogger - INFO - [sim_FSM+Guardrail_P1_M-ELE-002_d9978a] Student: 我还是觉得“断开的”能行。电池一直在推，电就能一直往前挤过去点亮灯泡，不需要绕回来。
Deserializing unregistered type router.SessionMemory from checkpoint. This will be blocked in a future version. Add to allowed_msgpack_modules to silence: [('router', 'SessionMemory')]
Deserializing unregistered type router.PerceptionResult from checkpoint. This will be blocked in a future version. Add to allowed_msgpack_modules to silence: [('router', 'PerceptionResult')]
Deserializing unregistered type router.RouteDecision from checkpoint. This will be blocked in a future version. Add to allowed_msgpack_modules to silence: [('router', 'RouteDecision')]
2026-04-14 14:57:08,686 - SessionLogger - INFO - [sim_FSM_P2_M-ELE-002_1ce717] Teacher: 是的，实验事实就是两个灯泡都会亮。既然电荷没有消失，你觉得它流回电源负极后，是为了完成什么动作，好让电路能持续工作？
2026-04-14 14:57:08,919 - SessionLogger - INFO - [sim_Baseline_P2_M-ELE-002_127fb3] Student: 肯定不愿意啊，导线电阻那么小，电流肯定全走导线了。所以灯丝里没电流，灯泡就不亮了？
Deserializing unregistered type router.SessionMemory from checkpoint. This will be blocked in a future version. Add to allowed_msgpack_modules to silence: [('router', 'SessionMemory')]
Deserializing unregistered type router.PerceptionResult from checkpoint. This will be blocked in a future version. Add to allowed_msgpack_modules to silence: [('router', 'PerceptionResult')]
Deserializing unregistered type router.RouteDecision from checkpoint. This will be blocked in a future version. Add to allowed_msgpack_modules to silence: [('router', 'RouteDecision')]
2026-04-14 14:57:10,332 - SessionLogger - INFO - [sim_FSM_P2_M-ELE-002_1ce717] Student: 它是为了……回到电池里“充电”或者补充能量吗？可是老师，如果我不接负极，电直接从正极出来经过灯泡不行吗？
Deserializing unregistered type router.SessionMemory from checkpoint. This will be blocked in a future version. Add to allowed_msgpack_modules to silence: [('router', 'SessionMemory')]
Deserializing unregistered type router.PerceptionResult from checkpoint. This will be blocked in a future version. Add to allowed_msgpack_modules to silence: [('router', 'PerceptionResult')]
Deserializing unregistered type router.RouteDecision from checkpoint. This will be blocked in a future version. Add to allowed_msgpack_modules to silence: [('router', 'RouteDecision')]
2026-04-14 14:57:10,853 - SessionLogger - INFO - [sim_FSM+Guardrail_P3_M-ELE-001_bd529a] Student: 推力？你是说电压吗？可是……如果电荷只是路过，那它是怎么把能量“卸”给灯泡让它发光的呢？我还是有点晕。
2026-04-14 14:57:10,853 - SessionLogger - INFO - [sim_FSM+Guardrail_P3_M-ELE-001_bd529a] Session finished. Resolved: False
2026-04-14 14:57:10,854 - SessionLogger - INFO - [sim_FSM+Guardrail_P2_M-ELE-002_ec7d4c] Starting session
2026-04-14 14:57:10,854 - SessionLogger - INFO - Initialized Session sim_FSM+Guardrail_P2_M-ELE-002_ec7d4c on Unknown for Unknown with version FSM+Guardrail
2026-04-14 14:57:14,106 - SessionLogger - INFO - [sim_FSM+Guardrail_P2_M-ELE-002_ec7d4c] Student Opening: 老师，我把电池正极连到灯泡上，灯泡怎么不亮啊？电流不是从正极出来流进灯泡就能发光吗，干嘛非得连回负极呢？
2026-04-14 14:57:14,133 - SessionLogger - INFO - [sim_Baseline_P2_M-ELE-002_127fb3] Teacher: 你说得对，这就是“短路”灯泡。既然电流都跑去走那条宽敞的“高速公路”（导线）了，你觉得这时候电池是在“轻松工作”还是“累得半死”呢？
2026-04-14 14:57:15,529 - SessionLogger - INFO - [sim_Baseline_P2_M-ELE-002_127fb3] Student: 那肯定是累得半死啊，毕竟电流那么大。但这跟灯泡亮不亮有啥关系？只要电池还有电，不应该也能分一点给灯泡吗？
Deserializing unregistered type router.SessionMemory from checkpoint. This will be blocked in a future version. Add to allowed_msgpack_modules to silence: [('router', 'SessionMemory')]
Deserializing unregistered type router.PerceptionResult from checkpoint. This will be blocked in a future version. Add to allowed_msgpack_modules to silence: [('router', 'PerceptionResult')]
Deserializing unregistered type router.RouteDecision from checkpoint. This will be blocked in a future version. Add to allowed_msgpack_modules to silence: [('router', 'RouteDecision')]
2026-04-14 14:57:19,104 - SessionLogger - INFO - [sim_Baseline_P2_M-ELE-002_127fb3] Teacher: 想象一下，如果大门（导线）完全敞开，还会有一点点人（电流）愿意去挤那个狭窄的侧门（灯丝）吗？这时候侧门里的“人流”还够让它发光发热吗？
2026-04-14 14:57:20,181 - SessionLogger - INFO - [sim_FSM_P1_M-ELE-002_02d9c5] Teacher: 其实导线和灯丝里早就塞满了电荷，电池只是给它们一个整体移动的推力。如果只接一头，电荷冲到尽头没路走，就会像堵车一样瞬间卡死，推力也就失效了，根本没法持续发光。

所以，为了让电池能一直推着电荷跑，你觉得电路必须是______（A. 有去无回的死胡同 / B. 能转圈回来的闭合回路）？
2026-04-14 14:57:20,873 - SessionLogger - INFO - [sim_Baseline_P2_M-ELE-002_127fb3] Student: 好像……确实没人会去挤侧门了，那灯丝里岂不是几乎没有电流？
可是老师，只要电池连着灯泡，电不是应该自动流过去吗？为什么会被那根导线完全“抢走”呢？
Deserializing unregistered type router.SessionMemory from checkpoint. This will be blocked in a future version. Add to allowed_msgpack_modules to silence: [('router', 'SessionMemory')]
Deserializing unregistered type router.PerceptionResult from checkpoint. This will be blocked in a future version. Add to allowed_msgpack_modules to silence: [('router', 'PerceptionResult')]
Deserializing unregistered type router.RouteDecision from checkpoint. This will be blocked in a future version. Add to allowed_msgpack_modules to silence: [('router', 'RouteDecision')]
2026-04-14 14:57:21,260 - SessionLogger - INFO - [sim_FSM_P2_M-ELE-002_1ce717] Teacher: 我们可以把电流想象成在环形跑道上跑步的运动员。如果跑道在某处断开了（比如没接负极），你觉得运动员还能持续跑下去吗？
2026-04-14 14:57:22,782 - SessionLogger - INFO - [sim_FSM+Guardrail_P1_M-ELE-002_d9978a] Teacher: 其实，导线里本来就填满了电荷。如果电路断开，流过去的电荷没地方去，就会在断口处越积越多，产生的排斥力会瞬间把后面的电荷“顶”回去，电流也就断了。

所以，只有当电路是______（选填：“闭合”或“断开”）的时候，电荷才能持续流动？
2026-04-14 14:57:23,293 - SessionLogger - INFO - [sim_FSM_P1_M-ELE-002_02d9c5] Student: 还是A吧。我就觉得电是流过去的，到了灯泡那儿用掉了就没了，哪有什么堵车不堵车的。
2026-04-14 14:57:23,294 - SessionLogger - INFO - [sim_FSM_P1_M-ELE-002_02d9c5] Session finished. Resolved: False
2026-04-14 14:57:23,294 - SessionLogger - INFO - [sim_Baseline_P3_M-ELE-002_dc9bb2] Starting session
2026-04-14 14:57:23,294 - SessionLogger - INFO - Initialized Session sim_Baseline_P3_M-ELE-002_dc9bb2 on Unknown for Unknown with version FSM+Guardrail
2026-04-14 14:57:25,431 - SessionLogger - INFO - [sim_Baseline_P3_M-ELE-002_dc9bb2] Student Opening: 老师，为什么灯泡非得绕一圈连回电池负极才亮？我觉得只要用导线把电池正极和灯泡连上，电“流”过去不就应该亮了吗？
2026-04-14 14:57:25,437 - SessionLogger - INFO - [sim_FSM_P2_M-ELE-002_1ce717] Student: 呃……如果路断了，运动员确实跑不过去，会堵在那儿。所以您的意思是，电也必须得有个“回路”才能一直流？
Deserializing unregistered type router.SessionMemory from checkpoint. This will be blocked in a future version. Add to allowed_msgpack_modules to silence: [('router', 'SessionMemory')]
Deserializing unregistered type router.PerceptionResult from checkpoint. This will be blocked in a future version. Add to allowed_msgpack_modules to silence: [('router', 'PerceptionResult')]
Deserializing unregistered type router.RouteDecision from checkpoint. This will be blocked in a future version. Add to allowed_msgpack_modules to silence: [('router', 'RouteDecision')]
2026-04-14 14:57:26,700 - SessionLogger - INFO - [sim_FSM+Guardrail_P1_M-ELE-002_d9978a] Student: 我还是觉得“断开”的也行。电池劲儿大，一直推就能一直亮，不用非得绕一圈回来。
2026-04-14 14:57:26,700 - SessionLogger - INFO - [sim_FSM+Guardrail_P1_M-ELE-002_d9978a] Session finished. Resolved: False
2026-04-14 14:57:26,700 - SessionLogger - INFO - [sim_FSM_P3_M-ELE-002_c5249c] Starting session
2026-04-14 14:57:26,700 - SessionLogger - INFO - Initialized Session sim_FSM_P3_M-ELE-002_c5249c on Unknown for Unknown with version FSM+Guardrail
2026-04-14 14:57:29,739 - SessionLogger - INFO - [sim_FSM_P3_M-ELE-002_c5249c] Student Opening: 老师，我把电池正极连到灯泡上，灯泡怎么不亮啊？电不是从正极流出来进灯泡就行了吗？
2026-04-14 14:57:32,307 - SessionLogger - INFO - [sim_Baseline_P1_M-ELE-002_9699f8] Teacher: 好，那咱们就顺着你的思路：如果电荷只进不出，全堆在灯泡里，那灯泡里的电荷密度岂不是会无限增加？你觉得这符合常理吗？
2026-04-14 14:57:34,828 - SessionLogger - INFO - [sim_FSM_P2_M-ELE-002_1ce717] Teacher: 没错，就像跑道必须闭合才能持续跑圈一样。那你现在能解释一下，为什么只接电池的一端，灯泡就亮不起来了吗？
2026-04-14 14:57:34,828 - SessionLogger - INFO - [sim_FSM_P2_M-ELE-002_1ce717] Extending max_turns by 3 because cognitive_state is '新概念探索'
2026-04-14 14:57:35,006 - SessionLogger - INFO - [sim_Baseline_P3_M-ELE-002_dc9bb2] Teacher: 想象一下，如果电荷只进不出，它们会在灯泡那里越积越多。你觉得这时候，后面的电荷还能轻易挤进去吗？
2026-04-14 14:57:35,931 - SessionLogger - INFO - [sim_FSM+Guardrail_P2_M-ELE-002_ec7d4c] Teacher: 如果电流真的只需要从正极流进灯泡就能工作，那就意味着电荷只进不出。你觉得电荷会在灯泡里无限堆积起来吗？还是说它们得有个“出口”才能持续流动？
2026-04-14 14:57:38,078 - SessionLogger - INFO - [sim_FSM_P2_M-ELE-002_1ce717] Student: 哦……因为路断了，电荷没法流回电池，就像运动员跑到断头路就停住了一样？所以必须要有个圈让它们能转起来？
Deserializing unregistered type router.SessionMemory from checkpoint. This will be blocked in a future version. Add to allowed_msgpack_modules to silence: [('router', 'SessionMemory')]
Deserializing unregistered type router.PerceptionResult from checkpoint. This will be blocked in a future version. Add to allowed_msgpack_modules to silence: [('router', 'PerceptionResult')]
Deserializing unregistered type router.RouteDecision from checkpoint. This will be blocked in a future version. Add to allowed_msgpack_modules to silence: [('router', 'RouteDecision')]
2026-04-14 14:57:38,425 - SessionLogger - INFO - [sim_Baseline_P1_M-ELE-002_9699f8] Student: 灯泡那么小，肯定存不住那么多电，多余的肯定就顺着导线流走了或者散到空气里了。反正只要连上一头，电就能过去让灯亮，你别老纠结那些看不见的电荷堆不堆得下。
Deserializing unregistered type router.SessionMemory from checkpoint. This will be blocked in a future version. Add to allowed_msgpack_modules to silence: [('router', 'SessionMemory')]
Deserializing unregistered type router.PerceptionResult from checkpoint. This will be blocked in a future version. Add to allowed_msgpack_modules to silence: [('router', 'PerceptionResult')]
Deserializing unregistered type router.RouteDecision from checkpoint. This will be blocked in a future version. Add to allowed_msgpack_modules to silence: [('router', 'RouteDecision')]
2026-04-14 14:57:38,566 - SessionLogger - INFO - [sim_Baseline_P3_M-ELE-002_dc9bb2] Student: 呃……会挤不进去吗？可是电不是像光一样，照过去就行了吗，为什么要考虑挤不挤的问题呀？
Deserializing unregistered type router.SessionMemory from checkpoint. This will be blocked in a future version. Add to allowed_msgpack_modules to silence: [('router', 'SessionMemory')]
Deserializing unregistered type router.PerceptionResult from checkpoint. This will be blocked in a future version. Add to allowed_msgpack_modules to silence: [('router', 'PerceptionResult')]
Deserializing unregistered type router.RouteDecision from checkpoint. This will be blocked in a future version. Add to allowed_msgpack_modules to silence: [('router', 'RouteDecision')]
2026-04-14 14:57:40,470 - SessionLogger - INFO - [sim_FSM+Guardrail_P2_M-ELE-002_ec7d4c] Student: 呃……好像确实不能无限堆积吧，那样灯泡不就炸了？但我还是觉得只要正极有电送过去，它就应该能亮一下啊。
Deserializing unregistered type router.SessionMemory from checkpoint. This will be blocked in a future version. Add to allowed_msgpack_modules to silence: [('router', 'SessionMemory')]
Deserializing unregistered type router.PerceptionResult from checkpoint. This will be blocked in a future version. Add to allowed_msgpack_modules to silence: [('router', 'PerceptionResult')]
Deserializing unregistered type router.RouteDecision from checkpoint. This will be blocked in a future version. Add to allowed_msgpack_modules to silence: [('router', 'RouteDecision')]
2026-04-14 14:57:42,260 - SessionLogger - INFO - [sim_FSM_P3_M-ELE-002_c5249c] Teacher: 这个想法很直觉，但咱们推想一下：如果电流只负责“流进”灯泡却不需要“流回”电池，那灯泡里的电荷岂不是会越积越多，直到把灯泡撑爆？
2026-04-14 14:57:43,206 - SessionLogger - INFO - [sim_FSM_P3_M-ELE-002_c5249c] Student: 啊？电荷会堆在灯泡里吗……我以为它们进去发光后就“用掉”或者消失了呢。
Deserializing unregistered type router.SessionMemory from checkpoint. This will be blocked in a future version. Add to allowed_msgpack_modules to silence: [('router', 'SessionMemory')]
Deserializing unregistered type router.PerceptionResult from checkpoint. This will be blocked in a future version. Add to allowed_msgpack_modules to silence: [('router', 'PerceptionResult')]
Deserializing unregistered type router.RouteDecision from checkpoint. This will be blocked in a future version. Add to allowed_msgpack_modules to silence: [('router', 'RouteDecision')]
2026-04-14 14:57:43,829 - SessionLogger - INFO - [sim_Baseline_P1_M-ELE-002_9699f8] Teacher: 既然你说“顺着导线流走了”，那这不就承认电荷确实从灯泡的另一端出来了吗？如果只连一头，没有回路让电荷“流走”，你觉得灯还能亮吗？
2026-04-14 14:57:46,081 - SessionLogger - INFO - [sim_Baseline_P1_M-ELE-002_9699f8] Student: 我说的“流走”是散到空气里或者被灯泡吸收了，又不是非得从另一根线回去。你别玩文字游戏，我就问你我连一根线灯亮不亮？
2026-04-14 14:57:46,082 - SessionLogger - INFO - [sim_Baseline_P1_M-ELE-002_9699f8] Session finished. Resolved: False
2026-04-14 14:57:46,082 - SessionLogger - INFO - [sim_FSM+Guardrail_P3_M-ELE-002_4beb09] Starting session
2026-04-14 14:57:46,082 - SessionLogger - INFO - Initialized Session sim_FSM+Guardrail_P3_M-ELE-002_4beb09 on Unknown for Unknown with version FSM+Guardrail
2026-04-14 14:57:48,382 - SessionLogger - INFO - [sim_FSM+Guardrail_P3_M-ELE-002_4beb09] Student Opening: 老师，我把电池正极连到灯泡上，灯泡怎么不亮啊？电不是从正极流出来进灯泡就行了吗？
2026-04-14 14:57:53,030 - SessionLogger - INFO - [sim_FSM+Guardrail_P2_M-ELE-002_ec7d4c] Teacher: 这个直觉很敏锐，电荷确实不能无限堆积。

我们可以把电流想象成水管里的水流：如果只把水龙头接在水管一头，而另一头堵死或者悬空，水能形成持续的流动去推动水车（灯泡）转动吗？
2026-04-14 14:57:54,937 - SessionLogger - WARNING - LLM Judge failed: 1 validation error for GuardrailOutput
reason
  Field required [type=missing, input_value={'method_classification':...的启发式教学。'}, input_type=dict]
    For further information visit https://errors.pydantic.dev/2.12/v/missing. Falling back to rule-based only.
2026-04-14 14:57:54,943 - SessionLogger - INFO - [sim_Baseline_P3_M-ELE-002_dc9bb2] Teacher: 光确实不用回头，但电流其实是电荷（小粒子）在跑。如果这些粒子只进不出，堵在灯泡里，你觉得后来的粒子还能跑得动吗？
2026-04-14 14:57:56,267 - SessionLogger - INFO - [sim_FSM+Guardrail_P2_M-ELE-002_ec7d4c] Student: 好像……确实流不动，水会堵在那儿。那是不是说电子也得有个“回路”才能一直跑？
Deserializing unregistered type router.SessionMemory from checkpoint. This will be blocked in a future version. Add to allowed_msgpack_modules to silence: [('router', 'SessionMemory')]
Deserializing unregistered type router.PerceptionResult from checkpoint. This will be blocked in a future version. Add to allowed_msgpack_modules to silence: [('router', 'PerceptionResult')]
Deserializing unregistered type router.RouteDecision from checkpoint. This will be blocked in a future version. Add to allowed_msgpack_modules to silence: [('router', 'RouteDecision')]
2026-04-14 14:57:58,856 - SessionLogger - INFO - [sim_FSM_P3_M-ELE-002_c5249c] Teacher: 这确实是个常见的误区。你想一想，灯泡发光发热，消耗掉的是推着电荷跑的“劲儿”（能量），还是电荷这个“小粒子”本身呢？
2026-04-14 14:57:58,989 - SessionLogger - INFO - [sim_Baseline_P3_M-ELE-002_dc9bb2] Student: 啊？原来电是一堆小粒子在跑啊……那如果后面堵住了，前面的确实可能动不了？但这跟亮不亮有啥关系嘛？
Deserializing unregistered type router.SessionMemory from checkpoint. This will be blocked in a future version. Add to allowed_msgpack_modules to silence: [('router', 'SessionMemory')]
Deserializing unregistered type router.PerceptionResult from checkpoint. This will be blocked in a future version. Add to allowed_msgpack_modules to silence: [('router', 'PerceptionResult')]
Deserializing unregistered type router.RouteDecision from checkpoint. This will be blocked in a future version. Add to allowed_msgpack_modules to silence: [('router', 'RouteDecision')]
2026-04-14 14:58:00,007 - SessionLogger - INFO - [sim_FSM_P3_M-ELE-002_c5249c] Student: 呃……是那个“劲儿”吗？可是如果粒子没被用掉，它们堵在灯泡里出不去，后面新的电荷不就进不来了吗？
Deserializing unregistered type router.SessionMemory from checkpoint. This will be blocked in a future version. Add to allowed_msgpack_modules to silence: [('router', 'SessionMemory')]
Deserializing unregistered type router.PerceptionResult from checkpoint. This will be blocked in a future version. Add to allowed_msgpack_modules to silence: [('router', 'PerceptionResult')]
Deserializing unregistered type router.RouteDecision from checkpoint. This will be blocked in a future version. Add to allowed_msgpack_modules to silence: [('router', 'RouteDecision')]
2026-04-14 14:58:02,635 - SessionLogger - INFO - [sim_Baseline_P3_M-ELE-002_dc9bb2] Teacher: 灯泡发光是因为电荷在“流动”过程中把能量释放出来了。如果电荷都堵着不动，你觉得它还能持续释放能量让灯丝发热发光吗？
2026-04-14 14:58:03,474 - SessionLogger - INFO - [sim_FSM+Guardrail_P2_M-ELE-002_ec7d4c] Teacher: 没错，就像水需要流回低处才能循环一样。

既然电子需要从正极出发再回到负极才能形成持续的“流动”，那你看看你现在的连接方式，缺了哪一部分导致它们回不去呢？
2026-04-14 14:58:04,663 - SessionLogger - INFO - [sim_FSM+Guardrail_P2_M-ELE-002_ec7d4c] Student: 哦……我好像只连了正极，负极那边是断开的。所以电子跑到灯泡那儿就“堵车”了，回不去电池？
Deserializing unregistered type router.SessionMemory from checkpoint. This will be blocked in a future version. Add to allowed_msgpack_modules to silence: [('router', 'SessionMemory')]
Deserializing unregistered type router.PerceptionResult from checkpoint. This will be blocked in a future version. Add to allowed_msgpack_modules to silence: [('router', 'PerceptionResult')]
Deserializing unregistered type router.RouteDecision from checkpoint. This will be blocked in a future version. Add to allowed_msgpack_modules to silence: [('router', 'RouteDecision')]
2026-04-14 14:58:05,843 - SessionLogger - INFO - [sim_Baseline_P3_M-ELE-002_dc9bb2] Student: 不动就不发光……可是老师，我就接一头，电难道不会自己“流”过去然后消失掉吗？为什么要堵在那儿呀？
Deserializing unregistered type router.SessionMemory from checkpoint. This will be blocked in a future version. Add to allowed_msgpack_modules to silence: [('router', 'SessionMemory')]
Deserializing unregistered type router.PerceptionResult from checkpoint. This will be blocked in a future version. Add to allowed_msgpack_modules to silence: [('router', 'PerceptionResult')]
Deserializing unregistered type router.RouteDecision from checkpoint. This will be blocked in a future version. Add to allowed_msgpack_modules to silence: [('router', 'RouteDecision')]
2026-04-14 14:58:08,236 - SessionLogger - INFO - [sim_FSM+Guardrail_P3_M-ELE-002_4beb09] Teacher: 这种直觉很自然，好像电是正极“发射”出来的。但你想，如果电只进不出，电池里的电荷岂不是瞬间就全堆在灯泡里了？那剩下的电该怎么继续流过来呢？
2026-04-14 14:58:09,200 - SessionLogger - INFO - [sim_FSM_P3_M-ELE-002_c5249c] Teacher: 没错，如果只进不出，电荷确实会“堵车”。既然电荷不能被消耗掉，那为了让电流持续流动，这些流过灯泡的电荷最终得去哪儿呢？
2026-04-14 14:58:09,783 - SessionLogger - INFO - [sim_FSM+Guardrail_P3_M-ELE-002_4beb09] Student: 啊？电荷会堆在灯泡里吗……我以为它像光一样，照到了就亮了，不需要“流走”吧？
Deserializing unregistered type router.SessionMemory from checkpoint. This will be blocked in a future version. Add to allowed_msgpack_modules to silence: [('router', 'SessionMemory')]
Deserializing unregistered type router.PerceptionResult from checkpoint. This will be blocked in a future version. Add to allowed_msgpack_modules to silence: [('router', 'PerceptionResult')]
Deserializing unregistered type router.RouteDecision from checkpoint. This will be blocked in a future version. Add to allowed_msgpack_modules to silence: [('router', 'RouteDecision')]
2026-04-14 14:58:10,347 - SessionLogger - INFO - [sim_FSM_P3_M-ELE-002_c5249c] Student: 那……它们得回到电池里去？可是电池正极不是只负责“送”电出来的吗，它还能把电“吸”回去？
Deserializing unregistered type router.SessionMemory from checkpoint. This will be blocked in a future version. Add to allowed_msgpack_modules to silence: [('router', 'SessionMemory')]
Deserializing unregistered type router.PerceptionResult from checkpoint. This will be blocked in a future version. Add to allowed_msgpack_modules to silence: [('router', 'PerceptionResult')]
Deserializing unregistered type router.RouteDecision from checkpoint. This will be blocked in a future version. Add to allowed_msgpack_modules to silence: [('router', 'RouteDecision')]
2026-04-14 14:58:13,034 - SessionLogger - INFO - [sim_Baseline_P2_M-ELE-002_127fb3] Teacher: 电流确实想“自动”流，但它是个“懒人”，总爱挑阻力最小的路走。既然导线这条路几乎没阻碍，你觉得它还会费劲去挤灯丝那条“窄路”吗？
2026-04-14 14:58:15,443 - SessionLogger - INFO - [sim_Baseline_P2_M-ELE-002_127fb3] Student: 好像有点道理，如果导线真的完全没阻力，电流确实可能全跑那边去了。
那……是不是说灯泡不亮，是因为电流“忘记”或者“懒得”流进灯丝里了？
Deserializing unregistered type router.SessionMemory from checkpoint. This will be blocked in a future version. Add to allowed_msgpack_modules to silence: [('router', 'SessionMemory')]
Deserializing unregistered type router.PerceptionResult from checkpoint. This will be blocked in a future version. Add to allowed_msgpack_modules to silence: [('router', 'PerceptionResult')]
Deserializing unregistered type router.RouteDecision from checkpoint. This will be blocked in a future version. Add to allowed_msgpack_modules to silence: [('router', 'RouteDecision')]
2026-04-14 14:58:15,698 - SessionLogger - INFO - [sim_FSM+Guardrail_P2_M-ELE-002_ec7d4c] Teacher: 正是这样，没有回路就无法形成持续的电流。

那么，为了让这些“堵车”的电子能顺利回到负极，你需要在电路里补上哪一部分连接呢？
2026-04-14 14:58:17,018 - SessionLogger - INFO - [sim_FSM+Guardrail_P2_M-ELE-002_ec7d4c] Student: 那我得再拿根导线，把灯泡的另一端连回电池的负极？这样它们就能转一圈回来了？
Deserializing unregistered type router.SessionMemory from checkpoint. This will be blocked in a future version. Add to allowed_msgpack_modules to silence: [('router', 'SessionMemory')]
Deserializing unregistered type router.PerceptionResult from checkpoint. This will be blocked in a future version. Add to allowed_msgpack_modules to silence: [('router', 'PerceptionResult')]
Deserializing unregistered type router.RouteDecision from checkpoint. This will be blocked in a future version. Add to allowed_msgpack_modules to silence: [('router', 'RouteDecision')]
2026-04-14 14:58:18,269 - SessionLogger - INFO - [sim_FSM+Guardrail_P3_M-ELE-002_4beb09] Teacher: 这个比喻很有趣，但光是一种能量波，而电流是电荷的定向移动。

想象一下公园里的环形跑道，如果出口被堵死了，后面的人还能源源不断地跑进去吗？
2026-04-14 14:58:18,854 - SessionLogger - INFO - [sim_Baseline_P3_M-ELE-002_dc9bb2] Teacher: 电荷可不是魔法，它不会凭空消失。如果只接一头，电荷跑进灯泡后没路可走，你觉得它们会去哪儿呢？
2026-04-14 14:58:19,905 - SessionLogger - INFO - [sim_FSM+Guardrail_P3_M-ELE-002_4beb09] Student: 呃……如果出口堵了，后面的人确实挤不进去。所以你是说，电也得有个“出口”让后面的电挤进来？
Deserializing unregistered type router.SessionMemory from checkpoint. This will be blocked in a future version. Add to allowed_msgpack_modules to silence: [('router', 'SessionMemory')]
Deserializing unregistered type router.PerceptionResult from checkpoint. This will be blocked in a future version. Add to allowed_msgpack_modules to silence: [('router', 'PerceptionResult')]
Deserializing unregistered type router.RouteDecision from checkpoint. This will be blocked in a future version. Add to allowed_msgpack_modules to silence: [('router', 'RouteDecision')]
2026-04-14 14:58:20,026 - SessionLogger - INFO - [sim_Baseline_P2_M-ELE-002_127fb3] Teacher: 哈哈，这个比喻很形象！电流确实是个“超级懒人”，只要有一条几乎不用费力的路（导线），它就不愿去挤那条阻力大的路（灯丝）。

既然绝大部分电流都走了导线，那你觉得流过灯丝的电流还足以让它发光吗？
2026-04-14 14:58:20,922 - SessionLogger - INFO - [sim_FSM_P3_M-ELE-002_c5249c] Teacher: 这就好比一个循环滑梯，人滑下来后，是不是得有人把他们送回顶端，滑梯才能一直转下去？
2026-04-14 14:58:21,505 - SessionLogger - INFO - [sim_Baseline_P2_M-ELE-002_127fb3] Student: 照这么说，灯丝里几乎没电流，那肯定就不亮了呗。
但我还是有点晕，之前不是说只要连上电池一端就有电吗？怎么现在又变成要挑路走了？
2026-04-14 14:58:21,505 - SessionLogger - INFO - [sim_Baseline_P2_M-ELE-002_127fb3] Session finished. Resolved: False
2026-04-14 14:58:21,505 - SessionLogger - INFO - [sim_Baseline_P1_M-BUO-001_1436b3] Starting session
2026-04-14 14:58:21,506 - SessionLogger - INFO - Initialized Session sim_Baseline_P1_M-BUO-001_1436b3 on Unknown for Unknown with version FSM+Guardrail
2026-04-14 14:58:22,664 - SessionLogger - INFO - [sim_Baseline_P1_M-BUO-001_1436b3] Student Opening: 老师，我觉得重的东西肯定会沉下去，轻的东西才会浮起来，这不是很明显吗？
2026-04-14 14:58:22,667 - SessionLogger - INFO - [sim_Baseline_P3_M-ELE-002_dc9bb2] Student: 呃……没路可走？那它们是不是就停在灯泡里了呀？反正只要进去过，灯应该就会亮一下吧？
Deserializing unregistered type router.SessionMemory from checkpoint. This will be blocked in a future version. Add to allowed_msgpack_modules to silence: [('router', 'SessionMemory')]
Deserializing unregistered type router.PerceptionResult from checkpoint. This will be blocked in a future version. Add to allowed_msgpack_modules to silence: [('router', 'PerceptionResult')]
Deserializing unregistered type router.RouteDecision from checkpoint. This will be blocked in a future version. Add to allowed_msgpack_modules to silence: [('router', 'RouteDecision')]
2026-04-14 14:58:24,126 - SessionLogger - INFO - [sim_FSM_P3_M-ELE-002_c5249c] Student: 噢……所以电池就像那个把人送回去的电梯？那如果不连回负极，是不是就像滑梯下面没路了，人堆在那儿就卡住了？
Deserializing unregistered type router.SessionMemory from checkpoint. This will be blocked in a future version. Add to allowed_msgpack_modules to silence: [('router', 'SessionMemory')]
Deserializing unregistered type router.PerceptionResult from checkpoint. This will be blocked in a future version. Add to allowed_msgpack_modules to silence: [('router', 'PerceptionResult')]
Deserializing unregistered type router.RouteDecision from checkpoint. This will be blocked in a future version. Add to allowed_msgpack_modules to silence: [('router', 'RouteDecision')]
2026-04-14 14:58:26,497 - SessionLogger - INFO - [sim_Baseline_P3_M-ELE-002_dc9bb2] Teacher: 电荷确实会挤进去一点点，但就像往已经装满水的瓶子里硬塞水，很快就塞不进去了。既然电荷不再持续流动，你觉得灯丝还能一直保持高温发光吗？
2026-04-14 14:58:26,718 - SessionLogger - INFO - [sim_FSM+Guardrail_P3_M-ELE-002_4beb09] Teacher: 没错，电荷需要流动起来。既然正极是“入口”，那你觉得这个“出口”应该连到哪里，才能让电荷真正跑起来呢？
2026-04-14 14:58:28,075 - SessionLogger - INFO - [sim_FSM+Guardrail_P3_M-ELE-002_4beb09] Student: 出口？那……是连到负极吗？可是负极不是“进”的地方吗，怎么又变成“出”了？有点晕。
Deserializing unregistered type router.SessionMemory from checkpoint. This will be blocked in a future version. Add to allowed_msgpack_modules to silence: [('router', 'SessionMemory')]
Deserializing unregistered type router.PerceptionResult from checkpoint. This will be blocked in a future version. Add to allowed_msgpack_modules to silence: [('router', 'PerceptionResult')]
Deserializing unregistered type router.RouteDecision from checkpoint. This will be blocked in a future version. Add to allowed_msgpack_modules to silence: [('router', 'RouteDecision')]
2026-04-14 14:58:28,136 - SessionLogger - INFO - [sim_Baseline_P3_M-ELE-002_dc9bb2] Student: 塞不进去……那意思就是电“流”不过去了？可是老师，只要有一点点电挤进去，灯丝不应该也会热一下吗？为什么非要一直流才行啊？
Deserializing unregistered type router.SessionMemory from checkpoint. This will be blocked in a future version. Add to allowed_msgpack_modules to silence: [('router', 'SessionMemory')]
Deserializing unregistered type router.PerceptionResult from checkpoint. This will be blocked in a future version. Add to allowed_msgpack_modules to silence: [('router', 'PerceptionResult')]
Deserializing unregistered type router.RouteDecision from checkpoint. This will be blocked in a future version. Add to allowed_msgpack_modules to silence: [('router', 'RouteDecision')]
2026-04-14 14:58:28,692 - SessionLogger - INFO - [sim_Baseline_P1_M-BUO-001_1436b3] Teacher: 那为什么一艘几万吨重的钢铁巨轮能浮在海面上，而一颗小小的石子却会沉底呢？
2026-04-14 14:58:30,880 - SessionLogger - INFO - [sim_Baseline_P1_M-BUO-001_1436b3] Student: 船那么大，肯定是靠机器或者形状托住的，跟石头不一样。反正我觉得重的就是会沉，轻的才会浮，这是常识。
Deserializing unregistered type router.SessionMemory from checkpoint. This will be blocked in a future version. Add to allowed_msgpack_modules to silence: [('router', 'SessionMemory')]
Deserializing unregistered type router.PerceptionResult from checkpoint. This will be blocked in a future version. Add to allowed_msgpack_modules to silence: [('router', 'PerceptionResult')]
Deserializing unregistered type router.RouteDecision from checkpoint. This will be blocked in a future version. Add to allowed_msgpack_modules to silence: [('router', 'RouteDecision')]
2026-04-14 14:58:32,245 - SessionLogger - INFO - [sim_Baseline_P3_M-ELE-002_dc9bb2] Teacher: 那一瞬间确实会有一丁点亮，但太微弱且太快了，人眼根本捕捉不到。要想让灯丝持续保持几千度的高温发出强光，你觉得是需要“一次性”的冲击，还是源源不断的能量补充？
2026-04-14 14:58:32,245 - SessionLogger - INFO - [sim_Baseline_P3_M-ELE-002_dc9bb2] Extending max_turns by 3 because cognitive_state is '新概念探索'
2026-04-14 14:58:33,442 - SessionLogger - INFO - [sim_Baseline_P3_M-ELE-002_dc9bb2] Student: 源源不断……哦，所以得像水管一样一直有水流过才行？可是老师，如果只接一头，电为什么不能像倒水进杯子那样，一直往里灌呢？
Deserializing unregistered type router.SessionMemory from checkpoint. This will be blocked in a future version. Add to allowed_msgpack_modules to silence: [('router', 'SessionMemory')]
Deserializing unregistered type router.PerceptionResult from checkpoint. This will be blocked in a future version. Add to allowed_msgpack_modules to silence: [('router', 'PerceptionResult')]
Deserializing unregistered type router.RouteDecision from checkpoint. This will be blocked in a future version. Add to allowed_msgpack_modules to silence: [('router', 'RouteDecision')]
2026-04-14 14:58:34,805 - SessionLogger - INFO - [sim_FSM+Guardrail_P2_M-ELE-002_ec7d4c] Teacher: 这个想法很完整。你可以试着在脑海里（或者手上）把这条线连上，看看现在从电池正极出发，经过灯泡，再回到负极，这条路是不是彻底打通、没有断点了？
2026-04-14 14:58:34,893 - SessionLogger - INFO - [sim_FSM_P3_M-ELE-002_c5249c] Teacher: 这个比喻很形象。既然“人”（电荷）卡住了，那后面的“人”还能继续挤进灯泡吗？
2026-04-14 14:58:35,316 - SessionLogger - INFO - [sim_FSM+Guardrail_P3_M-ELE-002_4beb09] Teacher: 这种“进进出出”的说法确实容易让人晕，因为我们习惯把正负极看作起点和终点。

不如换个角度：如果把电池内部也看作路的一部分，电荷从正极出来后，要怎样才能最终回到负极，从而在电池内部再次被“推”出来呢？
2026-04-14 14:58:36,053 - SessionLogger - INFO - [sim_FSM+Guardrail_P2_M-ELE-002_ec7d4c] Student: 连上了！正极出来，过灯泡，再回负极，确实是个完整的圈。所以只要路通了，灯泡就能亮，对吧？
Deserializing unregistered type router.SessionMemory from checkpoint. This will be blocked in a future version. Add to allowed_msgpack_modules to silence: [('router', 'SessionMemory')]
Deserializing unregistered type router.PerceptionResult from checkpoint. This will be blocked in a future version. Add to allowed_msgpack_modules to silence: [('router', 'PerceptionResult')]
Deserializing unregistered type router.RouteDecision from checkpoint. This will be blocked in a future version. Add to allowed_msgpack_modules to silence: [('router', 'RouteDecision')]
2026-04-14 14:58:47,042 - SessionLogger - INFO - [sim_FSM_P2_M-ELE-002_1ce717] Teacher: 这个“圈”确实很关键。那如果在这个圈的任意位置剪断一根导线，你觉得灯泡还会亮吗？
2026-04-14 14:58:47,042 - SessionLogger - INFO - [sim_FSM_P2_M-ELE-002_1ce717] Session finished. Resolved: True
2026-04-14 14:58:47,042 - SessionLogger - INFO - [sim_FSM_P1_M-BUO-001_aab64b] Starting session
2026-04-14 14:58:47,042 - SessionLogger - INFO - Initialized Session sim_FSM_P1_M-BUO-001_aab64b on Unknown for Unknown with version FSM+Guardrail
2026-04-14 14:58:48,278 - SessionLogger - INFO - [sim_FSM_P1_M-BUO-001_aab64b] Student Opening: 老师，我觉得重的东西肯定会沉下去，轻的东西才会浮起来，这不是很明显吗？
2026-04-14 14:58:48,287 - SessionLogger - INFO - [sim_FSM+Guardrail_P3_M-ELE-002_4beb09] Student: 哦……所以得连回负极，让它们在电池里转圈圈？可是灯泡只接了一头，电不是已经“给”出去了吗，为什么非要回去才行呀？
Deserializing unregistered type router.SessionMemory from checkpoint. This will be blocked in a future version. Add to allowed_msgpack_modules to silence: [('router', 'SessionMemory')]
Deserializing unregistered type router.PerceptionResult from checkpoint. This will be blocked in a future version. Add to allowed_msgpack_modules to silence: [('router', 'PerceptionResult')]
Deserializing unregistered type router.RouteDecision from checkpoint. This will be blocked in a future version. Add to allowed_msgpack_modules to silence: [('router', 'RouteDecision')]
2026-04-14 14:58:48,288 - SessionLogger - INFO - [sim_FSM_P3_M-ELE-002_c5249c] Student: 啊，那肯定挤不进去了，后面堵得死死的。所以……必须得连根线让电荷流回电池，灯泡才能一直亮？
Deserializing unregistered type router.SessionMemory from checkpoint. This will be blocked in a future version. Add to allowed_msgpack_modules to silence: [('router', 'SessionMemory')]
Deserializing unregistered type router.PerceptionResult from checkpoint. This will be blocked in a future version. Add to allowed_msgpack_modules to silence: [('router', 'PerceptionResult')]
Deserializing unregistered type router.RouteDecision from checkpoint. This will be blocked in a future version. Add to allowed_msgpack_modules to silence: [('router', 'RouteDecision')]
2026-04-14 14:58:48,303 - SessionLogger - INFO - [sim_Baseline_P1_M-BUO-001_1436b3] Teacher: 那如果把一大块木头和一颗小铁钉放在水里，谁重谁轻？它们分别是沉还是浮呢？
2026-04-14 14:58:49,918 - SessionLogger - INFO - [sim_Baseline_P1_M-BUO-001_1436b3] Student: 木头肯定比铁钉重啊，一大块木头那么沉。但是木头会浮起来，铁钉会沉下去，这……这说明不了什么，可能木头比较特殊吧。
Deserializing unregistered type router.SessionMemory from checkpoint. This will be blocked in a future version. Add to allowed_msgpack_modules to silence: [('router', 'SessionMemory')]
Deserializing unregistered type router.PerceptionResult from checkpoint. This will be blocked in a future version. Add to allowed_msgpack_modules to silence: [('router', 'PerceptionResult')]
Deserializing unregistered type router.RouteDecision from checkpoint. This will be blocked in a future version. Add to allowed_msgpack_modules to silence: [('router', 'RouteDecision')]
2026-04-14 14:59:02,691 - SessionLogger - INFO - [sim_FSM+Guardrail_P2_M-ELE-002_ec7d4c] Teacher: 听起来逻辑很通顺。

那你可以实际连一下看看，当这个“圈”真正闭合时，灯泡是不是如你所料亮起来了？
2026-04-14 14:59:02,691 - SessionLogger - INFO - [sim_FSM+Guardrail_P2_M-ELE-002_ec7d4c] Session finished. Resolved: True
2026-04-14 14:59:02,691 - SessionLogger - INFO - [sim_FSM+Guardrail_P1_M-BUO-001_af3735] Starting session
2026-04-14 14:59:02,691 - SessionLogger - INFO - Initialized Session sim_FSM+Guardrail_P1_M-BUO-001_af3735 on Unknown for Unknown with version FSM+Guardrail
2026-04-14 14:59:04,392 - SessionLogger - INFO - [sim_FSM+Guardrail_P1_M-BUO-001_af3735] Student Opening: 老师，我觉得重的东西肯定沉，轻的东西才浮，这不是很明显吗？
2026-04-14 14:59:14,528 - SessionLogger - INFO - [sim_FSM_P3_M-ELE-002_c5249c] Teacher: 没错，只有路通了，电荷才能持续流动。那你现在看看手里的实物连接，电流从正极出来后，真的有一条完整的路径让它流回负极吗？
2026-04-14 14:59:14,528 - SessionLogger - INFO - [sim_FSM_P3_M-ELE-002_c5249c] Session finished. Resolved: True
2026-04-14 14:59:14,529 - SessionLogger - INFO - [sim_Baseline_P2_M-BUO-001_ec3bdd] Starting session
2026-04-14 14:59:14,529 - SessionLogger - INFO - Initialized Session sim_Baseline_P2_M-BUO-001_ec3bdd on Unknown for Unknown with version FSM+Guardrail
2026-04-14 14:59:15,941 - SessionLogger - INFO - [sim_Baseline_P2_M-BUO-001_ec3bdd] Student Opening: 老师，我觉得只要东西够重就肯定会沉下去，毕竟重的东西压得住水嘛，轻的才会浮起来。
2026-04-14 14:59:15,978 - SessionLogger - INFO - [sim_Baseline_P1_M-BUO-001_1436b3] Teacher: 如果我把木头和铁块切成同样大小的一块，这时候谁更重？再把它们放进水里试试，结果会变吗？
2026-04-14 14:59:16,843 - SessionLogger - INFO - [sim_Baseline_P3_M-ELE-002_dc9bb2] Teacher: 杯子能一直灌水，是因为溢出的水流走了或者杯底有出口。如果灯泡另一端是断开的，电荷越积越多产生排斥力，你觉得后来的电荷还挤得进去吗？
2026-04-14 14:59:18,166 - SessionLogger - INFO - [sim_FSM+Guardrail_P3_M-ELE-002_4beb09] Teacher: 这确实很反直觉，因为我们平时觉得东西“给”出去就完事了。

但电荷不像是一次性消耗品，更像是在管道里循环流动的水。如果只接一头，就像水管只开了进水阀却没接通回水管，你觉得里面的水（电荷）能持续流过去点亮灯泡吗？
2026-04-14 14:59:20,008 - SessionLogger - INFO - [sim_Baseline_P3_M-ELE-002_dc9bb2] Student: 排斥力……是说后来的电荷被前面的挡住了吗？那如果我把灯泡另一端也接上，它们是不是就有地方“流走”，不会堵在那儿了？
Deserializing unregistered type router.SessionMemory from checkpoint. This will be blocked in a future version. Add to allowed_msgpack_modules to silence: [('router', 'SessionMemory')]
Deserializing unregistered type router.PerceptionResult from checkpoint. This will be blocked in a future version. Add to allowed_msgpack_modules to silence: [('router', 'PerceptionResult')]
Deserializing unregistered type router.RouteDecision from checkpoint. This will be blocked in a future version. Add to allowed_msgpack_modules to silence: [('router', 'RouteDecision')]
2026-04-14 14:59:20,061 - SessionLogger - INFO - [sim_Baseline_P1_M-BUO-001_1436b3] Student: 那肯定是铁块更重啊，铁本来就比木头重。重的铁块沉下去，轻的木头浮起来，这不正好证明了我说的“重物必沉”吗？
Deserializing unregistered type router.SessionMemory from checkpoint. This will be blocked in a future version. Add to allowed_msgpack_modules to silence: [('router', 'SessionMemory')]
Deserializing unregistered type router.PerceptionResult from checkpoint. This will be blocked in a future version. Add to allowed_msgpack_modules to silence: [('router', 'PerceptionResult')]
Deserializing unregistered type router.RouteDecision from checkpoint. This will be blocked in a future version. Add to allowed_msgpack_modules to silence: [('router', 'RouteDecision')]
2026-04-14 14:59:20,277 - SessionLogger - INFO - [sim_FSM_P1_M-BUO-001_aab64b] Teacher: 那为什么几万吨重的钢铁巨轮能浮在海面上，而一枚小小的铁钉却会沉入水底呢？
2026-04-14 14:59:21,798 - SessionLogger - INFO - [sim_FSM_P1_M-BUO-001_aab64b] Student: 那……那是因为它里面是空的，所以它其实很“轻”啊。铁钉是实心的，肯定比那个空壳重，重的当然就沉了。
Deserializing unregistered type router.SessionMemory from checkpoint. This will be blocked in a future version. Add to allowed_msgpack_modules to silence: [('router', 'SessionMemory')]
Deserializing unregistered type router.PerceptionResult from checkpoint. This will be blocked in a future version. Add to allowed_msgpack_modules to silence: [('router', 'PerceptionResult')]
Deserializing unregistered type router.RouteDecision from checkpoint. This will be blocked in a future version. Add to allowed_msgpack_modules to silence: [('router', 'RouteDecision')]
2026-04-14 14:59:22,060 - SessionLogger - INFO - [sim_FSM+Guardrail_P1_M-BUO-001_af3735] Teacher: 那如果按这个说法，几万吨重的钢铁巨轮扔进海里，岂不是应该像石头一样立刻沉到海底？
2026-04-14 14:59:22,992 - SessionLogger - INFO - [sim_FSM+Guardrail_P3_M-ELE-002_4beb09] Student: 水管……如果另一头堵着，水确实流不动，只会憋在那里。所以你的意思是，电也得像水一样，必须有个完整的圈才能一直流？
Deserializing unregistered type router.SessionMemory from checkpoint. This will be blocked in a future version. Add to allowed_msgpack_modules to silence: [('router', 'SessionMemory')]
Deserializing unregistered type router.PerceptionResult from checkpoint. This will be blocked in a future version. Add to allowed_msgpack_modules to silence: [('router', 'PerceptionResult')]
Deserializing unregistered type router.RouteDecision from checkpoint. This will be blocked in a future version. Add to allowed_msgpack_modules to silence: [('router', 'RouteDecision')]
2026-04-14 14:59:23,917 - SessionLogger - INFO - [sim_Baseline_P3_M-ELE-002_dc9bb2] Teacher: 没错，接通后电荷就能形成回路持续流动了。既然电荷能顺畅地“流”过灯丝，你觉得在这个过程中，灯丝会对电荷的流动产生阻碍吗？
2026-04-14 14:59:24,261 - SessionLogger - INFO - [sim_FSM+Guardrail_P1_M-BUO-001_af3735] Student: 那肯定是因为船是空心的啊，里面全是空气，所以它其实很轻。实心的一大块铁扔进去绝对会沉底，这没得辩。
Deserializing unregistered type router.SessionMemory from checkpoint. This will be blocked in a future version. Add to allowed_msgpack_modules to silence: [('router', 'SessionMemory')]
Deserializing unregistered type router.PerceptionResult from checkpoint. This will be blocked in a future version. Add to allowed_msgpack_modules to silence: [('router', 'PerceptionResult')]
Deserializing unregistered type router.RouteDecision from checkpoint. This will be blocked in a future version. Add to allowed_msgpack_modules to silence: [('router', 'RouteDecision')]
2026-04-14 14:59:25,271 - SessionLogger - INFO - [sim_Baseline_P2_M-BUO-001_ec3bdd] Teacher: 那万吨巨轮可是用钢铁做的，比很多小石头都重得多，为什么它能浮在海面上，而小石子却沉下去了呢？
2026-04-14 14:59:25,274 - SessionLogger - INFO - [sim_Baseline_P3_M-ELE-002_dc9bb2] Student: 阻碍？应该会吧，毕竟灯丝那么细。可是老师，既然有阻碍，电为什么还能硬挤过去让灯亮起来呢？
Deserializing unregistered type router.SessionMemory from checkpoint. This will be blocked in a future version. Add to allowed_msgpack_modules to silence: [('router', 'SessionMemory')]
Deserializing unregistered type router.PerceptionResult from checkpoint. This will be blocked in a future version. Add to allowed_msgpack_modules to silence: [('router', 'PerceptionResult')]
Deserializing unregistered type router.RouteDecision from checkpoint. This will be blocked in a future version. Add to allowed_msgpack_modules to silence: [('router', 'RouteDecision')]
2026-04-14 14:59:25,604 - SessionLogger - INFO - [sim_Baseline_P1_M-BUO-001_1436b3] Teacher: 那如果我把这块沉底的橡皮泥捏成空心的小船形状，它的重量变了吗？再把它放进水里，它还会沉底吗？
2026-04-14 14:59:27,935 - SessionLogger - INFO - [sim_Baseline_P1_M-BUO-001_1436b3] Student: 重量肯定没变啊，橡皮泥还是那块橡皮泥，一点都没少。既然重量没变，它凭什么就能浮起来？我觉得它应该还是会沉下去的，形状能改变什么？
Deserializing unregistered type router.SessionMemory from checkpoint. This will be blocked in a future version. Add to allowed_msgpack_modules to silence: [('router', 'SessionMemory')]
Deserializing unregistered type router.PerceptionResult from checkpoint. This will be blocked in a future version. Add to allowed_msgpack_modules to silence: [('router', 'PerceptionResult')]
Deserializing unregistered type router.RouteDecision from checkpoint. This will be blocked in a future version. Add to allowed_msgpack_modules to silence: [('router', 'RouteDecision')]
2026-04-14 14:59:28,050 - SessionLogger - INFO - [sim_Baseline_P2_M-BUO-001_ec3bdd] Student: 呃……可是船里面是空的呀，跟实心的石头不一样吧？那如果我把那块小石头也挖空做成船的形状，它是不是也能浮起来？
Deserializing unregistered type router.SessionMemory from checkpoint. This will be blocked in a future version. Add to allowed_msgpack_modules to silence: [('router', 'SessionMemory')]
Deserializing unregistered type router.PerceptionResult from checkpoint. This will be blocked in a future version. Add to allowed_msgpack_modules to silence: [('router', 'PerceptionResult')]
Deserializing unregistered type router.RouteDecision from checkpoint. This will be blocked in a future version. Add to allowed_msgpack_modules to silence: [('router', 'RouteDecision')]
2026-04-14 14:59:30,187 - SessionLogger - INFO - [sim_Baseline_P3_M-ELE-002_dc9bb2] Teacher: 这种“硬挤”的过程其实非常剧烈，电荷与灯丝原子频繁碰撞。你觉得这种剧烈的摩擦和碰撞，会让灯丝的温度发生什么变化？
2026-04-14 14:59:31,855 - SessionLogger - INFO - [sim_FSM+Guardrail_P3_M-ELE-002_4beb09] Teacher: 没错，就是这个道理。如果路不通，电荷就没法持续流动。

那现在请你看看手里的灯泡，它的金属螺纹和底部的锡点，哪两个地方连起来，才能帮电荷画出这个完整的“圈”呢？
2026-04-14 14:59:31,855 - SessionLogger - INFO - [sim_FSM+Guardrail_P3_M-ELE-002_4beb09] Extending max_turns by 3 because cognitive_state is '新概念探索'
2026-04-14 14:59:32,225 - SessionLogger - INFO - [sim_Baseline_P1_M-BUO-001_1436b3] Teacher: 既然重量没变，那捏成船形后，它排开水的体积是变大了还是变小了？想想看，是什么力在托着它不让它下沉？
2026-04-14 14:59:32,738 - SessionLogger - INFO - [sim_Baseline_P3_M-ELE-002_dc9bb2] Student: 碰撞……那肯定会变热吧，就像我搓手会发热一样？所以灯丝是因为变得特别特别烫，最后才亮起来的吗？
Deserializing unregistered type router.SessionMemory from checkpoint. This will be blocked in a future version. Add to allowed_msgpack_modules to silence: [('router', 'SessionMemory')]
Deserializing unregistered type router.PerceptionResult from checkpoint. This will be blocked in a future version. Add to allowed_msgpack_modules to silence: [('router', 'PerceptionResult')]
Deserializing unregistered type router.RouteDecision from checkpoint. This will be blocked in a future version. Add to allowed_msgpack_modules to silence: [('router', 'RouteDecision')]
2026-04-14 14:59:33,141 - SessionLogger - INFO - [sim_FSM+Guardrail_P3_M-ELE-002_4beb09] Student: 啊……是不是得一个接螺纹，一个接底下的锡点？这样电才能从一边进去，穿过灯丝，再从另一边出来回到电池？
Deserializing unregistered type router.SessionMemory from checkpoint. This will be blocked in a future version. Add to allowed_msgpack_modules to silence: [('router', 'SessionMemory')]
Deserializing unregistered type router.PerceptionResult from checkpoint. This will be blocked in a future version. Add to allowed_msgpack_modules to silence: [('router', 'PerceptionResult')]
Deserializing unregistered type router.RouteDecision from checkpoint. This will be blocked in a future version. Add to allowed_msgpack_modules to silence: [('router', 'RouteDecision')]
2026-04-14 14:59:34,291 - SessionLogger - INFO - [sim_Baseline_P2_M-BUO-001_ec3bdd] Teacher: 这个想法很有趣！你可以试着想象一下，如果把同样大小的实心铁块和挖空的铁盒分别放入水中，它们排开的水的体积会有什么不同？
2026-04-14 14:59:35,678 - SessionLogger - INFO - [sim_Baseline_P2_M-BUO-001_ec3bdd] Student: 挖空的铁盒体积大，排开的水肯定更多……难道是因为排开的水多了，水给的托力就变大了？
Deserializing unregistered type router.SessionMemory from checkpoint. This will be blocked in a future version. Add to allowed_msgpack_modules to silence: [('router', 'SessionMemory')]
Deserializing unregistered type router.PerceptionResult from checkpoint. This will be blocked in a future version. Add to allowed_msgpack_modules to silence: [('router', 'PerceptionResult')]
Deserializing unregistered type router.RouteDecision from checkpoint. This will be blocked in a future version. Add to allowed_msgpack_modules to silence: [('router', 'RouteDecision')]
2026-04-14 14:59:35,890 - SessionLogger - INFO - [sim_Baseline_P1_M-BUO-001_1436b3] Student: 排开水的体积变大又怎么样？重量还是那个重量啊。我觉得是船的形状让它“卡”在水面上了，跟排开多少水没关系，重的东西就是会往下掉。
Deserializing unregistered type router.SessionMemory from checkpoint. This will be blocked in a future version. Add to allowed_msgpack_modules to silence: [('router', 'SessionMemory')]
Deserializing unregistered type router.PerceptionResult from checkpoint. This will be blocked in a future version. Add to allowed_msgpack_modules to silence: [('router', 'PerceptionResult')]
Deserializing unregistered type router.RouteDecision from checkpoint. This will be blocked in a future version. Add to allowed_msgpack_modules to silence: [('router', 'RouteDecision')]
2026-04-14 14:59:36,688 - SessionLogger - INFO - [sim_Baseline_P3_M-ELE-002_dc9bb2] Teacher: 没错，就像烧红的铁块会发光一样。那如果电路断开了，电荷没法持续“搓”灯丝，你觉得它还能保持这种高温发光的状态吗？
2026-04-14 14:59:39,433 - SessionLogger - INFO - [sim_Baseline_P3_M-ELE-002_dc9bb2] Student: 应该不行吧，没电“搓”它，热量散掉了肯定就凉了。所以……必须得让电荷一直不停地在那儿挤来挤去，灯才能一直亮着？
Deserializing unregistered type router.SessionMemory from checkpoint. This will be blocked in a future version. Add to allowed_msgpack_modules to silence: [('router', 'SessionMemory')]
Deserializing unregistered type router.PerceptionResult from checkpoint. This will be blocked in a future version. Add to allowed_msgpack_modules to silence: [('router', 'PerceptionResult')]
Deserializing unregistered type router.RouteDecision from checkpoint. This will be blocked in a future version. Add to allowed_msgpack_modules to silence: [('router', 'RouteDecision')]
2026-04-14 14:59:39,584 - SessionLogger - INFO - [sim_FSM_P1_M-BUO-001_aab64b] Teacher: 如果往轮船里装满货物，它的总重量增加了几千吨，变得更“重”了，按你的说法，它是不是应该立刻沉到海底去？
2026-04-14 14:59:39,665 - SessionLogger - INFO - [sim_Baseline_P2_M-BUO-001_ec3bdd] Teacher: 没错，排开的水越多，受到的浮力确实越大。那你想想，如果这个铁盒里再装满沙子，让它变得非常重，它还会一直浮着吗？
2026-04-14 14:59:40,701 - SessionLogger - INFO - [sim_FSM_P1_M-BUO-001_aab64b] Student: 那……那是因为它还没装满到极限嘛。只要它还能浮着，就说明它其实还是“轻”的，没超过那个限度。
Deserializing unregistered type router.SessionMemory from checkpoint. This will be blocked in a future version. Add to allowed_msgpack_modules to silence: [('router', 'SessionMemory')]
Deserializing unregistered type router.PerceptionResult from checkpoint. This will be blocked in a future version. Add to allowed_msgpack_modules to silence: [('router', 'PerceptionResult')]
Deserializing unregistered type router.RouteDecision from checkpoint. This will be blocked in a future version. Add to allowed_msgpack_modules to silence: [('router', 'RouteDecision')]
2026-04-14 14:59:41,648 - SessionLogger - INFO - [sim_Baseline_P2_M-BUO-001_ec3bdd] Student: 如果沙子装太多，它肯定会沉下去的……所以是不是说，光看排开水的体积还不够，还得看这时候浮力能不能“扛得住”它的重量？
Deserializing unregistered type router.SessionMemory from checkpoint. This will be blocked in a future version. Add to allowed_msgpack_modules to silence: [('router', 'SessionMemory')]
Deserializing unregistered type router.PerceptionResult from checkpoint. This will be blocked in a future version. Add to allowed_msgpack_modules to silence: [('router', 'PerceptionResult')]
Deserializing unregistered type router.RouteDecision from checkpoint. This will be blocked in a future version. Add to allowed_msgpack_modules to silence: [('router', 'RouteDecision')]
2026-04-14 14:59:43,643 - SessionLogger - INFO - [sim_Baseline_P1_M-BUO-001_1436b3] Teacher: 你试着把实心橡皮泥球慢慢按进水里，再试试把空心船按进水里，哪种情况感觉水给你的阻力（向上的托力）更大？
2026-04-14 14:59:43,644 - SessionLogger - INFO - [sim_Baseline_P1_M-BUO-001_1436b3] Extending max_turns by 3 because cognitive_state is '新概念探索'
2026-04-14 14:59:44,291 - SessionLogger - INFO - [sim_Baseline_P3_M-ELE-002_dc9bb2] Teacher: 你说得很对，持续的“摩擦”才能维持高温和光亮。那要想让电荷能**一直**不停地挤过去，电路必须是断开的，还是必须形成一个完整的闭合回路呢？
2026-04-14 14:59:45,779 - SessionLogger - INFO - [sim_Baseline_P1_M-BUO-001_1436b3] Student: 好像空心船按下去的时候，手确实感觉更费劲一点……但这肯定是因为船占的地方大，水挤得慌，跟它能不能浮起来没关系吧？重量没变就是没变啊。
Deserializing unregistered type router.SessionMemory from checkpoint. This will be blocked in a future version. Add to allowed_msgpack_modules to silence: [('router', 'SessionMemory')]
Deserializing unregistered type router.PerceptionResult from checkpoint. This will be blocked in a future version. Add to allowed_msgpack_modules to silence: [('router', 'PerceptionResult')]
Deserializing unregistered type router.RouteDecision from checkpoint. This will be blocked in a future version. Add to allowed_msgpack_modules to silence: [('router', 'RouteDecision')]
2026-04-14 14:59:46,120 - SessionLogger - INFO - [sim_Baseline_P3_M-ELE-002_dc9bb2] Student: 那……应该是闭合的吧？如果断开了，电荷不就堵在那儿或者跑光了吗，没法一直挤了。
Deserializing unregistered type router.SessionMemory from checkpoint. This will be blocked in a future version. Add to allowed_msgpack_modules to silence: [('router', 'SessionMemory')]
Deserializing unregistered type router.PerceptionResult from checkpoint. This will be blocked in a future version. Add to allowed_msgpack_modules to silence: [('router', 'PerceptionResult')]
Deserializing unregistered type router.RouteDecision from checkpoint. This will be blocked in a future version. Add to allowed_msgpack_modules to silence: [('router', 'RouteDecision')]
2026-04-14 14:59:46,516 - SessionLogger - INFO - [sim_Baseline_P2_M-BUO-001_ec3bdd] Teacher: 你说得很对！那你能试着比较一下，当船漂浮在水面上时，它受到的浮力和它自身的总重量（包括船和货物）之间是什么关系吗？
2026-04-14 14:59:48,212 - SessionLogger - INFO - [sim_FSM+Guardrail_P1_M-BUO-001_af3735] Teacher: 那请问，一根巨大的原木漂在河上，它的重量肯定比一枚小小的铁钉重得多吧？按照你的逻辑，这根更重的原木是不是应该沉下去，而那枚更轻的铁钉反而应该浮起来？
2026-04-14 14:59:49,960 - SessionLogger - INFO - [sim_FSM+Guardrail_P1_M-BUO-001_af3735] Student: 那肯定是因为木头本身就是轻的东西，铁钉是重的东西啊。你不能拿木头和铁比，材质都不一样，这根本没法比。
Deserializing unregistered type router.SessionMemory from checkpoint. This will be blocked in a future version. Add to allowed_msgpack_modules to silence: [('router', 'SessionMemory')]
Deserializing unregistered type router.PerceptionResult from checkpoint. This will be blocked in a future version. Add to allowed_msgpack_modules to silence: [('router', 'PerceptionResult')]
Deserializing unregistered type router.RouteDecision from checkpoint. This will be blocked in a future version. Add to allowed_msgpack_modules to silence: [('router', 'RouteDecision')]
2026-04-14 14:59:50,184 - SessionLogger - INFO - [sim_Baseline_P2_M-BUO-001_ec3bdd] Student: 既然没沉下去也没浮上来，那应该是浮力刚好等于总重量吧？所以我之前觉得“重的必沉”是不对的，只要浮力够大，重的东西也能浮？
Deserializing unregistered type router.SessionMemory from checkpoint. This will be blocked in a future version. Add to allowed_msgpack_modules to silence: [('router', 'SessionMemory')]
Deserializing unregistered type router.PerceptionResult from checkpoint. This will be blocked in a future version. Add to allowed_msgpack_modules to silence: [('router', 'PerceptionResult')]
Deserializing unregistered type router.RouteDecision from checkpoint. This will be blocked in a future version. Add to allowed_msgpack_modules to silence: [('router', 'RouteDecision')]
2026-04-14 14:59:55,946 - SessionLogger - INFO - [sim_Baseline_P2_M-BUO-001_ec3bdd] Teacher: 太棒了！既然浮力能“扛住”重量，那为什么实心的铁块明明比空心的铁盒轻，却反而沉下去了呢？
2026-04-14 14:59:59,279 - SessionLogger - INFO - [sim_Baseline_P2_M-BUO-001_ec3bdd] Student: 啊？实心铁块比空心铁盒轻吗？可是平时拿在手里，实心的铁疙瘩感觉更沉手啊……老师您是不是指同样大小的情况下？
Deserializing unregistered type router.SessionMemory from checkpoint. This will be blocked in a future version. Add to allowed_msgpack_modules to silence: [('router', 'SessionMemory')]
Deserializing unregistered type router.PerceptionResult from checkpoint. This will be blocked in a future version. Add to allowed_msgpack_modules to silence: [('router', 'PerceptionResult')]
Deserializing unregistered type router.RouteDecision from checkpoint. This will be blocked in a future version. Add to allowed_msgpack_modules to silence: [('router', 'RouteDecision')]
2026-04-14 15:00:03,216 - SessionLogger - INFO - [sim_FSM+Guardrail_P1_M-BUO-001_af3735] Teacher: 那如果我们取同样大小的一块木头和一块铁，这时候它们的“材质”区别还在，但体积一样了。你觉得这时候决定谁沉谁浮的关键，还是它们各自的总重量吗？
2026-04-14 15:00:03,369 - SessionLogger - INFO - [sim_FSM_P1_M-BUO-001_aab64b] Teacher: 这块橡皮泥不管是捏成团还是捏成碗，它的重量变过吗？
2026-04-14 15:00:03,465 - SessionLogger - INFO - [sim_Baseline_P2_M-BUO-001_ec3bdd] Teacher: 哈哈，是我没说清楚，咱们假设它们用的一样多铁。既然材料一样重，为什么做成空心的盒子就能排开更多的水，从而获得更大的浮力呢？
2026-04-14 15:00:03,465 - SessionLogger - INFO - [sim_Baseline_P2_M-BUO-001_ec3bdd] Extending max_turns by 3 because cognitive_state is '新概念探索'
2026-04-14 15:00:04,955 - SessionLogger - INFO - [sim_FSM+Guardrail_P1_M-BUO-001_af3735] Student: 那铁肯定比木头重啊，所以铁沉。你看，最后还是因为铁更重才沉的嘛，这跟我说的没区别。
Deserializing unregistered type router.SessionMemory from checkpoint. This will be blocked in a future version. Add to allowed_msgpack_modules to silence: [('router', 'SessionMemory')]
Deserializing unregistered type router.PerceptionResult from checkpoint. This will be blocked in a future version. Add to allowed_msgpack_modules to silence: [('router', 'PerceptionResult')]
Deserializing unregistered type router.RouteDecision from checkpoint. This will be blocked in a future version. Add to allowed_msgpack_modules to silence: [('router', 'RouteDecision')]
2026-04-14 15:00:06,867 - SessionLogger - INFO - [sim_FSM_P1_M-BUO-001_aab64b] Student: 重量肯定没变啊，还是那块橡皮泥。但捏成碗就能浮起来，说明形状变了它就变“轻”了呗，不然怎么解释？
Deserializing unregistered type router.SessionMemory from checkpoint. This will be blocked in a future version. Add to allowed_msgpack_modules to silence: [('router', 'SessionMemory')]
Deserializing unregistered type router.PerceptionResult from checkpoint. This will be blocked in a future version. Add to allowed_msgpack_modules to silence: [('router', 'PerceptionResult')]
Deserializing unregistered type router.RouteDecision from checkpoint. This will be blocked in a future version. Add to allowed_msgpack_modules to silence: [('router', 'RouteDecision')]
2026-04-14 15:00:06,952 - SessionLogger - INFO - [sim_Baseline_P2_M-BUO-001_ec3bdd] Student: 哦，因为空心的话体积变大了，所以能“占”更多的水的位置？那是不是说明，只要我把东西做得足够大、足够空，哪怕它很重也能浮起来？
Deserializing unregistered type router.SessionMemory from checkpoint. This will be blocked in a future version. Add to allowed_msgpack_modules to silence: [('router', 'SessionMemory')]
Deserializing unregistered type router.PerceptionResult from checkpoint. This will be blocked in a future version. Add to allowed_msgpack_modules to silence: [('router', 'PerceptionResult')]
Deserializing unregistered type router.RouteDecision from checkpoint. This will be blocked in a future version. Add to allowed_msgpack_modules to silence: [('router', 'RouteDecision')]
2026-04-14 15:00:12,475 - SessionLogger - INFO - [sim_FSM+Guardrail_P1_M-BUO-001_af3735] Teacher: 既然你提到了“同样大小”，那我们就盯着这个条件：如果两个物体体积完全一样，是不是只要比较它们的轻重，就能准确判断谁沉谁浮了？
2026-04-14 15:00:13,825 - SessionLogger - INFO - [sim_FSM_P1_M-BUO-001_aab64b] Teacher: 既然重量完全没变，那捏成碗状后，它排开水的体积是变大了还是变小了？
2026-04-14 15:00:15,898 - SessionLogger - INFO - [sim_FSM+Guardrail_P1_M-BUO-001_af3735] Student: 对啊，体积一样的话，重的肯定沉，轻的肯定浮。这不就证明了我的观点吗？重的物体就是会下沉。
Deserializing unregistered type router.SessionMemory from checkpoint. This will be blocked in a future version. Add to allowed_msgpack_modules to silence: [('router', 'SessionMemory')]
Deserializing unregistered type router.PerceptionResult from checkpoint. This will be blocked in a future version. Add to allowed_msgpack_modules to silence: [('router', 'PerceptionResult')]
Deserializing unregistered type router.RouteDecision from checkpoint. This will be blocked in a future version. Add to allowed_msgpack_modules to silence: [('router', 'RouteDecision')]
2026-04-14 15:00:18,926 - SessionLogger - INFO - [sim_Baseline_P1_M-BUO-001_1436b3] Teacher: 既然你感觉到那个向上的托力变大了，那当这个托力大到什么程度时，橡皮泥就不再往下沉了呢？
2026-04-14 15:00:19,714 - SessionLogger - INFO - [sim_FSM_P1_M-BUO-001_aab64b] Student: 排开水的体积……应该是变大了吧，因为它占的地方大了。但这跟它浮起来有什么关系？反正重量没变，重的就该沉啊。
Deserializing unregistered type router.SessionMemory from checkpoint. This will be blocked in a future version. Add to allowed_msgpack_modules to silence: [('router', 'SessionMemory')]
Deserializing unregistered type router.PerceptionResult from checkpoint. This will be blocked in a future version. Add to allowed_msgpack_modules to silence: [('router', 'PerceptionResult')]
Deserializing unregistered type router.RouteDecision from checkpoint. This will be blocked in a future version. Add to allowed_msgpack_modules to silence: [('router', 'RouteDecision')]
2026-04-14 15:00:20,480 - SessionLogger - INFO - [sim_Baseline_P1_M-BUO-001_1436b3] Student: 托力再大也没用啊，橡皮泥那么重，肯定还是比水重。我觉得只要它比水重，不管托力多大，最后肯定还是会沉底的，这是常识。
Deserializing unregistered type router.SessionMemory from checkpoint. This will be blocked in a future version. Add to allowed_msgpack_modules to silence: [('router', 'SessionMemory')]
Deserializing unregistered type router.PerceptionResult from checkpoint. This will be blocked in a future version. Add to allowed_msgpack_modules to silence: [('router', 'PerceptionResult')]
Deserializing unregistered type router.RouteDecision from checkpoint. This will be blocked in a future version. Add to allowed_msgpack_modules to silence: [('router', 'RouteDecision')]
2026-04-14 15:00:30,303 - SessionLogger - INFO - [sim_FSM+Guardrail_P3_M-ELE-002_4beb09] Teacher: 正是这样！只有同时连接这两个点，电流才能穿过灯丝并回到电池。

那现在请你观察一下，你刚才尝试的连接方式里，有没有同时碰到这两个地方，形成一个完整的回路呢？
2026-04-14 15:00:30,304 - SessionLogger - INFO - [sim_FSM+Guardrail_P3_M-ELE-002_4beb09] Session finished. Resolved: True
2026-04-14 15:00:30,304 - SessionLogger - INFO - [sim_FSM_P2_M-BUO-001_d42ed7] Starting session
2026-04-14 15:00:30,304 - SessionLogger - INFO - Initialized Session sim_FSM_P2_M-BUO-001_d42ed7 on Unknown for Unknown with version FSM+Guardrail
2026-04-14 15:00:31,211 - SessionLogger - INFO - [sim_FSM_P2_M-BUO-001_d42ed7] Student Opening: 老师，我觉得只要东西够重就肯定会沉下去吧，毕竟轻的东西像羽毛才浮在水面上呀。
2026-04-14 15:00:34,089 - SessionLogger - INFO - [sim_Baseline_P1_M-BUO-001_1436b3] Teacher: 如果托力真的能大到和重力一样，你觉得橡皮泥还会继续往下掉吗？这时候它受力平衡了吗？
2026-04-14 15:00:36,156 - SessionLogger - INFO - [sim_FSM_P1_M-BUO-001_aab64b] Teacher: 既然向下的重力没变，那排开水的体积变大，是不是意味着水向上“托”它的力气也变大了？
2026-04-14 15:00:36,257 - SessionLogger - INFO - [sim_FSM+Guardrail_P1_M-BUO-001_af3735] Teacher: 好，那我们把目光从“谁更重”转移到水身上：既然这两个物体体积一样，它们排开的水量是不是也完全相同？
2026-04-14 15:00:37,872 - SessionLogger - INFO - [sim_Baseline_P1_M-BUO-001_1436b3] Student: 受力平衡是受力平衡，可它那么重，怎么可能停得住？我觉得只要比水重，它就一定会沉到底，托力根本抵消不了它的重量。
Deserializing unregistered type router.SessionMemory from checkpoint. This will be blocked in a future version. Add to allowed_msgpack_modules to silence: [('router', 'SessionMemory')]
Deserializing unregistered type router.PerceptionResult from checkpoint. This will be blocked in a future version. Add to allowed_msgpack_modules to silence: [('router', 'PerceptionResult')]
Deserializing unregistered type router.RouteDecision from checkpoint. This will be blocked in a future version. Add to allowed_msgpack_modules to silence: [('router', 'RouteDecision')]
2026-04-14 15:00:40,464 - SessionLogger - INFO - [sim_FSM+Guardrail_P1_M-BUO-001_af3735] Student: 排开的水量一样又怎么样？水还是水，它又不会变重。铁比水重，所以铁沉，这跟排开多少水没关系吧。
Deserializing unregistered type router.SessionMemory from checkpoint. This will be blocked in a future version. Add to allowed_msgpack_modules to silence: [('router', 'SessionMemory')]
Deserializing unregistered type router.PerceptionResult from checkpoint. This will be blocked in a future version. Add to allowed_msgpack_modules to silence: [('router', 'PerceptionResult')]
Deserializing unregistered type router.RouteDecision from checkpoint. This will be blocked in a future version. Add to allowed_msgpack_modules to silence: [('router', 'RouteDecision')]
2026-04-14 15:00:40,710 - SessionLogger - INFO - [sim_FSM_P1_M-BUO-001_aab64b] Student: 水哪有什么力气托它啊，它就是浮在那儿而已。反正我觉得只要东西重，水就托不住，肯定是别的原因。
Deserializing unregistered type router.SessionMemory from checkpoint. This will be blocked in a future version. Add to allowed_msgpack_modules to silence: [('router', 'SessionMemory')]
Deserializing unregistered type router.PerceptionResult from checkpoint. This will be blocked in a future version. Add to allowed_msgpack_modules to silence: [('router', 'PerceptionResult')]
Deserializing unregistered type router.RouteDecision from checkpoint. This will be blocked in a future version. Add to allowed_msgpack_modules to silence: [('router', 'RouteDecision')]
2026-04-14 15:00:43,556 - SessionLogger - INFO - [sim_Baseline_P1_M-BUO-001_1436b3] Teacher: 如果托力真的和重力一样大，合力为零，根据牛顿第一定律，物体会保持静止或匀速直线运动。

你觉得这时候它为什么“必须”要沉底，而不是停在水里某个位置呢？
2026-04-14 15:00:43,900 - SessionLogger - INFO - [sim_FSM_P2_M-BUO-001_d42ed7] Teacher: 那按照这个逻辑，一艘由钢铁制成、重达几万吨的巨轮，是不是刚一入水就应该立刻沉到海底去？
2026-04-14 15:00:45,192 - SessionLogger - INFO - [sim_FSM_P2_M-BUO-001_d42ed7] Student: 呃……可是巨轮确实没沉啊。那……是不是因为它体积特别大，所以虽然重，但还是能浮起来？
Deserializing unregistered type router.SessionMemory from checkpoint. This will be blocked in a future version. Add to allowed_msgpack_modules to silence: [('router', 'SessionMemory')]
Deserializing unregistered type router.PerceptionResult from checkpoint. This will be blocked in a future version. Add to allowed_msgpack_modules to silence: [('router', 'PerceptionResult')]
Deserializing unregistered type router.RouteDecision from checkpoint. This will be blocked in a future version. Add to allowed_msgpack_modules to silence: [('router', 'RouteDecision')]
2026-04-14 15:00:45,613 - SessionLogger - INFO - [sim_Baseline_P3_M-ELE-002_dc9bb2] Teacher: 太棒了！你抓住了关键：只有路通了，电荷才能源源不断地“挤”过去。

那现在试着想一下，如果我把电池的一头拔掉，电路断了，这时候电荷还能继续在那儿“搓”灯丝吗？
2026-04-14 15:00:45,709 - SessionLogger - INFO - [sim_Baseline_P1_M-BUO-001_1436b3] Student: 因为它是橡皮泥啊，是实心的，实心东西肯定沉。你光说受力平衡有什么用，它那么重，怎么可能悬在半空，这不科学。
Deserializing unregistered type router.SessionMemory from checkpoint. This will be blocked in a future version. Add to allowed_msgpack_modules to silence: [('router', 'SessionMemory')]
Deserializing unregistered type router.PerceptionResult from checkpoint. This will be blocked in a future version. Add to allowed_msgpack_modules to silence: [('router', 'PerceptionResult')]
Deserializing unregistered type router.RouteDecision from checkpoint. This will be blocked in a future version. Add to allowed_msgpack_modules to silence: [('router', 'RouteDecision')]
2026-04-14 15:00:47,893 - SessionLogger - INFO - [sim_Baseline_P3_M-ELE-002_dc9bb2] Student: 不能了吧……路都断了，电荷过不来，就没法继续“搓”了。所以之前我觉得只接一头就行，其实是错的？
Deserializing unregistered type router.SessionMemory from checkpoint. This will be blocked in a future version. Add to allowed_msgpack_modules to silence: [('router', 'SessionMemory')]
Deserializing unregistered type router.PerceptionResult from checkpoint. This will be blocked in a future version. Add to allowed_msgpack_modules to silence: [('router', 'PerceptionResult')]
Deserializing unregistered type router.RouteDecision from checkpoint. This will be blocked in a future version. Add to allowed_msgpack_modules to silence: [('router', 'RouteDecision')]
2026-04-14 15:00:47,919 - SessionLogger - INFO - [sim_Baseline_P2_M-BUO-001_ec3bdd] Teacher: 没错，就是这个道理！那你能试着解释一下，为什么钢铁造的巨轮虽然重达几万吨，却依然能稳稳地漂在海面上吗？
2026-04-14 15:00:49,697 - SessionLogger - INFO - [sim_Baseline_P1_M-BUO-001_1436b3] Teacher: 刚才我们不是把它捏成空心的“船”了吗？这时候它还是你嘴里那个“实心”的橡皮泥吗？
2026-04-14 15:00:49,930 - SessionLogger - INFO - [sim_FSM_P1_M-BUO-001_aab64b] Teacher: 其实水对物体确实有一个向上的托力，我们叫它浮力。

既然橡皮泥的重量没变，而捏成碗状后排开的水更多了，你觉得这时候向上的浮力是变______（大/小）了，从而让它能浮在水面上？
2026-04-14 15:00:49,977 - SessionLogger - INFO - [sim_FSM+Guardrail_P1_M-BUO-001_af3735] Teacher: 你说得对，水确实没变。但别忘了，水会对物体产生一个向上的托力（浮力）。既然排开的水量一样，说明它们受到的向上托力是______（相同/不同）的？
2026-04-14 15:00:51,427 - SessionLogger - INFO - [sim_Baseline_P1_M-BUO-001_1436b3] Student: 形状变了又怎样，里面的橡皮泥还是那么多，重量一点没少。只要重量没变，它就该沉下去，捏成船也只是暂时浮着，迟早要沉的。
Deserializing unregistered type router.SessionMemory from checkpoint. This will be blocked in a future version. Add to allowed_msgpack_modules to silence: [('router', 'SessionMemory')]
Deserializing unregistered type router.PerceptionResult from checkpoint. This will be blocked in a future version. Add to allowed_msgpack_modules to silence: [('router', 'PerceptionResult')]
Deserializing unregistered type router.RouteDecision from checkpoint. This will be blocked in a future version. Add to allowed_msgpack_modules to silence: [('router', 'RouteDecision')]
2026-04-14 15:00:52,440 - SessionLogger - INFO - [sim_Baseline_P2_M-BUO-001_ec3bdd] Student: 原来是这样！因为船虽然是钢铁做的，但它是空心的，体积特别大，排开的水多，所以受到的浮力就大到能托住它了。看来不能光看重量，还得看它“占”了多少地方。
Deserializing unregistered type router.SessionMemory from checkpoint. This will be blocked in a future version. Add to allowed_msgpack_modules to silence: [('router', 'SessionMemory')]
Deserializing unregistered type router.PerceptionResult from checkpoint. This will be blocked in a future version. Add to allowed_msgpack_modules to silence: [('router', 'PerceptionResult')]
Deserializing unregistered type router.RouteDecision from checkpoint. This will be blocked in a future version. Add to allowed_msgpack_modules to silence: [('router', 'RouteDecision')]
2026-04-14 15:00:52,786 - SessionLogger - INFO - [sim_Baseline_P3_M-ELE-002_dc9bb2] Teacher: 没错，只接一头就像水管只连了进水口没连出水口，水（电荷）流不起来。

那现在你想想，为了让电荷能持续流动去“搓”热灯丝，电池的正极和负极是不是都得参与到这个回路里？
2026-04-14 15:00:53,061 - SessionLogger - INFO - [sim_FSM+Guardrail_P1_M-BUO-001_af3735] Student: 相同就相同呗。但这有什么用？铁那么重，那点托力根本托不住它，所以它还是得沉下去啊。
Deserializing unregistered type router.SessionMemory from checkpoint. This will be blocked in a future version. Add to allowed_msgpack_modules to silence: [('router', 'SessionMemory')]
Deserializing unregistered type router.PerceptionResult from checkpoint. This will be blocked in a future version. Add to allowed_msgpack_modules to silence: [('router', 'PerceptionResult')]
Deserializing unregistered type router.RouteDecision from checkpoint. This will be blocked in a future version. Add to allowed_msgpack_modules to silence: [('router', 'RouteDecision')]
2026-04-14 15:00:53,957 - SessionLogger - INFO - [sim_FSM_P1_M-BUO-001_aab64b] Student: 变大就变大了呗，可它明明还是那么重啊。重的东西怎么可能被水托住？我不信光靠排开点水就能改变沉浮。
Deserializing unregistered type router.SessionMemory from checkpoint. This will be blocked in a future version. Add to allowed_msgpack_modules to silence: [('router', 'SessionMemory')]
Deserializing unregistered type router.PerceptionResult from checkpoint. This will be blocked in a future version. Add to allowed_msgpack_modules to silence: [('router', 'PerceptionResult')]
Deserializing unregistered type router.RouteDecision from checkpoint. This will be blocked in a future version. Add to allowed_msgpack_modules to silence: [('router', 'RouteDecision')]
2026-04-14 15:00:54,604 - SessionLogger - INFO - [sim_Baseline_P3_M-ELE-002_dc9bb2] Student: 噢……所以电池得像水泵一样，一头吸进来，另一头再送出去？如果只接一头，电荷就“卡”住动不了了，对吧？
2026-04-14 15:00:54,604 - SessionLogger - INFO - [sim_Baseline_P3_M-ELE-002_dc9bb2] Session finished. Resolved: False
2026-04-14 15:00:54,604 - SessionLogger - INFO - [sim_FSM+Guardrail_P2_M-BUO-001_0816b0] Starting session
2026-04-14 15:00:54,604 - SessionLogger - INFO - Initialized Session sim_FSM+Guardrail_P2_M-BUO-001_0816b0 on Unknown for Unknown with version FSM+Guardrail
2026-04-14 15:00:55,619 - SessionLogger - INFO - [sim_FSM+Guardrail_P2_M-BUO-001_0816b0] Student Opening: 老师，我觉得判断物体沉浮很简单啊，只要看重量就行了，重的东西肯定会沉下去，轻的才会浮起来，对吧？
2026-04-14 15:00:55,634 - SessionLogger - INFO - [sim_FSM_P2_M-BUO-001_d42ed7] Teacher: 没错，体积确实很关键。那如果我们把这块巨大的钢铁揉成一个实心小铁球，它的重量没变，但体积变小了，你觉得它还会浮在水面上吗？
2026-04-14 15:00:55,637 - SessionLogger - INFO - [sim_Baseline_P1_M-BUO-001_1436b3] Teacher: 既然重量没变，那为什么捏成船形后，它排开的水的体积变大了呢？

你觉得这多排开的水，对托力的大小会有影响吗？
2026-04-14 15:00:57,007 - SessionLogger - INFO - [sim_Baseline_P2_M-BUO-001_ec3bdd] Teacher: 总结得很到位！那如果这艘船在航行中不幸破损进水，原本“空心”的部分被水填满，你觉得它还能继续浮在水面上吗？为什么？
2026-04-14 15:00:57,599 - SessionLogger - INFO - [sim_Baseline_P1_M-BUO-001_1436b3] Student: 排开的水多有什么用，关键还是看它自己有多重。我觉得托力是固定的，跟排开多少水没关系，只要物体够重，托力就拉不住它。
Deserializing unregistered type router.SessionMemory from checkpoint. This will be blocked in a future version. Add to allowed_msgpack_modules to silence: [('router', 'SessionMemory')]
Deserializing unregistered type router.PerceptionResult from checkpoint. This will be blocked in a future version. Add to allowed_msgpack_modules to silence: [('router', 'PerceptionResult')]
Deserializing unregistered type router.RouteDecision from checkpoint. This will be blocked in a future version. Add to allowed_msgpack_modules to silence: [('router', 'RouteDecision')]
2026-04-14 15:00:58,142 - SessionLogger - INFO - [sim_FSM_P2_M-BUO-001_d42ed7] Student: 那肯定沉啊，实心铁球我试过，扔水里直接就下去了。所以……光看重量确实不对，还得看它占的地方大不大？
Deserializing unregistered type router.SessionMemory from checkpoint. This will be blocked in a future version. Add to allowed_msgpack_modules to silence: [('router', 'SessionMemory')]
Deserializing unregistered type router.PerceptionResult from checkpoint. This will be blocked in a future version. Add to allowed_msgpack_modules to silence: [('router', 'PerceptionResult')]
Deserializing unregistered type router.RouteDecision from checkpoint. This will be blocked in a future version. Add to allowed_msgpack_modules to silence: [('router', 'RouteDecision')]
2026-04-14 15:00:58,428 - SessionLogger - INFO - [sim_Baseline_P2_M-BUO-001_ec3bdd] Student: 那肯定就沉了呀！因为水进去了，船就变“实”了，排开的水变少，浮力不够托住这么重的船身，自然就沉底了。
Deserializing unregistered type router.SessionMemory from checkpoint. This will be blocked in a future version. Add to allowed_msgpack_modules to silence: [('router', 'SessionMemory')]
Deserializing unregistered type router.PerceptionResult from checkpoint. This will be blocked in a future version. Add to allowed_msgpack_modules to silence: [('router', 'PerceptionResult')]
Deserializing unregistered type router.RouteDecision from checkpoint. This will be blocked in a future version. Add to allowed_msgpack_modules to silence: [('router', 'RouteDecision')]
2026-04-14 15:01:03,775 - SessionLogger - INFO - [sim_Baseline_P2_M-BUO-001_ec3bdd] Teacher: 你说得对，进水后船变“实”了。不过仔细想想，这时候船的总重力发生了什么变化？
2026-04-14 15:01:05,364 - SessionLogger - INFO - [sim_FSM_P2_M-BUO-001_d42ed7] Teacher: 说得对，物体在水里“占的地方”（也就是排开水的体积）越大，水给它的向上托的力就越大。

那你想想，如果两个物体重量完全一样，但一个体积大，一个体积小，谁更容易被水“托”住而浮起来呢？
2026-04-14 15:01:08,141 - SessionLogger - INFO - [sim_Baseline_P2_M-BUO-001_ec3bdd] Student: 嗯……水进去了，船的总重量肯定变大了吧？毕竟里面装满了水，变得更重了，所以才会沉下去。
Deserializing unregistered type router.SessionMemory from checkpoint. This will be blocked in a future version. Add to allowed_msgpack_modules to silence: [('router', 'SessionMemory')]
Deserializing unregistered type router.PerceptionResult from checkpoint. This will be blocked in a future version. Add to allowed_msgpack_modules to silence: [('router', 'PerceptionResult')]
Deserializing unregistered type router.RouteDecision from checkpoint. This will be blocked in a future version. Add to allowed_msgpack_modules to silence: [('router', 'RouteDecision')]
2026-04-14 15:01:08,251 - SessionLogger - INFO - [sim_FSM_P2_M-BUO-001_d42ed7] Student: 那肯定是体积大的那个更容易浮起来吧？因为它排开的水更多，受到的托力也就更大。
Deserializing unregistered type router.SessionMemory from checkpoint. This will be blocked in a future version. Add to allowed_msgpack_modules to silence: [('router', 'SessionMemory')]
Deserializing unregistered type router.PerceptionResult from checkpoint. This will be blocked in a future version. Add to allowed_msgpack_modules to silence: [('router', 'PerceptionResult')]
Deserializing unregistered type router.RouteDecision from checkpoint. This will be blocked in a future version. Add to allowed_msgpack_modules to silence: [('router', 'RouteDecision')]
2026-04-14 15:01:09,854 - SessionLogger - INFO - [sim_FSM+Guardrail_P2_M-BUO-001_0816b0] Teacher: 那咱们想想，一艘几万吨重的钢铁巨轮，肯定比一枚小铁钉重得多吧？如果“重的就一定沉”，为什么巨轮能漂在水上，小铁钉反而会沉底呢？
2026-04-14 15:01:11,427 - SessionLogger - INFO - [sim_FSM+Guardrail_P2_M-BUO-001_0816b0] Student: 呃……这确实有点奇怪，巨轮那么重都能浮着。是不是因为它体积特别大，所以虽然重，但 somehow 变“轻”了？
Deserializing unregistered type router.SessionMemory from checkpoint. This will be blocked in a future version. Add to allowed_msgpack_modules to silence: [('router', 'SessionMemory')]
Deserializing unregistered type router.PerceptionResult from checkpoint. This will be blocked in a future version. Add to allowed_msgpack_modules to silence: [('router', 'PerceptionResult')]
Deserializing unregistered type router.RouteDecision from checkpoint. This will be blocked in a future version. Add to allowed_msgpack_modules to silence: [('router', 'RouteDecision')]
2026-04-14 15:01:11,548 - SessionLogger - INFO - [sim_Baseline_P2_M-BUO-001_ec3bdd] Teacher: 没错，总重力确实变大了。那这时候船还能排开和原来一样多的水吗？
2026-04-14 15:01:14,526 - SessionLogger - INFO - [sim_Baseline_P2_M-BUO-001_ec3bdd] Student: 好像……不太行？因为船身已经沉到水面以下了，没法再往下“挤”出更多的空间来排开水了吧？
Deserializing unregistered type router.SessionMemory from checkpoint. This will be blocked in a future version. Add to allowed_msgpack_modules to silence: [('router', 'SessionMemory')]
Deserializing unregistered type router.PerceptionResult from checkpoint. This will be blocked in a future version. Add to allowed_msgpack_modules to silence: [('router', 'PerceptionResult')]
Deserializing unregistered type router.RouteDecision from checkpoint. This will be blocked in a future version. Add to allowed_msgpack_modules to silence: [('router', 'RouteDecision')]
2026-04-14 15:01:24,860 - SessionLogger - INFO - [sim_FSM_P2_M-BUO-001_d42ed7] Teacher: 既然体积大能带来更大的向上托力，那为什么我们平时说“铁块会沉”，而把同样多的铁做成空心的船就能浮起来呢？这中间改变的关键因素是什么？
2026-04-14 15:01:24,861 - SessionLogger - INFO - [sim_FSM_P2_M-BUO-001_d42ed7] Session finished. Resolved: True
2026-04-14 15:01:24,861 - SessionLogger - INFO - [sim_Baseline_P3_M-BUO-001_ba0f05] Starting session
2026-04-14 15:01:24,861 - SessionLogger - INFO - Initialized Session sim_Baseline_P3_M-BUO-001_ba0f05 on Unknown for Unknown with version FSM+Guardrail
2026-04-14 15:01:26,334 - SessionLogger - INFO - [sim_Baseline_P3_M-BUO-001_ba0f05] Student Opening: 老师，为什么那么大的轮船能浮在水面上，而我扔个小石子它就沉下去了，难道不是因为重的东西就会沉底吗？
2026-04-14 15:01:26,354 - SessionLogger - INFO - [sim_Baseline_P2_M-BUO-001_ec3bdd] Teacher: 没错，排开水的体积已经到极限了（等于船壳体积），浮力没法再增加了。这时候，不断增大的总重力和这个“封顶”的浮力相比，谁更大呢？
2026-04-14 15:01:29,892 - SessionLogger - INFO - [sim_Baseline_P2_M-BUO-001_ec3bdd] Student: 那肯定是总重力更大啊，因为水一直在往里灌，重量一直加，但浮力已经到顶了，拉不住这么重的东西，所以就沉了。
Deserializing unregistered type router.SessionMemory from checkpoint. This will be blocked in a future version. Add to allowed_msgpack_modules to silence: [('router', 'SessionMemory')]
Deserializing unregistered type router.PerceptionResult from checkpoint. This will be blocked in a future version. Add to allowed_msgpack_modules to silence: [('router', 'PerceptionResult')]
Deserializing unregistered type router.RouteDecision from checkpoint. This will be blocked in a future version. Add to allowed_msgpack_modules to silence: [('router', 'RouteDecision')]
2026-04-14 15:01:34,681 - SessionLogger - INFO - [sim_Baseline_P3_M-BUO-001_ba0f05] Teacher: 如果只看重量，那确实重的容易沉。但你想过没有，水对浸在里面的物体，是不是也有一个向上的托力呢？
2026-04-14 15:01:35,358 - SessionLogger - INFO - [sim_FSM_P1_M-BUO-001_aab64b] Teacher: 这就好比拔河比赛：虽然你的体重（重力）没变，但如果对方（浮力）的力气突然变得比你大，你是不是就被拉过去了？

所以，当浮力变大到______（大于/小于）重力时，物体就能浮起来。
2026-04-14 15:01:36,161 - SessionLogger - INFO - [sim_Baseline_P3_M-BUO-001_ba0f05] Student: 有是有……但那个托力能有多大呀？肯定托不住很重的东西吧，不然我手里的铁块怎么还是直直往下掉？
Deserializing unregistered type router.SessionMemory from checkpoint. This will be blocked in a future version. Add to allowed_msgpack_modules to silence: [('router', 'SessionMemory')]
Deserializing unregistered type router.PerceptionResult from checkpoint. This will be blocked in a future version. Add to allowed_msgpack_modules to silence: [('router', 'PerceptionResult')]
Deserializing unregistered type router.RouteDecision from checkpoint. This will be blocked in a future version. Add to allowed_msgpack_modules to silence: [('router', 'RouteDecision')]
2026-04-14 15:01:38,391 - SessionLogger - INFO - [sim_FSM+Guardrail_P2_M-BUO-001_0816b0] Teacher: 这个直觉很敏锐！那咱们做个思想实验：如果把这艘巨轮所有的钢板都拆下来，紧紧压成一个实心的大铁疙瘩（体积变得很小），你觉得它还能浮在水面上吗？
2026-04-14 15:01:39,632 - SessionLogger - INFO - [sim_FSM+Guardrail_P2_M-BUO-001_0816b0] Student: 肯定沉啊，变成实心铁块不就是个大铁坨子嘛，那肯定比小铁钉还容易沉。所以……是因为船中间是空的，才让它变“轻”了吗？
Deserializing unregistered type router.SessionMemory from checkpoint. This will be blocked in a future version. Add to allowed_msgpack_modules to silence: [('router', 'SessionMemory')]
Deserializing unregistered type router.PerceptionResult from checkpoint. This will be blocked in a future version. Add to allowed_msgpack_modules to silence: [('router', 'PerceptionResult')]
Deserializing unregistered type router.RouteDecision from checkpoint. This will be blocked in a future version. Add to allowed_msgpack_modules to silence: [('router', 'RouteDecision')]
2026-04-14 15:01:41,391 - SessionLogger - INFO - [sim_FSM_P1_M-BUO-001_aab64b] Student: 这比喻太牵强了，水是死的又不是活人，哪来的力气跟我拔河？反正我觉得重的就是会沉，不管你怎么说浮力变大，它那么重怎么可能浮起来。
Deserializing unregistered type router.SessionMemory from checkpoint. This will be blocked in a future version. Add to allowed_msgpack_modules to silence: [('router', 'SessionMemory')]
Deserializing unregistered type router.PerceptionResult from checkpoint. This will be blocked in a future version. Add to allowed_msgpack_modules to silence: [('router', 'PerceptionResult')]
Deserializing unregistered type router.RouteDecision from checkpoint. This will be blocked in a future version. Add to allowed_msgpack_modules to silence: [('router', 'RouteDecision')]
2026-04-14 15:01:41,829 - SessionLogger - INFO - [sim_FSM+Guardrail_P1_M-BUO-001_af3735] Teacher: 没错，因为铁受到的重力远大于那个相同的浮力。那如果有一个和铁块体积一样的木块，它受到的浮力和铁块一样，但它的重力比铁小得多，这时候重力就______（大于/小于）浮力，所以它能浮起来？
2026-04-14 15:01:42,013 - SessionLogger - INFO - [sim_Baseline_P3_M-BUO-001_ba0f05] Teacher: 你把手里的铁块捏成一个小碗的形状，再轻轻放在水面上试试？这时候它排开的水变多了还是变少了？
2026-04-14 15:01:43,213 - SessionLogger - INFO - [sim_FSM+Guardrail_P1_M-BUO-001_af3735] Student: 小于就小于呗。但这只能说明木头轻所以浮，铁重所以沉啊。这不还是证明了重的东西会下沉吗？
Deserializing unregistered type router.SessionMemory from checkpoint. This will be blocked in a future version. Add to allowed_msgpack_modules to silence: [('router', 'SessionMemory')]
Deserializing unregistered type router.PerceptionResult from checkpoint. This will be blocked in a future version. Add to allowed_msgpack_modules to silence: [('router', 'PerceptionResult')]
Deserializing unregistered type router.RouteDecision from checkpoint. This will be blocked in a future version. Add to allowed_msgpack_modules to silence: [('router', 'RouteDecision')]
2026-04-14 15:01:43,377 - SessionLogger - INFO - [sim_Baseline_P3_M-BUO-001_ba0f05] Student: 变成碗的话……它占的地方确实变大了，排开的水应该也变多了吧？但这跟它能不能浮起来有啥关系呢，铁还是那块铁呀，重量又没变。
Deserializing unregistered type router.SessionMemory from checkpoint. This will be blocked in a future version. Add to allowed_msgpack_modules to silence: [('router', 'SessionMemory')]
Deserializing unregistered type router.PerceptionResult from checkpoint. This will be blocked in a future version. Add to allowed_msgpack_modules to silence: [('router', 'PerceptionResult')]
Deserializing unregistered type router.RouteDecision from checkpoint. This will be blocked in a future version. Add to allowed_msgpack_modules to silence: [('router', 'RouteDecision')]
2026-04-14 15:01:46,614 - SessionLogger - INFO - [sim_Baseline_P3_M-BUO-001_ba0f05] Teacher: 没错，重量确实没变。但你想想，如果排开的水越多，水给你的那个向上“托力”是会变大还是变小呢？
2026-04-14 15:01:47,859 - SessionLogger - INFO - [sim_Baseline_P3_M-BUO-001_ba0f05] Student: 呃……排开的水多了，托力就会变大吗？可是水又不是弹簧，它怎么会因为我占的地方大就使劲托我呢？
Deserializing unregistered type router.SessionMemory from checkpoint. This will be blocked in a future version. Add to allowed_msgpack_modules to silence: [('router', 'SessionMemory')]
Deserializing unregistered type router.PerceptionResult from checkpoint. This will be blocked in a future version. Add to allowed_msgpack_modules to silence: [('router', 'PerceptionResult')]
Deserializing unregistered type router.RouteDecision from checkpoint. This will be blocked in a future version. Add to allowed_msgpack_modules to silence: [('router', 'RouteDecision')]
2026-04-14 15:01:48,378 - SessionLogger - INFO - [sim_FSM+Guardrail_P2_M-BUO-001_0816b0] Teacher: 没错，形状改变确实关键。但请注意，做成空心船后，它的总重量（钢板加货物）其实并没有减少，甚至可能更重了。

既然重量没变轻，那水对它的“托举力”（浮力）是怎么变大的呢？提示一下：船变成空心后，它排开的水的体积发生了什么变化？
2026-04-14 15:01:50,458 - SessionLogger - INFO - [sim_FSM+Guardrail_P2_M-BUO-001_0816b0] Student: 哦……变成空心后，它占的地方变大了，所以排开的水也变多了？难道是因为排开的水越多，水给的托举力就越大，跟物体本身的重量没关系？
Deserializing unregistered type router.SessionMemory from checkpoint. This will be blocked in a future version. Add to allowed_msgpack_modules to silence: [('router', 'SessionMemory')]
Deserializing unregistered type router.PerceptionResult from checkpoint. This will be blocked in a future version. Add to allowed_msgpack_modules to silence: [('router', 'PerceptionResult')]
Deserializing unregistered type router.RouteDecision from checkpoint. This will be blocked in a future version. Add to allowed_msgpack_modules to silence: [('router', 'RouteDecision')]
2026-04-14 15:01:51,791 - SessionLogger - INFO - [sim_FSM_P1_M-BUO-001_aab64b] Teacher: 确实，水不是人，但它有压力。你想想，万吨巨轮比铁钉重得多，但巨轮能浮着，铁钉却沉了。

这说明决定沉浮的不是绝对的“重”，而是看向上的托力能不能______（抵消/超过）向下的重力？
2026-04-14 15:01:51,937 - SessionLogger - INFO - [sim_FSM+Guardrail_P1_M-BUO-001_af3735] Teacher: 那如果我把这块铁敲打成空心的碗状，虽然它还是那么重，但因为它排开的水变多了，受到的浮力也变大了。当浮力增大到等于重力时，你觉得这个铁碗会______（沉底/漂浮）？
2026-04-14 15:01:52,083 - SessionLogger - INFO - [sim_Baseline_P3_M-BUO-001_ba0f05] Teacher: 想象一下，你排开的那部分水本来是在那里的，如果要把它“挤”走，是不是得费点力气？

你觉得这部分被挤走的水的重量，和你感受到的向上托力之间，会不会有什么联系？
2026-04-14 15:01:52,816 - SessionLogger - INFO - [sim_Baseline_P1_M-BUO-001_1436b3] Teacher: 如果托力是固定的，那为什么你用手把空心的橡皮泥船往水里按得越深，手感觉到的向上顶的力就越大呢？
2026-04-14 15:01:53,608 - SessionLogger - INFO - [sim_FSM_P1_M-BUO-001_aab64b] Student: 巨轮那是特例，它里面是空的啊！铁钉实心又小，肯定沉。我还是觉得重的东西就会沉，轻的才会浮，这跟抵消不抵消没关系。
Deserializing unregistered type router.SessionMemory from checkpoint. This will be blocked in a future version. Add to allowed_msgpack_modules to silence: [('router', 'SessionMemory')]
Deserializing unregistered type router.PerceptionResult from checkpoint. This will be blocked in a future version. Add to allowed_msgpack_modules to silence: [('router', 'PerceptionResult')]
Deserializing unregistered type router.RouteDecision from checkpoint. This will be blocked in a future version. Add to allowed_msgpack_modules to silence: [('router', 'RouteDecision')]
2026-04-14 15:01:55,899 - SessionLogger - INFO - [sim_FSM+Guardrail_P1_M-BUO-001_af3735] Student: 怎么可能？铁还是那块铁，重量一点没变，它肯定还是会沉底的。形状变了有什么用，重的东西就是会下沉。
Deserializing unregistered type router.SessionMemory from checkpoint. This will be blocked in a future version. Add to allowed_msgpack_modules to silence: [('router', 'SessionMemory')]
Deserializing unregistered type router.PerceptionResult from checkpoint. This will be blocked in a future version. Add to allowed_msgpack_modules to silence: [('router', 'PerceptionResult')]
Deserializing unregistered type router.RouteDecision from checkpoint. This will be blocked in a future version. Add to allowed_msgpack_modules to silence: [('router', 'RouteDecision')]
2026-04-14 15:01:56,309 - SessionLogger - INFO - [sim_Baseline_P3_M-BUO-001_ba0f05] Student: 挤走水要费力气……所以托力就是水的“反抗”？可是被挤走的水那么轻，怎么可能抵消掉铁块那么重的重量呢？我还是觉得不对劲。
Deserializing unregistered type router.SessionMemory from checkpoint. This will be blocked in a future version. Add to allowed_msgpack_modules to silence: [('router', 'SessionMemory')]
Deserializing unregistered type router.PerceptionResult from checkpoint. This will be blocked in a future version. Add to allowed_msgpack_modules to silence: [('router', 'PerceptionResult')]
Deserializing unregistered type router.RouteDecision from checkpoint. This will be blocked in a future version. Add to allowed_msgpack_modules to silence: [('router', 'RouteDecision')]
2026-04-14 15:01:57,633 - SessionLogger - INFO - [sim_Baseline_P1_M-BUO-001_1436b3] Student: 那肯定是因为你手按得太用力了，水只是被动地挡在那儿而已。这跟我说的重物必沉没关系，只要我松手，它那么重肯定还是得往下掉。
Deserializing unregistered type router.SessionMemory from checkpoint. This will be blocked in a future version. Add to allowed_msgpack_modules to silence: [('router', 'SessionMemory')]
Deserializing unregistered type router.PerceptionResult from checkpoint. This will be blocked in a future version. Add to allowed_msgpack_modules to silence: [('router', 'PerceptionResult')]
Deserializing unregistered type router.RouteDecision from checkpoint. This will be blocked in a future version. Add to allowed_msgpack_modules to silence: [('router', 'RouteDecision')]
2026-04-14 15:02:01,974 - SessionLogger - INFO - [sim_Baseline_P3_M-BUO-001_ba0f05] Teacher: 实心铁块排开的水确实很轻，但变成碗状后，它“挤走”的水的体积是不是变大了很多？

你试着比较一下：现在这个“大碗”排开的水的重量，和这块铁本身的重量相比，谁更大呢？
2026-04-14 15:02:02,659 - SessionLogger - INFO - [sim_FSM_P1_M-BUO-001_aab64b] Teacher: 其实，无论是实心还是空心，物体在水里只受两个力：向下的重力和向上的浮力。

如果浮力不足以______（平衡/超过）重力，物体就会下沉；反之则会上浮或漂浮。
2026-04-14 15:02:02,949 - SessionLogger - INFO - [sim_Baseline_P3_M-BUO-001_ba0f05] Student: 碗那么大，排开的水确实变多了……难道是说，只要排开的水的重量超过了铁块自己的重量，它就能浮起来？
Deserializing unregistered type router.SessionMemory from checkpoint. This will be blocked in a future version. Add to allowed_msgpack_modules to silence: [('router', 'SessionMemory')]
Deserializing unregistered type router.PerceptionResult from checkpoint. This will be blocked in a future version. Add to allowed_msgpack_modules to silence: [('router', 'PerceptionResult')]
Deserializing unregistered type router.RouteDecision from checkpoint. This will be blocked in a future version. Add to allowed_msgpack_modules to silence: [('router', 'RouteDecision')]
2026-04-14 15:02:03,445 - SessionLogger - INFO - [sim_Baseline_P1_M-BUO-001_1436b3] Teacher: 那你松手后，实心橡皮泥沉底了，而空心船却停在水面上没动，这说明此时水给船的托力和给实心块的托力一样吗？
2026-04-14 15:02:05,428 - SessionLogger - INFO - [sim_Baseline_P1_M-BUO-001_1436b3] Student: 那肯定不一样啊，实心块重，水给的托力小所以沉了；船轻（虽然我觉得它没变轻），水给的托力大所以浮着。这不正好说明重的东西托力小，轻的东西托力大吗？
2026-04-14 15:02:05,429 - SessionLogger - INFO - [sim_Baseline_P1_M-BUO-001_1436b3] Session finished. Resolved: False
2026-04-14 15:02:05,429 - SessionLogger - INFO - [sim_FSM_P3_M-BUO-001_52f105] Starting session
2026-04-14 15:02:05,429 - SessionLogger - INFO - Initialized Session sim_FSM_P3_M-BUO-001_52f105 on Unknown for Unknown with version FSM+Guardrail
2026-04-14 15:02:06,455 - SessionLogger - INFO - [sim_FSM_P3_M-BUO-001_52f105] Student Opening: 老师，我不明白，既然铁块那么重，它肯定会沉下去，那为什么超级重的航空母舰反而能浮在水面上呢？
2026-04-14 15:02:06,459 - SessionLogger - INFO - [sim_FSM_P1_M-BUO-001_aab64b] Student: 老师你一直在绕圈子，我就问一句：如果两个东西体积一样，一个重一个轻，重的肯定沉吧？所以还是重量决定的啊。
Deserializing unregistered type router.SessionMemory from checkpoint. This will be blocked in a future version. Add to allowed_msgpack_modules to silence: [('router', 'SessionMemory')]
Deserializing unregistered type router.PerceptionResult from checkpoint. This will be blocked in a future version. Add to allowed_msgpack_modules to silence: [('router', 'PerceptionResult')]
Deserializing unregistered type router.RouteDecision from checkpoint. This will be blocked in a future version. Add to allowed_msgpack_modules to silence: [('router', 'RouteDecision')]
2026-04-14 15:02:06,768 - SessionLogger - INFO - [sim_Baseline_P3_M-BUO-001_ba0f05] Teacher: 没错，这就是关键！当向上的“托力”（也就是排开水的重力）足以抵消铁块向下的重力时，会发生什么现象呢？
2026-04-14 15:02:06,769 - SessionLogger - INFO - [sim_Baseline_P3_M-BUO-001_ba0f05] Extending max_turns by 3 because cognitive_state is '新概念探索'
2026-04-14 15:02:08,176 - SessionLogger - INFO - [sim_Baseline_P3_M-BUO-001_ba0f05] Student: 那就是说……只要排开的水够重，托力就能把铁块“顶”住？所以我之前觉得重的东西一定沉，是因为没考虑到它其实可以“借”水的力来平衡自己？
Deserializing unregistered type router.SessionMemory from checkpoint. This will be blocked in a future version. Add to allowed_msgpack_modules to silence: [('router', 'SessionMemory')]
Deserializing unregistered type router.PerceptionResult from checkpoint. This will be blocked in a future version. Add to allowed_msgpack_modules to silence: [('router', 'PerceptionResult')]
Deserializing unregistered type router.RouteDecision from checkpoint. This will be blocked in a future version. Add to allowed_msgpack_modules to silence: [('router', 'RouteDecision')]
2026-04-14 15:02:10,365 - SessionLogger - INFO - [sim_FSM+Guardrail_P1_M-BUO-001_af3735] Teacher: 你说得对，铁的重量确实没变。但是做成空心后，它能排开更多的水，从而获得更大的向上托力。如果这个托力增大到和铁的重量一样大，互相抵消了，铁碗就会______（沉底/浮在水面）？
2026-04-14 15:02:11,254 - SessionLogger - INFO - [sim_FSM+Guardrail_P1_M-BUO-001_af3735] Student: 我还是不信。铁就是铁，不管你怎么弄，它那么重，怎么可能浮起来？肯定是沉底。
Deserializing unregistered type router.SessionMemory from checkpoint. This will be blocked in a future version. Add to allowed_msgpack_modules to silence: [('router', 'SessionMemory')]
Deserializing unregistered type router.PerceptionResult from checkpoint. This will be blocked in a future version. Add to allowed_msgpack_modules to silence: [('router', 'PerceptionResult')]
Deserializing unregistered type router.RouteDecision from checkpoint. This will be blocked in a future version. Add to allowed_msgpack_modules to silence: [('router', 'RouteDecision')]
2026-04-14 15:02:13,933 - SessionLogger - INFO - [sim_FSM+Guardrail_P2_M-BUO-001_0816b0] Teacher: 你说到了点子上！排开的水越多，向上的托举力确实越大。

不过，说“跟重量没关系”可能有点绝对了。你想想，如果这艘船继续往里面装货物，让它变得越来越重，但船身大小（排开水的体积）不变，最后会发生什么？
2026-04-14 15:02:15,443 - SessionLogger - INFO - [sim_FSM+Guardrail_P2_M-BUO-001_0816b0] Student: 那它肯定会一直往下沉，直到水漫进船里或者彻底沉底吧。所以……是不是只要排开水的体积不变，托举力就有个上限，重量超过这个限度就浮不住了？
Deserializing unregistered type router.SessionMemory from checkpoint. This will be blocked in a future version. Add to allowed_msgpack_modules to silence: [('router', 'SessionMemory')]
Deserializing unregistered type router.PerceptionResult from checkpoint. This will be blocked in a future version. Add to allowed_msgpack_modules to silence: [('router', 'PerceptionResult')]
Deserializing unregistered type router.RouteDecision from checkpoint. This will be blocked in a future version. Add to allowed_msgpack_modules to silence: [('router', 'RouteDecision')]
2026-04-14 15:02:15,644 - SessionLogger - INFO - [sim_FSM_P1_M-BUO-001_aab64b] Teacher: 你说得对，在体积相同的情况下，重的确实更容易沉。但这恰恰说明，单看重量是不够的，还得看它占了多少地方（体积）。

所以，判断沉浮时，我们不能只看重量，还要同时考虑______（体积/颜色）这个因素。
2026-04-14 15:02:16,916 - SessionLogger - INFO - [sim_FSM_P1_M-BUO-001_aab64b] Student: 体积有什么用？水又不会因为物体占地方大就变轻。反正只要够重，不管占多大地方都得沉底，这是常识。
2026-04-14 15:02:16,916 - SessionLogger - INFO - [sim_FSM_P1_M-BUO-001_aab64b] Session finished. Resolved: False
2026-04-14 15:02:16,916 - SessionLogger - INFO - [sim_FSM+Guardrail_P3_M-BUO-001_bcd1b3] Starting session
2026-04-14 15:02:16,917 - SessionLogger - INFO - Initialized Session sim_FSM+Guardrail_P3_M-BUO-001_bcd1b3 on Unknown for Unknown with version FSM+Guardrail
2026-04-14 15:02:17,870 - SessionLogger - INFO - [sim_FSM+Guardrail_P3_M-BUO-001_bcd1b3] Student Opening: 老师，为什么铁块扔水里就沉底了，但木头却能浮着？是不是因为铁比木头重太多了呀？
2026-04-14 15:02:20,333 - SessionLogger - INFO - [sim_FSM_P3_M-BUO-001_52f105] Teacher: 这确实很反直觉，因为我们平时总觉得“重物难留水面”。

但试想一下，如果把这艘航母压缩成一个实心的小铁球，**重量完全没变**，你觉得这个小铁球还能浮在水面上吗？
2026-04-14 15:02:21,208 - SessionLogger - INFO - [sim_FSM_P3_M-BUO-001_52f105] Student: 那肯定沉啊，铁那么重，变成球了更挤，肯定一下就掉底下了。
Deserializing unregistered type router.SessionMemory from checkpoint. This will be blocked in a future version. Add to allowed_msgpack_modules to silence: [('router', 'SessionMemory')]
Deserializing unregistered type router.PerceptionResult from checkpoint. This will be blocked in a future version. Add to allowed_msgpack_modules to silence: [('router', 'PerceptionResult')]
Deserializing unregistered type router.RouteDecision from checkpoint. This will be blocked in a future version. Add to allowed_msgpack_modules to silence: [('router', 'RouteDecision')]
2026-04-14 15:02:23,543 - SessionLogger - WARNING - LLM Judge blocked response. Reason: 助教在回复中直接陈述了轮船浮起的完整物理机制（空心结构、排开水多、浮力抵消重力），这直接给出了本题旨在让学生推导的最终物理结论。虽然最后有一个填空题，但前面的解释已经完全代替了学生思考‘为什么重物（钢铁）能浮起来’的关键逻辑推导过程，违反了‘不直接告诉学生最终物理结论’和‘不完全代替学生完成关键逻辑推导’的违规定义。
2026-04-14 15:02:31,041 - SessionLogger - INFO - [sim_FSM+Guardrail_P2_M-BUO-001_0816b0] Teacher: 你说得很对，这个“上限”确实存在。

那咱们再深入想一步：如果这艘船已经装满了货，吃水很深但还没沉，这时候我们把它从河里开到海里（海水密度比河水大），你觉得它受到的这个“托举力”上限会发生变化吗？
2026-04-14 15:02:31,041 - SessionLogger - INFO - [sim_FSM+Guardrail_P2_M-BUO-001_0816b0] Session finished. Resolved: True
2026-04-14 15:02:31,042 - SessionLogger - INFO - [sim_Baseline_P1_M-BUO-002_3ed027] Starting session
2026-04-14 15:02:31,042 - SessionLogger - INFO - Initialized Session sim_Baseline_P1_M-BUO-002_3ed027 on Unknown for Unknown with version FSM+Guardrail
2026-04-14 15:02:31,983 - SessionLogger - INFO - [sim_Baseline_P1_M-BUO-002_3ed027] Student Opening: 老师，我觉得浮力肯定跟深度有关啊，水越深压强越大，那托着物体的力不就应该越大吗？
2026-04-14 15:02:31,987 - SessionLogger - INFO - [sim_Baseline_P2_M-BUO-001_ec3bdd] Teacher: 总结得很到位！既然现在重力大于浮力，合力向下，船的运动状态会怎么改变？
2026-04-14 15:02:34,254 - SessionLogger - INFO - [sim_FSM+Guardrail_P1_M-BUO-001_af3735] Teacher: 这个直觉确实很顽固，因为我们在生活中很少见到铁浮起来。但请想象一下：如果把这个空心铁碗做得足够大，它排开的水就会非常多，产生的向上托力（浮力）也会非常大。当这个巨大的向上托力终于能抵消铁的重力时，你觉得铁碗会______（沉下去/浮起来）？
2026-04-14 15:02:35,306 - SessionLogger - INFO - [sim_Baseline_P2_M-BUO-001_ec3bdd] Student: 那肯定就是加速往下沉呗。合力向下，船自然就跟着往下掉，直到沉到水底为止。
Deserializing unregistered type router.SessionMemory from checkpoint. This will be blocked in a future version. Add to allowed_msgpack_modules to silence: [('router', 'SessionMemory')]
Deserializing unregistered type router.PerceptionResult from checkpoint. This will be blocked in a future version. Add to allowed_msgpack_modules to silence: [('router', 'PerceptionResult')]
Deserializing unregistered type router.RouteDecision from checkpoint. This will be blocked in a future version. Add to allowed_msgpack_modules to silence: [('router', 'RouteDecision')]
2026-04-14 15:02:36,704 - SessionLogger - INFO - [sim_FSM+Guardrail_P3_M-BUO-001_bcd1b3] Teacher: 这个直觉很自然，毕竟我们平时觉得重的东西确实难托住。

但如果按“越重越沉”的逻辑，那艘由钢铁制成、重达几万吨的巨轮，扔进海里岂不是应该像石头一样瞬间沉底？可它为什么能稳稳地浮在海面上呢？
2026-04-14 15:02:37,512 - SessionLogger - INFO - [sim_FSM+Guardrail_P1_M-BUO-001_af3735] Student: 不可能，铁就是比水重，不管碗多大，它还是铁做的，重的东西肯定沉。你光说托力抵消重力，但这在现实里根本不存在吧？
2026-04-14 15:02:37,512 - SessionLogger - INFO - [sim_FSM+Guardrail_P1_M-BUO-001_af3735] Session finished. Resolved: False
2026-04-14 15:02:37,512 - SessionLogger - INFO - [sim_FSM_P1_M-BUO-002_19b86c] Starting session
2026-04-14 15:02:37,513 - SessionLogger - INFO - Initialized Session sim_FSM_P1_M-BUO-002_19b86c on Unknown for Unknown with version FSM+Guardrail
2026-04-14 15:02:38,631 - SessionLogger - INFO - [sim_FSM_P1_M-BUO-002_19b86c] Student Opening: 老师，我觉得浮力肯定跟深度有关啊，水越深压强越大，那把东西按得越深，它受到的向上托的力不就越大吗？
2026-04-14 15:02:38,636 - SessionLogger - INFO - [sim_FSM+Guardrail_P3_M-BUO-001_bcd1b3] Student: 呃……可是轮船里面是空的呀，跟实心的铁块不一样吧？我觉得还是因为实心铁块太重了才沉下去的。
Deserializing unregistered type router.SessionMemory from checkpoint. This will be blocked in a future version. Add to allowed_msgpack_modules to silence: [('router', 'SessionMemory')]
Deserializing unregistered type router.PerceptionResult from checkpoint. This will be blocked in a future version. Add to allowed_msgpack_modules to silence: [('router', 'PerceptionResult')]
Deserializing unregistered type router.RouteDecision from checkpoint. This will be blocked in a future version. Add to allowed_msgpack_modules to silence: [('router', 'RouteDecision')]
2026-04-14 15:02:38,657 - SessionLogger - INFO - [sim_Baseline_P2_M-BUO-001_ec3bdd] Teacher: 没错，合力向下确实会让船加速下沉。那当船最终静止在水底时，除了重力和浮力，还有谁在托着它？
2026-04-14 15:02:38,662 - SessionLogger - INFO - [sim_FSM_P3_M-BUO-001_52f105] Teacher: 既然重量完全没变，只是形状从“空心大船”变成了“实心小球”就导致了下沉，这说明决定沉浮的关键，除了重量，还和什么因素有关呢？
2026-04-14 15:02:38,909 - SessionLogger - INFO - [sim_Baseline_P1_M-BUO-002_3ed027] Teacher: 你的直觉很敏锐，深度确实会影响压强。

但你想过没有，当物体完全没入水中继续下沉时，它**上表面**受到的向下压力和**下表面**受到的向上压力，是怎么变化的？
2026-04-14 15:02:39,651 - SessionLogger - INFO - [sim_FSM_P3_M-BUO-001_52f105] Student: 嗯……是不是跟它占的地方大小有关？可是老师，我还是有点乱，重量没变怎么会因为形状就变了呢？
Deserializing unregistered type router.SessionMemory from checkpoint. This will be blocked in a future version. Add to allowed_msgpack_modules to silence: [('router', 'SessionMemory')]
Deserializing unregistered type router.PerceptionResult from checkpoint. This will be blocked in a future version. Add to allowed_msgpack_modules to silence: [('router', 'PerceptionResult')]
Deserializing unregistered type router.RouteDecision from checkpoint. This will be blocked in a future version. Add to allowed_msgpack_modules to silence: [('router', 'RouteDecision')]
2026-04-14 15:02:39,736 - SessionLogger - INFO - [sim_Baseline_P2_M-BUO-001_ec3bdd] Student: 应该是水底对船的支持力吧？不然光靠那点浮力根本抵消不了重力，船肯定还会继续往下陷。
2026-04-14 15:02:39,737 - SessionLogger - INFO - [sim_Baseline_P2_M-BUO-001_ec3bdd] Session finished. Resolved: False
2026-04-14 15:02:39,737 - SessionLogger - INFO - [sim_FSM+Guardrail_P1_M-BUO-002_a61f81] Starting session
2026-04-14 15:02:39,737 - SessionLogger - INFO - Initialized Session sim_FSM+Guardrail_P1_M-BUO-002_a61f81 on Unknown for Unknown with version FSM+Guardrail
2026-04-14 15:02:40,853 - SessionLogger - INFO - [sim_FSM+Guardrail_P1_M-BUO-002_a61f81] Student Opening: 老师，我觉得浮力肯定跟深度有关啊，水越深压强越大，那把物体按得越深，它受到的向上托的力不就越大吗？
2026-04-14 15:02:41,904 - SessionLogger - INFO - [sim_Baseline_P1_M-BUO-002_3ed027] Student: 反正越深压强越大，那下面的压力肯定比上面大得更多啊，所以浮力就变大了呗。
Deserializing unregistered type router.SessionMemory from checkpoint. This will be blocked in a future version. Add to allowed_msgpack_modules to silence: [('router', 'SessionMemory')]
Deserializing unregistered type router.PerceptionResult from checkpoint. This will be blocked in a future version. Add to allowed_msgpack_modules to silence: [('router', 'PerceptionResult')]
Deserializing unregistered type router.RouteDecision from checkpoint. This will be blocked in a future version. Add to allowed_msgpack_modules to silence: [('router', 'RouteDecision')]
2026-04-14 15:02:48,188 - SessionLogger - INFO - [sim_FSM+Guardrail_P3_M-BUO-001_bcd1b3] Teacher: 你说得对，轮船确实是空心的。

那如果我们把这块实心小铁块，也敲打成同样大小的空心铁盒子，它的总重量其实比刚才更轻了（因为挖掉了一部分铁），你觉得这个更轻的空心铁盒子，是会像木头一样浮起来，还是会继续沉下去？
2026-04-14 15:02:49,018 - SessionLogger - INFO - [sim_Baseline_P3_M-BUO-001_ba0f05] Teacher: 你说得很对，浮力确实是在“借”水的力来平衡重力。

那么，如果这艘“铁船”里再装进很重的货物，为了保持平衡，它排开的水的体积会发生什么变化呢？
2026-04-14 15:02:50,213 - SessionLogger - INFO - [sim_Baseline_P1_M-BUO-002_3ed027] Teacher: 如果深度增加 1 米，上表面的压强增加了 $\rho g \times 1$，那你猜猜下表面的压强增加了多少？
2026-04-14 15:02:51,413 - SessionLogger - INFO - [sim_FSM_P3_M-BUO-001_52f105] Teacher: 你说得对，重量确实没变。

既然向下的重力没变，那一定是水给它的“向上托的力”发生了变化。你觉得是“空心大船”排开的水多，还是“实心小球”排开的水多？
2026-04-14 15:02:51,678 - SessionLogger - INFO - [sim_FSM+Guardrail_P3_M-BUO-001_bcd1b3] Student: 嗯……虽然变轻了，但它毕竟还是铁做的呀。我觉得可能还是会沉吧，只是沉得慢一点？
Deserializing unregistered type router.SessionMemory from checkpoint. This will be blocked in a future version. Add to allowed_msgpack_modules to silence: [('router', 'SessionMemory')]
Deserializing unregistered type router.PerceptionResult from checkpoint. This will be blocked in a future version. Add to allowed_msgpack_modules to silence: [('router', 'PerceptionResult')]
Deserializing unregistered type router.RouteDecision from checkpoint. This will be blocked in a future version. Add to allowed_msgpack_modules to silence: [('router', 'RouteDecision')]
2026-04-14 15:02:52,073 - SessionLogger - INFO - [sim_Baseline_P3_M-BUO-001_ba0f05] Student: 那船是不是得往下沉一点，多挤走一些水，才能让托力变大去平衡那些货物？
Deserializing unregistered type router.SessionMemory from checkpoint. This will be blocked in a future version. Add to allowed_msgpack_modules to silence: [('router', 'SessionMemory')]
Deserializing unregistered type router.PerceptionResult from checkpoint. This will be blocked in a future version. Add to allowed_msgpack_modules to silence: [('router', 'PerceptionResult')]
Deserializing unregistered type router.RouteDecision from checkpoint. This will be blocked in a future version. Add to allowed_msgpack_modules to silence: [('router', 'RouteDecision')]
2026-04-14 15:02:53,456 - SessionLogger - INFO - [sim_Baseline_P1_M-BUO-002_3ed027] Student: 那肯定也是增加 $\rho g \times 1$ 啊，因为深度都增加了嘛。但这不正好说明下面的压力变得更大，所以浮力更大了吗？
Deserializing unregistered type router.SessionMemory from checkpoint. This will be blocked in a future version. Add to allowed_msgpack_modules to silence: [('router', 'SessionMemory')]
Deserializing unregistered type router.PerceptionResult from checkpoint. This will be blocked in a future version. Add to allowed_msgpack_modules to silence: [('router', 'PerceptionResult')]
Deserializing unregistered type router.RouteDecision from checkpoint. This will be blocked in a future version. Add to allowed_msgpack_modules to silence: [('router', 'RouteDecision')]
2026-04-14 15:02:54,542 - SessionLogger - INFO - [sim_FSM_P3_M-BUO-001_52f105] Student: 应该是大船吧，因为它肚子空空的，占的地方大，挤走的水肯定多。所以……是因为水托它的力气变大了？
Deserializing unregistered type router.SessionMemory from checkpoint. This will be blocked in a future version. Add to allowed_msgpack_modules to silence: [('router', 'SessionMemory')]
Deserializing unregistered type router.PerceptionResult from checkpoint. This will be blocked in a future version. Add to allowed_msgpack_modules to silence: [('router', 'PerceptionResult')]
Deserializing unregistered type router.RouteDecision from checkpoint. This will be blocked in a future version. Add to allowed_msgpack_modules to silence: [('router', 'RouteDecision')]
2026-04-14 15:02:57,018 - SessionLogger - INFO - [sim_Baseline_P3_M-BUO-001_ba0f05] Teacher: 没错，吃水深度增加就是为了排开更多的水。

不过，如果货物一直加，直到船舷都和水面齐平了，这时候还能继续通过“下沉”来增加浮力吗？
2026-04-14 15:02:58,232 - SessionLogger - INFO - [sim_Baseline_P3_M-BUO-001_ba0f05] Student: 不能了吧？船都全浸在水里了，没法再排开更多的水来增加托力了。那这时候如果再加一点点货物，是不是因为托力不够，船就会直接沉底？
Deserializing unregistered type router.SessionMemory from checkpoint. This will be blocked in a future version. Add to allowed_msgpack_modules to silence: [('router', 'SessionMemory')]
Deserializing unregistered type router.PerceptionResult from checkpoint. This will be blocked in a future version. Add to allowed_msgpack_modules to silence: [('router', 'PerceptionResult')]
Deserializing unregistered type router.RouteDecision from checkpoint. This will be blocked in a future version. Add to allowed_msgpack_modules to silence: [('router', 'RouteDecision')]
2026-04-14 15:03:00,293 - SessionLogger - INFO - [sim_FSM_P1_M-BUO-002_19b86c] Teacher: 如果真是这样，那你把一个已经彻底没入水中的石头继续往水底按，你应该会感觉手需要的力气越来越小，甚至到最后石头会自己往上飘，是吗？
2026-04-14 15:03:00,496 - SessionLogger - INFO - [sim_Baseline_P1_M-BUO-002_3ed027] Teacher: 浮力其实是下表面向上的压力**减去**上表面向下的压力。

如果这两个压力都增加了完全一样的数值，你觉得它们的**差值**会变大、变小，还是保持不变？
2026-04-14 15:03:01,000 - SessionLogger - INFO - [sim_FSM+Guardrail_P1_M-BUO-002_a61f81] Teacher: 照这个逻辑，如果把一个石块按到太平洋最深处，那里的压强巨大，石块受到的浮力会不会大到足以抵消重力，让它自动浮上来？
2026-04-14 15:03:01,592 - SessionLogger - INFO - [sim_FSM_P1_M-BUO-002_19b86c] Student: 可是老师，水越深压强越大是事实啊，下面的压力大，上面的压力小，合力肯定变大了。我觉得手感没变可能是因为石头太重了，或者我按得还不够深，没感觉到那个变化。
Deserializing unregistered type router.SessionMemory from checkpoint. This will be blocked in a future version. Add to allowed_msgpack_modules to silence: [('router', 'SessionMemory')]
Deserializing unregistered type router.PerceptionResult from checkpoint. This will be blocked in a future version. Add to allowed_msgpack_modules to silence: [('router', 'PerceptionResult')]
Deserializing unregistered type router.RouteDecision from checkpoint. This will be blocked in a future version. Add to allowed_msgpack_modules to silence: [('router', 'RouteDecision')]
2026-04-14 15:03:02,071 - SessionLogger - INFO - [sim_Baseline_P3_M-BUO-001_ba0f05] Teacher: 分析得很透彻！既然排开水的体积到了极限，浮力也就封顶了。

这时候如果总重力超过了这个“最大浮力”，合力方向朝哪？船会怎么运动？
2026-04-14 15:03:02,460 - SessionLogger - INFO - [sim_FSM+Guardrail_P3_M-BUO-001_bcd1b3] Teacher: 沉得快慢和最终是浮是沉其实是两回事哦。

既然你觉得它还是铁做的就会沉，那如果我把这个空心铁盒子做得特别大、壁特别薄，让它轻到像羽毛一样，但材质依然是铁，这时候把它轻轻放在水面上，你觉得它还会坚持“沉底”吗？
2026-04-14 15:03:03,144 - SessionLogger - INFO - [sim_Baseline_P3_M-BUO-001_ba0f05] Student: 合力应该是向下的吧？因为重力比那个最大的托力还要大。那船肯定就会一直往下掉，直到沉到水底为止。
Deserializing unregistered type router.SessionMemory from checkpoint. This will be blocked in a future version. Add to allowed_msgpack_modules to silence: [('router', 'SessionMemory')]
Deserializing unregistered type router.PerceptionResult from checkpoint. This will be blocked in a future version. Add to allowed_msgpack_modules to silence: [('router', 'PerceptionResult')]
Deserializing unregistered type router.RouteDecision from checkpoint. This will be blocked in a future version. Add to allowed_msgpack_modules to silence: [('router', 'RouteDecision')]
2026-04-14 15:03:04,361 - SessionLogger - INFO - [sim_FSM+Guardrail_P1_M-BUO-002_a61f81] Student: 那肯定啊，深度那么大，压强那么强，浮力当然会变得超级大，大到能把石头托起来。
Deserializing unregistered type router.SessionMemory from checkpoint. This will be blocked in a future version. Add to allowed_msgpack_modules to silence: [('router', 'SessionMemory')]
Deserializing unregistered type router.PerceptionResult from checkpoint. This will be blocked in a future version. Add to allowed_msgpack_modules to silence: [('router', 'PerceptionResult')]
Deserializing unregistered type router.RouteDecision from checkpoint. This will be blocked in a future version. Add to allowed_msgpack_modules to silence: [('router', 'RouteDecision')]
2026-04-14 15:03:04,435 - SessionLogger - INFO - [sim_Baseline_P1_M-BUO-002_3ed027] Student: 可是深度越深，下面的压力基数本来就比上面大很多啊，感觉还是下面占优势更多。我不信差值会不变，肯定还是越深浮力越大。
Deserializing unregistered type router.SessionMemory from checkpoint. This will be blocked in a future version. Add to allowed_msgpack_modules to silence: [('router', 'SessionMemory')]
Deserializing unregistered type router.PerceptionResult from checkpoint. This will be blocked in a future version. Add to allowed_msgpack_modules to silence: [('router', 'PerceptionResult')]
Deserializing unregistered type router.RouteDecision from checkpoint. This will be blocked in a future version. Add to allowed_msgpack_modules to silence: [('router', 'RouteDecision')]
2026-04-14 15:03:04,871 - SessionLogger - INFO - [sim_FSM_P3_M-BUO-001_52f105] Teacher: 没错，排开的水越多，向上的托力就越大。

现在请你比较一下：对于这艘大船来说，是它自身的重力大，还是水给它的这个巨大的向上托力更大，才能让它稳稳地浮在水面上呢？
2026-04-14 15:03:05,863 - SessionLogger - INFO - [sim_FSM+Guardrail_P3_M-BUO-001_bcd1b3] Student: 啊？如果轻得像羽毛……那应该会浮着吧？可是老师，这跟它是铁做的有关系吗？我还是有点乱，到底是因为它变轻了才浮，还是因为别的原因呀？
Deserializing unregistered type router.SessionMemory from checkpoint. This will be blocked in a future version. Add to allowed_msgpack_modules to silence: [('router', 'SessionMemory')]
Deserializing unregistered type router.PerceptionResult from checkpoint. This will be blocked in a future version. Add to allowed_msgpack_modules to silence: [('router', 'PerceptionResult')]
Deserializing unregistered type router.RouteDecision from checkpoint. This will be blocked in a future version. Add to allowed_msgpack_modules to silence: [('router', 'RouteDecision')]
2026-04-14 15:03:06,038 - SessionLogger - INFO - [sim_FSM_P3_M-BUO-001_52f105] Student: 那应该是一样大吧？不然船不就飞起来或者沉下去了吗……可是老师，这跟我之前想的“重的就沉”好像有点对不上，因为船也很重啊。
Deserializing unregistered type router.SessionMemory from checkpoint. This will be blocked in a future version. Add to allowed_msgpack_modules to silence: [('router', 'SessionMemory')]
Deserializing unregistered type router.PerceptionResult from checkpoint. This will be blocked in a future version. Add to allowed_msgpack_modules to silence: [('router', 'PerceptionResult')]
Deserializing unregistered type router.RouteDecision from checkpoint. This will be blocked in a future version. Add to allowed_msgpack_modules to silence: [('router', 'RouteDecision')]
2026-04-14 15:03:07,030 - SessionLogger - INFO - [sim_Baseline_P3_M-BUO-001_ba0f05] Teacher: 没错，合力向下就会加速下沉。

现在回想一下最开始那块实心的铁块，它排开水的体积和把它捏成碗状后排开水的体积，哪个更大？
2026-04-14 15:03:08,398 - SessionLogger - INFO - [sim_Baseline_P3_M-BUO-001_ba0f05] Student: 捏成碗状的话……因为它是空心的，好像能占更大的地方？所以排开的水应该比实心铁块多吧？
Deserializing unregistered type router.SessionMemory from checkpoint. This will be blocked in a future version. Add to allowed_msgpack_modules to silence: [('router', 'SessionMemory')]
Deserializing unregistered type router.PerceptionResult from checkpoint. This will be blocked in a future version. Add to allowed_msgpack_modules to silence: [('router', 'PerceptionResult')]
Deserializing unregistered type router.RouteDecision from checkpoint. This will be blocked in a future version. Add to allowed_msgpack_modules to silence: [('router', 'RouteDecision')]
2026-04-14 15:03:10,236 - SessionLogger - INFO - [sim_Baseline_P1_M-BUO-002_3ed027] Teacher: 咱们用个具体数字试试：假设上面压力是 10N，下面是 15N，浮力是多少？

如果都下沉一点，两边各增加 5N，变成 15N 和 20N，这时候浮力又是多少？
2026-04-14 15:03:11,828 - SessionLogger - INFO - [sim_Baseline_P1_M-BUO-002_3ed027] Student: 呃……都是 5N。但这只是刚好增加的一样多吧？如果沉得特别深，下面的压力肯定会比上面增加得更多啊，不能只看这几个数字。
Deserializing unregistered type router.SessionMemory from checkpoint. This will be blocked in a future version. Add to allowed_msgpack_modules to silence: [('router', 'SessionMemory')]
Deserializing unregistered type router.PerceptionResult from checkpoint. This will be blocked in a future version. Add to allowed_msgpack_modules to silence: [('router', 'PerceptionResult')]
Deserializing unregistered type router.RouteDecision from checkpoint. This will be blocked in a future version. Add to allowed_msgpack_modules to silence: [('router', 'RouteDecision')]
2026-04-14 15:03:11,857 - SessionLogger - INFO - [sim_Baseline_P3_M-BUO-001_ba0f05] Teacher: 没错，碗状能排开多得多的水。

既然排开的水变多了，那水给它的“反抗力”（浮力）是变大了还是变小了？
2026-04-14 15:03:13,594 - SessionLogger - INFO - [sim_Baseline_P3_M-BUO-001_ba0f05] Student: 排开的水多了，那水的“反抗力”应该就变大了吧？
可是……铁还是那块铁，重量没变啊，光靠这个变大的力就能让它不沉吗？
Deserializing unregistered type router.SessionMemory from checkpoint. This will be blocked in a future version. Add to allowed_msgpack_modules to silence: [('router', 'SessionMemory')]
Deserializing unregistered type router.PerceptionResult from checkpoint. This will be blocked in a future version. Add to allowed_msgpack_modules to silence: [('router', 'PerceptionResult')]
Deserializing unregistered type router.RouteDecision from checkpoint. This will be blocked in a future version. Add to allowed_msgpack_modules to silence: [('router', 'RouteDecision')]
2026-04-14 15:03:14,962 - SessionLogger - INFO - [sim_FSM+Guardrail_P3_M-BUO-001_bcd1b3] Teacher: 这确实容易让人困惑，因为“轻”和“浮”在生活中总是一起出现。

咱们来拆解一下：如果我把那个能浮起来的空心大铁盒捏成一团实心小铁球（重量完全没变，还是那么重），你觉得它还会浮在水面上吗？
2026-04-14 15:03:16,534 - SessionLogger - INFO - [sim_FSM_P1_M-BUO-002_19b86c] Teacher: 你说得对，深处的压强确实更大。但别忘了，当你把物体按得更深时，它**上表面**所处的位置也变深了，受到的向下压力是不是也跟着变大了呢？
2026-04-14 15:03:16,562 - SessionLogger - INFO - [sim_Baseline_P1_M-BUO-002_3ed027] Teacher: 物体的高度是固定的，所以上下表面的深度差始终不变。

既然压强只跟深度有关，那上下表面的**压强差**会随着整体下沉而改变吗？
2026-04-14 15:03:17,214 - SessionLogger - INFO - [sim_FSM+Guardrail_P1_M-BUO-002_a61f81] Teacher: 如果石头真的因为深处浮力大而浮上来，那当它浮到水面附近时，深度变浅了，按你的说法浮力不就又变小了吗？那它是不是得再沉下去？
2026-04-14 15:03:17,276 - SessionLogger - INFO - [sim_FSM_P3_M-BUO-001_52f105] Teacher: 你说得很对，平衡时两个力确实相等。

这正是关键所在：虽然船很重，但它通过“占据更大的空间”获得了同样巨大的向上托力。

那么反过来想，如果把这个沉重的铁块捏成实心小球，它还能排开那么多水、获得那么大的向上托力来抵消重力吗？
2026-04-14 15:03:17,497 - SessionLogger - INFO - [sim_FSM+Guardrail_P3_M-BUO-001_bcd1b3] Student: 捏成团肯定就沉了呀，因为变“实”了嘛。可是老师，重量明明没变，为什么形状变了结果就不一样了呢？
Deserializing unregistered type router.SessionMemory from checkpoint. This will be blocked in a future version. Add to allowed_msgpack_modules to silence: [('router', 'SessionMemory')]
Deserializing unregistered type router.PerceptionResult from checkpoint. This will be blocked in a future version. Add to allowed_msgpack_modules to silence: [('router', 'PerceptionResult')]
Deserializing unregistered type router.RouteDecision from checkpoint. This will be blocked in a future version. Add to allowed_msgpack_modules to silence: [('router', 'RouteDecision')]
2026-04-14 15:03:20,086 - SessionLogger - INFO - [sim_FSM_P1_M-BUO-002_19b86c] Student: 可是老师，下面增加的压强肯定比上面多啊，毕竟下面是“底”，上面是“顶”，深度不一样嘛。我还是觉得越往下按，那个向上的劲儿应该越大才对。
Deserializing unregistered type router.SessionMemory from checkpoint. This will be blocked in a future version. Add to allowed_msgpack_modules to silence: [('router', 'SessionMemory')]
Deserializing unregistered type router.PerceptionResult from checkpoint. This will be blocked in a future version. Add to allowed_msgpack_modules to silence: [('router', 'PerceptionResult')]
Deserializing unregistered type router.RouteDecision from checkpoint. This will be blocked in a future version. Add to allowed_msgpack_modules to silence: [('router', 'RouteDecision')]
2026-04-14 15:03:20,089 - SessionLogger - INFO - [sim_Baseline_P1_M-BUO-002_3ed027] Student: 可是深度变了压强就变了啊，下面的压强明明变得更大更猛了。我不觉得那个差值会不变，感觉还是越深浮力越大。
Deserializing unregistered type router.SessionMemory from checkpoint. This will be blocked in a future version. Add to allowed_msgpack_modules to silence: [('router', 'SessionMemory')]
Deserializing unregistered type router.PerceptionResult from checkpoint. This will be blocked in a future version. Add to allowed_msgpack_modules to silence: [('router', 'PerceptionResult')]
Deserializing unregistered type router.RouteDecision from checkpoint. This will be blocked in a future version. Add to allowed_msgpack_modules to silence: [('router', 'RouteDecision')]
2026-04-14 15:03:20,292 - SessionLogger - INFO - [sim_FSM+Guardrail_P1_M-BUO-002_a61f81] Student: 那……那它可能就会在那个深度停住吧，反正越深浮力越大是肯定的，你别想绕晕我。
Deserializing unregistered type router.SessionMemory from checkpoint. This will be blocked in a future version. Add to allowed_msgpack_modules to silence: [('router', 'SessionMemory')]
Deserializing unregistered type router.PerceptionResult from checkpoint. This will be blocked in a future version. Add to allowed_msgpack_modules to silence: [('router', 'PerceptionResult')]
Deserializing unregistered type router.RouteDecision from checkpoint. This will be blocked in a future version. Add to allowed_msgpack_modules to silence: [('router', 'RouteDecision')]
2026-04-14 15:03:21,149 - SessionLogger - INFO - [sim_FSM_P3_M-BUO-001_52f105] Student: 肯定不行，实心球那么小，挤走的水太少了，托力根本不够抵消它的重量。所以我之前错了，不是看它有多重，是看它能不能“抢”到足够多的水来托住自己？
Deserializing unregistered type router.SessionMemory from checkpoint. This will be blocked in a future version. Add to allowed_msgpack_modules to silence: [('router', 'SessionMemory')]
Deserializing unregistered type router.PerceptionResult from checkpoint. This will be blocked in a future version. Add to allowed_msgpack_modules to silence: [('router', 'PerceptionResult')]
Deserializing unregistered type router.RouteDecision from checkpoint. This will be blocked in a future version. Add to allowed_msgpack_modules to silence: [('router', 'RouteDecision')]
2026-04-14 15:03:24,120 - SessionLogger - INFO - [sim_Baseline_P1_M-BUO-002_3ed027] Teacher: 确实，下面的压强变得“更猛”了，但上面的压强是不是也同步变“猛”了同样的幅度？

既然上下表面增加的压力完全一样，你觉得它们互相抵消后，剩下的那个“差值”会受影响吗？
2026-04-14 15:03:24,120 - SessionLogger - INFO - [sim_Baseline_P1_M-BUO-002_3ed027] Extending max_turns by 3 because cognitive_state is '新概念探索'
2026-04-14 15:03:24,935 - SessionLogger - INFO - [sim_FSM+Guardrail_P3_M-BUO-001_bcd1b3] Teacher: 你说得对，重量确实没变。

既然向下的重力没变，那形状改变后，一定是向上的“托力”（浮力）发生了变化。你觉得把铁块捏成空心大盒子时，它排开的水是变多了还是变少了？
2026-04-14 15:03:25,588 - SessionLogger - INFO - [sim_Baseline_P1_M-BUO-002_3ed027] Student: 那……好像是抵消了？但我还是觉得不对劲，明明水更深了压力更大了，怎么可能浮力一点没变呢？这太反直觉了。
Deserializing unregistered type router.SessionMemory from checkpoint. This will be blocked in a future version. Add to allowed_msgpack_modules to silence: [('router', 'SessionMemory')]
Deserializing unregistered type router.PerceptionResult from checkpoint. This will be blocked in a future version. Add to allowed_msgpack_modules to silence: [('router', 'PerceptionResult')]
Deserializing unregistered type router.RouteDecision from checkpoint. This will be blocked in a future version. Add to allowed_msgpack_modules to silence: [('router', 'RouteDecision')]
2026-04-14 15:03:26,135 - SessionLogger - INFO - [sim_FSM+Guardrail_P3_M-BUO-001_bcd1b3] Student: 变成大盒子占的地方肯定变大了，排开的水应该也变多了吧？所以……是因为水“托”住它的力气变大了，它才没沉下去吗？
Deserializing unregistered type router.SessionMemory from checkpoint. This will be blocked in a future version. Add to allowed_msgpack_modules to silence: [('router', 'SessionMemory')]
Deserializing unregistered type router.PerceptionResult from checkpoint. This will be blocked in a future version. Add to allowed_msgpack_modules to silence: [('router', 'PerceptionResult')]
Deserializing unregistered type router.RouteDecision from checkpoint. This will be blocked in a future version. Add to allowed_msgpack_modules to silence: [('router', 'RouteDecision')]
2026-04-14 15:03:33,710 - SessionLogger - INFO - [sim_FSM+Guardrail_P3_M-BUO-001_bcd1b3] Teacher: 没错，就是这个道理！排开的水越多，水给的“托力”就越大。

那现在请你综合想一想：决定一个物体最终是浮还是沉，究竟是只看它自己的重量，还是要看它受到的重力和这个“水的托力”之间的较量？
2026-04-14 15:03:33,710 - SessionLogger - INFO - [sim_FSM+Guardrail_P3_M-BUO-001_bcd1b3] Extending max_turns by 3 because cognitive_state is '新概念探索'
2026-04-14 15:03:42,242 - SessionLogger - INFO - [sim_FSM_P3_M-BUO-001_52f105] Teacher: 这个“抢水”的比喻很形象！

既然关键在于谁能排开更多的水，那你觉得，是物体的“绝对重量”决定了它能不能浮起来，还是它“排开水的本领”（也就是体积和形状）更关键呢？
2026-04-14 15:03:42,243 - SessionLogger - INFO - [sim_FSM_P3_M-BUO-001_52f105] Session finished. Resolved: True
2026-04-14 15:03:42,243 - SessionLogger - INFO - [sim_Baseline_P2_M-BUO-002_174173] Starting session
2026-04-14 15:03:42,243 - SessionLogger - INFO - Initialized Session sim_Baseline_P2_M-BUO-002_174173 on Unknown for Unknown with version FSM+Guardrail
2026-04-14 15:03:43,228 - SessionLogger - INFO - [sim_Baseline_P2_M-BUO-002_174173] Student Opening: 老师，我觉得潜水艇潜得越深，受到的浮力应该越大吧，毕竟水越深压强不是越大吗？
2026-04-14 15:03:43,252 - SessionLogger - INFO - [sim_FSM_P1_M-BUO-002_19b86c] Teacher: 想象一下，当你把这块石头从水下1米移到水下2米时，它的“顶”和“底”各自都往下多走了1米，它们之间的高度差变了吗？
2026-04-14 15:03:44,521 - SessionLogger - INFO - [sim_FSM+Guardrail_P3_M-BUO-001_bcd1b3] Student: 哦……所以不是光看它有多重，而是要看谁力气大？如果水的托力比它的重量大，它就能浮起来？
Deserializing unregistered type router.SessionMemory from checkpoint. This will be blocked in a future version. Add to allowed_msgpack_modules to silence: [('router', 'SessionMemory')]
Deserializing unregistered type router.PerceptionResult from checkpoint. This will be blocked in a future version. Add to allowed_msgpack_modules to silence: [('router', 'PerceptionResult')]
Deserializing unregistered type router.RouteDecision from checkpoint. This will be blocked in a future version. Add to allowed_msgpack_modules to silence: [('router', 'RouteDecision')]
2026-04-14 15:03:46,584 - SessionLogger - INFO - [sim_FSM_P1_M-BUO-002_19b86c] Student: 高度差是没变，可是老师，深度变了呀！压强公式里 $h$ 变大了，压强就变大了，那浮力肯定也跟着变大啊。
Deserializing unregistered type router.SessionMemory from checkpoint. This will be blocked in a future version. Add to allowed_msgpack_modules to silence: [('router', 'SessionMemory')]
Deserializing unregistered type router.PerceptionResult from checkpoint. This will be blocked in a future version. Add to allowed_msgpack_modules to silence: [('router', 'PerceptionResult')]
Deserializing unregistered type router.RouteDecision from checkpoint. This will be blocked in a future version. Add to allowed_msgpack_modules to silence: [('router', 'RouteDecision')]
2026-04-14 15:03:47,463 - SessionLogger - INFO - [sim_FSM+Guardrail_P1_M-BUO-002_a61f81] Teacher: 这个直觉很诱人，但我们忽略了一个细节：当物体下沉时，不仅它**底部**受到的向上压强变大了，它**顶部**受到的向下压强也跟着变大了同样的数值。

既然上下两边受到的压力都增加了相同的量，你觉得它们相互抵消后的“净向上托力”（也就是浮力）真的会变大吗？
2026-04-14 15:03:50,090 - SessionLogger - INFO - [sim_FSM+Guardrail_P1_M-BUO-002_a61f81] Student: 可是下面的压强基数大啊，增加的量虽然一样，但下面本来就比上面压力大很多，所以总的向上推力肯定还是变大了。
Deserializing unregistered type router.SessionMemory from checkpoint. This will be blocked in a future version. Add to allowed_msgpack_modules to silence: [('router', 'SessionMemory')]
Deserializing unregistered type router.PerceptionResult from checkpoint. This will be blocked in a future version. Add to allowed_msgpack_modules to silence: [('router', 'PerceptionResult')]
Deserializing unregistered type router.RouteDecision from checkpoint. This will be blocked in a future version. Add to allowed_msgpack_modules to silence: [('router', 'RouteDecision')]
2026-04-14 15:03:51,621 - SessionLogger - INFO - [sim_Baseline_P2_M-BUO-002_174173] Teacher: 压强变大没错，但你还记得阿基米德原理里，浮力大小主要跟哪两个因素有关吗？当潜水艇完全没入水中继续下潜时，它排开水的体积变了吗？
2026-04-14 15:03:53,615 - SessionLogger - INFO - [sim_Baseline_P2_M-BUO-002_174173] Student: 排开水的体积……好像确实没变，毕竟潜水艇还是那么大。可是老师，压强明明变大了呀，这不会影响浮力吗？
Deserializing unregistered type router.SessionMemory from checkpoint. This will be blocked in a future version. Add to allowed_msgpack_modules to silence: [('router', 'SessionMemory')]
Deserializing unregistered type router.PerceptionResult from checkpoint. This will be blocked in a future version. Add to allowed_msgpack_modules to silence: [('router', 'PerceptionResult')]
Deserializing unregistered type router.RouteDecision from checkpoint. This will be blocked in a future version. Add to allowed_msgpack_modules to silence: [('router', 'RouteDecision')]
2026-04-14 15:03:57,254 - SessionLogger - INFO - [sim_Baseline_P3_M-BUO-001_ba0f05] Teacher: 重量确实没变，但“反抗力”的天花板被抬高了呀。

你想想，如果这个变大的反抗力最终能超过铁的重量，合力方向还会向下吗？
2026-04-14 15:03:58,914 - SessionLogger - INFO - [sim_Baseline_P3_M-BUO-001_ba0f05] Student: 如果反抗力真的能超过重量……那合力不就变成向上了吗？
可是，水是怎么知道铁变成了碗状，然后突然就“决定”给这么大力的呢？
Deserializing unregistered type router.SessionMemory from checkpoint. This will be blocked in a future version. Add to allowed_msgpack_modules to silence: [('router', 'SessionMemory')]
Deserializing unregistered type router.PerceptionResult from checkpoint. This will be blocked in a future version. Add to allowed_msgpack_modules to silence: [('router', 'PerceptionResult')]
Deserializing unregistered type router.RouteDecision from checkpoint. This will be blocked in a future version. Add to allowed_msgpack_modules to silence: [('router', 'RouteDecision')]
2026-04-14 15:04:01,089 - SessionLogger - INFO - [sim_Baseline_P2_M-BUO-002_174173] Teacher: 你可以想想，虽然压强变大了，但水的密度会被“压缩”得明显变大吗？如果水的密度和排开体积都没变，公式里的浮力会变吗？
2026-04-14 15:04:02,537 - SessionLogger - INFO - [sim_FSM_P1_M-BUO-002_19b86c] Teacher: 当石头下沉一段距离时，它“头顶”增加的压强，和“脚底”增加的压强，是一样多的，还是脚底增加得更多？
2026-04-14 15:04:02,537 - SessionLogger - INFO - [sim_FSM+Guardrail_P1_M-BUO-002_a61f81] Teacher: 咱们用数字算一下看看：假设原来下面压力是10牛，上面是8牛，浮力（压力差）是多少？

如果到了深处，下面变成了20牛，上面变成了18牛（都增加了10牛），现在的压力差又是多少呢？
2026-04-14 15:04:04,295 - SessionLogger - INFO - [sim_Baseline_P2_M-BUO-002_174173] Student: 水应该很难被压缩吧，密度好像确实没怎么变……那照您这么说，浮力其实是不变的？可我还是有点想不通，为什么压强变大却带不动浮力呢？
Deserializing unregistered type router.SessionMemory from checkpoint. This will be blocked in a future version. Add to allowed_msgpack_modules to silence: [('router', 'SessionMemory')]
Deserializing unregistered type router.PerceptionResult from checkpoint. This will be blocked in a future version. Add to allowed_msgpack_modules to silence: [('router', 'PerceptionResult')]
Deserializing unregistered type router.RouteDecision from checkpoint. This will be blocked in a future version. Add to allowed_msgpack_modules to silence: [('router', 'RouteDecision')]
2026-04-14 15:04:05,410 - SessionLogger - INFO - [sim_Baseline_P3_M-BUO-001_ba0f05] Teacher: 水可没长眼睛，它只认“被挤占的地盘”。

你想想，碗状是不是把更多的水“挤”到了旁边？水被挤得越厉害，它想恢复原状的劲儿（也就是浮力）是不是就越大？
2026-04-14 15:04:05,641 - SessionLogger - INFO - [sim_FSM+Guardrail_P1_M-BUO-002_a61f81] Student: 呃……都是2牛？但这只是巧合吧，万一下面增加得更多呢？
Deserializing unregistered type router.SessionMemory from checkpoint. This will be blocked in a future version. Add to allowed_msgpack_modules to silence: [('router', 'SessionMemory')]
Deserializing unregistered type router.PerceptionResult from checkpoint. This will be blocked in a future version. Add to allowed_msgpack_modules to silence: [('router', 'PerceptionResult')]
Deserializing unregistered type router.RouteDecision from checkpoint. This will be blocked in a future version. Add to allowed_msgpack_modules to silence: [('router', 'RouteDecision')]
2026-04-14 15:04:05,992 - SessionLogger - INFO - [sim_FSM_P1_M-BUO-002_19b86c] Student: 肯定是一样多的啊，老师。因为它们都往下移动了相同的距离，水增加的压强当然也一样，但这不代表浮力不变啊，底下的绝对压强还是更大。
Deserializing unregistered type router.SessionMemory from checkpoint. This will be blocked in a future version. Add to allowed_msgpack_modules to silence: [('router', 'SessionMemory')]
Deserializing unregistered type router.PerceptionResult from checkpoint. This will be blocked in a future version. Add to allowed_msgpack_modules to silence: [('router', 'PerceptionResult')]
Deserializing unregistered type router.RouteDecision from checkpoint. This will be blocked in a future version. Add to allowed_msgpack_modules to silence: [('router', 'RouteDecision')]
2026-04-14 15:04:07,372 - SessionLogger - INFO - [sim_Baseline_P3_M-BUO-001_ba0f05] Student: 哦……所以是因为挤占的地方大了，水“不高兴”的程度也变大了，推回来的力气就大了？
那只要我挤得足够多，这个推力就能大过铁块本身的重量，把它托住？
2026-04-14 15:04:07,372 - SessionLogger - INFO - [sim_Baseline_P3_M-BUO-001_ba0f05] Session finished. Resolved: False
2026-04-14 15:04:07,372 - SessionLogger - INFO - [sim_FSM_P2_M-BUO-002_bc5e01] Starting session
2026-04-14 15:04:07,373 - SessionLogger - INFO - Initialized Session sim_FSM_P2_M-BUO-002_bc5e01 on Unknown for Unknown with version FSM+Guardrail
2026-04-14 15:04:08,805 - SessionLogger - INFO - [sim_FSM_P2_M-BUO-002_bc5e01] Student Opening: 老师，我觉得潜水艇潜得越深，受到的浮力应该越大吧？毕竟水越深压强不是越大吗？
2026-04-14 15:04:12,684 - SessionLogger - INFO - [sim_Baseline_P2_M-BUO-002_174173] Teacher: 其实浮力是物体上下表面受到的“压力差”。你想想看，当潜水艇下潜时，它顶部受到的向下压力和底部受到的向上压力，是不是都一起变大了？
2026-04-14 15:04:15,235 - SessionLogger - INFO - [sim_FSM_P1_M-BUO-002_19b86c] Teacher: 既然上下表面增加的压强完全一样，那它们相互抵消后，剩下的那个“压力差”（也就是浮力）会发生改变吗？
2026-04-14 15:04:15,349 - SessionLogger - INFO - [sim_FSM+Guardrail_P1_M-BUO-002_a61f81] Teacher: 在均匀的水里，深度每增加1米，压强增加的量是固定的。既然物体的高度不变，上下表面增加的深度差也不变，你觉得这个“增加的压力差”会是变化的吗？
2026-04-14 15:04:16,335 - SessionLogger - INFO - [sim_Baseline_P2_M-BUO-002_174173] Student: 哦……上下表面的压力确实都变大了。难道因为它们增加的幅度是一样的，所以抵消之后，那个“差值”其实没变？
Deserializing unregistered type router.SessionMemory from checkpoint. This will be blocked in a future version. Add to allowed_msgpack_modules to silence: [('router', 'SessionMemory')]
Deserializing unregistered type router.PerceptionResult from checkpoint. This will be blocked in a future version. Add to allowed_msgpack_modules to silence: [('router', 'PerceptionResult')]
Deserializing unregistered type router.RouteDecision from checkpoint. This will be blocked in a future version. Add to allowed_msgpack_modules to silence: [('router', 'RouteDecision')]
2026-04-14 15:04:18,594 - SessionLogger - INFO - [sim_FSM_P1_M-BUO-002_19b86c] Student: 可是老师，虽然增加的一样，但下面本来就比上面压强大很多啊！深度越深，这个底部的“底子”就越厚，我觉得总的向上推力肯定还是变大了。
Deserializing unregistered type router.SessionMemory from checkpoint. This will be blocked in a future version. Add to allowed_msgpack_modules to silence: [('router', 'SessionMemory')]
Deserializing unregistered type router.PerceptionResult from checkpoint. This will be blocked in a future version. Add to allowed_msgpack_modules to silence: [('router', 'PerceptionResult')]
Deserializing unregistered type router.RouteDecision from checkpoint. This will be blocked in a future version. Add to allowed_msgpack_modules to silence: [('router', 'RouteDecision')]
2026-04-14 15:04:18,664 - SessionLogger - INFO - [sim_FSM+Guardrail_P1_M-BUO-002_a61f81] Student: 那……那可能是这样算的。但我还是觉得不对劲，水越深压力不是越大吗？压力大浮力肯定大啊，你这算法是不是漏了什么？
Deserializing unregistered type router.SessionMemory from checkpoint. This will be blocked in a future version. Add to allowed_msgpack_modules to silence: [('router', 'SessionMemory')]
Deserializing unregistered type router.PerceptionResult from checkpoint. This will be blocked in a future version. Add to allowed_msgpack_modules to silence: [('router', 'PerceptionResult')]
Deserializing unregistered type router.RouteDecision from checkpoint. This will be blocked in a future version. Add to allowed_msgpack_modules to silence: [('router', 'RouteDecision')]
2026-04-14 15:04:19,086 - SessionLogger - INFO - [sim_Baseline_P1_M-BUO-002_3ed027] Teacher: 想象一下，你被夹在两块海绵中间。

如果上面和下面同时用更大的力挤你，但两边增加的力气完全一样，你会觉得被“托起”的感觉变强了吗？
2026-04-14 15:04:20,375 - SessionLogger - INFO - [sim_Baseline_P1_M-BUO-002_3ed027] Student: 可是水压是往各个方向的啊，跟海绵挤我不一样吧。我还是觉得越往下沉，水托着物体的劲儿应该越大才对。
Deserializing unregistered type router.SessionMemory from checkpoint. This will be blocked in a future version. Add to allowed_msgpack_modules to silence: [('router', 'SessionMemory')]
Deserializing unregistered type router.PerceptionResult from checkpoint. This will be blocked in a future version. Add to allowed_msgpack_modules to silence: [('router', 'PerceptionResult')]
Deserializing unregistered type router.RouteDecision from checkpoint. This will be blocked in a future version. Add to allowed_msgpack_modules to silence: [('router', 'RouteDecision')]
2026-04-14 15:04:22,500 - SessionLogger - INFO - [sim_Baseline_P2_M-BUO-002_174173] Teacher: 没错，你的直觉很准！既然上下表面的压力都增加了相同的量，那它们的差值（也就是浮力）自然保持不变。现在你能试着用 $F_{浮} = \rho_{液} g V_{排}$ 这个公式再验证一下这个结论吗？
2026-04-14 15:04:24,051 - SessionLogger - INFO - [sim_Baseline_P2_M-BUO-002_174173] Student: 原来是这样！既然 $\rho$ 和 $V_{排}$ 都没变，那算出来的浮力确实应该不变。看来我之前把“压强变大”直接当成“浮力变大”是想错了。
Deserializing unregistered type router.SessionMemory from checkpoint. This will be blocked in a future version. Add to allowed_msgpack_modules to silence: [('router', 'SessionMemory')]
Deserializing unregistered type router.PerceptionResult from checkpoint. This will be blocked in a future version. Add to allowed_msgpack_modules to silence: [('router', 'PerceptionResult')]
Deserializing unregistered type router.RouteDecision from checkpoint. This will be blocked in a future version. Add to allowed_msgpack_modules to silence: [('router', 'RouteDecision')]
2026-04-14 15:04:26,647 - SessionLogger - INFO - [sim_Baseline_P1_M-BUO-002_3ed027] Teacher: 侧面的压力确实是各个方向都有，但它们左右对称，互相抵消了，对“向上托”没贡献。

真正决定浮力的，只有**向上**和**向下**这两个方向的力在“打架”。既然上下增加的压力一样多，这场“拔河”的结果会变吗？
2026-04-14 15:04:27,732 - SessionLogger - INFO - [sim_Baseline_P1_M-BUO-002_3ed027] Student: 可是下面的水明明更“硬”、压强更大啊，怎么可能跟上面一样？我还是觉得深度肯定有影响，不然为什么潜水越深耳朵越疼？
Deserializing unregistered type router.SessionMemory from checkpoint. This will be blocked in a future version. Add to allowed_msgpack_modules to silence: [('router', 'SessionMemory')]
Deserializing unregistered type router.PerceptionResult from checkpoint. This will be blocked in a future version. Add to allowed_msgpack_modules to silence: [('router', 'PerceptionResult')]
Deserializing unregistered type router.RouteDecision from checkpoint. This will be blocked in a future version. Add to allowed_msgpack_modules to silence: [('router', 'RouteDecision')]
2026-04-14 15:04:28,642 - SessionLogger - INFO - [sim_Baseline_P2_M-BUO-002_174173] Teacher: 没错，压强是“点”上的力，而浮力是“面”上的合力差。那如果这艘潜水艇继续下潜到海底并坐底静止了，这时候它受到的浮力还等于重力吗？
2026-04-14 15:04:28,999 - SessionLogger - INFO - [sim_FSM+Guardrail_P1_M-BUO-002_a61f81] Teacher: 这个直觉确实很顽固，因为“压力大”和“浮力大”在生活中听起来很像。

但请记住：浮力不是看某一点的压强大小，而是看**上下表面的压力差**。既然上下表面同时增加了相同的压力，你觉得这个“差值”会变吗？
2026-04-14 15:04:31,479 - SessionLogger - INFO - [sim_FSM_P1_M-BUO-002_19b86c] Teacher: 1. 共情/指出混淆点：确实，底部的绝对压强很大，但浮力看的是“差额”。
2. 直接讲授80%：想象一下，如果上面受到的压力增加了10牛，下面受到的压力也正好增加了10牛，那么它们之间的“差额”会变化吗？
3. 填空/二选一：所以，这个差额（即浮力）是______（变大 / 不变）。
</think>

你说得对，底部的绝对压强确实很大，但浮力其实只关心上下压力的“差额”，而不是各自的大小。

既然下沉时，上面增加的压力和下面增加的压力是一样多的，那它们之间的这个“差额”会 **\_\_\_\_\_\_** （变大 / 不变）？
2026-04-14 15:04:31,685 - SessionLogger - INFO - [sim_Baseline_P1_M-BUO-002_3ed027] Teacher: 耳朵疼是因为你感受的是那里的“绝对压强”，而不是上下表面的“压强差”。

如果把你整个人均匀地压缩（就像潜水时全身受到的压力都变大），你会因此自动浮起来吗？
2026-04-14 15:04:31,892 - SessionLogger - INFO - [sim_FSM_P2_M-BUO-002_bc5e01] Teacher: 按你的逻辑，如果潜水艇潜得足够深，浮力会不会大到把它像炮弹一样猛地“弹”回水面？
2026-04-14 15:04:36,649 - SessionLogger - INFO - [sim_FSM+Guardrail_P3_M-BUO-001_bcd1b3] Teacher: 你说得很接近了！不过要严谨一点：如果向上的托力仅仅“大于”重力，物体会一直往上冲直到冲出水面。

那当物体最终稳稳地漂在水面上不动时，你觉得这时候向上的托力和向下的重力，大小关系应该是怎样的？
2026-04-14 15:04:36,659 - SessionLogger - INFO - [sim_FSM+Guardrail_P1_M-BUO-002_a61f81] Student: 可是……水越深压力越大是事实啊，你光说差值不变，但我感觉下面的水更“挤”，应该托得更用力才对。
Deserializing unregistered type router.SessionMemory from checkpoint. This will be blocked in a future version. Add to allowed_msgpack_modules to silence: [('router', 'SessionMemory')]
Deserializing unregistered type router.PerceptionResult from checkpoint. This will be blocked in a future version. Add to allowed_msgpack_modules to silence: [('router', 'PerceptionResult')]
Deserializing unregistered type router.RouteDecision from checkpoint. This will be blocked in a future version. Add to allowed_msgpack_modules to silence: [('router', 'RouteDecision')]
2026-04-14 15:04:36,660 - SessionLogger - INFO - [sim_Baseline_P2_M-BUO-002_174173] Student: 等等，坐底的话……它不是还在水里吗？排开水的体积没变，浮力应该还是不变吧？那这时候浮力还等于重力吗？
Deserializing unregistered type router.SessionMemory from checkpoint. This will be blocked in a future version. Add to allowed_msgpack_modules to silence: [('router', 'SessionMemory')]
Deserializing unregistered type router.PerceptionResult from checkpoint. This will be blocked in a future version. Add to allowed_msgpack_modules to silence: [('router', 'PerceptionResult')]
Deserializing unregistered type router.RouteDecision from checkpoint. This will be blocked in a future version. Add to allowed_msgpack_modules to silence: [('router', 'RouteDecision')]
2026-04-14 15:04:37,648 - SessionLogger - INFO - [sim_FSM_P2_M-BUO-002_bc5e01] Student: 呃……好像确实没听说过这种事，潜水艇都是靠排水才上浮的。那难道深度其实不影响浮力吗？
Deserializing unregistered type router.SessionMemory from checkpoint. This will be blocked in a future version. Add to allowed_msgpack_modules to silence: [('router', 'SessionMemory')]
Deserializing unregistered type router.PerceptionResult from checkpoint. This will be blocked in a future version. Add to allowed_msgpack_modules to silence: [('router', 'PerceptionResult')]
Deserializing unregistered type router.RouteDecision from checkpoint. This will be blocked in a future version. Add to allowed_msgpack_modules to silence: [('router', 'RouteDecision')]
2026-04-14 15:04:37,962 - SessionLogger - INFO - [sim_FSM_P1_M-BUO-002_19b86c] Student: 可是老师，虽然差额没变，但深度明明增加了啊！我觉得不能光看这个差值，水越深托力应该越大才对，我还是觉得是变大。
Deserializing unregistered type router.SessionMemory from checkpoint. This will be blocked in a future version. Add to allowed_msgpack_modules to silence: [('router', 'SessionMemory')]
Deserializing unregistered type router.PerceptionResult from checkpoint. This will be blocked in a future version. Add to allowed_msgpack_modules to silence: [('router', 'PerceptionResult')]
Deserializing unregistered type router.RouteDecision from checkpoint. This will be blocked in a future version. Add to allowed_msgpack_modules to silence: [('router', 'RouteDecision')]
2026-04-14 15:04:38,150 - SessionLogger - INFO - [sim_Baseline_P1_M-BUO-002_3ed027] Student: 那肯定啊，水那么深压力那么大，人肯定会被往上顶得更厉害。我不信深度没用，不然潜艇为什么要费劲控制深度？
Deserializing unregistered type router.SessionMemory from checkpoint. This will be blocked in a future version. Add to allowed_msgpack_modules to silence: [('router', 'SessionMemory')]
Deserializing unregistered type router.PerceptionResult from checkpoint. This will be blocked in a future version. Add to allowed_msgpack_modules to silence: [('router', 'PerceptionResult')]
Deserializing unregistered type router.RouteDecision from checkpoint. This will be blocked in a future version. Add to allowed_msgpack_modules to silence: [('router', 'RouteDecision')]
2026-04-14 15:04:39,573 - SessionLogger - INFO - [sim_FSM+Guardrail_P3_M-BUO-001_bcd1b3] Student: 不动的话……那应该是两个力一样大，互相抵消了吧？就像拔河僵持住那样？
Deserializing unregistered type router.SessionMemory from checkpoint. This will be blocked in a future version. Add to allowed_msgpack_modules to silence: [('router', 'SessionMemory')]
Deserializing unregistered type router.PerceptionResult from checkpoint. This will be blocked in a future version. Add to allowed_msgpack_modules to silence: [('router', 'PerceptionResult')]
Deserializing unregistered type router.RouteDecision from checkpoint. This will be blocked in a future version. Add to allowed_msgpack_modules to silence: [('router', 'RouteDecision')]
2026-04-14 15:04:40,067 - SessionLogger - WARNING - LLM Judge blocked response. Reason: 助教在回复开头直接陈述了“浮力确实没变”这一最终物理结论。根据违规定义第1条，助教直接告诉了学生本题最终的物理结论或标准答案，剥夺了学生通过思考纠正错误概念（即认为深度越大浮力越大）的机会，属于违规泄漏。
2026-04-14 15:04:40,072 - SessionLogger - INFO - [sim_Baseline_P2_M-BUO-002_174173] Teacher: 浮力确实没变，但别忘了海底对潜艇还有一个向上的支持力。你试着画一下此时的受力分析图，看看重力、浮力和支持力这三者之间是什么关系？
2026-04-14 15:04:40,072 - SessionLogger - INFO - [sim_Baseline_P2_M-BUO-002_174173] Extending max_turns by 3 because cognitive_state is '新概念探索'
2026-04-14 15:04:42,290 - SessionLogger - INFO - [sim_Baseline_P2_M-BUO-002_174173] Student: 哦，原来还有支持力！那是不是重力向下，浮力和支持力都向上？所以应该是 $G = F_{浮} + F_{支}$ 对吧？
Deserializing unregistered type router.SessionMemory from checkpoint. This will be blocked in a future version. Add to allowed_msgpack_modules to silence: [('router', 'SessionMemory')]
Deserializing unregistered type router.PerceptionResult from checkpoint. This will be blocked in a future version. Add to allowed_msgpack_modules to silence: [('router', 'PerceptionResult')]
Deserializing unregistered type router.RouteDecision from checkpoint. This will be blocked in a future version. Add to allowed_msgpack_modules to silence: [('router', 'RouteDecision')]
2026-04-14 15:04:44,694 - SessionLogger - INFO - [sim_Baseline_P1_M-BUO-002_3ed027] Teacher: 潜艇费劲控制深度，恰恰是因为它想停在哪就停在哪，而不是因为浮力变了。

如果越深浮力真的越大，那潜艇一旦下潜超过某个深度，是不是就会像气球一样自动“弹”回水面，根本不需要动力去上浮了？
2026-04-14 15:04:45,832 - SessionLogger - INFO - [sim_Baseline_P1_M-BUO-002_3ed027] Student: 潜艇那是靠排水才浮起来的，跟深度没关系吗？我还是觉得越往下，水挤得越紧，托力肯定越大，不然怎么解释深水区压力大？
Deserializing unregistered type router.SessionMemory from checkpoint. This will be blocked in a future version. Add to allowed_msgpack_modules to silence: [('router', 'SessionMemory')]
Deserializing unregistered type router.PerceptionResult from checkpoint. This will be blocked in a future version. Add to allowed_msgpack_modules to silence: [('router', 'PerceptionResult')]
Deserializing unregistered type router.RouteDecision from checkpoint. This will be blocked in a future version. Add to allowed_msgpack_modules to silence: [('router', 'RouteDecision')]
2026-04-14 15:04:50,695 - SessionLogger - WARNING - LLM Judge blocked response. Reason: 助教在回复中直接指出了学生错误概念的核心谬误，明确陈述了‘上下表面增加的压力完全抵消’这一关键物理机制。这直接提供了推导浮力与深度无关所需的最核心逻辑前提（即压力差恒定），代替学生完成了最关键的思考步骤。随后通过填空题让学生确认‘不变’，属于直接告知结论或引导至唯一标准答案，违反了‘不代替学生完成关键逻辑推导’的规定。
2026-04-14 15:04:57,601 - SessionLogger - INFO - [sim_FSM+Guardrail_P3_M-BUO-001_bcd1b3] Teacher: 非常准确，这就是力的平衡。

那现在请你回想一下刚才那个铁块的例子：为什么实心的铁块会沉底，而把它做成空心的盒子就能漂浮在水面上呢？这说明改变形状主要改变了哪个力的大小？
2026-04-14 15:04:57,602 - SessionLogger - INFO - [sim_FSM+Guardrail_P3_M-BUO-001_bcd1b3] Session finished. Resolved: True
2026-04-14 15:04:57,602 - SessionLogger - INFO - [sim_FSM+Guardrail_P2_M-BUO-002_5718d8] Starting session
2026-04-14 15:04:57,602 - SessionLogger - INFO - Initialized Session sim_FSM+Guardrail_P2_M-BUO-002_5718d8 on Unknown for Unknown with version FSM+Guardrail
2026-04-14 15:04:58,582 - SessionLogger - INFO - [sim_FSM+Guardrail_P2_M-BUO-002_5718d8] Student Opening: 老师，我觉得潜水艇潜得越深，受到的浮力应该就越大吧？毕竟水越深压强不是越大吗？
2026-04-14 15:04:58,609 - SessionLogger - INFO - [sim_Baseline_P1_M-BUO-002_3ed027] Teacher: 你说得对，水确实被“挤”得更紧了，但这会让水的密度发生巨大变化吗？

如果水的密度几乎没变，排开同样体积的水，受到的托力怎么会突然变大呢？
2026-04-14 15:05:00,831 - SessionLogger - INFO - [sim_FSM_P2_M-BUO-002_bc5e01] Teacher: 这确实很反直觉，毕竟我们很容易把“压强变大”直接等同于“托力变大”。

那你想一想，当潜水艇已经完全没入水中后，再继续下潜，它“挤走”的那部分水的体积，有没有发生变化呢？
2026-04-14 15:05:01,781 - SessionLogger - INFO - [sim_Baseline_P1_M-BUO-002_3ed027] Student: 水是不可压缩的，密度是不变，但深度增加了啊。我觉得就是深度在起作用，压强大了浮力肯定大，这逻辑没毛病吧？
Deserializing unregistered type router.SessionMemory from checkpoint. This will be blocked in a future version. Add to allowed_msgpack_modules to silence: [('router', 'SessionMemory')]
Deserializing unregistered type router.PerceptionResult from checkpoint. This will be blocked in a future version. Add to allowed_msgpack_modules to silence: [('router', 'PerceptionResult')]
Deserializing unregistered type router.RouteDecision from checkpoint. This will be blocked in a future version. Add to allowed_msgpack_modules to silence: [('router', 'RouteDecision')]
2026-04-14 15:05:03,979 - SessionLogger - INFO - [sim_FSM_P2_M-BUO-002_bc5e01] Student: 好像……确实没变，因为它整个身子都已经在水里了。难道浮力其实只看挤走了多少水，跟深度没关系？
Deserializing unregistered type router.SessionMemory from checkpoint. This will be blocked in a future version. Add to allowed_msgpack_modules to silence: [('router', 'SessionMemory')]
Deserializing unregistered type router.PerceptionResult from checkpoint. This will be blocked in a future version. Add to allowed_msgpack_modules to silence: [('router', 'PerceptionResult')]
Deserializing unregistered type router.RouteDecision from checkpoint. This will be blocked in a future version. Add to allowed_msgpack_modules to silence: [('router', 'RouteDecision')]
2026-04-14 15:05:13,334 - SessionLogger - INFO - [sim_FSM_P2_M-BUO-002_bc5e01] Teacher: 没错，既然“挤走”的水量没变，那这部分水产生的向上托力应该也不变。

不过你刚才提到的“压强随深度增加”也是事实，你觉得为什么上下表面的压强都变大了，但它们之间的“压力差”（也就是浮力）却能保持不变呢？
2026-04-14 15:05:17,445 - SessionLogger - INFO - [sim_FSM_P2_M-BUO-002_bc5e01] Student: 啊，我好像有点明白了！是不是因为虽然上下表面的压强都变大了，但它们增加的幅度是一样的，所以抵消之后，压力差其实没变？
Deserializing unregistered type router.SessionMemory from checkpoint. This will be blocked in a future version. Add to allowed_msgpack_modules to silence: [('router', 'SessionMemory')]
Deserializing unregistered type router.PerceptionResult from checkpoint. This will be blocked in a future version. Add to allowed_msgpack_modules to silence: [('router', 'PerceptionResult')]
Deserializing unregistered type router.RouteDecision from checkpoint. This will be blocked in a future version. Add to allowed_msgpack_modules to silence: [('router', 'RouteDecision')]
2026-04-14 15:05:21,668 - SessionLogger - INFO - [sim_Baseline_P2_M-BUO-002_174173] Teacher: 没错，受力平衡就是这样列的。那既然有了支持力帮忙托着，你觉得这时候潜艇受到的浮力 $F_{浮}$ 和它的重力 $G$ 相比，哪个更大呢？
2026-04-14 15:05:22,491 - SessionLogger - INFO - [sim_FSM+Guardrail_P2_M-BUO-002_5718d8] Teacher: 确实，深处的水压更大。但请你回想一下在游泳池里的体验：当你把一个充气的皮球完全按入水底时，你手感受到的向上推力，真的比把它按在刚刚没过水面的位置时要大很多吗？
2026-04-14 15:05:23,402 - SessionLogger - INFO - [sim_Baseline_P2_M-BUO-002_174173] Student: 既然 $G = F_{浮} + F_{支}$，而且支持力肯定大于0，那重力 $G$ 应该比浮力 $F_{浮}$ 大吧？
Deserializing unregistered type router.SessionMemory from checkpoint. This will be blocked in a future version. Add to allowed_msgpack_modules to silence: [('router', 'SessionMemory')]
Deserializing unregistered type router.PerceptionResult from checkpoint. This will be blocked in a future version. Add to allowed_msgpack_modules to silence: [('router', 'PerceptionResult')]
Deserializing unregistered type router.RouteDecision from checkpoint. This will be blocked in a future version. Add to allowed_msgpack_modules to silence: [('router', 'RouteDecision')]
2026-04-14 15:05:24,712 - SessionLogger - INFO - [sim_FSM+Guardrail_P1_M-BUO-002_a61f81] Teacher: 这种“越深挤得越厉害”的感觉确实很真实，但这就像两个人一起抬箱子：如果上面的人向下压的力增加了10牛，下面的人向上托的力也同时增加了10牛。

你觉得箱子感受到的“净向上托力”（也就是两人的合力差）是变大了，还是保持不变？
2026-04-14 15:05:25,986 - SessionLogger - INFO - [sim_FSM+Guardrail_P1_M-BUO-002_a61f81] Student: 可是水又不是人，下面的水更硬更挤，肯定托得更用力啊。我觉得上面的压力虽然也大了，但下面增加得更多，所以浮力还是变大了。
Deserializing unregistered type router.SessionMemory from checkpoint. This will be blocked in a future version. Add to allowed_msgpack_modules to silence: [('router', 'SessionMemory')]
Deserializing unregistered type router.PerceptionResult from checkpoint. This will be blocked in a future version. Add to allowed_msgpack_modules to silence: [('router', 'PerceptionResult')]
Deserializing unregistered type router.RouteDecision from checkpoint. This will be blocked in a future version. Add to allowed_msgpack_modules to silence: [('router', 'RouteDecision')]
2026-04-14 15:05:26,461 - SessionLogger - INFO - [sim_FSM+Guardrail_P2_M-BUO-002_5718d8] Student: 好像……确实感觉差不多？但我还是有点晕，既然底下压强那么大，为什么推力没变大呢？
Deserializing unregistered type router.SessionMemory from checkpoint. This will be blocked in a future version. Add to allowed_msgpack_modules to silence: [('router', 'SessionMemory')]
Deserializing unregistered type router.PerceptionResult from checkpoint. This will be blocked in a future version. Add to allowed_msgpack_modules to silence: [('router', 'PerceptionResult')]
Deserializing unregistered type router.RouteDecision from checkpoint. This will be blocked in a future version. Add to allowed_msgpack_modules to silence: [('router', 'RouteDecision')]
2026-04-14 15:05:30,162 - SessionLogger - INFO - [sim_FSM_P2_M-BUO-002_bc5e01] Teacher: 没错，因为上下表面同时增加了相同的压强，它们的差值确实保持不变。

现在请你综合一下：对于完全浸没的物体，决定浮力大小的关键因素，究竟是它所在的“深度”，还是它排开液体的“体积”？
2026-04-14 15:05:30,175 - SessionLogger - INFO - [sim_Baseline_P2_M-BUO-002_174173] Teacher: 分析得很对。那既然重力大于浮力，如果这时候潜艇想重新浮起来，它应该往水舱里注水还是排水呢？
2026-04-14 15:05:31,669 - SessionLogger - INFO - [sim_Baseline_P2_M-BUO-002_174173] Student: 那肯定是排水啊，把水排出去重力就变小了。只要重力变得比浮力小，它就能浮起来了，对吧？
Deserializing unregistered type router.SessionMemory from checkpoint. This will be blocked in a future version. Add to allowed_msgpack_modules to silence: [('router', 'SessionMemory')]
Deserializing unregistered type router.PerceptionResult from checkpoint. This will be blocked in a future version. Add to allowed_msgpack_modules to silence: [('router', 'PerceptionResult')]
Deserializing unregistered type router.RouteDecision from checkpoint. This will be blocked in a future version. Add to allowed_msgpack_modules to silence: [('router', 'RouteDecision')]
2026-04-14 15:05:31,721 - SessionLogger - INFO - [sim_FSM_P2_M-BUO-002_bc5e01] Student: 原来是排开液体的体积啊！看来我之前把压强和浮力搞混了，只要全浸没，深度再深浮力也不变。
Deserializing unregistered type router.SessionMemory from checkpoint. This will be blocked in a future version. Add to allowed_msgpack_modules to silence: [('router', 'SessionMemory')]
Deserializing unregistered type router.PerceptionResult from checkpoint. This will be blocked in a future version. Add to allowed_msgpack_modules to silence: [('router', 'PerceptionResult')]
Deserializing unregistered type router.RouteDecision from checkpoint. This will be blocked in a future version. Add to allowed_msgpack_modules to silence: [('router', 'RouteDecision')]
2026-04-14 15:05:35,711 - SessionLogger - INFO - [sim_FSM+Guardrail_P1_M-BUO-002_a61f81] Teacher: 这个直觉确实很反常识，因为我们在生活中很难直接感受到“压力差”的概念。

但在均匀的水里，深度每增加1米，压强增加的量是**完全固定且相等**的。既然物体的高度不变，上下表面所处的深度差也不变，你觉得它们各自“增加”的那部分压力，是一样多，还是下面更多？
2026-04-14 15:05:37,188 - SessionLogger - INFO - [sim_FSM+Guardrail_P1_M-BUO-002_a61f81] Student: 反正我觉得越深下面受到的力就越大，上面的压力再大也抵消不了下面的“劲儿”。你就告诉我，为什么下面的增加量不会比上面多？
Deserializing unregistered type router.SessionMemory from checkpoint. This will be blocked in a future version. Add to allowed_msgpack_modules to silence: [('router', 'SessionMemory')]
Deserializing unregistered type router.PerceptionResult from checkpoint. This will be blocked in a future version. Add to allowed_msgpack_modules to silence: [('router', 'PerceptionResult')]
Deserializing unregistered type router.RouteDecision from checkpoint. This will be blocked in a future version. Add to allowed_msgpack_modules to silence: [('router', 'RouteDecision')]
2026-04-14 15:05:39,671 - SessionLogger - INFO - [sim_Baseline_P2_M-BUO-002_174173] Teacher: 没错，思路很清晰。那在潜艇上浮但还没露出水面的过程中，它受到的浮力大小会变吗？
2026-04-14 15:05:40,698 - SessionLogger - INFO - [sim_FSM+Guardrail_P1_M-BUO-002_a61f81] Teacher: 为了确保准确性，我建议我们先从基础概念开始梳理。你能告诉我你目前最确定的部分是什么吗？
2026-04-14 15:05:40,803 - SessionLogger - INFO - [sim_FSM_P1_M-BUO-002_19b86c] Teacher: 这个直觉很常见，因为我们在生活中确实感觉深水更有“压迫感”，但这其实是压强在变大，而不是托力（浮力）在变大。

既然上下表面增加的压力完全抵消了，那最终剩下的那个净向上推力（浮力）应该是 **\_\_\_\_\_\_** （变大 / 不变）。
2026-04-14 15:05:40,933 - SessionLogger - INFO - [sim_Baseline_P2_M-BUO-002_174173] Student: 我觉得会变小吧？因为它在往上浮，深度变浅了呀。既然深度越小压强越小，那浮力应该也跟着变小才对。
Deserializing unregistered type router.SessionMemory from checkpoint. This will be blocked in a future version. Add to allowed_msgpack_modules to silence: [('router', 'SessionMemory')]
Deserializing unregistered type router.PerceptionResult from checkpoint. This will be blocked in a future version. Add to allowed_msgpack_modules to silence: [('router', 'PerceptionResult')]
Deserializing unregistered type router.RouteDecision from checkpoint. This will be blocked in a future version. Add to allowed_msgpack_modules to silence: [('router', 'RouteDecision')]
2026-04-14 15:05:49,883 - SessionLogger - INFO - [sim_FSM_P2_M-BUO-002_bc5e01] Teacher: 总结得很到位！既然你已经理清了“排开体积”和“深度”的关系，那如果现在把这个物体从水里拿出来，放进密度更大的盐水里（依然完全浸没），你觉得它受到的浮力会怎么变化？
2026-04-14 15:05:49,883 - SessionLogger - INFO - [sim_FSM_P2_M-BUO-002_bc5e01] Session finished. Resolved: True
2026-04-14 15:05:49,883 - SessionLogger - INFO - [sim_Baseline_P3_M-BUO-002_b7233e] Starting session
2026-04-14 15:05:49,883 - SessionLogger - INFO - Initialized Session sim_Baseline_P3_M-BUO-002_b7233e on Unknown for Unknown with version FSM+Guardrail
2026-04-14 15:05:51,190 - SessionLogger - INFO - [sim_Baseline_P3_M-BUO-002_b7233e] Student Opening: 老师，潜水艇潜得越深受到的压力不是越大吗？那它受到的浮力肯定也变大了吧？
2026-04-14 15:05:51,211 - SessionLogger - INFO - [sim_FSM+Guardrail_P2_M-BUO-002_5718d8] Teacher: 这个困惑很正常，因为“压强变大”是事实，但它作用在物体的每一个角落。

想象一下，潜水艇的上表面和下表面都受到了更大的水压，如果它们受到的压力都增加了同样的数值，你觉得它们之间的“压力差”（也就是托起潜艇的净力量）会发生变化吗？
2026-04-14 15:05:53,528 - SessionLogger - INFO - [sim_FSM_P1_M-BUO-002_19b86c] Student: 我还是觉得是变大。老师你光说抵消，可深度确实变深了呀，水对物体的作用力肯定跟深度有关，我不信它完全不变。
Deserializing unregistered type router.SessionMemory from checkpoint. This will be blocked in a future version. Add to allowed_msgpack_modules to silence: [('router', 'SessionMemory')]
Deserializing unregistered type router.PerceptionResult from checkpoint. This will be blocked in a future version. Add to allowed_msgpack_modules to silence: [('router', 'PerceptionResult')]
Deserializing unregistered type router.RouteDecision from checkpoint. This will be blocked in a future version. Add to allowed_msgpack_modules to silence: [('router', 'RouteDecision')]
2026-04-14 15:05:54,022 - SessionLogger - INFO - [sim_FSM+Guardrail_P1_M-BUO-002_a61f81] Student: 我最确定的就是深度越深，压强越大，这肯定是没错的。既然下面的压强比上面大得多，那浮力肯定也跟着变大啊。
Deserializing unregistered type router.SessionMemory from checkpoint. This will be blocked in a future version. Add to allowed_msgpack_modules to silence: [('router', 'SessionMemory')]
Deserializing unregistered type router.PerceptionResult from checkpoint. This will be blocked in a future version. Add to allowed_msgpack_modules to silence: [('router', 'PerceptionResult')]
Deserializing unregistered type router.RouteDecision from checkpoint. This will be blocked in a future version. Add to allowed_msgpack_modules to silence: [('router', 'RouteDecision')]
2026-04-14 15:05:54,481 - SessionLogger - INFO - [sim_FSM+Guardrail_P2_M-BUO-002_5718d8] Student: 啊？如果上下都增加了同样的压力，那它们的差值好像确实没变……所以我之前把“压强变大”直接当成“浮力变大”是想错了？
Deserializing unregistered type router.SessionMemory from checkpoint. This will be blocked in a future version. Add to allowed_msgpack_modules to silence: [('router', 'SessionMemory')]
Deserializing unregistered type router.PerceptionResult from checkpoint. This will be blocked in a future version. Add to allowed_msgpack_modules to silence: [('router', 'PerceptionResult')]
Deserializing unregistered type router.RouteDecision from checkpoint. This will be blocked in a future version. Add to allowed_msgpack_modules to silence: [('router', 'RouteDecision')]
2026-04-14 15:05:55,641 - SessionLogger - INFO - [sim_Baseline_P2_M-BUO-002_174173] Teacher: 别急，回想一下阿基米德原理。在潜艇完全浸没且没露出水面之前，它排开水的体积 $V_{排}$ 有发生变化吗？
2026-04-14 15:05:55,842 - SessionLogger - INFO - [sim_Baseline_P1_M-BUO-002_3ed027] Teacher: 既然密度没变，那决定浮力大小的公式 $F_浮 = \rho g V_排$ 里，还有哪个变量是跟着深度一起变的？

如果公式里根本没有“深度”这个字母，你觉得它是怎么偷偷起作用的？
2026-04-14 15:05:57,035 - SessionLogger - INFO - [sim_Baseline_P1_M-BUO-002_3ed027] Student: 公式是死的，人是活的，深度肯定有影响。我觉得那个公式没写全，或者深度是通过压强间接影响浮力的，反正越深浮力越大是我亲眼感觉到的。
Deserializing unregistered type router.SessionMemory from checkpoint. This will be blocked in a future version. Add to allowed_msgpack_modules to silence: [('router', 'SessionMemory')]
Deserializing unregistered type router.PerceptionResult from checkpoint. This will be blocked in a future version. Add to allowed_msgpack_modules to silence: [('router', 'PerceptionResult')]
Deserializing unregistered type router.RouteDecision from checkpoint. This will be blocked in a future version. Add to allowed_msgpack_modules to silence: [('router', 'RouteDecision')]
2026-04-14 15:05:57,080 - SessionLogger - INFO - [sim_Baseline_P2_M-BUO-002_174173] Student: $V_{排}$ 好像确实没变，毕竟潜艇整个都在水里，体积是固定的。可是老师，深度明明变浅了呀，难道深度对浮力一点影响都没有吗？
Deserializing unregistered type router.SessionMemory from checkpoint. This will be blocked in a future version. Add to allowed_msgpack_modules to silence: [('router', 'SessionMemory')]
Deserializing unregistered type router.PerceptionResult from checkpoint. This will be blocked in a future version. Add to allowed_msgpack_modules to silence: [('router', 'PerceptionResult')]
Deserializing unregistered type router.RouteDecision from checkpoint. This will be blocked in a future version. Add to allowed_msgpack_modules to silence: [('router', 'RouteDecision')]
2026-04-14 15:06:01,218 - SessionLogger - INFO - [sim_Baseline_P3_M-BUO-002_b7233e] Teacher: 压力变大没错，但咱们回忆一下阿基米德原理，浮力的大小主要取决于哪两个因素？

当潜水艇完全没入水中后，它排开水的体积发生变化了吗？
2026-04-14 15:06:01,914 - SessionLogger - INFO - [sim_Baseline_P2_M-BUO-002_174173] Teacher: 既然你刚才已经想通了“压力差”的原理，那不妨再推演一下：当潜艇上浮时，它上表面和下表面受到的压强都减小了，但它们之间的“差值”会变吗？
2026-04-14 15:06:02,424 - SessionLogger - INFO - [sim_Baseline_P3_M-BUO-002_b7233e] Student: 排开水的体积……应该没变吧，毕竟潜水艇还是那么大。但老师，下面水压那么大，难道不会把水“挤”得更用力，从而产生更大的浮力吗？
Deserializing unregistered type router.SessionMemory from checkpoint. This will be blocked in a future version. Add to allowed_msgpack_modules to silence: [('router', 'SessionMemory')]
Deserializing unregistered type router.PerceptionResult from checkpoint. This will be blocked in a future version. Add to allowed_msgpack_modules to silence: [('router', 'PerceptionResult')]
Deserializing unregistered type router.RouteDecision from checkpoint. This will be blocked in a future version. Add to allowed_msgpack_modules to silence: [('router', 'RouteDecision')]
2026-04-14 15:06:03,386 - SessionLogger - INFO - [sim_Baseline_P2_M-BUO-002_174173] Student: 呃……压强都减小了，那它们的差值……好像确实没变？因为上下表面减小的量是一样的？所以我之前想的“深度越深浮力越大”是错的？
Deserializing unregistered type router.SessionMemory from checkpoint. This will be blocked in a future version. Add to allowed_msgpack_modules to silence: [('router', 'SessionMemory')]
Deserializing unregistered type router.PerceptionResult from checkpoint. This will be blocked in a future version. Add to allowed_msgpack_modules to silence: [('router', 'PerceptionResult')]
Deserializing unregistered type router.RouteDecision from checkpoint. This will be blocked in a future version. Add to allowed_msgpack_modules to silence: [('router', 'RouteDecision')]
2026-04-14 15:06:04,456 - SessionLogger - INFO - [sim_Baseline_P1_M-BUO-002_3ed027] Teacher: 那咱们做个思想实验：把一个铁块用弹簧秤挂着，分别浸没在水下 1 米和 100 米处。

如果浮力真的随深度增加而变大，你觉得弹簧秤的读数会发生什么变化？
2026-04-14 15:06:05,441 - SessionLogger - INFO - [sim_Baseline_P1_M-BUO-002_3ed027] Student: 读数肯定会变小啊，因为下面浮力大，把铁块往上托的劲儿更大了。这不是很明显吗？
2026-04-14 15:06:05,441 - SessionLogger - INFO - [sim_Baseline_P1_M-BUO-002_3ed027] Session finished. Resolved: False
2026-04-14 15:06:05,441 - SessionLogger - INFO - [sim_FSM_P3_M-BUO-002_ea3ce4] Starting session
2026-04-14 15:06:05,441 - SessionLogger - INFO - Initialized Session sim_FSM_P3_M-BUO-002_ea3ce4 on Unknown for Unknown with version FSM+Guardrail
2026-04-14 15:06:06,510 - SessionLogger - INFO - [sim_FSM_P3_M-BUO-002_ea3ce4] Student Opening: 老师，我觉得潜水艇潜得越深，受到的浮力应该越大吧？毕竟水越深压强不是越大吗？
2026-04-14 15:06:06,532 - SessionLogger - INFO - [sim_FSM+Guardrail_P2_M-BUO-002_5718d8] Teacher: 没错，你抓住了关键！既然完全浸没后，上下表面的压力差保持不变，那浮力自然也就不变了。

那么反过来想，如果潜水艇还没有完全潜入水中，只是下潜得更深一点（排开的水更多了），这时候浮力会怎么变呢？
2026-04-14 15:06:07,709 - SessionLogger - INFO - [sim_FSM+Guardrail_P2_M-BUO-002_5718d8] Student: 哦！这时候排开的水变多了，那浮力应该会变大吧？看来关键不是深度，而是看排开了多少水？
Deserializing unregistered type router.SessionMemory from checkpoint. This will be blocked in a future version. Add to allowed_msgpack_modules to silence: [('router', 'SessionMemory')]
Deserializing unregistered type router.PerceptionResult from checkpoint. This will be blocked in a future version. Add to allowed_msgpack_modules to silence: [('router', 'PerceptionResult')]
Deserializing unregistered type router.RouteDecision from checkpoint. This will be blocked in a future version. Add to allowed_msgpack_modules to silence: [('router', 'RouteDecision')]
2026-04-14 15:06:10,966 - SessionLogger - WARNING - LLM Judge blocked response. Reason: 助教直接给出了本题的最终物理结论（'浮力大小其实都是恒定的'），并明确否定了学生的错误概念。根据违规定义第1条，助教直接告诉了学生本题最终的物理结论或标准答案，属于违规。虽然开头有'没错'的肯定语，但结合上下文，这并非对学生正确推导的肯定（因为学生持有的是错误概念），而是直接抛出正确结论来纠正学生，未给予学生自我修正或思考的机会。
2026-04-14 15:06:12,503 - SessionLogger - INFO - [sim_Baseline_P3_M-BUO-002_b7233e] Teacher: 体积没变是对的。那你看看阿基米德原理的公式，除了排开体积，水的密度在深海会发生明显变化吗？
2026-04-14 15:06:13,026 - SessionLogger - INFO - [sim_FSM_P1_M-BUO-002_19b86c] Teacher: 咱们换个具体的数字来看看，这样更清楚：

假设物体在浅处时，向下压它的力是 **10牛**，向上托它的力是 **15牛**，这时候浮力（差额）是 **5牛**。

当它沉到深处，因为水深了，向下压的力变成了 **20牛**，向上托的力也同步变成了 **25牛**。

请问，这时候新的浮力（25牛 - 20牛）是多少牛？它是变大了还是 **\_\_\_\_\_\_** （保持不变 / 变大）？
2026-04-14 15:06:13,674 - SessionLogger - INFO - [sim_Baseline_P3_M-BUO-002_b7233e] Student: 水……应该还是水吧，密度大概没变？可是老师，我还是想不通，明明感觉下面“劲儿”更大，为什么浮力却不跟着变大呢？
Deserializing unregistered type router.SessionMemory from checkpoint. This will be blocked in a future version. Add to allowed_msgpack_modules to silence: [('router', 'SessionMemory')]
Deserializing unregistered type router.PerceptionResult from checkpoint. This will be blocked in a future version. Add to allowed_msgpack_modules to silence: [('router', 'PerceptionResult')]
Deserializing unregistered type router.RouteDecision from checkpoint. This will be blocked in a future version. Add to allowed_msgpack_modules to silence: [('router', 'RouteDecision')]
2026-04-14 15:06:15,605 - SessionLogger - INFO - [sim_FSM+Guardrail_P1_M-BUO-002_a61f81] Teacher: 你说得对，深度越深，水对物体的绝对压强确实越大。但是，浮力看的是“下面比上面多出来的那部分压力”。

在均匀的水里，每往下深1厘米，压强增加的量都是固定的。因为物体的高度没变，所以下表面比上表面“多承受”的那份压强差也是固定的。

既然这个“压强差”只跟物体自己的______有关，而与它在水里的深浅无关，你觉得当物体完全没入水中后，继续下沉时，浮力会变大还是不变？
2026-04-14 15:06:16,712 - SessionLogger - INFO - [sim_FSM_P1_M-BUO-002_19b86c] Student: 算出来是5牛……可是老师，这太巧了吧？万一沉得更深，下面的力增加得比上面多呢？我觉得不能光靠这几个数字就说不不变。
Deserializing unregistered type router.SessionMemory from checkpoint. This will be blocked in a future version. Add to allowed_msgpack_modules to silence: [('router', 'SessionMemory')]
Deserializing unregistered type router.PerceptionResult from checkpoint. This will be blocked in a future version. Add to allowed_msgpack_modules to silence: [('router', 'PerceptionResult')]
Deserializing unregistered type router.RouteDecision from checkpoint. This will be blocked in a future version. Add to allowed_msgpack_modules to silence: [('router', 'RouteDecision')]
2026-04-14 15:06:17,275 - SessionLogger - INFO - [sim_FSM+Guardrail_P1_M-BUO-002_a61f81] Student: 我不信，压强明明变大了，怎么可能浮力不变？你光说差值固定，可底下的基数变大了啊，总的托力肯定还是变大的。
2026-04-14 15:06:17,275 - SessionLogger - INFO - [sim_FSM+Guardrail_P1_M-BUO-002_a61f81] Session finished. Resolved: False
2026-04-14 15:06:17,275 - SessionLogger - INFO - [sim_FSM+Guardrail_P3_M-BUO-002_1dc582] Starting session
2026-04-14 15:06:17,275 - SessionLogger - INFO - Initialized Session sim_FSM+Guardrail_P3_M-BUO-002_1dc582 on Unknown for Unknown with version FSM+Guardrail
2026-04-14 15:06:18,867 - SessionLogger - INFO - [sim_FSM+Guardrail_P3_M-BUO-002_1dc582] Student Opening: 老师，我觉得潜水艇潜得越深，受到的浮力应该越大吧？毕竟水越深压强不是越大吗？
2026-04-14 15:06:27,131 - SessionLogger - INFO - [sim_FSM+Guardrail_P2_M-BUO-002_5718d8] Teacher: 没错，你抓住了重点！既然完全浸没后，排开水的体积不再随深度增加而改变，那浮力自然也就稳定下来了。

那么，如果现在把水换成密度更大的盐水，在物体同样完全浸没的情况下，你觉得它受到的浮力会比在淡水中更大、更小还是不变呢？
2026-04-14 15:06:27,132 - SessionLogger - INFO - [sim_FSM+Guardrail_P2_M-BUO-002_5718d8] Session finished. Resolved: True
2026-04-14 15:06:27,159 - SessionLogger - INFO - [sim_Baseline_P3_M-BUO-002_b7233e] Teacher: 那种“劲儿”确实变大了，但它是均匀地挤压潜水艇的四面八方。

你想想，浮力其实是向上和向下的压力之差。如果上下两个面受到的压力都增加了相同的数值，它们的“差值”会变吗？
2026-04-14 15:06:30,412 - SessionLogger - INFO - [sim_FSM_P3_M-BUO-002_ea3ce4] Teacher: 如果浮力真的随着深度一直变大，那你想想，当潜水艇潜到马里亚纳海沟那么深的地方，它受到的浮力会不会大到根本按不住，反而像皮球一样猛地弹回水面？
2026-04-14 15:06:30,474 - SessionLogger - INFO - [sim_Baseline_P3_M-BUO-002_b7233e] Student: 呃……如果大家都加了一样的数，那减完之后的差好像确实没变？可是老师，我还是有点晕，能不能举个具体的数字例子让我看看？
Deserializing unregistered type router.SessionMemory from checkpoint. This will be blocked in a future version. Add to allowed_msgpack_modules to silence: [('router', 'SessionMemory')]
Deserializing unregistered type router.PerceptionResult from checkpoint. This will be blocked in a future version. Add to allowed_msgpack_modules to silence: [('router', 'PerceptionResult')]
Deserializing unregistered type router.RouteDecision from checkpoint. This will be blocked in a future version. Add to allowed_msgpack_modules to silence: [('router', 'RouteDecision')]
2026-04-14 15:06:32,134 - SessionLogger - INFO - [sim_FSM_P1_M-BUO-002_19b86c] Teacher: 这其实不是巧合，而是因为液体压强是均匀增加的。

只要物体的高度不变，它上下表面所处的深度差就不变，那么下面比上面多出来的那部分压强（也就是产生浮力的原因）就会 **\_\_\_\_\_\_** （一直增加 / 保持不变）。
2026-04-14 15:06:33,802 - SessionLogger - INFO - [sim_FSM_P3_M-BUO-002_ea3ce4] Student: 呃……好像有点道理？但是水压确实变大了呀，那浮力难道不会跟着变大一点吗？
Deserializing unregistered type router.SessionMemory from checkpoint. This will be blocked in a future version. Add to allowed_msgpack_modules to silence: [('router', 'SessionMemory')]
Deserializing unregistered type router.PerceptionResult from checkpoint. This will be blocked in a future version. Add to allowed_msgpack_modules to silence: [('router', 'PerceptionResult')]
Deserializing unregistered type router.RouteDecision from checkpoint. This will be blocked in a future version. Add to allowed_msgpack_modules to silence: [('router', 'RouteDecision')]
2026-04-14 15:06:34,396 - SessionLogger - INFO - [sim_FSM_P1_M-BUO-002_19b86c] Student: 可是老师，深度明明变大了啊！我觉得不能光看这个差值，水越深托力应该越大才对，我还是觉得是变大。
Deserializing unregistered type router.SessionMemory from checkpoint. This will be blocked in a future version. Add to allowed_msgpack_modules to silence: [('router', 'SessionMemory')]
Deserializing unregistered type router.PerceptionResult from checkpoint. This will be blocked in a future version. Add to allowed_msgpack_modules to silence: [('router', 'PerceptionResult')]
Deserializing unregistered type router.RouteDecision from checkpoint. This will be blocked in a future version. Add to allowed_msgpack_modules to silence: [('router', 'RouteDecision')]
2026-04-14 15:06:45,873 - SessionLogger - INFO - [sim_FSM_P1_M-BUO-002_19b86c] Teacher: 这种直觉很自然，因为深水确实“劲儿”更大（压强更大），但这股劲儿是四面八方一起增加的。

既然上下左右受到的压力都同步增加了相同的数值，那么它们相互抵消后剩下的那个“净向上推力”，应该是 **\_\_\_\_\_\_** （变大 / 不变）。
2026-04-14 15:06:45,985 - SessionLogger - INFO - [sim_FSM+Guardrail_P3_M-BUO-002_1dc582] Teacher: 你说得对，深度增加，水对潜艇各个方向的压强确实都变大了。

但是，当潜艇完全浸没在水中继续下潜时，潜艇上表面和下表面之间的**垂直距离**（高度差）发生改变了吗？
2026-04-14 15:06:46,026 - SessionLogger - INFO - [sim_Baseline_P3_M-BUO-002_b7233e] Teacher: 没问题。假设在浅处，潜水艇底部受到向上的压力是 100N，顶部受到向下的压力是 80N，这时候浮力是多少？

如果到了深处，这两个压力都增加了 50N，变成了 150N 和 130N，你再算算现在的浮力变了吗？
2026-04-14 15:06:49,099 - SessionLogger - INFO - [sim_FSM_P1_M-BUO-002_19b86c] Student: 可是老师，虽然都增加了，但下面增加得更多啊，毕竟下面更深。我还是觉得浮力应该变大，光说抵消我很难接受。
2026-04-14 15:06:49,100 - SessionLogger - INFO - [sim_FSM_P1_M-BUO-002_19b86c] Session finished. Resolved: False
2026-04-14 15:06:49,909 - SessionLogger - INFO - [sim_FSM+Guardrail_P3_M-BUO-002_1dc582] Student: 没变啊，潜艇还是那个潜艇，高度肯定不变。但这跟浮力变大有什么关系？下面压强不是更大吗？
Deserializing unregistered type router.SessionMemory from checkpoint. This will be blocked in a future version. Add to allowed_msgpack_modules to silence: [('router', 'SessionMemory')]
Deserializing unregistered type router.PerceptionResult from checkpoint. This will be blocked in a future version. Add to allowed_msgpack_modules to silence: [('router', 'PerceptionResult')]
Deserializing unregistered type router.RouteDecision from checkpoint. This will be blocked in a future version. Add to allowed_msgpack_modules to silence: [('router', 'RouteDecision')]
2026-04-14 15:06:50,565 - SessionLogger - INFO - [sim_Baseline_P3_M-BUO-002_b7233e] Student: 浅处是 100 减 80 等于 20N，深处是 150 减 130 也是 20N……哎？好像真的没变！原来是因为上下一起增加，所以抵消掉了？
Deserializing unregistered type router.SessionMemory from checkpoint. This will be blocked in a future version. Add to allowed_msgpack_modules to silence: [('router', 'SessionMemory')]
Deserializing unregistered type router.PerceptionResult from checkpoint. This will be blocked in a future version. Add to allowed_msgpack_modules to silence: [('router', 'PerceptionResult')]
Deserializing unregistered type router.RouteDecision from checkpoint. This will be blocked in a future version. Add to allowed_msgpack_modules to silence: [('router', 'RouteDecision')]
2026-04-14 15:06:50,726 - SessionLogger - INFO - [sim_FSM_P3_M-BUO-002_ea3ce4] Teacher: 没错，深处的水压确实更大。但浮力是靠“下表面向上的压力”比“上表面向下的压力”多出来的那部分形成的。如果上下两个面的压强都同时增加了相同的量，你觉得这个“差值”会变吗？
2026-04-14 15:06:51,925 - SessionLogger - INFO - [sim_FSM_P3_M-BUO-002_ea3ce4] Student: 啊？同时增加一样的量……那减完之后，多出来的部分好像确实没变？
可是老师，我还是有点晕，能不能打个比方，比如用两个手压东西之类的？
Deserializing unregistered type router.SessionMemory from checkpoint. This will be blocked in a future version. Add to allowed_msgpack_modules to silence: [('router', 'SessionMemory')]
Deserializing unregistered type router.PerceptionResult from checkpoint. This will be blocked in a future version. Add to allowed_msgpack_modules to silence: [('router', 'PerceptionResult')]
Deserializing unregistered type router.RouteDecision from checkpoint. This will be blocked in a future version. Add to allowed_msgpack_modules to silence: [('router', 'RouteDecision')]
2026-04-14 15:06:52,726 - SessionLogger - INFO - [sim_Baseline_P2_M-BUO-002_174173] Teacher: 没错，你的直觉很准！既然差值不变，那浮力自然也不变。所以，只要潜艇还完全浸没在水中，无论它潜多深或浮多高，浮力大小其实都是恒定的。
2026-04-14 15:06:54,471 - SessionLogger - INFO - [sim_Baseline_P2_M-BUO-002_174173] Student: 原来是这样！只要没露出水面，排开水的体积不变，上下表面的压力差就不变，所以浮力真的和深度没关系。我刚才那个“深度决定论”彻底被推翻了，这下逻辑通顺了。
Deserializing unregistered type router.SessionMemory from checkpoint. This will be blocked in a future version. Add to allowed_msgpack_modules to silence: [('router', 'SessionMemory')]
Deserializing unregistered type router.PerceptionResult from checkpoint. This will be blocked in a future version. Add to allowed_msgpack_modules to silence: [('router', 'PerceptionResult')]
Deserializing unregistered type router.RouteDecision from checkpoint. This will be blocked in a future version. Add to allowed_msgpack_modules to silence: [('router', 'RouteDecision')]
2026-04-14 15:06:54,865 - SessionLogger - INFO - [sim_Baseline_P3_M-BUO-002_b7233e] Teacher: 没错，增加的部分互相抵消了。

那现在回过头看阿基米德原理 $F_浮 = \rho_{液} g V_{排}$，既然深度改变不影响浮力，你觉得这个公式里为什么没有“深度 $h$”这个变量呢？
2026-04-14 15:06:56,586 - SessionLogger - INFO - [sim_Baseline_P3_M-BUO-002_b7233e] Student: 因为只要潜水艇完全没入水里，它排开的水的体积 $V_{排}$ 就不变了呀？所以既然跟深度没关系，公式里自然就不用写 $h$ 了……是这样理解吗？
Deserializing unregistered type router.SessionMemory from checkpoint. This will be blocked in a future version. Add to allowed_msgpack_modules to silence: [('router', 'SessionMemory')]
Deserializing unregistered type router.PerceptionResult from checkpoint. This will be blocked in a future version. Add to allowed_msgpack_modules to silence: [('router', 'PerceptionResult')]
Deserializing unregistered type router.RouteDecision from checkpoint. This will be blocked in a future version. Add to allowed_msgpack_modules to silence: [('router', 'RouteDecision')]
2026-04-14 15:07:00,092 - SessionLogger - INFO - [sim_Baseline_P2_M-BUO-002_174173] Teacher: 太棒了，逻辑完全闭环！那如果潜艇继续上浮，开始露出水面时，$V_{排}$ 会怎么变？这时候浮力又会发生什么变化呢？
2026-04-14 15:07:01,163 - SessionLogger - INFO - [sim_FSM_P3_M-BUO-002_ea3ce4] Teacher: 想象你双手夹着一块海绵，左手用力10牛，右手用力8牛，海绵受到的“净挤压”是2牛。

如果现在两个人都同时多加了5牛的力（变成15牛和13牛），你觉得中间那个“2牛的差值”会改变吗？
2026-04-14 15:07:01,408 - SessionLogger - INFO - [sim_Baseline_P3_M-BUO-002_b7233e] Teacher: 你说得很对，只要完全浸没，$V_{排}$ 就等于物体的体积，是个定值。

那如果潜水艇只有一半在水里，慢慢往下潜直到完全没入，这个过程中 $V_{排}$ 是怎么变的？浮力又会怎么变呢？
2026-04-14 15:07:01,408 - SessionLogger - INFO - [sim_Baseline_P3_M-BUO-002_b7233e] Extending max_turns by 3 because cognitive_state is '新概念探索'
2026-04-14 15:07:01,595 - SessionLogger - INFO - [sim_Baseline_P2_M-BUO-002_174173] Student: 露出水面的话，$V_{排}$ 肯定就变小了呀。既然刚才说浮力跟 $V_{排}$ 有关，那这时候浮力应该也会跟着变小吧？
2026-04-14 15:07:01,595 - SessionLogger - INFO - [sim_Baseline_P2_M-BUO-002_174173] Session finished. Resolved: False
2026-04-14 15:07:04,643 - SessionLogger - INFO - [sim_FSM_P3_M-BUO-002_ea3ce4] Student: 噢！15减13还是2，差值真的没变诶！
所以我之前是把“压强变大”和“浮力变大”搞混了？只要上下压力增加得一样多，浮力就不变？
Deserializing unregistered type router.SessionMemory from checkpoint. This will be blocked in a future version. Add to allowed_msgpack_modules to silence: [('router', 'SessionMemory')]
Deserializing unregistered type router.PerceptionResult from checkpoint. This will be blocked in a future version. Add to allowed_msgpack_modules to silence: [('router', 'PerceptionResult')]
Deserializing unregistered type router.RouteDecision from checkpoint. This will be blocked in a future version. Add to allowed_msgpack_modules to silence: [('router', 'RouteDecision')]
2026-04-14 15:07:04,992 - SessionLogger - INFO - [sim_Baseline_P3_M-BUO-002_b7233e] Student: 那这时候排开的水变多了，$V_{排}$ 肯定是在变大，所以浮力也会跟着变大对吧？但这不还是因为深度增加才导致它浸没得更多吗……这跟我之前想的“越深浮力越大”好像又有点对上了？
Deserializing unregistered type router.SessionMemory from checkpoint. This will be blocked in a future version. Add to allowed_msgpack_modules to silence: [('router', 'SessionMemory')]
Deserializing unregistered type router.PerceptionResult from checkpoint. This will be blocked in a future version. Add to allowed_msgpack_modules to silence: [('router', 'PerceptionResult')]
Deserializing unregistered type router.RouteDecision from checkpoint. This will be blocked in a future version. Add to allowed_msgpack_modules to silence: [('router', 'RouteDecision')]
2026-04-14 15:07:05,359 - SessionLogger - INFO - [sim_FSM+Guardrail_P3_M-BUO-002_1dc582] Teacher: 这个直觉很自然，但我们来推演一下后果：如果越深浮力真的越大，那潜艇一旦下潜到一定深度，巨大的浮力岂不是会自动把它猛推向水面？

这在现实中发生过吗？还是说潜艇在深海中反而更难控制上浮？
2026-04-14 15:07:07,374 - SessionLogger - INFO - [sim_FSM+Guardrail_P3_M-BUO-002_1dc582] Student: 呃……好像确实没听说过潜艇会被自动弹回来，它们不是靠排水才上浮的吗？
可是老师，如果浮力不变，那下面更大的压强去哪儿了？我还是觉得深度应该有影响。
Deserializing unregistered type router.SessionMemory from checkpoint. This will be blocked in a future version. Add to allowed_msgpack_modules to silence: [('router', 'SessionMemory')]
Deserializing unregistered type router.PerceptionResult from checkpoint. This will be blocked in a future version. Add to allowed_msgpack_modules to silence: [('router', 'PerceptionResult')]
Deserializing unregistered type router.RouteDecision from checkpoint. This will be blocked in a future version. Add to allowed_msgpack_modules to silence: [('router', 'RouteDecision')]
2026-04-14 15:07:11,134 - SessionLogger - INFO - [sim_FSM_P3_M-BUO-002_ea3ce4] Teacher: 没错，差值确实没变。那既然这个“压力差”决定了浮力，你觉得对于一个已经完全浸没在水里的铁块，继续把它往更深的地方按，它排开水的体积会发生变化吗？
2026-04-14 15:07:13,631 - SessionLogger - INFO - [sim_FSM_P3_M-BUO-002_ea3ce4] Student: 完全浸没的话……它本来就全在水里了，再往下按，排开的水应该还是那么多吧？
所以浮力其实跟深度没关系，只看排开多少水？
Deserializing unregistered type router.SessionMemory from checkpoint. This will be blocked in a future version. Add to allowed_msgpack_modules to silence: [('router', 'SessionMemory')]
Deserializing unregistered type router.PerceptionResult from checkpoint. This will be blocked in a future version. Add to allowed_msgpack_modules to silence: [('router', 'PerceptionResult')]
Deserializing unregistered type router.RouteDecision from checkpoint. This will be blocked in a future version. Add to allowed_msgpack_modules to silence: [('router', 'RouteDecision')]
2026-04-14 15:07:15,747 - SessionLogger - INFO - [sim_FSM+Guardrail_P3_M-BUO-002_1dc582] Teacher: 你说得对，压强确实变大了，但它是“公平”地作用在潜艇的每一个面上。

既然上下表面的压强都增加了相同的数值，你觉得它们之间的**差值**（也就是那个把潜艇往上托的净力）会发生变化吗？
2026-04-14 15:07:17,378 - SessionLogger - INFO - [sim_FSM+Guardrail_P3_M-BUO-002_1dc582] Student: 差值……是指上面和下面压强的区别吗？
如果两边都增加了一样的数，那它们的差好像确实没变？所以我之前感觉到的“变大”其实只是压强，不是浮力？
Deserializing unregistered type router.SessionMemory from checkpoint. This will be blocked in a future version. Add to allowed_msgpack_modules to silence: [('router', 'SessionMemory')]
Deserializing unregistered type router.PerceptionResult from checkpoint. This will be blocked in a future version. Add to allowed_msgpack_modules to silence: [('router', 'PerceptionResult')]
Deserializing unregistered type router.RouteDecision from checkpoint. This will be blocked in a future version. Add to allowed_msgpack_modules to silence: [('router', 'RouteDecision')]
2026-04-14 15:07:28,990 - SessionLogger - INFO - [sim_FSM_P3_M-BUO-002_ea3ce4] Teacher: 你说得很对，排开的水量确实没变。那你能试着总结一下，在什么情况下，物体受到的浮力大小才不会随着深度的增加而改变吗？
2026-04-14 15:07:28,990 - SessionLogger - INFO - [sim_FSM_P3_M-BUO-002_ea3ce4] Session finished. Resolved: True
2026-04-14 15:07:34,856 - SessionLogger - INFO - [sim_FSM+Guardrail_P3_M-BUO-002_1dc582] Teacher: 没错，你的推导很严密！既然上下表面的压力差没变，那就说明浮力其实是由这个“差值”决定的，而不是由某一点的绝对压强决定的。

那么回想一下，在潜艇刚刚入水、还没完全浸没的时候，随着它下潜，排开水的体积在变大，这时候浮力是变大的；而一旦完全浸没，排开水的体积就不变了。

结合刚才的结论，你觉得决定浮力大小的关键因素，究竟是“所在的深度”，还是“排开液体的体积”呢？
2026-04-14 15:07:38,367 - SessionLogger - INFO - [sim_FSM+Guardrail_P3_M-BUO-002_1dc582] Student: 噢！原来是看排开水的体积啊……
所以我之前搞混了，只要全浸没后，不管多深，排开的水都一样多，浮力就不变了？
Deserializing unregistered type router.SessionMemory from checkpoint. This will be blocked in a future version. Add to allowed_msgpack_modules to silence: [('router', 'SessionMemory')]
Deserializing unregistered type router.PerceptionResult from checkpoint. This will be blocked in a future version. Add to allowed_msgpack_modules to silence: [('router', 'PerceptionResult')]
Deserializing unregistered type router.RouteDecision from checkpoint. This will be blocked in a future version. Add to allowed_msgpack_modules to silence: [('router', 'RouteDecision')]
2026-04-14 15:07:57,297 - SessionLogger - INFO - [sim_FSM+Guardrail_P3_M-BUO-002_1dc582] Teacher: 正是如此！你成功把“压强”和“浮力”这两个容易混淆的概念区分开了。

既然你已经理清了完全浸没后的情况，那如果是一个形状不规则的物体，只要它排开水的体积不变，你觉得这个结论还成立吗？
2026-04-14 15:07:57,297 - SessionLogger - INFO - [sim_FSM+Guardrail_P3_M-BUO-002_1dc582] Session finished. Resolved: True
2026-04-14 15:07:57,300 - SessionLogger - INFO - [sim_Baseline_P3_M-BUO-002_b7233e] Teacher: 确实，在这个过程中深度增加的同时，浮力也变大了。

但你要区分清楚：是因为“更深”直接导致了浮力变大，还是因为“排开体积变大”导致的？

试想一下，如果物体形状很奇特，往下潜一点点，排开体积却突然增加很多，这时候浮力的变化主要取决于哪个因素？
2026-04-14 15:08:00,885 - SessionLogger - INFO - [sim_Baseline_P3_M-BUO-002_b7233e] Student: 呃……如果排开体积突然变大很多，那浮力肯定也变大了。所以真正起作用的是排开的水的多少，而不是深度本身？深度只是刚好让物体浸进去的一个过程？
Deserializing unregistered type router.SessionMemory from checkpoint. This will be blocked in a future version. Add to allowed_msgpack_modules to silence: [('router', 'SessionMemory')]
Deserializing unregistered type router.PerceptionResult from checkpoint. This will be blocked in a future version. Add to allowed_msgpack_modules to silence: [('router', 'PerceptionResult')]
Deserializing unregistered type router.RouteDecision from checkpoint. This will be blocked in a future version. Add to allowed_msgpack_modules to silence: [('router', 'RouteDecision')]
2026-04-14 15:08:08,644 - SessionLogger - WARNING - LLM Judge blocked response. Reason: 助教在回复开头直接陈述了本题的核心物理结论（'深度只是伴随现象，真正的幕后推手是 V_排'），这违反了违规定义第1条：'助教直接告诉了学生本题最终的物理结论或标准答案'。虽然随后的提问旨在引导思考极端情况，但核心错误概念的纠正已经通过直接告知完成，剥夺了学生自行推导正确概念的机会。
2026-04-14 15:08:08,649 - SessionLogger - INFO - [sim_Baseline_P3_M-BUO-002_b7233e] Teacher: 没错，深度只是伴随现象，真正的“幕后推手”是 $V_{排}$。

那现在想象一个极端情况：如果水非常深，深到下面的水被压缩得密度 $\rho_{液}$ 变大了，这时候浮力还会保持不变吗？
2026-04-14 15:08:11,798 - SessionLogger - INFO - [sim_Baseline_P3_M-BUO-002_b7233e] Student: 啊？水还能被压缩变密吗……如果密度真的变大了，那排开同样体积的水，重量应该更重了吧？所以这时候浮力会变大？
Deserializing unregistered type router.SessionMemory from checkpoint. This will be blocked in a future version. Add to allowed_msgpack_modules to silence: [('router', 'SessionMemory')]
Deserializing unregistered type router.PerceptionResult from checkpoint. This will be blocked in a future version. Add to allowed_msgpack_modules to silence: [('router', 'PerceptionResult')]
Deserializing unregistered type router.RouteDecision from checkpoint. This will be blocked in a future version. Add to allowed_msgpack_modules to silence: [('router', 'RouteDecision')]
2026-04-14 15:08:18,852 - SessionLogger - INFO - [sim_Baseline_P3_M-BUO-002_b7233e] Teacher: 你的直觉很敏锐！如果液体真的被压缩导致密度 $\rho$ 变大，根据公式，浮力确实会变大。

但这恰恰说明了：决定浮力大小的直接因素是“排开液体的重力”（即 $\rho$ 和 $V_{排}$），而不是深度本身。

在初中物理通常讨论的范围内，我们假设水是不可压缩的（密度不变）。现在回顾一下，你觉得之前那个“越深浮力越大”的误解，根源是不是把“伴随现象”当成了“因果关系”？
2026-04-14 15:08:23,569 - SessionLogger - INFO - [sim_Baseline_P3_M-BUO-002_b7233e] Student: 好像是这样……我之前一直盯着深度看，以为深度是原因，其实它只是刚好和排开体积一起变化而已。只要水没被压缩，全浸没后深度再深，浮力应该就不变了是吧？
Deserializing unregistered type router.SessionMemory from checkpoint. This will be blocked in a future version. Add to allowed_msgpack_modules to silence: [('router', 'SessionMemory')]
Deserializing unregistered type router.PerceptionResult from checkpoint. This will be blocked in a future version. Add to allowed_msgpack_modules to silence: [('router', 'PerceptionResult')]
Deserializing unregistered type router.RouteDecision from checkpoint. This will be blocked in a future version. Add to allowed_msgpack_modules to silence: [('router', 'RouteDecision')]
2026-04-14 15:08:28,673 - SessionLogger - WARNING - LLM Judge blocked response. Reason: 助教在回复开头直接陈述了本题的最终物理结论（'深度就不再影响浮力了'），这违反了违规定义第1条：'助教直接告诉了学生本题最终的物理结论或标准答案'。虽然助教后续使用了提问引导和反例，但核心结论已直接泄露，不符合豁免标准中关于不直接告诉最终结论的要求。
2026-04-14 15:08:28,678 - SessionLogger - INFO - [sim_Baseline_P3_M-BUO-002_b7233e] Teacher: 完全正确！只要物体全浸没且液体密度均匀，深度就不再影响浮力了。

现在试着想个反例：如果把这个铁块从水里拿出来，扔进密度更大的水银里（假设它还是全浸没的），深度没变，浮力会变吗？为什么？
2026-04-14 15:08:32,726 - SessionLogger - INFO - [sim_Baseline_P3_M-BUO-002_b7233e] Student: 水银密度比水大好多……那排开同样体积的话，浮力肯定会变大吧？看来深度没变，但浮力变了，这确实说明深度不是决定因素。
Deserializing unregistered type router.SessionMemory from checkpoint. This will be blocked in a future version. Add to allowed_msgpack_modules to silence: [('router', 'SessionMemory')]
Deserializing unregistered type router.PerceptionResult from checkpoint. This will be blocked in a future version. Add to allowed_msgpack_modules to silence: [('router', 'PerceptionResult')]
Deserializing unregistered type router.RouteDecision from checkpoint. This will be blocked in a future version. Add to allowed_msgpack_modules to silence: [('router', 'RouteDecision')]
2026-04-14 15:08:37,880 - SessionLogger - INFO - [sim_Baseline_P3_M-BUO-002_b7233e] Teacher: 没错，这个反例很有力！

既然深度不是“老板”，那现在你能用自己的话总结一下，到底是谁在真正决定浮力的大小吗？
2026-04-14 15:08:40,879 - SessionLogger - INFO - [sim_Baseline_P3_M-BUO-002_b7233e] Student: 那就是看排开液体的“分量”呗？也就是液体的密度和排开的体积，跟深度其实没直接关系。
Deserializing unregistered type router.SessionMemory from checkpoint. This will be blocked in a future version. Add to allowed_msgpack_modules to silence: [('router', 'SessionMemory')]
Deserializing unregistered type router.PerceptionResult from checkpoint. This will be blocked in a future version. Add to allowed_msgpack_modules to silence: [('router', 'PerceptionResult')]
Deserializing unregistered type router.RouteDecision from checkpoint. This will be blocked in a future version. Add to allowed_msgpack_modules to silence: [('router', 'RouteDecision')]
2026-04-14 15:09:36,392 - SessionLogger - INFO - [sim_Baseline_P3_M-BUO-002_b7233e] Teacher: 总结得非常到位！“分量”这个词用得很传神，其实就是排开液体的重力。

那最后考考你：如果是一个正在上浮的木块，在它露出水面之前和露出水面之后，浮力是怎么变化的？为什么？
2026-04-14 15:09:39,652 - SessionLogger - INFO - [sim_Baseline_P3_M-BUO-002_b7233e] Student: 露出水面之前应该不变吧，因为全浸没。但露出来之后，排开水的体积变小了，所以浮力会减小？
Deserializing unregistered type router.SessionMemory from checkpoint. This will be blocked in a future version. Add to allowed_msgpack_modules to silence: [('router', 'SessionMemory')]
Deserializing unregistered type router.PerceptionResult from checkpoint. This will be blocked in a future version. Add to allowed_msgpack_modules to silence: [('router', 'PerceptionResult')]
Deserializing unregistered type router.RouteDecision from checkpoint. This will be blocked in a future version. Add to allowed_msgpack_modules to silence: [('router', 'RouteDecision')]
2026-04-14 15:09:43,016 - SessionLogger - INFO - [sim_Baseline_P3_M-BUO-002_b7233e] Teacher: 分析得很准确！既然浮力变小了，而木块的重力没变，你觉得这时候木块还能继续往上冲吗？最终它会停在一个什么状态？
2026-04-14 15:09:44,138 - SessionLogger - INFO - [sim_Baseline_P3_M-BUO-002_b7233e] Student: 既然浮力变小了，那它往上冲的劲儿肯定就小了呀。最后应该会停在浮力刚好等于重力的地方，也就是漂在水面上不动了吧？
2026-04-14 15:09:44,138 - SessionLogger - INFO - [sim_Baseline_P3_M-BUO-002_b7233e] Session finished. Resolved: False
开始批量仿真实验...
仿真实验完成。
Metrics calculated and saved to results/summary_metrics.csv
Created results/manual_audit.csv
找到 36 个会话，开始评估...
正在评估会话: sim_Baseline_P1_M-ELE-001_9ce267 (13 轮对话)
  -> 苏格拉底度: 4, 有效性: 2
正在评估会话: sim_Baseline_P2_M-ELE-001_67543c (13 轮对话)
  -> 苏格拉底度: 5, 有效性: 5
正在评估会话: sim_FSM_P1_M-ELE-001_5b0891 (13 轮对话)
  -> 苏格拉底度: 5, 有效性: 4
正在评估会话: sim_FSM+Guardrail_P1_M-ELE-001_abbe28 (10 轮对话)
  -> 苏格拉底度: 5, 有效性: 5
正在评估会话: sim_FSM_P2_M-ELE-001_6a5377 (5 轮对话)
  -> 苏格拉底度: 5, 有效性: 5
正在评估会话: sim_FSM+Guardrail_P2_M-ELE-001_a2f44e (5 轮对话)
  -> 苏格拉底度: 5, 有效性: 5
正在评估会话: sim_Baseline_P3_M-ELE-001_f1cb4e (13 轮对话)
  -> 苏格拉底度: 5, 有效性: 5
正在评估会话: sim_FSM_P3_M-ELE-001_2fba4a (6 轮对话)
  -> 苏格拉底度: 5, 有效性: 5
正在评估会话: sim_Baseline_P1_M-ELE-002_9699f8 (13 轮对话)
  -> 苏格拉底度: 5, 有效性: 4
正在评估会话: sim_FSM+Guardrail_P3_M-ELE-001_bd529a (10 轮对话)
  -> 苏格拉底度: 4, 有效性: 4
正在评估会话: sim_FSM_P1_M-ELE-002_02d9c5 (10 轮对话)
  -> 苏格拉底度: 3, 有效性: 3
正在评估会话: sim_FSM+Guardrail_P1_M-ELE-002_d9978a (10 轮对话)
  -> 苏格拉底度: 4, 有效性: 3
正在评估会话: sim_Baseline_P2_M-ELE-002_127fb3 (13 轮对话)
  -> 苏格拉底度: 5, 有效性: 5
正在评估会话: sim_FSM_P2_M-ELE-002_1ce717 (7 轮对话)
  -> 苏格拉底度: 5, 有效性: 5
正在评估会话: sim_Baseline_P3_M-ELE-002_dc9bb2 (13 轮对话)
  -> 苏格拉底度: 5, 有效性: 5
正在评估会话: sim_FSM+Guardrail_P2_M-ELE-002_ec7d4c (6 轮对话)
  -> 苏格拉底度: 5, 有效性: 5
正在评估会话: sim_FSM_P3_M-ELE-002_c5249c (6 轮对话)
  -> 苏格拉底度: 5, 有效性: 5
正在评估会话: sim_FSM+Guardrail_P3_M-ELE-002_4beb09 (7 轮对话)
  -> 苏格拉底度: 5, 有效性: 5
正在评估会话: sim_Baseline_P1_M-BUO-001_1436b3 (13 轮对话)
  -> 苏格拉底度: 5, 有效性: 4
正在评估会话: sim_FSM_P1_M-BUO-001_aab64b (10 轮对话)
  -> 苏格拉底度: 5, 有效性: 4
正在评估会话: sim_FSM+Guardrail_P1_M-BUO-001_af3735 (10 轮对话)
  -> 苏格拉底度: 4, 有效性: 3
正在评估会话: sim_Baseline_P2_M-BUO-001_ec3bdd (13 轮对话)
  -> 苏格拉底度: 5, 有效性: 5
正在评估会话: sim_FSM_P2_M-BUO-001_d42ed7 (4 轮对话)
  -> 苏格拉底度: 5, 有效性: 5
正在评估会话: sim_FSM+Guardrail_P2_M-BUO-001_0816b0 (5 轮对话)
  -> 苏格拉底度: 5, 有效性: 5
正在评估会话: sim_Baseline_P3_M-BUO-001_ba0f05 (13 轮对话)
  -> 苏格拉底度: 5, 有效性: 5
正在评估会话: sim_FSM_P3_M-BUO-001_52f105 (6 轮对话)
  -> 苏格拉底度: 5, 有效性: 5
正在评估会话: sim_FSM+Guardrail_P3_M-BUO-001_bcd1b3 (8 轮对话)
  -> 苏格拉底度: 5, 有效性: 5
正在评估会话: sim_Baseline_P1_M-BUO-002_3ed027 (13 轮对话)
  -> 苏格拉底度: 4, 有效性: 3
正在评估会话: sim_FSM_P1_M-BUO-002_19b86c (10 轮对话)
  -> 苏格拉底度: 4, 有效性: 5
正在评估会话: sim_FSM+Guardrail_P1_M-BUO-002_a61f81 (10 轮对话)
  -> 苏格拉底度: 5, 有效性: 4
正在评估会话: sim_Baseline_P2_M-BUO-002_174173 (13 轮对话)
  -> 苏格拉底度: 5, 有效性: 5
正在评估会话: sim_FSM_P2_M-BUO-002_bc5e01 (5 轮对话)
  -> 苏格拉底度: 5, 有效性: 5
正在评估会话: sim_FSM+Guardrail_P2_M-BUO-002_5718d8 (4 轮对话)
  -> 苏格拉底度: 5, 有效性: 5
正在评估会话: sim_Baseline_P3_M-BUO-002_b7233e (13 轮对话)
  -> 苏格拉底度: 5, 有效性: 5
正在评估会话: sim_FSM_P3_M-BUO-002_ea3ce4 (5 轮对话)
  -> 苏格拉底度: 5, 有效性: 5
正在评估会话: sim_FSM+Guardrail_P3_M-BUO-002_1dc582 (5 轮对话)
  -> 苏格拉底度: 5, 有效性: 5
评估完成，结果已保存至 /data/zzc/agent_test/logs/evaluation_results.json
