2026-04-14 21:09:32,823 - SessionLogger - INFO - [sim_Baseline_P1_M-ELE-001_ca3ea0] Starting session
2026-04-14 21:09:32,823 - SessionLogger - INFO - Initialized Session sim_Baseline_P1_M-ELE-001_ca3ea0 on Unknown for Unknown with version FSM+Guardrail
2026-04-14 21:09:36,148 - SessionLogger - INFO - [sim_Baseline_P1_M-ELE-001_ca3ea0] Student Opening: 老师，我觉得串联电路里，第一个灯泡肯定比第二个亮，因为电流流过第一个灯泡的时候已经被消耗掉一部分了，流到后面的电流就变少了嘛。
2026-04-14 21:09:36,150 - SessionLogger - INFO - [sim_FSM_P1_M-ELE-001_bec1a8] Starting session
2026-04-14 21:09:36,150 - SessionLogger - INFO - Initialized Session sim_FSM_P1_M-ELE-001_bec1a8 on Unknown for Unknown with version FSM+Guardrail
2026-04-14 21:09:37,149 - SessionLogger - INFO - [sim_FSM_P1_M-ELE-001_bec1a8] Student Opening: 老师，我觉得串联电路里，电流流过第一个灯泡肯定会被消耗掉一部分，所以第二个灯泡分到的电流应该比第一个少吧？
2026-04-14 21:09:37,150 - SessionLogger - INFO - [sim_FSM+Guardrail_P1_M-ELE-001_b37b3a] Starting session
2026-04-14 21:09:37,150 - SessionLogger - INFO - Initialized Session sim_FSM+Guardrail_P1_M-ELE-001_b37b3a on Unknown for Unknown with version FSM+Guardrail
2026-04-14 21:09:38,705 - SessionLogger - INFO - [sim_FSM+Guardrail_P1_M-ELE-001_b37b3a] Student Opening: 老师，我觉得串联电路里，第一个灯泡肯定比第二个亮，因为电流流过第一个灯泡的时候已经被它“用掉”了一部分，剩下的电流才流到第二个灯泡那里。
2026-04-14 21:09:38,706 - SessionLogger - INFO - [sim_Baseline_P2_M-ELE-001_a2f735] Starting session
2026-04-14 21:09:38,706 - SessionLogger - INFO - Initialized Session sim_Baseline_P2_M-ELE-001_a2f735 on Unknown for Unknown with version FSM+Guardrail
2026-04-14 21:09:39,818 - SessionLogger - INFO - [sim_Baseline_P2_M-ELE-001_a2f735] Student Opening: 老师，串联电路里，电流流过第一个灯泡被消耗掉一部分后，流到第二个灯泡的电流是不是就变小了呀？
2026-04-14 21:09:39,819 - SessionLogger - INFO - [sim_FSM_P2_M-ELE-001_ed0a38] Starting session
2026-04-14 21:09:39,819 - SessionLogger - INFO - Initialized Session sim_FSM_P2_M-ELE-001_ed0a38 on Unknown for Unknown with version FSM+Guardrail
2026-04-14 21:09:40,974 - SessionLogger - INFO - [sim_FSM_P2_M-ELE-001_ed0a38] Student Opening: 老师，串联电路里，电流流过第一个灯泡后应该变小了吧？毕竟灯泡发光肯定消耗了一部分电流嘛。
2026-04-14 21:09:40,975 - SessionLogger - INFO - [sim_FSM+Guardrail_P2_M-ELE-001_59701e] Starting session
2026-04-14 21:09:40,976 - SessionLogger - INFO - Initialized Session sim_FSM+Guardrail_P2_M-ELE-001_59701e on Unknown for Unknown with version FSM+Guardrail
2026-04-14 21:09:41,939 - SessionLogger - INFO - [sim_FSM+Guardrail_P2_M-ELE-001_59701e] Student Opening: 老师，我觉得串联电路里，电流流过第一个灯泡后肯定变小了，不然第二个灯泡怎么还会亮得暗一点呢？
2026-04-14 21:09:48,448 - SessionLogger - INFO - [sim_Baseline_P1_M-ELE-001_ca3ea0] Teacher: 这个想法很直观，但咱们想想，如果电流真的在第一个灯泡那里“少”了，那剩下的电荷都去哪儿了呢？会堆积在两个灯泡之间的导线上吗？
2026-04-14 21:09:49,822 - SessionLogger - INFO - [sim_Baseline_P2_M-ELE-001_a2f735] Teacher: 想象一下水管里的水流，如果第一处用掉了一些水，后面的水流会变细吗？还是说流过去的水量其实没变，只是水压降低了？
2026-04-14 21:09:51,968 - SessionLogger - INFO - [sim_Baseline_P1_M-ELE-001_ca3ea0] Student: 电荷才不会堆积呢，它们就是被灯泡“用”掉了变成光和热啊。反正流过去的肯定比流进来的少，不然灯泡怎么亮？
Deserializing unregistered type router.SessionMemory from checkpoint. This will be blocked in a future version. Add to allowed_msgpack_modules to silence: [('router', 'SessionMemory')]
Deserializing unregistered type router.PerceptionResult from checkpoint. This will be blocked in a future version. Add to allowed_msgpack_modules to silence: [('router', 'PerceptionResult')]
Deserializing unregistered type router.RouteDecision from checkpoint. This will be blocked in a future version. Add to allowed_msgpack_modules to silence: [('router', 'RouteDecision')]
2026-04-14 21:09:52,808 - SessionLogger - INFO - [sim_Baseline_P2_M-ELE-001_a2f735] Student: 可是灯泡发光不就是把电“用”掉了吗？如果电流没变少，那它到底被消耗了什么呀？
Deserializing unregistered type router.SessionMemory from checkpoint. This will be blocked in a future version. Add to allowed_msgpack_modules to silence: [('router', 'SessionMemory')]
Deserializing unregistered type router.PerceptionResult from checkpoint. This will be blocked in a future version. Add to allowed_msgpack_modules to silence: [('router', 'PerceptionResult')]
Deserializing unregistered type router.RouteDecision from checkpoint. This will be blocked in a future version. Add to allowed_msgpack_modules to silence: [('router', 'RouteDecision')]
2026-04-14 21:09:55,811 - SessionLogger - INFO - [sim_FSM_P1_M-ELE-001_bec1a8] Teacher: 如果按照你的想法，第一个灯泡“吃掉”了一部分电流，那你觉得两个完全一样的灯泡串联时，会出现“前一个特别亮，后一个特别暗”的现象吗？
2026-04-14 21:09:56,439 - SessionLogger - INFO - [sim_FSM+Guardrail_P1_M-ELE-001_b37b3a] Teacher: 如果按你的说法，电流每经过一个灯泡就被“吃掉”一些，那如果我们串联10个一模一样的灯泡，你觉得第10个灯泡还能亮得起来吗？
2026-04-14 21:09:56,649 - SessionLogger - INFO - [sim_Baseline_P1_M-ELE-001_ca3ea0] Teacher: 灯泡发光确实消耗了能量，但电荷本身并没有消失哦。

想象一下水管里的水流，如果流进灯泡的水比流出来的多，那灯泡岂不是要像气球一样“胀”起来或者爆掉了？
2026-04-14 21:09:56,684 - SessionLogger - INFO - [sim_Baseline_P2_M-ELE-001_a2f735] Teacher: 确实，能量被消耗转化成了光和热。但你想，电荷本身消失了吗？如果流进去的电荷比流出来的多，它们会在灯泡里堆积起来吗？
2026-04-14 21:09:57,395 - SessionLogger - INFO - [sim_FSM_P1_M-ELE-001_bec1a8] Student: 可是电流被消耗了就是变少了呀，后面的灯泡分到的肯定没前面的多。虽然看起来好像差不多亮，但我觉得理论上后面的电流就是应该小一点。
Deserializing unregistered type router.SessionMemory from checkpoint. This will be blocked in a future version. Add to allowed_msgpack_modules to silence: [('router', 'SessionMemory')]
Deserializing unregistered type router.PerceptionResult from checkpoint. This will be blocked in a future version. Add to allowed_msgpack_modules to silence: [('router', 'PerceptionResult')]
Deserializing unregistered type router.RouteDecision from checkpoint. This will be blocked in a future version. Add to allowed_msgpack_modules to silence: [('router', 'RouteDecision')]
2026-04-14 21:09:57,604 - SessionLogger - INFO - [sim_FSM+Guardrail_P1_M-ELE-001_b37b3a] Student: 那肯定还能亮啊，虽然电流变少了，但总归还是有一点流过去的嘛。我觉得第10个灯泡肯定会比第1个暗很多，因为它分到的电流最少。
Deserializing unregistered type router.SessionMemory from checkpoint. This will be blocked in a future version. Add to allowed_msgpack_modules to silence: [('router', 'SessionMemory')]
Deserializing unregistered type router.PerceptionResult from checkpoint. This will be blocked in a future version. Add to allowed_msgpack_modules to silence: [('router', 'PerceptionResult')]
Deserializing unregistered type router.RouteDecision from checkpoint. This will be blocked in a future version. Add to allowed_msgpack_modules to silence: [('router', 'RouteDecision')]
2026-04-14 21:09:58,738 - SessionLogger - INFO - [sim_FSM+Guardrail_P2_M-ELE-001_59701e] Teacher: 照这个逻辑，如果我们串联一百个同样的灯泡，电流传到最后一个时岂不是快没了？那最后一个灯泡应该几乎不发光才对，你见过这种现象吗？
2026-04-14 21:09:59,309 - SessionLogger - INFO - [sim_FSM_P2_M-ELE-001_ed0a38] Teacher: 如果电流真的像食物一样被第一个灯泡“吃掉”了一部分，那你觉得在两个完全相同的灯泡串联时，第一个灯泡会比第二个亮很多吗？
2026-04-14 21:10:00,071 - SessionLogger - INFO - [sim_Baseline_P1_M-ELE-001_ca3ea0] Student: 灯泡又不会装水，它消耗的是电，又不是把电荷存起来。这跟水管胀不胀没关系吧，反正电流就是变小了。
Deserializing unregistered type router.SessionMemory from checkpoint. This will be blocked in a future version. Add to allowed_msgpack_modules to silence: [('router', 'SessionMemory')]
Deserializing unregistered type router.PerceptionResult from checkpoint. This will be blocked in a future version. Add to allowed_msgpack_modules to silence: [('router', 'PerceptionResult')]
Deserializing unregistered type router.RouteDecision from checkpoint. This will be blocked in a future version. Add to allowed_msgpack_modules to silence: [('router', 'RouteDecision')]
2026-04-14 21:10:00,092 - SessionLogger - INFO - [sim_Baseline_P2_M-ELE-001_a2f735] Student: 电荷应该不会堆积吧……那您的意思是，电流其实只是搬运能量的“车”，车本身没少，只是卸下了货物？
Deserializing unregistered type router.SessionMemory from checkpoint. This will be blocked in a future version. Add to allowed_msgpack_modules to silence: [('router', 'SessionMemory')]
Deserializing unregistered type router.PerceptionResult from checkpoint. This will be blocked in a future version. Add to allowed_msgpack_modules to silence: [('router', 'PerceptionResult')]
Deserializing unregistered type router.RouteDecision from checkpoint. This will be blocked in a future version. Add to allowed_msgpack_modules to silence: [('router', 'RouteDecision')]
2026-04-14 21:10:00,263 - SessionLogger - INFO - [sim_FSM_P2_M-ELE-001_ed0a38] Student: 呃……好像确实没觉得第一个特别亮，它们看起来差不多亮。但这会不会是因为剩下的电流刚好还够第二个灯泡发光呀？
Deserializing unregistered type router.SessionMemory from checkpoint. This will be blocked in a future version. Add to allowed_msgpack_modules to silence: [('router', 'SessionMemory')]
Deserializing unregistered type router.PerceptionResult from checkpoint. This will be blocked in a future version. Add to allowed_msgpack_modules to silence: [('router', 'PerceptionResult')]
Deserializing unregistered type router.RouteDecision from checkpoint. This will be blocked in a future version. Add to allowed_msgpack_modules to silence: [('router', 'RouteDecision')]
2026-04-14 21:10:00,272 - SessionLogger - INFO - [sim_FSM+Guardrail_P2_M-ELE-001_59701e] Student: 呃……好像确实没怎么注意过最后一个特别暗。不过老师，电流毕竟流过了那么多灯泡，能量肯定被消耗了不少吧？难道电流真的完全不会减少吗？
Deserializing unregistered type router.SessionMemory from checkpoint. This will be blocked in a future version. Add to allowed_msgpack_modules to silence: [('router', 'SessionMemory')]
Deserializing unregistered type router.PerceptionResult from checkpoint. This will be blocked in a future version. Add to allowed_msgpack_modules to silence: [('router', 'PerceptionResult')]
Deserializing unregistered type router.RouteDecision from checkpoint. This will be blocked in a future version. Add to allowed_msgpack_modules to silence: [('router', 'RouteDecision')]
2026-04-14 21:10:04,085 - SessionLogger - INFO - [sim_Baseline_P2_M-ELE-001_a2f735] Teacher: 这个比喻非常形象！既然“车”的数量没变，那你觉得在串联电路里，这些“车”经过第一个灯泡后，行驶的速度会变慢或者变快吗？
2026-04-14 21:10:04,411 - SessionLogger - INFO - [sim_Baseline_P1_M-ELE-001_ca3ea0] Teacher: 电荷是携带能量的“搬运工”，它们把能量交给灯泡后，自己还得继续赶路回到电源负极呀。

如果后面的电流真的变小了，你觉得那些“多出来”没流过去的电荷，会在第一个灯泡后面发生什么？
2026-04-14 21:10:04,967 - SessionLogger - INFO - [sim_Baseline_P2_M-ELE-001_a2f735] Student: 既然车没少，那速度应该也不会变吧？不然后面的路不就堵住了或者空了吗？
Deserializing unregistered type router.SessionMemory from checkpoint. This will be blocked in a future version. Add to allowed_msgpack_modules to silence: [('router', 'SessionMemory')]
Deserializing unregistered type router.PerceptionResult from checkpoint. This will be blocked in a future version. Add to allowed_msgpack_modules to silence: [('router', 'PerceptionResult')]
Deserializing unregistered type router.RouteDecision from checkpoint. This will be blocked in a future version. Add to allowed_msgpack_modules to silence: [('router', 'RouteDecision')]
2026-04-14 21:10:05,454 - SessionLogger - INFO - [sim_Baseline_P1_M-ELE-001_ca3ea0] Student: 它们就是变少了啊，能量给出去了，电流自然就弱了。老师你别老问电荷去哪了，反正后面的灯泡得到的肯定比前面的少。
Deserializing unregistered type router.SessionMemory from checkpoint. This will be blocked in a future version. Add to allowed_msgpack_modules to silence: [('router', 'SessionMemory')]
Deserializing unregistered type router.PerceptionResult from checkpoint. This will be blocked in a future version. Add to allowed_msgpack_modules to silence: [('router', 'PerceptionResult')]
Deserializing unregistered type router.RouteDecision from checkpoint. This will be blocked in a future version. Add to allowed_msgpack_modules to silence: [('router', 'RouteDecision')]
2026-04-14 21:10:05,493 - SessionLogger - INFO - [sim_FSM+Guardrail_P1_M-ELE-001_b37b3a] Teacher: 那如果我们把这10个灯泡的位置打乱，把原本在第10位的灯泡换到第1位，它会突然变得很亮，而原本第1位的灯泡换过去后就变暗了吗？
2026-04-14 21:10:08,258 - SessionLogger - INFO - [sim_FSM+Guardrail_P1_M-ELE-001_b37b3a] Student: 那肯定啊，谁排在前面谁就先用掉大部分电流，后面的只能喝汤。灯泡又不知道自己要排第几，位置变了亮度当然跟着变。
Deserializing unregistered type router.SessionMemory from checkpoint. This will be blocked in a future version. Add to allowed_msgpack_modules to silence: [('router', 'SessionMemory')]
Deserializing unregistered type router.PerceptionResult from checkpoint. This will be blocked in a future version. Add to allowed_msgpack_modules to silence: [('router', 'PerceptionResult')]
Deserializing unregistered type router.RouteDecision from checkpoint. This will be blocked in a future version. Add to allowed_msgpack_modules to silence: [('router', 'RouteDecision')]
2026-04-14 21:10:08,405 - SessionLogger - INFO - [sim_Baseline_P2_M-ELE-001_a2f735] Teacher: 没错，电荷不能凭空消失或堆积。那如果整条路上的“车流”速度都一样，你觉得在串联电路的不同位置测得的电流大小会有什么关系？
2026-04-14 21:10:09,044 - SessionLogger - INFO - [sim_FSM_P1_M-ELE-001_bec1a8] Teacher: 这个直觉很常见，因为我们在生活中确实看到能量被“用掉”了。但咱们做个极端推演：如果在这个电路里串联一百个同样的小灯泡，按你的逻辑，流到最后一个灯泡的电流应该已经所剩无几了，那你觉得这第一百个灯泡还能正常发光吗？
2026-04-14 21:10:09,106 - SessionLogger - INFO - [sim_FSM_P2_M-ELE-001_ed0a38] Teacher: 这个直觉很敏锐，确实容易让人觉得是“剩下来”的。但如果我们串联十个甚至一百个同样的灯泡，按照“每个都吃掉一点”的逻辑，最后一个灯泡分到的电流岂不是微乎其微了？你觉得它还会和第一个一样亮吗？
2026-04-14 21:10:09,215 - SessionLogger - INFO - [sim_FSM+Guardrail_P2_M-ELE-001_59701e] Teacher: 这个直觉很敏锐，能量确实被消耗了，但我们要区分“能量”和“电流”。

想象一下封闭水管里的水流推动水车转动：水车转起来消耗了水的能量（水压降低），但流过去的水量（流量）会变少吗？
2026-04-14 21:10:09,700 - SessionLogger - INFO - [sim_Baseline_P2_M-ELE-001_a2f735] Student: 既然车流速度和数量都没变，那测出来的电流应该是一样大的？所以我之前觉得后面灯泡电流变小是错的？
Deserializing unregistered type router.SessionMemory from checkpoint. This will be blocked in a future version. Add to allowed_msgpack_modules to silence: [('router', 'SessionMemory')]
Deserializing unregistered type router.PerceptionResult from checkpoint. This will be blocked in a future version. Add to allowed_msgpack_modules to silence: [('router', 'PerceptionResult')]
Deserializing unregistered type router.RouteDecision from checkpoint. This will be blocked in a future version. Add to allowed_msgpack_modules to silence: [('router', 'RouteDecision')]
2026-04-14 21:10:09,791 - SessionLogger - INFO - [sim_Baseline_P1_M-ELE-001_ca3ea0] Teacher: 咱们做个思想实验：如果后面的电流真的小了，那每秒流进第一个灯泡的电荷多，流出来的少，这些“多出来”的电荷岂不是全堵在灯泡里了？

你觉得导线和灯丝能无限容纳这些堆积的电荷吗？
2026-04-14 21:10:10,132 - SessionLogger - INFO - [sim_FSM_P1_M-ELE-001_bec1a8] Student: 那肯定啊，流到后面电流都快没了，第一百个灯泡应该暗得几乎看不见才对。毕竟前面的九十九个灯泡都把电给“吃”掉了嘛。
Deserializing unregistered type router.SessionMemory from checkpoint. This will be blocked in a future version. Add to allowed_msgpack_modules to silence: [('router', 'SessionMemory')]
Deserializing unregistered type router.PerceptionResult from checkpoint. This will be blocked in a future version. Add to allowed_msgpack_modules to silence: [('router', 'PerceptionResult')]
Deserializing unregistered type router.RouteDecision from checkpoint. This will be blocked in a future version. Add to allowed_msgpack_modules to silence: [('router', 'RouteDecision')]
2026-04-14 21:10:10,840 - SessionLogger - INFO - [sim_Baseline_P1_M-ELE-001_ca3ea0] Student: 电荷那么小，挤一挤不就过去了嘛，哪有那么容易堵死。反正我就是觉得后面的电流肯定比前面的小，这是常识。
Deserializing unregistered type router.SessionMemory from checkpoint. This will be blocked in a future version. Add to allowed_msgpack_modules to silence: [('router', 'SessionMemory')]
Deserializing unregistered type router.PerceptionResult from checkpoint. This will be blocked in a future version. Add to allowed_msgpack_modules to silence: [('router', 'PerceptionResult')]
Deserializing unregistered type router.RouteDecision from checkpoint. This will be blocked in a future version. Add to allowed_msgpack_modules to silence: [('router', 'RouteDecision')]
2026-04-14 21:10:13,095 - SessionLogger - INFO - [sim_Baseline_P2_M-ELE-001_a2f735] Teacher: 没错，串联电路中电流处处相等。那你再想想，既然流过两个灯泡的“车”一样多，为什么有的灯泡亮，有的却暗呢？
2026-04-14 21:10:13,139 - SessionLogger - INFO - [sim_FSM+Guardrail_P2_M-ELE-001_59701e] Student: 哎？这么一说好像有点道理，水确实没少，只是劲儿变小了。那电流也是像水流一样，只是把能量“卸”在灯泡里，自己并没有变少吗？
Deserializing unregistered type router.SessionMemory from checkpoint. This will be blocked in a future version. Add to allowed_msgpack_modules to silence: [('router', 'SessionMemory')]
Deserializing unregistered type router.PerceptionResult from checkpoint. This will be blocked in a future version. Add to allowed_msgpack_modules to silence: [('router', 'PerceptionResult')]
Deserializing unregistered type router.RouteDecision from checkpoint. This will be blocked in a future version. Add to allowed_msgpack_modules to silence: [('router', 'RouteDecision')]
2026-04-14 21:10:13,218 - SessionLogger - INFO - [sim_FSM_P2_M-ELE-001_ed0a38] Student: 啊？如果真被吃掉了，那最后一个肯定暗得几乎看不见才对……可实际上它们亮度好像还是一样的？这有点说不通了。
Deserializing unregistered type router.SessionMemory from checkpoint. This will be blocked in a future version. Add to allowed_msgpack_modules to silence: [('router', 'SessionMemory')]
Deserializing unregistered type router.PerceptionResult from checkpoint. This will be blocked in a future version. Add to allowed_msgpack_modules to silence: [('router', 'PerceptionResult')]
Deserializing unregistered type router.RouteDecision from checkpoint. This will be blocked in a future version. Add to allowed_msgpack_modules to silence: [('router', 'RouteDecision')]
2026-04-14 21:10:14,665 - SessionLogger - INFO - [sim_Baseline_P2_M-ELE-001_a2f735] Student: 啊？如果电流一样，那灯泡亮度不一样是因为它们“卸货”卸得多吗？是不是有的灯泡比较“贪心”，从同样的电流里抢走了更多能量？
Deserializing unregistered type router.SessionMemory from checkpoint. This will be blocked in a future version. Add to allowed_msgpack_modules to silence: [('router', 'SessionMemory')]
Deserializing unregistered type router.PerceptionResult from checkpoint. This will be blocked in a future version. Add to allowed_msgpack_modules to silence: [('router', 'PerceptionResult')]
Deserializing unregistered type router.RouteDecision from checkpoint. This will be blocked in a future version. Add to allowed_msgpack_modules to silence: [('router', 'RouteDecision')]
2026-04-14 21:10:17,216 - SessionLogger - INFO - [sim_FSM+Guardrail_P1_M-ELE-001_b37b3a] Teacher: 可是，如果两个完全一样的灯泡互换位置后亮度真的变了，那说明灯泡的亮暗只取决于“排队顺序”，跟灯泡自己没关系？这和你平时观察到的现象一致吗？
2026-04-14 21:10:17,237 - SessionLogger - INFO - [sim_Baseline_P1_M-ELE-001_ca3ea0] Teacher: 如果电荷真的在灯泡处“挤”住了，那堆积的电荷会产生巨大的排斥力，瞬间把电路撑爆哦。

你可以试着拿一根软管，捏住中间让水流变慢，看看捏住点前面的水是不是也立刻流不动了？
2026-04-14 21:10:18,233 - SessionLogger - INFO - [sim_FSM+Guardrail_P1_M-ELE-001_b37b3a] Student: 反正电流就是被前面的用掉了，后面的肯定少。老师你别光问这些，你就说是不是这样吧？
Deserializing unregistered type router.SessionMemory from checkpoint. This will be blocked in a future version. Add to allowed_msgpack_modules to silence: [('router', 'SessionMemory')]
Deserializing unregistered type router.PerceptionResult from checkpoint. This will be blocked in a future version. Add to allowed_msgpack_modules to silence: [('router', 'PerceptionResult')]
Deserializing unregistered type router.RouteDecision from checkpoint. This will be blocked in a future version. Add to allowed_msgpack_modules to silence: [('router', 'RouteDecision')]
2026-04-14 21:10:18,818 - SessionLogger - INFO - [sim_Baseline_P1_M-ELE-001_ca3ea0] Student: 水管捏住前面水压会变大，但电又不一样，灯泡就是会把电“吃”掉一部分啊。你老拿水比喻，可我觉得电流流过灯泡后肯定变少了，后面的灯才会暗一点嘛。
Deserializing unregistered type router.SessionMemory from checkpoint. This will be blocked in a future version. Add to allowed_msgpack_modules to silence: [('router', 'SessionMemory')]
Deserializing unregistered type router.PerceptionResult from checkpoint. This will be blocked in a future version. Add to allowed_msgpack_modules to silence: [('router', 'PerceptionResult')]
Deserializing unregistered type router.RouteDecision from checkpoint. This will be blocked in a future version. Add to allowed_msgpack_modules to silence: [('router', 'RouteDecision')]
2026-04-14 21:10:20,592 - SessionLogger - INFO - [sim_Baseline_P2_M-ELE-001_a2f735] Teacher: 这个“卸货”的比喻太棒了！每个电荷携带的能量就像货物。你觉得灯泡越亮，说明它让每个电荷“卸下”的货物（能量）是更多还是更少呢？
2026-04-14 21:10:20,592 - SessionLogger - INFO - [sim_Baseline_P2_M-ELE-001_a2f735] Extending max_turns by 3 because cognitive_state is '新概念探索'
2026-04-14 21:10:21,324 - SessionLogger - INFO - [sim_FSM+Guardrail_P2_M-ELE-001_59701e] Teacher: 没错，电荷并没有在灯泡里消失。既然电荷没有减少，你觉得流过第一个灯泡和第二个灯泡的电流大小关系应该是怎样的？
2026-04-14 21:10:21,471 - SessionLogger - INFO - [sim_FSM+Guardrail_P1_M-ELE-001_b37b3a] Teacher: 为了确保咱们走在正确的思路上，我建议咱们先退回基础概念捋一捋。你能告诉我你目前最确定的部分是什么吗？
2026-04-14 21:10:21,620 - SessionLogger - INFO - [sim_Baseline_P2_M-ELE-001_a2f735] Student: 那肯定是卸下的货物更多呀！毕竟亮说明它得到的能量多，所以每个电荷经过时留下的“货”就更多呗。
Deserializing unregistered type router.SessionMemory from checkpoint. This will be blocked in a future version. Add to allowed_msgpack_modules to silence: [('router', 'SessionMemory')]
Deserializing unregistered type router.PerceptionResult from checkpoint. This will be blocked in a future version. Add to allowed_msgpack_modules to silence: [('router', 'PerceptionResult')]
Deserializing unregistered type router.RouteDecision from checkpoint. This will be blocked in a future version. Add to allowed_msgpack_modules to silence: [('router', 'RouteDecision')]
2026-04-14 21:10:22,292 - SessionLogger - INFO - [sim_FSM+Guardrail_P2_M-ELE-001_59701e] Student: 既然电荷没少，那电流应该是一样大的？可是老师，如果电流真的一样，为什么有时候感觉前面的灯泡更亮呢？
Deserializing unregistered type router.SessionMemory from checkpoint. This will be blocked in a future version. Add to allowed_msgpack_modules to silence: [('router', 'SessionMemory')]
Deserializing unregistered type router.PerceptionResult from checkpoint. This will be blocked in a future version. Add to allowed_msgpack_modules to silence: [('router', 'PerceptionResult')]
Deserializing unregistered type router.RouteDecision from checkpoint. This will be blocked in a future version. Add to allowed_msgpack_modules to silence: [('router', 'RouteDecision')]
2026-04-14 21:10:22,716 - SessionLogger - INFO - [sim_FSM_P2_M-ELE-001_ed0a38] Teacher: 没错，这种“说不通”的感觉正是发现真理的契机。既然灯泡亮度一样说明它们获得的“动力”没变，那你觉得灯泡发光时，真正被消耗掉转化成光和热的，究竟是流动的“电流”本身，还是电流所携带的“能量”呢？
2026-04-14 21:10:23,181 - SessionLogger - INFO - [sim_Baseline_P1_M-ELE-001_ca3ea0] Teacher: 灯泡“吃”掉的是电荷携带的能量，而不是电荷本身呀。

如果电流真的变小了，那每秒流进灯泡的电荷比流出的多，这些多出来的电荷去哪了呢？
2026-04-14 21:10:23,181 - SessionLogger - INFO - [sim_Baseline_P1_M-ELE-001_ca3ea0] Extending max_turns by 3 because cognitive_state is '新概念探索'
2026-04-14 21:10:23,871 - SessionLogger - INFO - [sim_FSM_P1_M-ELE-001_bec1a8] Teacher: 咱们来做个思想实验：想象一条充满水的封闭水管，里面装了几个水车。当水流推动水车转动时，流进第一个水车的水量，和从它后面流出来的水量，你觉得会变少吗？如果变少了，那些“消失”的水跑去哪儿了呢？
2026-04-14 21:10:24,024 - SessionLogger - INFO - [sim_FSM_P2_M-ELE-001_ed0a38] Student: 难道……被消耗掉的是能量，而电流只是负责运送能量的“搬运工”？如果是这样，那电流确实可能没变少。
Deserializing unregistered type router.SessionMemory from checkpoint. This will be blocked in a future version. Add to allowed_msgpack_modules to silence: [('router', 'SessionMemory')]
Deserializing unregistered type router.PerceptionResult from checkpoint. This will be blocked in a future version. Add to allowed_msgpack_modules to silence: [('router', 'PerceptionResult')]
Deserializing unregistered type router.RouteDecision from checkpoint. This will be blocked in a future version. Add to allowed_msgpack_modules to silence: [('router', 'RouteDecision')]
2026-04-14 21:10:24,817 - SessionLogger - INFO - [sim_FSM+Guardrail_P1_M-ELE-001_b37b3a] Student: 我最确定的就是灯泡发光肯定是要“吃”电的，电流流过去肯定就变少了。这难道不是常识吗？
Deserializing unregistered type router.SessionMemory from checkpoint. This will be blocked in a future version. Add to allowed_msgpack_modules to silence: [('router', 'SessionMemory')]
Deserializing unregistered type router.PerceptionResult from checkpoint. This will be blocked in a future version. Add to allowed_msgpack_modules to silence: [('router', 'PerceptionResult')]
Deserializing unregistered type router.RouteDecision from checkpoint. This will be blocked in a future version. Add to allowed_msgpack_modules to silence: [('router', 'RouteDecision')]
2026-04-14 21:10:24,991 - SessionLogger - INFO - [sim_Baseline_P1_M-ELE-001_ca3ea0] Student: 能量和电流本来就是一回事嘛，能量没了电流肯定就小了。你别老纠结电荷去哪了，反正后面的灯得到的电流就是少，这就是事实。
Deserializing unregistered type router.SessionMemory from checkpoint. This will be blocked in a future version. Add to allowed_msgpack_modules to silence: [('router', 'SessionMemory')]
Deserializing unregistered type router.PerceptionResult from checkpoint. This will be blocked in a future version. Add to allowed_msgpack_modules to silence: [('router', 'PerceptionResult')]
Deserializing unregistered type router.RouteDecision from checkpoint. This will be blocked in a future version. Add to allowed_msgpack_modules to silence: [('router', 'RouteDecision')]
2026-04-14 21:10:27,233 - SessionLogger - INFO - [sim_FSM_P1_M-ELE-001_bec1a8] Student: 水车转动是消耗了水的“力气”或者能量，但水本身确实没少。可电流不一样啊，电是被灯泡用掉了，不像水那样只是流过。
Deserializing unregistered type router.SessionMemory from checkpoint. This will be blocked in a future version. Add to allowed_msgpack_modules to silence: [('router', 'SessionMemory')]
Deserializing unregistered type router.PerceptionResult from checkpoint. This will be blocked in a future version. Add to allowed_msgpack_modules to silence: [('router', 'PerceptionResult')]
Deserializing unregistered type router.RouteDecision from checkpoint. This will be blocked in a future version. Add to allowed_msgpack_modules to silence: [('router', 'RouteDecision')]
2026-04-14 21:10:29,852 - SessionLogger - INFO - [sim_FSM+Guardrail_P2_M-ELE-001_59701e] Teacher: 这个观察很敏锐，但我们要小心区分“位置”和“灯泡本身”的影响。

如果我们将两个**完全相同**的灯泡互换位置，你觉得它们的亮度会发生改变吗？
2026-04-14 21:10:30,441 - SessionLogger - INFO - [sim_FSM_P2_M-ELE-001_ed0a38] Teacher: 这个“搬运工”的比喻非常形象！既然搬运工（电荷）只是把货物（能量）卸下，自己并没有离开或减少，那在一条没有岔路的单行道上，进出的搬运工数量会发生变化吗？
2026-04-14 21:10:31,652 - SessionLogger - INFO - [sim_FSM+Guardrail_P2_M-ELE-001_59701e] Student: 如果互换位置亮度不变，那说明跟前后顺序没关系？难道我之前觉得前面亮是因为心理作用，其实它们分到的电流真的一样多？
Deserializing unregistered type router.SessionMemory from checkpoint. This will be blocked in a future version. Add to allowed_msgpack_modules to silence: [('router', 'SessionMemory')]
Deserializing unregistered type router.PerceptionResult from checkpoint. This will be blocked in a future version. Add to allowed_msgpack_modules to silence: [('router', 'PerceptionResult')]
Deserializing unregistered type router.RouteDecision from checkpoint. This will be blocked in a future version. Add to allowed_msgpack_modules to silence: [('router', 'RouteDecision')]
2026-04-14 21:10:31,662 - SessionLogger - INFO - [sim_FSM_P2_M-ELE-001_ed0a38] Student: 既然搬运工没少，只是卸了货，那进出的数量应该是一样的……所以我之前觉得电流会变少，其实是把“能量”和“电流”搞混了？
Deserializing unregistered type router.SessionMemory from checkpoint. This will be blocked in a future version. Add to allowed_msgpack_modules to silence: [('router', 'SessionMemory')]
Deserializing unregistered type router.PerceptionResult from checkpoint. This will be blocked in a future version. Add to allowed_msgpack_modules to silence: [('router', 'PerceptionResult')]
Deserializing unregistered type router.RouteDecision from checkpoint. This will be blocked in a future version. Add to allowed_msgpack_modules to silence: [('router', 'RouteDecision')]
2026-04-14 21:10:35,304 - SessionLogger - INFO - [sim_FSM+Guardrail_P1_M-ELE-001_b37b3a] Teacher: 咱们先别急着下结论，把这两个小问题想清楚：

1. 灯泡发光发热，消耗的是“电能”还是“电流里的电荷”？
2. 如果电荷真的被灯泡“吃掉”了，那流回电源负极的电荷是不是就变少了？
2026-04-14 21:10:36,446 - SessionLogger - INFO - [sim_FSM+Guardrail_P1_M-ELE-001_b37b3a] Student: 发光肯定是消耗了电流啊，不然它哪来的能量？电荷变不变少我不管，反正流过去的电流就是被灯泡用掉了。
Deserializing unregistered type router.SessionMemory from checkpoint. This will be blocked in a future version. Add to allowed_msgpack_modules to silence: [('router', 'SessionMemory')]
Deserializing unregistered type router.PerceptionResult from checkpoint. This will be blocked in a future version. Add to allowed_msgpack_modules to silence: [('router', 'PerceptionResult')]
Deserializing unregistered type router.RouteDecision from checkpoint. This will be blocked in a future version. Add to allowed_msgpack_modules to silence: [('router', 'RouteDecision')]
2026-04-14 21:10:38,293 - SessionLogger - INFO - [sim_FSM_P1_M-ELE-001_bec1a8] Teacher: 你说得对，灯泡确实消耗了“电的力气”（也就是电能）。但请想一想：如果流进灯泡的电荷多，流出来的电荷少，那多出来的电荷是不是就会堆积在灯泡里？
2026-04-14 21:10:45,595 - SessionLogger - INFO - [sim_FSM_P2_M-ELE-001_ed0a38] Teacher: 正是如此，你成功区分了这两个容易混淆的概念。那么，如果我们在电路的不同位置分别接入电流表，你觉得测出来的数值会呈现出怎样的规律呢？
2026-04-14 21:10:45,596 - SessionLogger - INFO - [sim_FSM_P2_M-ELE-001_ed0a38] Session finished. Reason: resolved
2026-04-14 21:10:45,596 - SessionLogger - INFO - [sim_Baseline_P3_M-ELE-001_3ff934] Starting session
2026-04-14 21:10:45,596 - SessionLogger - INFO - Initialized Session sim_Baseline_P3_M-ELE-001_3ff934 on Unknown for Unknown with version FSM+Guardrail
2026-04-14 21:10:49,282 - SessionLogger - INFO - [sim_Baseline_P3_M-ELE-001_3ff934] Student Opening: 老师，如果两个灯泡串联，电流流过第一个灯泡的时候不是被它“用掉”了一部分吗？那流到第二个灯泡的电流岂不是就变小了，所以第二个灯泡应该更暗才对吧？
2026-04-14 21:10:49,288 - SessionLogger - INFO - [sim_FSM_P1_M-ELE-001_bec1a8] Student: 电荷怎么会堆积在灯泡里？它们明明是被灯泡消耗掉变成光和热了呀。我觉得电流就是被用掉了，不是堆在那儿。
Deserializing unregistered type router.SessionMemory from checkpoint. This will be blocked in a future version. Add to allowed_msgpack_modules to silence: [('router', 'SessionMemory')]
Deserializing unregistered type router.PerceptionResult from checkpoint. This will be blocked in a future version. Add to allowed_msgpack_modules to silence: [('router', 'PerceptionResult')]
Deserializing unregistered type router.RouteDecision from checkpoint. This will be blocked in a future version. Add to allowed_msgpack_modules to silence: [('router', 'RouteDecision')]
2026-04-14 21:10:51,872 - SessionLogger - INFO - [sim_FSM+Guardrail_P2_M-ELE-001_59701e] Teacher: 如果两个灯泡完全一样，互换位置后亮度确实不会变，这说明“先后顺序”并不决定谁更亮。

为了彻底验证电流是否真的处处相等，如果我们拿一个电流表，分别接在电源正极出来处、两个灯泡之间、以及回到负极前，你觉得这三次测出的读数会有什么关系？
2026-04-14 21:10:53,016 - SessionLogger - INFO - [sim_FSM+Guardrail_P2_M-ELE-001_59701e] Student: 如果电流真没被消耗，那这三个地方的读数应该完全一样吧？但我还是有点不敢相信，灯泡发光不需要“吃掉”电流吗？
Deserializing unregistered type router.SessionMemory from checkpoint. This will be blocked in a future version. Add to allowed_msgpack_modules to silence: [('router', 'SessionMemory')]
Deserializing unregistered type router.PerceptionResult from checkpoint. This will be blocked in a future version. Add to allowed_msgpack_modules to silence: [('router', 'PerceptionResult')]
Deserializing unregistered type router.RouteDecision from checkpoint. This will be blocked in a future version. Add to allowed_msgpack_modules to silence: [('router', 'RouteDecision')]
2026-04-14 21:10:55,335 - SessionLogger - INFO - [sim_FSM+Guardrail_P1_M-ELE-001_b37b3a] Teacher: 这个直觉确实很普遍，因为我们在生活中常说“省电”，容易把“电”当成一种会被烧掉的燃料。

但请你想一下：如果电流（电荷）真的像煤球一样被灯泡“烧掉”或“吃掉”了，那么流过第一个灯泡后的电荷去了哪里？它们会在电路里凭空消失吗？
2026-04-14 21:10:56,406 - SessionLogger - INFO - [sim_FSM+Guardrail_P1_M-ELE-001_b37b3a] Student: 反正电流就是变小了，后面的灯泡肯定没前面的亮。老师你别老问去哪了，你就说是不是变小了吧？
Deserializing unregistered type router.SessionMemory from checkpoint. This will be blocked in a future version. Add to allowed_msgpack_modules to silence: [('router', 'SessionMemory')]
Deserializing unregistered type router.PerceptionResult from checkpoint. This will be blocked in a future version. Add to allowed_msgpack_modules to silence: [('router', 'PerceptionResult')]
Deserializing unregistered type router.RouteDecision from checkpoint. This will be blocked in a future version. Add to allowed_msgpack_modules to silence: [('router', 'RouteDecision')]
2026-04-14 21:10:57,444 - SessionLogger - INFO - [sim_Baseline_P2_M-ELE-001_a2f735] Teacher: 太对了！物理学里把这个“卸货量”叫做电压。既然亮灯泡每个电荷卸下的货更多，你觉得它两端的电压是更高还是更低呢？
2026-04-14 21:10:58,927 - SessionLogger - INFO - [sim_Baseline_P2_M-ELE-001_a2f735] Student: 那肯定是电压更高呀！因为每个电荷卸下的“货”更多，说明它两端的电压更大呗。
Deserializing unregistered type router.SessionMemory from checkpoint. This will be blocked in a future version. Add to allowed_msgpack_modules to silence: [('router', 'SessionMemory')]
Deserializing unregistered type router.PerceptionResult from checkpoint. This will be blocked in a future version. Add to allowed_msgpack_modules to silence: [('router', 'PerceptionResult')]
Deserializing unregistered type router.RouteDecision from checkpoint. This will be blocked in a future version. Add to allowed_msgpack_modules to silence: [('router', 'RouteDecision')]
2026-04-14 21:10:59,265 - SessionLogger - INFO - [sim_Baseline_P3_M-ELE-001_3ff934] Teacher: 这个想法很直觉，但咱们想想：电荷就像排队过独木桥的人，如果第一个人过去了，第二个人没跟上，队伍中间是不是就断开了？

如果电流真的在第一个灯泡处“少”了，那些多出来的电荷会堆积在哪里呢？
2026-04-14 21:11:01,113 - SessionLogger - INFO - [sim_Baseline_P3_M-ELE-001_3ff934] Student: 呃……堆积在灯泡里？可是灯泡看起来也没变大或者鼓起来呀。
而且，电流不是被灯泡“吃掉”变成光和热了吗？怎么会还留着呢？
Deserializing unregistered type router.SessionMemory from checkpoint. This will be blocked in a future version. Add to allowed_msgpack_modules to silence: [('router', 'SessionMemory')]
Deserializing unregistered type router.PerceptionResult from checkpoint. This will be blocked in a future version. Add to allowed_msgpack_modules to silence: [('router', 'PerceptionResult')]
Deserializing unregistered type router.RouteDecision from checkpoint. This will be blocked in a future version. Add to allowed_msgpack_modules to silence: [('router', 'RouteDecision')]
2026-04-14 21:11:01,250 - SessionLogger - INFO - [sim_Baseline_P1_M-ELE-001_ca3ea0] Teacher: 咱们把“送货”和“货物”分开看：电流是送货的卡车，能量是车上的货。

如果灯泡把货卸下了，你觉得这辆空车（电荷）是会消失，还是继续开着去下一站？
2026-04-14 21:11:01,524 - SessionLogger - INFO - [sim_FSM+Guardrail_P2_M-ELE-001_59701e] Teacher: 这个直觉很自然，但我们可以换个角度想：灯泡发光发热消耗的是“电能”，而不是作为载体的“电荷”。

想象一下封闭水管里的水流推动水轮机转动，水轮机转完后，流过去的水量会减少吗？
2026-04-14 21:11:02,529 - SessionLogger - INFO - [sim_Baseline_P1_M-ELE-001_ca3ea0] Student: 卡车卸完货不还是得跑回去或者继续走吗？但我觉得电流就是那个“货”本身，货被拿走了，电流自然就没了啊。
Deserializing unregistered type router.SessionMemory from checkpoint. This will be blocked in a future version. Add to allowed_msgpack_modules to silence: [('router', 'SessionMemory')]
Deserializing unregistered type router.PerceptionResult from checkpoint. This will be blocked in a future version. Add to allowed_msgpack_modules to silence: [('router', 'PerceptionResult')]
Deserializing unregistered type router.RouteDecision from checkpoint. This will be blocked in a future version. Add to allowed_msgpack_modules to silence: [('router', 'RouteDecision')]
2026-04-14 21:11:03,450 - SessionLogger - INFO - [sim_Baseline_P2_M-ELE-001_a2f735] Teacher: 没错！亮灯泡分到的电压更高。既然电流一样，电压却不同，你觉得这两个灯泡的电阻谁大谁小呢？
2026-04-14 21:11:06,395 - SessionLogger - INFO - [sim_FSM_P1_M-ELE-001_bec1a8] Teacher: 咱们换个角度想：如果把电荷想象成传送带上的挂钩，电能是挂钩上挂着的货物。灯泡把货物（能量）取下来变成了光，那这个空挂钩（电荷）是会直接消失，还是得继续顺着传送带往后走，好让后面的货物能运过来？
2026-04-14 21:11:06,398 - SessionLogger - INFO - [sim_Baseline_P2_M-ELE-001_a2f735] Student: 既然电流一样，但亮灯泡“扣下”的能量更多，那它的电阻应该更大吧？是不是电阻大才更难通过，所以消耗（卸下）得更多？
Deserializing unregistered type router.SessionMemory from checkpoint. This will be blocked in a future version. Add to allowed_msgpack_modules to silence: [('router', 'SessionMemory')]
Deserializing unregistered type router.PerceptionResult from checkpoint. This will be blocked in a future version. Add to allowed_msgpack_modules to silence: [('router', 'PerceptionResult')]
Deserializing unregistered type router.RouteDecision from checkpoint. This will be blocked in a future version. Add to allowed_msgpack_modules to silence: [('router', 'RouteDecision')]
2026-04-14 21:11:06,414 - SessionLogger - INFO - [sim_Baseline_P3_M-ELE-001_3ff934] Teacher: 你说得对，灯泡确实没鼓起来，说明电荷并没有堆积。

那咱们换个角度想：电流是“电荷”在流动，而光和热是“能量”。你觉得电荷本身会被消耗掉吗？还是说，它只是把携带的能量交给了灯泡？
2026-04-14 21:11:06,445 - SessionLogger - INFO - [sim_FSM+Guardrail_P2_M-ELE-001_59701e] Student: 水确实不会变少，只是能量被带走了……所以电流其实就像水流一样，只是负责搬运能量的“车”，自己并没有被消耗掉？
Deserializing unregistered type router.SessionMemory from checkpoint. This will be blocked in a future version. Add to allowed_msgpack_modules to silence: [('router', 'SessionMemory')]
Deserializing unregistered type router.PerceptionResult from checkpoint. This will be blocked in a future version. Add to allowed_msgpack_modules to silence: [('router', 'PerceptionResult')]
Deserializing unregistered type router.RouteDecision from checkpoint. This will be blocked in a future version. Add to allowed_msgpack_modules to silence: [('router', 'RouteDecision')]
2026-04-14 21:11:06,701 - SessionLogger - INFO - [sim_Baseline_P1_M-ELE-001_ca3ea0] Teacher: 如果电流是“货”，那电线里原本装的是什么？

想象一下，如果灯泡把“货”全拿走了，那电线岂不是瞬间就空了？你觉得金属导线里空空如也时，还能导电吗？
2026-04-14 21:11:07,916 - SessionLogger - INFO - [sim_FSM_P1_M-ELE-001_bec1a8] Student: 可是灯泡把货拿走了，那挂钩肯定就没用了啊，干嘛还要往后走？我觉得电流就是跟着能量一起被消耗掉的。
Deserializing unregistered type router.SessionMemory from checkpoint. This will be blocked in a future version. Add to allowed_msgpack_modules to silence: [('router', 'SessionMemory')]
Deserializing unregistered type router.PerceptionResult from checkpoint. This will be blocked in a future version. Add to allowed_msgpack_modules to silence: [('router', 'PerceptionResult')]
Deserializing unregistered type router.RouteDecision from checkpoint. This will be blocked in a future version. Add to allowed_msgpack_modules to silence: [('router', 'RouteDecision')]
2026-04-14 21:11:08,316 - SessionLogger - INFO - [sim_Baseline_P1_M-ELE-001_ca3ea0] Student: 电线里本来就有电啊，灯泡只是把流过去的电用掉了一部分。你老说空不空的，反正我觉得前面的灯亮了，后面的灯分到的电肯定就少了，这不是很明显吗？
Deserializing unregistered type router.SessionMemory from checkpoint. This will be blocked in a future version. Add to allowed_msgpack_modules to silence: [('router', 'SessionMemory')]
Deserializing unregistered type router.PerceptionResult from checkpoint. This will be blocked in a future version. Add to allowed_msgpack_modules to silence: [('router', 'PerceptionResult')]
Deserializing unregistered type router.RouteDecision from checkpoint. This will be blocked in a future version. Add to allowed_msgpack_modules to silence: [('router', 'RouteDecision')]
2026-04-14 21:11:10,695 - SessionLogger - INFO - [sim_Baseline_P2_M-ELE-001_a2f735] Teacher: 没错，电阻越大，“卸货”确实越多。不过要注意哦，电荷并没有被“消耗”掉，它们只是把能量留下了。你觉得这些电荷离开灯泡后，是变少了，还是带着空车厢继续流回电源了？
2026-04-14 21:11:10,828 - SessionLogger - INFO - [sim_Baseline_P3_M-ELE-001_3ff934] Student: 可是……如果电荷没被消耗，那它流过去之后不就还是原来的样子吗？
我不太明白，既然能量交出去了，那电流（电荷）为什么不会变少呢？它们是一回事吧？
Deserializing unregistered type router.SessionMemory from checkpoint. This will be blocked in a future version. Add to allowed_msgpack_modules to silence: [('router', 'SessionMemory')]
Deserializing unregistered type router.PerceptionResult from checkpoint. This will be blocked in a future version. Add to allowed_msgpack_modules to silence: [('router', 'PerceptionResult')]
Deserializing unregistered type router.RouteDecision from checkpoint. This will be blocked in a future version. Add to allowed_msgpack_modules to silence: [('router', 'RouteDecision')]
2026-04-14 21:11:11,799 - SessionLogger - INFO - [sim_Baseline_P2_M-ELE-001_a2f735] Student: 可是……如果电荷只是把能量留下了，那它自己不就“没劲”了吗？感觉流回去的电流应该会变小吧，毕竟能量都被用掉了呀。
Deserializing unregistered type router.SessionMemory from checkpoint. This will be blocked in a future version. Add to allowed_msgpack_modules to silence: [('router', 'SessionMemory')]
Deserializing unregistered type router.PerceptionResult from checkpoint. This will be blocked in a future version. Add to allowed_msgpack_modules to silence: [('router', 'PerceptionResult')]
Deserializing unregistered type router.RouteDecision from checkpoint. This will be blocked in a future version. Add to allowed_msgpack_modules to silence: [('router', 'RouteDecision')]
2026-04-14 21:11:12,459 - SessionLogger - INFO - [sim_Baseline_P1_M-ELE-001_ca3ea0] Teacher: 咱们做个极端假设：如果第一个灯泡把电流“吃”掉了一半，那第二个灯泡再“吃”一半，传到第十个灯泡时还剩多少？

你觉得这时候第十个灯泡还能亮吗？这和你平时看到的串联小彩灯现象一样吗？
2026-04-14 21:11:13,669 - SessionLogger - INFO - [sim_Baseline_P1_M-ELE-001_ca3ea0] Student: 那肯定剩得很少了，所以后面的灯本来就比前面的暗一点啊。我觉得这就是因为电流被前面消耗掉了，这很合理吧？
Deserializing unregistered type router.SessionMemory from checkpoint. This will be blocked in a future version. Add to allowed_msgpack_modules to silence: [('router', 'SessionMemory')]
Deserializing unregistered type router.PerceptionResult from checkpoint. This will be blocked in a future version. Add to allowed_msgpack_modules to silence: [('router', 'PerceptionResult')]
Deserializing unregistered type router.RouteDecision from checkpoint. This will be blocked in a future version. Add to allowed_msgpack_modules to silence: [('router', 'RouteDecision')]
2026-04-14 21:11:14,145 - SessionLogger - INFO - [sim_Baseline_P3_M-ELE-001_3ff934] Teacher: 咱们打个比方：电流像送快递的货车，电能是车上的货物。

货车把货（能量）卸在第一个灯泡后，车（电荷）本身是不是还得继续开去第二个灯泡送货？
2026-04-14 21:11:15,864 - SessionLogger - INFO - [sim_Baseline_P3_M-ELE-001_3ff934] Student: 噢……所以货车卸完货还是得开走，不能停在那儿？
那也就是说，虽然货（能量）没了，但车（电流）的数量其实没变，还是一辆接一辆地往后开？
Deserializing unregistered type router.SessionMemory from checkpoint. This will be blocked in a future version. Add to allowed_msgpack_modules to silence: [('router', 'SessionMemory')]
Deserializing unregistered type router.PerceptionResult from checkpoint. This will be blocked in a future version. Add to allowed_msgpack_modules to silence: [('router', 'PerceptionResult')]
Deserializing unregistered type router.RouteDecision from checkpoint. This will be blocked in a future version. Add to allowed_msgpack_modules to silence: [('router', 'RouteDecision')]
2026-04-14 21:11:17,740 - SessionLogger - INFO - [sim_Baseline_P1_M-ELE-001_ca3ea0] Teacher: 你观察得很仔细，但咱们得区分“实验误差”和“物理原理”。

如果你把两个完全一样的灯泡串联，交换它们的位置，你觉得原本“变暗”的那个灯，亮度会跟着位置改变吗？
2026-04-14 21:11:18,097 - SessionLogger - INFO - [sim_FSM_P1_M-ELE-001_bec1a8] Teacher: 如果第一个灯泡真的把电荷全都“吃掉”变没了，那你想想，连接在第一个灯泡后面的那段导线里，还会有电荷在流动吗？如果没有电荷流过，那第二个灯泡怎么可能亮起来呢？
2026-04-14 21:11:18,941 - SessionLogger - INFO - [sim_Baseline_P1_M-ELE-001_ca3ea0] Student: 那肯定还是后面的暗啊，跟位置有什么关系？电流流过去被用掉了就是变少了，后面的灯拿到的自然就少，这逻辑没错吧。
Deserializing unregistered type router.SessionMemory from checkpoint. This will be blocked in a future version. Add to allowed_msgpack_modules to silence: [('router', 'SessionMemory')]
Deserializing unregistered type router.PerceptionResult from checkpoint. This will be blocked in a future version. Add to allowed_msgpack_modules to silence: [('router', 'PerceptionResult')]
Deserializing unregistered type router.RouteDecision from checkpoint. This will be blocked in a future version. Add to allowed_msgpack_modules to silence: [('router', 'RouteDecision')]
2026-04-14 21:11:18,993 - SessionLogger - INFO - [sim_Baseline_P3_M-ELE-001_3ff934] Teacher: 没错！既然“车”没少，也没在路上堵车堆积，那你觉得流过第一个灯泡的“车流量”，和流过第二个灯泡的相比，会发生变化吗？
2026-04-14 21:11:21,508 - SessionLogger - INFO - [sim_Baseline_P2_M-ELE-001_a2f735] Teacher: 想象一下，货车卸完货变成空车，虽然它“没货”了，但它还是一辆车呀。如果后面的车还在不停地推，这些空车会停在半路消失吗？
2026-04-14 21:11:21,549 - SessionLogger - INFO - [sim_Baseline_P3_M-ELE-001_3ff934] Student: 啊，如果车没坏也没停，那后面的车流量应该和前面一样多吧？
所以我之前以为电流会变少，其实是把“货”（能量）当成“车”（电流）了？
Deserializing unregistered type router.SessionMemory from checkpoint. This will be blocked in a future version. Add to allowed_msgpack_modules to silence: [('router', 'SessionMemory')]
Deserializing unregistered type router.PerceptionResult from checkpoint. This will be blocked in a future version. Add to allowed_msgpack_modules to silence: [('router', 'PerceptionResult')]
Deserializing unregistered type router.RouteDecision from checkpoint. This will be blocked in a future version. Add to allowed_msgpack_modules to silence: [('router', 'RouteDecision')]
2026-04-14 21:11:21,773 - SessionLogger - INFO - [sim_FSM_P1_M-ELE-001_bec1a8] Student: 那肯定还有电流啊，不然第二个灯泡怎么亮？但是流过去的电流肯定比第一个灯泡那里的少多了，毕竟前面已经用掉了一部分。
Deserializing unregistered type router.SessionMemory from checkpoint. This will be blocked in a future version. Add to allowed_msgpack_modules to silence: [('router', 'SessionMemory')]
Deserializing unregistered type router.PerceptionResult from checkpoint. This will be blocked in a future version. Add to allowed_msgpack_modules to silence: [('router', 'PerceptionResult')]
Deserializing unregistered type router.RouteDecision from checkpoint. This will be blocked in a future version. Add to allowed_msgpack_modules to silence: [('router', 'RouteDecision')]
2026-04-14 21:11:22,589 - SessionLogger - INFO - [sim_Baseline_P1_M-ELE-001_ca3ea0] Teacher: 如果电流像水流，灯泡像水车，那流走的是“水”还是水的“劲儿”？

要是水真的被水车“喝”掉了，那下游的水量岂不是越来越少，甚至断流？
2026-04-14 21:11:24,668 - SessionLogger - INFO - [sim_Baseline_P1_M-ELE-001_ca3ea0] Student: 水车转起来肯定是要费水的啊，不然它哪来的力气转？我觉得电流就是被灯泡“用”了才发光的，这跟水车喝水是一个道理。
Deserializing unregistered type router.SessionMemory from checkpoint. This will be blocked in a future version. Add to allowed_msgpack_modules to silence: [('router', 'SessionMemory')]
Deserializing unregistered type router.PerceptionResult from checkpoint. This will be blocked in a future version. Add to allowed_msgpack_modules to silence: [('router', 'PerceptionResult')]
Deserializing unregistered type router.RouteDecision from checkpoint. This will be blocked in a future version. Add to allowed_msgpack_modules to silence: [('router', 'RouteDecision')]
2026-04-14 21:11:25,097 - SessionLogger - INFO - [sim_Baseline_P2_M-ELE-001_a2f735] Student: 好像不会消失……毕竟车还在嘛。但是老师，空车回去的时候，后面的车推起来应该更省力吧？那电流（车速）会不会反而变快了？
Deserializing unregistered type router.SessionMemory from checkpoint. This will be blocked in a future version. Add to allowed_msgpack_modules to silence: [('router', 'SessionMemory')]
Deserializing unregistered type router.PerceptionResult from checkpoint. This will be blocked in a future version. Add to allowed_msgpack_modules to silence: [('router', 'PerceptionResult')]
Deserializing unregistered type router.RouteDecision from checkpoint. This will be blocked in a future version. Add to allowed_msgpack_modules to silence: [('router', 'RouteDecision')]
2026-04-14 21:11:25,587 - SessionLogger - INFO - [sim_Baseline_P3_M-ELE-001_3ff934] Teacher: 太棒了，你抓住了关键！能量被“卸货”消耗了，但电荷（车）只是完成了运输任务。

既然流过两个灯泡的电流一样大，你觉得为什么第一个灯泡通常比第二个更亮呢？
2026-04-14 21:11:27,374 - SessionLogger - INFO - [sim_Baseline_P3_M-ELE-001_3ff934] Student: 等等，老师，如果电流真的一样大，那它俩亮度应该也一样才对呀？
您刚才是不是说反了？还是说第一个灯泡其实更“饿”，抢走了更多的货？
Deserializing unregistered type router.SessionMemory from checkpoint. This will be blocked in a future version. Add to allowed_msgpack_modules to silence: [('router', 'SessionMemory')]
Deserializing unregistered type router.PerceptionResult from checkpoint. This will be blocked in a future version. Add to allowed_msgpack_modules to silence: [('router', 'PerceptionResult')]
Deserializing unregistered type router.RouteDecision from checkpoint. This will be blocked in a future version. Add to allowed_msgpack_modules to silence: [('router', 'RouteDecision')]
2026-04-14 21:11:30,650 - SessionLogger - INFO - [sim_FSM+Guardrail_P1_M-ELE-001_b37b3a] Teacher: 为了不把你带偏，咱们不如慢一点。你先说说看，这几个条件里你觉得哪个是最关键的？
2026-04-14 21:11:31,650 - SessionLogger - INFO - [sim_FSM+Guardrail_P1_M-ELE-001_b37b3a] Student: 关键就是灯泡把电“用”了啊，这还用想吗？老师你别绕弯子了，直接告诉我电流是不是变小了不行吗？
Deserializing unregistered type router.SessionMemory from checkpoint. This will be blocked in a future version. Add to allowed_msgpack_modules to silence: [('router', 'SessionMemory')]
Deserializing unregistered type router.PerceptionResult from checkpoint. This will be blocked in a future version. Add to allowed_msgpack_modules to silence: [('router', 'PerceptionResult')]
Deserializing unregistered type router.RouteDecision from checkpoint. This will be blocked in a future version. Add to allowed_msgpack_modules to silence: [('router', 'RouteDecision')]
2026-04-14 21:11:31,917 - SessionLogger - INFO - [sim_Baseline_P3_M-ELE-001_3ff934] Teacher: 哈哈，别急！在串联电路里，两个灯泡其实是一模一样的“吃货”。

既然每辆车（电荷）带的货（能量）总量有限，如果第一个灯泡拿走了一部分，那留给第二个灯泡的“货”还会和原来一样多吗？
2026-04-14 21:11:31,917 - SessionLogger - INFO - [sim_Baseline_P3_M-ELE-001_3ff934] Extending max_turns by 3 because cognitive_state is '新概念探索'
2026-04-14 21:11:33,452 - SessionLogger - INFO - [sim_Baseline_P3_M-ELE-001_3ff934] Student: 噢……原来每辆车带的“货”变少了啊。
所以虽然车的数量没变，但因为每辆车剩下的能量不够了，第二个灯泡才比较暗？
Deserializing unregistered type router.SessionMemory from checkpoint. This will be blocked in a future version. Add to allowed_msgpack_modules to silence: [('router', 'SessionMemory')]
Deserializing unregistered type router.PerceptionResult from checkpoint. This will be blocked in a future version. Add to allowed_msgpack_modules to silence: [('router', 'PerceptionResult')]
Deserializing unregistered type router.RouteDecision from checkpoint. This will be blocked in a future version. Add to allowed_msgpack_modules to silence: [('router', 'RouteDecision')]
2026-04-14 21:11:35,286 - SessionLogger - INFO - [sim_FSM+Guardrail_P1_M-ELE-001_b37b3a] Teacher: 为了确保咱们走在正确的思路上，我建议咱们先退回基础概念捋一捋。你能告诉我你目前最确定的部分是什么吗？
2026-04-14 21:11:35,953 - SessionLogger - INFO - [sim_Baseline_P2_M-ELE-001_a2f735] Teacher: 这是个很有趣的直觉！但你想，如果流回电源的“空车”速度变快了，而流出电源的“重车”速度慢，那电线里会不会出现“堵车”或者“断档”？
2026-04-14 21:11:36,324 - SessionLogger - INFO - [sim_FSM+Guardrail_P1_M-ELE-001_b37b3a] Student: 我最确定的就是灯泡亮了肯定是消耗了电流，不然它怎么发光？老师你别老让我捋概念，你就承认电流变小了行不行？
Deserializing unregistered type router.SessionMemory from checkpoint. This will be blocked in a future version. Add to allowed_msgpack_modules to silence: [('router', 'SessionMemory')]
Deserializing unregistered type router.PerceptionResult from checkpoint. This will be blocked in a future version. Add to allowed_msgpack_modules to silence: [('router', 'PerceptionResult')]
Deserializing unregistered type router.RouteDecision from checkpoint. This will be blocked in a future version. Add to allowed_msgpack_modules to silence: [('router', 'RouteDecision')]
2026-04-14 21:11:39,486 - SessionLogger - INFO - [sim_Baseline_P2_M-ELE-001_a2f735] Student: 啊……如果后面快前面慢，那电线里确实会乱套，要么挤爆要么断开。所以为了不让电路“堵车”，流进去和流出来的速度必须得一样？
Deserializing unregistered type router.SessionMemory from checkpoint. This will be blocked in a future version. Add to allowed_msgpack_modules to silence: [('router', 'SessionMemory')]
Deserializing unregistered type router.PerceptionResult from checkpoint. This will be blocked in a future version. Add to allowed_msgpack_modules to silence: [('router', 'PerceptionResult')]
Deserializing unregistered type router.RouteDecision from checkpoint. This will be blocked in a future version. Add to allowed_msgpack_modules to silence: [('router', 'RouteDecision')]
2026-04-14 21:11:39,990 - SessionLogger - INFO - [sim_FSM+Guardrail_P1_M-ELE-001_b37b3a] Teacher: 我发现我们可能有点偏离方向了。咱们重置一下思路，你先说说你最确信的一点是啥？
2026-04-14 21:11:41,263 - SessionLogger - INFO - [sim_FSM+Guardrail_P1_M-ELE-001_b37b3a] Student: 我最确信的就是电流流过去被灯泡“用”掉了，所以后面肯定变少。老师你别老重置了，这道理不是明摆着的吗？
Deserializing unregistered type router.SessionMemory from checkpoint. This will be blocked in a future version. Add to allowed_msgpack_modules to silence: [('router', 'SessionMemory')]
Deserializing unregistered type router.PerceptionResult from checkpoint. This will be blocked in a future version. Add to allowed_msgpack_modules to silence: [('router', 'PerceptionResult')]
Deserializing unregistered type router.RouteDecision from checkpoint. This will be blocked in a future version. Add to allowed_msgpack_modules to silence: [('router', 'RouteDecision')]
2026-04-14 21:11:50,147 - SessionLogger - INFO - [sim_FSM+Guardrail_P2_M-ELE-001_59701e] Teacher: 这个比喻非常到位！既然“车”的数量没变，只是卸下了货物（能量），那你觉得在串联电路的各个位置，这些“车”通过的快慢（也就是电流大小）会发生变化吗？
2026-04-14 21:11:50,147 - SessionLogger - INFO - [sim_FSM+Guardrail_P2_M-ELE-001_59701e] Session finished. Reason: resolved
2026-04-14 21:11:50,147 - SessionLogger - INFO - [sim_FSM_P3_M-ELE-001_6a8cbd] Starting session
2026-04-14 21:11:50,148 - SessionLogger - INFO - Initialized Session sim_FSM_P3_M-ELE-001_6a8cbd on Unknown for Unknown with version FSM+Guardrail
2026-04-14 21:11:51,232 - SessionLogger - INFO - [sim_FSM_P3_M-ELE-001_6a8cbd] Student Opening: 老师，如果两个灯泡串联，第一个灯泡是不是会把电流“用掉”一部分，所以第二个灯泡分到的电流就变少了？
2026-04-14 21:11:57,901 - SessionLogger - INFO - [sim_FSM_P1_M-ELE-001_bec1a8] Teacher: 既然你承认后面还有电流，那我们来做个思想实验：如果前面的灯泡真的“吃掉”了一半的电荷，那剩下的电荷是不是得挤在更窄的空间里，或者跑得更慢才能通过后面的导线？但实际上，电荷在导线里是紧密排列且连续流动的，并没有发生“拥堵”或“断层”。

这就好比一个封闭的环形水管，水在里面循环流动。水泵提供能量让水动起来，但水本身并没有被叶片“吃掉”而消失。所以，你觉得在串联电路的这个“圈”里，每秒钟流过第一个灯泡的电荷数量，和流过第二个灯泡的电荷数量，是**相等**的还是**不相等**的？
2026-04-14 21:12:01,258 - SessionLogger - INFO - [sim_FSM_P1_M-ELE-001_bec1a8] Student: 水管那个比喻不对，电又不是水，电是会被灯泡用掉的。我觉得肯定是不相等的，前面的电流大，后面的电流小，不然怎么解释灯泡发光消耗了东西？
Deserializing unregistered type router.SessionMemory from checkpoint. This will be blocked in a future version. Add to allowed_msgpack_modules to silence: [('router', 'SessionMemory')]
Deserializing unregistered type router.PerceptionResult from checkpoint. This will be blocked in a future version. Add to allowed_msgpack_modules to silence: [('router', 'PerceptionResult')]
Deserializing unregistered type router.RouteDecision from checkpoint. This will be blocked in a future version. Add to allowed_msgpack_modules to silence: [('router', 'RouteDecision')]
2026-04-14 21:12:06,791 - SessionLogger - INFO - [sim_FSM+Guardrail_P1_M-ELE-001_b37b3a] Teacher: “我理解你的直觉，灯泡发光确实要‘付出代价’。但实验数据显示，串联电路中不同位置的电流表读数是完全一样的。既然电流大小没变，你觉得灯泡‘用’掉的究竟是什么？”
</think>

我理解你的直觉，灯泡发光确实要“付出代价”。但实验数据显示，串联电路中不同位置的电流表读数是完全一样的。既然电流大小没变，你觉得灯泡“用”掉的究竟是什么？
2026-04-14 21:12:10,505 - SessionLogger - INFO - [sim_FSM+Guardrail_P1_M-ELE-001_b37b3a] Student: 那肯定是电流表不准，或者读数误差呗。反正灯泡亮了就是消耗了东西，电流不可能一点没少，我不信那个数据。
2026-04-14 21:12:10,506 - SessionLogger - INFO - [sim_FSM+Guardrail_P1_M-ELE-001_b37b3a] Session finished. Reason: max_turns_reached
2026-04-14 21:12:10,506 - SessionLogger - INFO - [sim_FSM+Guardrail_P3_M-ELE-001_afe952] Starting session
2026-04-14 21:12:10,506 - SessionLogger - INFO - Initialized Session sim_FSM+Guardrail_P3_M-ELE-001_afe952 on Unknown for Unknown with version FSM+Guardrail
2026-04-14 21:12:11,936 - SessionLogger - INFO - [sim_FSM+Guardrail_P3_M-ELE-001_afe952] Student Opening: 老师，我觉得串联电路里，电流流过第一个灯泡后肯定变少了，毕竟灯泡发光是要“用”掉电流的嘛，那后面的灯泡分到的电流不就更少了吗？
2026-04-14 21:12:11,947 - SessionLogger - INFO - [sim_FSM_P1_M-ELE-001_bec1a8] Teacher: 我完全理解你的想法，这个点确实非常反直觉，毕竟我们日常经验里“消耗”通常意味着东西变少了。

咱们今天先不争论这个理论推导，下次找个真实的实验器材，我们在电路不同位置串入电流表亲自测一测，用数据说话，怎么样？
2026-04-14 21:12:13,796 - SessionLogger - INFO - [sim_FSM_P1_M-ELE-001_bec1a8] Student: 行吧，那就测测看。但我敢打赌，测出来的数肯定前面大后面小，毕竟灯泡确实把电给“用”了。
Deserializing unregistered type router.SessionMemory from checkpoint. This will be blocked in a future version. Add to allowed_msgpack_modules to silence: [('router', 'SessionMemory')]
Deserializing unregistered type router.PerceptionResult from checkpoint. This will be blocked in a future version. Add to allowed_msgpack_modules to silence: [('router', 'PerceptionResult')]
Deserializing unregistered type router.RouteDecision from checkpoint. This will be blocked in a future version. Add to allowed_msgpack_modules to silence: [('router', 'RouteDecision')]
2026-04-14 21:12:15,126 - SessionLogger - INFO - [sim_FSM_P3_M-ELE-001_6a8cbd] Teacher: 这种直觉很常见，毕竟灯泡亮了确实像是“吃”掉了电。但咱们顺着这个思路想一步：如果电流真的被第一个灯泡“吃掉”了一部分，那流进第二个灯泡的电流变少了，第二个灯泡应该比第一个暗得多，对吧？
2026-04-14 21:12:15,424 - SessionLogger - INFO - [sim_Baseline_P1_M-ELE-001_ca3ea0] Teacher: 咱们想想，如果水车真的“喝”掉了一半的水，那流进水车的水管是不是得比流出来的粗一倍，才能供得上？

你见过家里的进水管和出水管粗细不一样吗？
2026-04-14 21:12:16,135 - SessionLogger - INFO - [sim_FSM_P3_M-ELE-001_6a8cbd] Student: 呃……好像是哦？但我感觉它俩亮度其实差不多啊。那是不是电流没被吃掉，还是说吃掉的很少我看不出来？
Deserializing unregistered type router.SessionMemory from checkpoint. This will be blocked in a future version. Add to allowed_msgpack_modules to silence: [('router', 'SessionMemory')]
Deserializing unregistered type router.PerceptionResult from checkpoint. This will be blocked in a future version. Add to allowed_msgpack_modules to silence: [('router', 'PerceptionResult')]
Deserializing unregistered type router.RouteDecision from checkpoint. This will be blocked in a future version. Add to allowed_msgpack_modules to silence: [('router', 'RouteDecision')]
2026-04-14 21:12:16,200 - SessionLogger - INFO - [sim_Baseline_P3_M-ELE-001_3ff934] Teacher: 没错！每辆车卸完货后，剩下的能量确实变少了。

那如果这两个灯泡是完全一样的规格，你觉得它们各自能“抢”到多少比例的总能量呢？
2026-04-14 21:12:17,505 - SessionLogger - INFO - [sim_Baseline_P3_M-ELE-001_3ff934] Student: 既然它们一模一样，那应该是一人一半吧？
所以第一个灯泡并没有“抢”更多，而是大家平分总能量，只是流到第二个灯泡时，每辆车剩下的能量刚好只够它亮同样的程度？
Deserializing unregistered type router.SessionMemory from checkpoint. This will be blocked in a future version. Add to allowed_msgpack_modules to silence: [('router', 'SessionMemory')]
Deserializing unregistered type router.PerceptionResult from checkpoint. This will be blocked in a future version. Add to allowed_msgpack_modules to silence: [('router', 'PerceptionResult')]
Deserializing unregistered type router.RouteDecision from checkpoint. This will be blocked in a future version. Add to allowed_msgpack_modules to silence: [('router', 'RouteDecision')]
2026-04-14 21:12:18,760 - SessionLogger - INFO - [sim_Baseline_P1_M-ELE-001_ca3ea0] Student: 那水管粗细是固定的，跟灯泡有什么关系？反正电流流过去就是变少了，你别老拿水管说事，这俩能一样吗？
Deserializing unregistered type router.SessionMemory from checkpoint. This will be blocked in a future version. Add to allowed_msgpack_modules to silence: [('router', 'SessionMemory')]
Deserializing unregistered type router.PerceptionResult from checkpoint. This will be blocked in a future version. Add to allowed_msgpack_modules to silence: [('router', 'PerceptionResult')]
Deserializing unregistered type router.RouteDecision from checkpoint. This will be blocked in a future version. Add to allowed_msgpack_modules to silence: [('router', 'RouteDecision')]
2026-04-14 21:12:21,139 - SessionLogger - INFO - [sim_FSM_P1_M-ELE-001_bec1a8] Teacher: 哈哈，那就让实验数据来当裁判吧！咱们今天先聊到这里，这个问题先放一放，辛苦啦！
2026-04-14 21:12:21,139 - SessionLogger - INFO - [sim_FSM_P1_M-ELE-001_bec1a8] Session finished. Reason: aborted
2026-04-14 21:12:21,139 - SessionLogger - INFO - [sim_Baseline_P1_M-ELE-002_d8e93f] Starting session
2026-04-14 21:12:21,139 - SessionLogger - INFO - Initialized Session sim_Baseline_P1_M-ELE-002_d8e93f on Unknown for Unknown with version FSM+Guardrail
2026-04-14 21:12:22,170 - SessionLogger - INFO - [sim_Baseline_P1_M-ELE-002_d8e93f] Student Opening: 老师，我就把电池正极连到灯泡上，负极悬空，灯泡为啥不亮？电不是从正极流出来就能用吗？
2026-04-14 21:12:22,194 - SessionLogger - INFO - [sim_Baseline_P3_M-ELE-001_3ff934] Teacher: 太棒了！既然大家平分能量，那它们的亮度应该是一样的。

现在试着想一下，如果我把其中一个灯泡换成更“饿”（电阻更大）的，它分到的能量比例会变多还是变少呢？
2026-04-14 21:12:22,504 - SessionLogger - INFO - [sim_Baseline_P1_M-ELE-001_ca3ea0] Teacher: 好，那咱们抛开水管。如果电流真的被第一个灯泡“吃掉”了一部分，你觉得第二个灯泡里的电荷是从哪儿冒出来的？

毕竟电荷不能凭空消失，也不能凭空产生，对吧？
2026-04-14 21:12:23,329 - SessionLogger - INFO - [sim_Baseline_P3_M-ELE-001_3ff934] Student: 更“饿”的话……是不是因为它胃口大，所以能强行从车里抢走更多的货？
那它分到的能量应该会变多吧？
Deserializing unregistered type router.SessionMemory from checkpoint. This will be blocked in a future version. Add to allowed_msgpack_modules to silence: [('router', 'SessionMemory')]
Deserializing unregistered type router.PerceptionResult from checkpoint. This will be blocked in a future version. Add to allowed_msgpack_modules to silence: [('router', 'PerceptionResult')]
Deserializing unregistered type router.RouteDecision from checkpoint. This will be blocked in a future version. Add to allowed_msgpack_modules to silence: [('router', 'RouteDecision')]
2026-04-14 21:12:23,682 - SessionLogger - INFO - [sim_Baseline_P1_M-ELE-001_ca3ea0] Student: 电荷是没消失，但电流是电荷流动的速度或者能量啊，能量被用掉了，电流自然就弱了。你别老拿电荷守恒来糊弄我，我说的是电流变小了。
2026-04-14 21:12:23,682 - SessionLogger - INFO - [sim_Baseline_P1_M-ELE-001_ca3ea0] Session finished. Reason: max_turns_reached
2026-04-14 21:12:23,682 - SessionLogger - INFO - [sim_FSM_P1_M-ELE-002_ffce80] Starting session
2026-04-14 21:12:23,682 - SessionLogger - INFO - Initialized Session sim_FSM_P1_M-ELE-002_ffce80 on Unknown for Unknown with version FSM+Guardrail
2026-04-14 21:12:24,689 - SessionLogger - INFO - [sim_FSM_P1_M-ELE-002_ffce80] Student Opening: 老师，我就接了电池正极和灯泡，负极悬空着，为什么灯不亮？电不是从正极流出来进灯泡就行了吗？
2026-04-14 21:12:24,713 - SessionLogger - INFO - [sim_FSM_P3_M-ELE-001_6a8cbd] Teacher: 既然亮度几乎一样，说明流过它们的电流大小应该也差不多。那咱们再深想一层：如果电流（电荷）真的被灯泡“吃掉”或消失了，那些电荷去哪儿了呢？
2026-04-14 21:12:24,716 - SessionLogger - INFO - [sim_FSM+Guardrail_P3_M-ELE-001_afe952] Teacher: 如果电流真的像你说的那样，被第一个灯泡“吃掉”了一大部分，那你觉得在串联电路里，第一个灯泡和第二个完全一样的灯泡，哪一个应该更亮？
2026-04-14 21:12:25,832 - SessionLogger - INFO - [sim_FSM+Guardrail_P3_M-ELE-001_afe952] Student: 那肯定是第一个更亮啊，因为它先“吃”到了最多的电流。后面的灯泡只能分到剩下的那点电流，所以肯定暗一些。
Deserializing unregistered type router.SessionMemory from checkpoint. This will be blocked in a future version. Add to allowed_msgpack_modules to silence: [('router', 'SessionMemory')]
Deserializing unregistered type router.PerceptionResult from checkpoint. This will be blocked in a future version. Add to allowed_msgpack_modules to silence: [('router', 'PerceptionResult')]
Deserializing unregistered type router.RouteDecision from checkpoint. This will be blocked in a future version. Add to allowed_msgpack_modules to silence: [('router', 'RouteDecision')]
2026-04-14 21:12:26,040 - SessionLogger - INFO - [sim_FSM_P3_M-ELE-001_6a8cbd] Student: 啊？电荷消失了……那它们去哪了？难道变成光跑掉了？可是光不是电荷呀，老师你能不能打个比方，比如水管什么的？
Deserializing unregistered type router.SessionMemory from checkpoint. This will be blocked in a future version. Add to allowed_msgpack_modules to silence: [('router', 'SessionMemory')]
Deserializing unregistered type router.PerceptionResult from checkpoint. This will be blocked in a future version. Add to allowed_msgpack_modules to silence: [('router', 'PerceptionResult')]
Deserializing unregistered type router.RouteDecision from checkpoint. This will be blocked in a future version. Add to allowed_msgpack_modules to silence: [('router', 'RouteDecision')]
2026-04-14 21:12:27,997 - SessionLogger - INFO - [sim_Baseline_P3_M-ELE-001_3ff934] Teacher: “胃口大”这个直觉很准！在物理上，我们管这种“难啃”的程度叫电阻。

不过，如果路变得更难走了（电阻变大），你觉得车队整体的通行速度（电流）会发生什么变化呢？
2026-04-14 21:12:28,908 - SessionLogger - INFO - [sim_Baseline_P1_M-ELE-002_d8e93f] Teacher: 想象一下，如果水管只有一头接在水龙头上，另一头堵死或者悬空，水能一直流出来吗？电要想持续流动，是不是也得有个“回去”的路？
2026-04-14 21:12:29,104 - SessionLogger - INFO - [sim_Baseline_P3_M-ELE-001_3ff934] Student: 呃……路难走的话，车开得肯定会变慢吧？
所以整个车队里的车都会变少、变慢？那后面的灯泡得到的电流岂不是更少了？
Deserializing unregistered type router.SessionMemory from checkpoint. This will be blocked in a future version. Add to allowed_msgpack_modules to silence: [('router', 'SessionMemory')]
Deserializing unregistered type router.PerceptionResult from checkpoint. This will be blocked in a future version. Add to allowed_msgpack_modules to silence: [('router', 'PerceptionResult')]
Deserializing unregistered type router.RouteDecision from checkpoint. This will be blocked in a future version. Add to allowed_msgpack_modules to silence: [('router', 'RouteDecision')]
2026-04-14 21:12:30,080 - SessionLogger - INFO - [sim_Baseline_P1_M-ELE-002_d8e93f] Student: 水跟电又不一样，电池里本来就存着电，只要接上一头，电就能像喷雾一样喷出来让灯泡亮。我觉得不用非得有个回路回去，那太麻烦了。
Deserializing unregistered type router.SessionMemory from checkpoint. This will be blocked in a future version. Add to allowed_msgpack_modules to silence: [('router', 'SessionMemory')]
Deserializing unregistered type router.PerceptionResult from checkpoint. This will be blocked in a future version. Add to allowed_msgpack_modules to silence: [('router', 'PerceptionResult')]
Deserializing unregistered type router.RouteDecision from checkpoint. This will be blocked in a future version. Add to allowed_msgpack_modules to silence: [('router', 'RouteDecision')]
2026-04-14 21:12:30,511 - SessionLogger - INFO - [sim_Baseline_P2_M-ELE-001_a2f735] Teacher: 太棒了！既然不能“堵车”也不能“断档”，那整条路上的车流速度是不是必须保持一致？
2026-04-14 21:12:31,616 - SessionLogger - INFO - [sim_Baseline_P2_M-ELE-001_a2f735] Student: 哦！所以电流其实就像车队一样，必须保持同样的速度流动，不然就乱套了。那我之前觉得灯泡会“吃掉”电流的想法是错的？
Deserializing unregistered type router.SessionMemory from checkpoint. This will be blocked in a future version. Add to allowed_msgpack_modules to silence: [('router', 'SessionMemory')]
Deserializing unregistered type router.PerceptionResult from checkpoint. This will be blocked in a future version. Add to allowed_msgpack_modules to silence: [('router', 'PerceptionResult')]
Deserializing unregistered type router.RouteDecision from checkpoint. This will be blocked in a future version. Add to allowed_msgpack_modules to silence: [('router', 'RouteDecision')]
2026-04-14 21:12:32,994 - SessionLogger - INFO - [sim_FSM+Guardrail_P3_M-ELE-001_afe952] Teacher: 那我们去实验室看看，当两个完全一样的灯泡串联时，你实际观察到的现象是“前亮后暗”，还是“一样亮”呢？
2026-04-14 21:12:33,192 - SessionLogger - INFO - [sim_FSM_P3_M-ELE-001_6a8cbd] Teacher: 这个类比很恰当。想象一根充满水的封闭水管，中间装了一个小水轮（代表灯泡）。

当水流推动水轮转动后，流过去的水量会变少吗？
2026-04-14 21:12:33,972 - SessionLogger - INFO - [sim_FSM+Guardrail_P3_M-ELE-001_afe952] Student: 呃……好像是一样亮的？但这不对啊，如果电流没被消耗，那灯泡发的光是从哪儿来的呢？
Deserializing unregistered type router.SessionMemory from checkpoint. This will be blocked in a future version. Add to allowed_msgpack_modules to silence: [('router', 'SessionMemory')]
Deserializing unregistered type router.PerceptionResult from checkpoint. This will be blocked in a future version. Add to allowed_msgpack_modules to silence: [('router', 'PerceptionResult')]
Deserializing unregistered type router.RouteDecision from checkpoint. This will be blocked in a future version. Add to allowed_msgpack_modules to silence: [('router', 'RouteDecision')]
2026-04-14 21:12:34,249 - SessionLogger - INFO - [sim_Baseline_P3_M-ELE-001_3ff934] Teacher: 没错，整个车队的速度（电流）确实都变慢了。

但别忘了，这个“难走”的灯泡虽然让车流变慢，它自己却从每辆车上“抢”走了更多的货（电压）。

你觉得，“车流变慢”和“单次抢货变多”这两个效果叠加后，它最终得到的总能量，会比原来那个普通灯泡更多还是更少呢？
2026-04-14 21:12:34,342 - SessionLogger - INFO - [sim_FSM_P3_M-ELE-001_6a8cbd] Student: 水应该没变少吧，毕竟水管是封闭的，水没法跑出去。所以……你的意思是电流其实也没少，只是把“力气”给了灯泡？
Deserializing unregistered type router.SessionMemory from checkpoint. This will be blocked in a future version. Add to allowed_msgpack_modules to silence: [('router', 'SessionMemory')]
Deserializing unregistered type router.PerceptionResult from checkpoint. This will be blocked in a future version. Add to allowed_msgpack_modules to silence: [('router', 'PerceptionResult')]
Deserializing unregistered type router.RouteDecision from checkpoint. This will be blocked in a future version. Add to allowed_msgpack_modules to silence: [('router', 'RouteDecision')]
2026-04-14 21:12:35,012 - SessionLogger - INFO - [sim_Baseline_P2_M-ELE-001_a2f735] Teacher: 没错，电荷不会被“吃掉”。既然车（电荷）的数量没少，那灯泡发光消耗掉的到底是什么呢？
2026-04-14 21:12:35,604 - SessionLogger - INFO - [sim_Baseline_P3_M-ELE-001_3ff934] Student: 虽然车变少了，但每辆车被抢走的货变多了呀……
这两个抵消之后，到底是哪个影响更大呢？我还是有点晕，能举个具体的例子吗？
Deserializing unregistered type router.SessionMemory from checkpoint. This will be blocked in a future version. Add to allowed_msgpack_modules to silence: [('router', 'SessionMemory')]
Deserializing unregistered type router.PerceptionResult from checkpoint. This will be blocked in a future version. Add to allowed_msgpack_modules to silence: [('router', 'PerceptionResult')]
Deserializing unregistered type router.RouteDecision from checkpoint. This will be blocked in a future version. Add to allowed_msgpack_modules to silence: [('router', 'RouteDecision')]
2026-04-14 21:12:36,039 - SessionLogger - INFO - [sim_Baseline_P2_M-ELE-001_a2f735] Student: 那是不是车上的“货物”被卸下来了？虽然车还在跑，但它变“轻”了，把能量留给了灯泡？
2026-04-14 21:12:36,039 - SessionLogger - INFO - [sim_Baseline_P2_M-ELE-001_a2f735] Session finished. Reason: max_turns_reached
2026-04-14 21:12:36,039 - SessionLogger - INFO - [sim_FSM+Guardrail_P1_M-ELE-002_c1a526] Starting session
2026-04-14 21:12:36,040 - SessionLogger - INFO - Initialized Session sim_FSM+Guardrail_P1_M-ELE-002_c1a526 on Unknown for Unknown with version FSM+Guardrail
2026-04-14 21:12:37,932 - SessionLogger - INFO - [sim_FSM+Guardrail_P1_M-ELE-002_c1a526] Student Opening: 老师，我就把灯泡的一头接在电池正极上，另一头悬空着，它为啥不亮啊？电不是从正极流出来就能用了吗？
2026-04-14 21:12:37,975 - SessionLogger - INFO - [sim_Baseline_P1_M-ELE-002_d8e93f] Teacher: 如果电真像喷雾一样“喷”出去就消失了，那电池里的电荷岂不是用几次就空了？但实际上电池能用很久，你觉得流过灯泡的那些电子，最后都去哪儿了？
2026-04-14 21:12:41,828 - SessionLogger - INFO - [sim_FSM+Guardrail_P3_M-ELE-001_afe952] Teacher: 这个现象确实反直觉，因为我们很容易把“电流”和“电能”混为一谈。

你可以试着想象一下封闭水管里的水流：当水流过水轮机让它转动（做功）后，流过去的水量（流量）会变少吗？
2026-04-14 21:12:41,944 - SessionLogger - INFO - [sim_FSM_P3_M-ELE-001_6a8cbd] Teacher: 没错，水流的大小（流量）没变，但水推动叶轮时确实把能量传给了它。

回到电路里，既然电流（电荷的流动）没有减少，那灯泡发光发热所消耗掉的“东西”，你觉得应该是电流本身，还是电流携带的某种能量呢？
2026-04-14 21:12:42,598 - SessionLogger - INFO - [sim_Baseline_P1_M-ELE-002_d8e93f] Student: 电池里的电是用不完的，它是源源不断产生的，又不是存水罐。电子到了灯泡那里发光发热消耗掉了，自然就没了，干嘛还要回去？
Deserializing unregistered type router.SessionMemory from checkpoint. This will be blocked in a future version. Add to allowed_msgpack_modules to silence: [('router', 'SessionMemory')]
Deserializing unregistered type router.PerceptionResult from checkpoint. This will be blocked in a future version. Add to allowed_msgpack_modules to silence: [('router', 'PerceptionResult')]
Deserializing unregistered type router.RouteDecision from checkpoint. This will be blocked in a future version. Add to allowed_msgpack_modules to silence: [('router', 'RouteDecision')]
2026-04-14 21:12:45,194 - SessionLogger - INFO - [sim_FSM+Guardrail_P3_M-ELE-001_afe952] Student: 水量……好像确实不会变少，毕竟水不能凭空消失。但是老师，如果水流没变少，那水轮机转动的能量是从哪儿来的呢？我还是有点分不清电流和那个“能量”到底啥关系。
Deserializing unregistered type router.SessionMemory from checkpoint. This will be blocked in a future version. Add to allowed_msgpack_modules to silence: [('router', 'SessionMemory')]
Deserializing unregistered type router.PerceptionResult from checkpoint. This will be blocked in a future version. Add to allowed_msgpack_modules to silence: [('router', 'PerceptionResult')]
Deserializing unregistered type router.RouteDecision from checkpoint. This will be blocked in a future version. Add to allowed_msgpack_modules to silence: [('router', 'RouteDecision')]
2026-04-14 21:12:45,456 - SessionLogger - INFO - [sim_FSM_P3_M-ELE-001_6a8cbd] Student: 哦……所以电流就像送快递的车，车没少，但是把“货”（能量）卸在灯泡里了？那亮度一样是因为每个灯泡分到的“货”一样多吗？
Deserializing unregistered type router.SessionMemory from checkpoint. This will be blocked in a future version. Add to allowed_msgpack_modules to silence: [('router', 'SessionMemory')]
Deserializing unregistered type router.PerceptionResult from checkpoint. This will be blocked in a future version. Add to allowed_msgpack_modules to silence: [('router', 'PerceptionResult')]
Deserializing unregistered type router.RouteDecision from checkpoint. This will be blocked in a future version. Add to allowed_msgpack_modules to silence: [('router', 'RouteDecision')]
2026-04-14 21:12:48,663 - SessionLogger - INFO - [sim_FSM_P1_M-ELE-002_ffce80] Teacher: 这个想法很常见，毕竟我们常觉得电是电源“给”出来的。但试想一下，如果水管只接在水龙头上，另一端却悬空断开，水能形成持续的水流吗？
2026-04-14 21:12:48,782 - SessionLogger - INFO - [sim_Baseline_P1_M-ELE-002_d8e93f] Teacher: 如果电子在灯泡里真的“消失”了，那电池正极源源不断送出的新电子，岂不是会在灯泡处越堆越多？

你觉得电荷能像垃圾一样被随意扔掉，还是说它们必须得有个去处才能保持平衡？
2026-04-14 21:12:49,507 - SessionLogger - INFO - [sim_Baseline_P3_M-ELE-001_3ff934] Teacher: 咱们换个角度想：在串联电路里，流经两个灯泡的“车队速度”（电流）是不是完全一样的？

既然经过它们的车辆数一样多，你觉得是“每辆车只卸一点点货”累积的能量多，还是“每辆车都被迫卸下大部分货”累积的能量多？
2026-04-14 21:12:49,888 - SessionLogger - INFO - [sim_FSM_P1_M-ELE-002_ffce80] Student: 那不一样，电又不是水。电池里有电，只要连上一头，电就能“射”进灯泡让它发光，不需要流回来。
Deserializing unregistered type router.SessionMemory from checkpoint. This will be blocked in a future version. Add to allowed_msgpack_modules to silence: [('router', 'SessionMemory')]
Deserializing unregistered type router.PerceptionResult from checkpoint. This will be blocked in a future version. Add to allowed_msgpack_modules to silence: [('router', 'PerceptionResult')]
Deserializing unregistered type router.RouteDecision from checkpoint. This will be blocked in a future version. Add to allowed_msgpack_modules to silence: [('router', 'RouteDecision')]
2026-04-14 21:12:49,948 - SessionLogger - INFO - [sim_Baseline_P1_M-ELE-002_d8e93f] Student: 电子那么小，在灯泡里挤一挤怎么了，又不会爆炸。我觉得只要电池一直送，灯泡就能一直亮，根本不需要什么回去的路。
Deserializing unregistered type router.SessionMemory from checkpoint. This will be blocked in a future version. Add to allowed_msgpack_modules to silence: [('router', 'SessionMemory')]
Deserializing unregistered type router.PerceptionResult from checkpoint. This will be blocked in a future version. Add to allowed_msgpack_modules to silence: [('router', 'PerceptionResult')]
Deserializing unregistered type router.RouteDecision from checkpoint. This will be blocked in a future version. Add to allowed_msgpack_modules to silence: [('router', 'RouteDecision')]
2026-04-14 21:13:00,873 - SessionLogger - INFO - [sim_FSM_P3_M-ELE-001_6a8cbd] Teacher: 这个“送快递”的比喻非常形象！车（电荷）确实没少，只是卸下了货（能量）。

既然两辆车是一样的，跑的路线也是连在一起的，你觉得它们每次经过灯泡时，卸下的“货”会一样多吗？
2026-04-14 21:13:00,874 - SessionLogger - INFO - [sim_FSM_P3_M-ELE-001_6a8cbd] Session finished. Reason: resolved
2026-04-14 21:13:00,874 - SessionLogger - INFO - [sim_Baseline_P2_M-ELE-002_3ae3e2] Starting session
2026-04-14 21:13:00,875 - SessionLogger - INFO - Initialized Session sim_Baseline_P2_M-ELE-002_3ae3e2 on Unknown for Unknown with version FSM+Guardrail
2026-04-14 21:13:02,219 - SessionLogger - INFO - [sim_Baseline_P2_M-ELE-002_3ae3e2] Student Opening: 老师，为什么我把电池正极连到灯泡上，灯泡却不亮呢？电流不是从正极流出来进到灯泡里就应该发光了吗？
2026-04-14 21:13:02,227 - SessionLogger - INFO - [sim_Baseline_P3_M-ELE-001_3ff934] Student: 哦……既然过来的车数量是一样的，那每次卸货多的那个肯定总能量更多吧？
所以我之前觉得它“吃”了电流导致后面变少，其实是它把每辆车里的“货”都抢光了？
Deserializing unregistered type router.SessionMemory from checkpoint. This will be blocked in a future version. Add to allowed_msgpack_modules to silence: [('router', 'SessionMemory')]
Deserializing unregistered type router.PerceptionResult from checkpoint. This will be blocked in a future version. Add to allowed_msgpack_modules to silence: [('router', 'PerceptionResult')]
Deserializing unregistered type router.RouteDecision from checkpoint. This will be blocked in a future version. Add to allowed_msgpack_modules to silence: [('router', 'RouteDecision')]
2026-04-14 21:13:02,256 - SessionLogger - INFO - [sim_Baseline_P1_M-ELE-002_d8e93f] Teacher: 哪怕电子再小，如果只进不出，它们之间的排斥力也会迅速大到电池根本推不动。

这就好比单行道上如果只许进不许出，哪怕车再小，是不是很快也就堵死动不了了？
2026-04-14 21:13:02,257 - SessionLogger - INFO - [sim_FSM+Guardrail_P3_M-ELE-001_afe952] Teacher: 没错，水轮机消耗的是水的“能量”（比如水压或落差），而不是把“水分子”给消灭了。

那回到电路里，既然电流（电荷的流动）没有被灯泡“吃掉”，你觉得灯泡发光发热，真正消耗掉的究竟是什么？
2026-04-14 21:13:03,771 - SessionLogger - INFO - [sim_Baseline_P1_M-ELE-002_d8e93f] Student: 那不一样，电子进了灯泡就变成光和热跑掉了，又不是堵在那儿。只要电池有劲儿推，它们就能一直往前冲，才不会堵死呢。
Deserializing unregistered type router.SessionMemory from checkpoint. This will be blocked in a future version. Add to allowed_msgpack_modules to silence: [('router', 'SessionMemory')]
Deserializing unregistered type router.PerceptionResult from checkpoint. This will be blocked in a future version. Add to allowed_msgpack_modules to silence: [('router', 'PerceptionResult')]
Deserializing unregistered type router.RouteDecision from checkpoint. This will be blocked in a future version. Add to allowed_msgpack_modules to silence: [('router', 'RouteDecision')]
2026-04-14 21:13:04,429 - SessionLogger - INFO - [sim_FSM+Guardrail_P1_M-ELE-002_c1a526] Teacher: 这个直觉很自然，毕竟我们常觉得电是电池“给”出来的。但试想一下，如果电流像水流，你只把水管一头接在水龙头上，另一头悬空且不让水流向任何地方，水能持续不断地流出来推动水车吗？
2026-04-14 21:13:05,858 - SessionLogger - INFO - [sim_FSM+Guardrail_P3_M-ELE-001_afe952] Student: 哦……所以灯泡“吃”掉的是电的能量，而不是电荷本身？那电流就像是个送快递的，把能量送到了，自己还是那么多流过去？
Deserializing unregistered type router.SessionMemory from checkpoint. This will be blocked in a future version. Add to allowed_msgpack_modules to silence: [('router', 'SessionMemory')]
Deserializing unregistered type router.PerceptionResult from checkpoint. This will be blocked in a future version. Add to allowed_msgpack_modules to silence: [('router', 'PerceptionResult')]
Deserializing unregistered type router.RouteDecision from checkpoint. This will be blocked in a future version. Add to allowed_msgpack_modules to silence: [('router', 'RouteDecision')]
2026-04-14 21:13:06,422 - SessionLogger - INFO - [sim_FSM+Guardrail_P1_M-ELE-002_c1a526] Student: 水那是液体，电是能量，不一样的。只要电池有电，它就能把电“射”进灯泡里让它亮，不需要流回来。
Deserializing unregistered type router.SessionMemory from checkpoint. This will be blocked in a future version. Add to allowed_msgpack_modules to silence: [('router', 'SessionMemory')]
Deserializing unregistered type router.PerceptionResult from checkpoint. This will be blocked in a future version. Add to allowed_msgpack_modules to silence: [('router', 'PerceptionResult')]
Deserializing unregistered type router.RouteDecision from checkpoint. This will be blocked in a future version. Add to allowed_msgpack_modules to silence: [('router', 'RouteDecision')]
2026-04-14 21:13:09,596 - SessionLogger - INFO - [sim_Baseline_P2_M-ELE-002_3ae3e2] Teacher: 那电流进了灯泡之后，它要去哪儿呢？如果后面没有路让它流回电池的负极，你觉得它还能持续流动吗？
2026-04-14 21:13:09,661 - SessionLogger - INFO - [sim_Baseline_P1_M-ELE-002_d8e93f] Teacher: 光和热是能量，不是物质，电子本身并没有变成光跑掉。

如果电子真的只去不回，你觉得电池负极的电子会不会很快就“断供”了？
2026-04-14 21:13:10,927 - SessionLogger - INFO - [sim_Baseline_P1_M-ELE-002_d8e93f] Student: 电池里本来就有很多电子，根本用不完，怎么会断供？反正只要连着正极，电就能流过去让灯泡亮，不用管回不回去。
Deserializing unregistered type router.SessionMemory from checkpoint. This will be blocked in a future version. Add to allowed_msgpack_modules to silence: [('router', 'SessionMemory')]
Deserializing unregistered type router.PerceptionResult from checkpoint. This will be blocked in a future version. Add to allowed_msgpack_modules to silence: [('router', 'PerceptionResult')]
Deserializing unregistered type router.RouteDecision from checkpoint. This will be blocked in a future version. Add to allowed_msgpack_modules to silence: [('router', 'RouteDecision')]
2026-04-14 21:13:11,388 - SessionLogger - INFO - [sim_Baseline_P2_M-ELE-002_3ae3e2] Student: 它……流进灯丝变成光和热消耗掉不就完了吗？应该不需要再流回电池吧，毕竟能量都用在发光上了呀。
Deserializing unregistered type router.SessionMemory from checkpoint. This will be blocked in a future version. Add to allowed_msgpack_modules to silence: [('router', 'SessionMemory')]
Deserializing unregistered type router.PerceptionResult from checkpoint. This will be blocked in a future version. Add to allowed_msgpack_modules to silence: [('router', 'PerceptionResult')]
Deserializing unregistered type router.RouteDecision from checkpoint. This will be blocked in a future version. Add to allowed_msgpack_modules to silence: [('router', 'RouteDecision')]
2026-04-14 21:13:20,358 - SessionLogger - INFO - [sim_FSM+Guardrail_P3_M-ELE-001_afe952] Teacher: 这个比喻很形象！既然“快递员”（电荷）的数量在送完货后没有减少，那你觉得在串联电路的后面再串联一个灯泡，流过它的“快递员”数量会比第一个少吗？
2026-04-14 21:13:20,359 - SessionLogger - INFO - [sim_FSM+Guardrail_P3_M-ELE-001_afe952] Session finished. Reason: resolved
2026-04-14 21:13:20,359 - SessionLogger - INFO - [sim_FSM_P2_M-ELE-002_fbe3d6] Starting session
2026-04-14 21:13:20,359 - SessionLogger - INFO - Initialized Session sim_FSM_P2_M-ELE-002_fbe3d6 on Unknown for Unknown with version FSM+Guardrail
2026-04-14 21:13:21,440 - SessionLogger - INFO - [sim_FSM_P2_M-ELE-002_fbe3d6] Student Opening: 老师，我把电池正极用导线连到灯泡上，灯泡怎么不亮啊？电不是从正极送出来就能用了吗？
2026-04-14 21:13:21,463 - SessionLogger - INFO - [sim_FSM_P1_M-ELE-002_ffce80] Teacher: 如果电真的像子弹一样“射”进去就停在那儿，那电池里有限的电荷岂不是瞬间就射光了？
2026-04-14 21:13:21,464 - SessionLogger - INFO - [sim_Baseline_P1_M-ELE-002_d8e93f] Teacher: 电池里的电子确实多，但如果它们都挤在灯泡里回不来，负极这边不就“空”了吗？

没有了电子补充，你觉得电池还能继续把新的电子往正极方向推吗？
2026-04-14 21:13:21,464 - SessionLogger - INFO - [sim_Baseline_P1_M-ELE-002_d8e93f] Extending max_turns by 3 because cognitive_state is '新概念探索'
2026-04-14 21:13:21,469 - SessionLogger - INFO - [sim_Baseline_P2_M-ELE-002_3ae3e2] Teacher: 能量确实被消耗了，但电荷（电子）并没有消失哦。

你可以把电路想象成一条环形跑道，如果跑道在灯泡后面断开了，后面的电子堵住了，前面的电子还能继续跑进去吗？
2026-04-14 21:13:23,574 - SessionLogger - INFO - [sim_FSM+Guardrail_P1_M-ELE-002_c1a526] Teacher: 如果电流真的只从正极“射”进灯泡，却没有任何路径让它离开，你觉得灯泡里的电荷会一直无限堆积下去吗？如果前面已经“堵死”了，后面的电荷还能继续挤进来让灯丝发热吗？
2026-04-14 21:13:24,750 - SessionLogger - INFO - [sim_FSM_P1_M-ELE-002_ffce80] Student: 电池里的电多着呢，怎么可能一下就没了。反正我觉得只要接上一头，电进去灯泡就该亮，不用管它回不回来。
Deserializing unregistered type router.SessionMemory from checkpoint. This will be blocked in a future version. Add to allowed_msgpack_modules to silence: [('router', 'SessionMemory')]
Deserializing unregistered type router.PerceptionResult from checkpoint. This will be blocked in a future version. Add to allowed_msgpack_modules to silence: [('router', 'PerceptionResult')]
Deserializing unregistered type router.RouteDecision from checkpoint. This will be blocked in a future version. Add to allowed_msgpack_modules to silence: [('router', 'RouteDecision')]
2026-04-14 21:13:24,855 - SessionLogger - INFO - [sim_Baseline_P2_M-ELE-002_3ae3e2] Student: 呃……如果后面堵住了，前面的确实也挤不进去了。所以您的意思是，必须得有个回路让电子能转回来，电流才能一直流？
Deserializing unregistered type router.SessionMemory from checkpoint. This will be blocked in a future version. Add to allowed_msgpack_modules to silence: [('router', 'SessionMemory')]
Deserializing unregistered type router.PerceptionResult from checkpoint. This will be blocked in a future version. Add to allowed_msgpack_modules to silence: [('router', 'PerceptionResult')]
Deserializing unregistered type router.RouteDecision from checkpoint. This will be blocked in a future version. Add to allowed_msgpack_modules to silence: [('router', 'RouteDecision')]
2026-04-14 21:13:24,890 - SessionLogger - INFO - [sim_Baseline_P1_M-ELE-002_d8e93f] Student: 电池又不是空的，里面肯定还有电啊。只要连着线，它就应该能一直送电出来，灯泡就该亮，哪有那么容易就“空”了。
Deserializing unregistered type router.SessionMemory from checkpoint. This will be blocked in a future version. Add to allowed_msgpack_modules to silence: [('router', 'SessionMemory')]
Deserializing unregistered type router.PerceptionResult from checkpoint. This will be blocked in a future version. Add to allowed_msgpack_modules to silence: [('router', 'PerceptionResult')]
Deserializing unregistered type router.RouteDecision from checkpoint. This will be blocked in a future version. Add to allowed_msgpack_modules to silence: [('router', 'RouteDecision')]
2026-04-14 21:13:26,868 - SessionLogger - INFO - [sim_FSM+Guardrail_P1_M-ELE-002_c1a526] Student: 电荷又不会堵车，电池力气大着呢，一直推肯定能推进去。只要正极连着，电就应该能进去干活，跟后面堵不堵没关系。
Deserializing unregistered type router.SessionMemory from checkpoint. This will be blocked in a future version. Add to allowed_msgpack_modules to silence: [('router', 'SessionMemory')]
Deserializing unregistered type router.PerceptionResult from checkpoint. This will be blocked in a future version. Add to allowed_msgpack_modules to silence: [('router', 'PerceptionResult')]
Deserializing unregistered type router.RouteDecision from checkpoint. This will be blocked in a future version. Add to allowed_msgpack_modules to silence: [('router', 'RouteDecision')]
2026-04-14 21:13:30,837 - SessionLogger - INFO - [sim_Baseline_P2_M-ELE-002_3ae3e2] Teacher: 没错，就是这个道理！只有形成一个完整的闭环，电子才能源源不断地流动。

那你现在试着把灯泡的另一端也连回电池负极，看看会发生什么？
2026-04-14 21:13:32,589 - SessionLogger - INFO - [sim_Baseline_P2_M-ELE-002_3ae3e2] Student: （连接导线后灯泡亮了）哇，真的亮了！原来必须得连成个圈才行啊，刚才那个“跑道堵塞”的比喻一下子让我想通了。
Deserializing unregistered type router.SessionMemory from checkpoint. This will be blocked in a future version. Add to allowed_msgpack_modules to silence: [('router', 'SessionMemory')]
Deserializing unregistered type router.PerceptionResult from checkpoint. This will be blocked in a future version. Add to allowed_msgpack_modules to silence: [('router', 'PerceptionResult')]
Deserializing unregistered type router.RouteDecision from checkpoint. This will be blocked in a future version. Add to allowed_msgpack_modules to silence: [('router', 'RouteDecision')]
2026-04-14 21:13:33,482 - SessionLogger - INFO - [sim_FSM_P1_M-ELE-002_ffce80] Teacher: 好，那我们来推演一下：如果电流只进不出，电荷就会在灯泡里不断堆积。

你知道同种电荷之间是会互相排斥的，你觉得这种“堆积”会让后来的电荷更容易进去，还是更难进去？
2026-04-14 21:13:35,489 - SessionLogger - INFO - [sim_FSM_P1_M-ELE-002_ffce80] Student: 那又怎样？电池推力那么大，肯定能硬挤进去。反正我接上一头灯就该亮，别整这些虚的。
Deserializing unregistered type router.SessionMemory from checkpoint. This will be blocked in a future version. Add to allowed_msgpack_modules to silence: [('router', 'SessionMemory')]
Deserializing unregistered type router.PerceptionResult from checkpoint. This will be blocked in a future version. Add to allowed_msgpack_modules to silence: [('router', 'PerceptionResult')]
Deserializing unregistered type router.RouteDecision from checkpoint. This will be blocked in a future version. Add to allowed_msgpack_modules to silence: [('router', 'RouteDecision')]
2026-04-14 21:13:35,584 - SessionLogger - INFO - [sim_Baseline_P3_M-ELE-001_3ff934] Teacher: 没错！它并没有“吃掉”车，而是让每辆车都“大出血”，卸下了更多的货。

既然电流（车队）流到第二个灯泡时，车辆数量没变，但每辆车剩下的货变少了，你觉得第二个灯泡的亮度会怎么变化？
2026-04-14 21:13:36,116 - SessionLogger - INFO - [sim_FSM+Guardrail_P1_M-ELE-002_c1a526] Teacher: 那我们来做个思想实验：如果电池真的能把电荷硬塞进灯泡，而另一端悬空导致电荷出不去，你觉得灯泡里积累的电荷是会越来越多，还是保持不变？
2026-04-14 21:13:36,370 - SessionLogger - INFO - [sim_Baseline_P2_M-ELE-002_3ae3e2] Teacher: 太棒了！看来你已经抓住了“闭合回路”这个核心。

那如果我现在把其中一根导线剪断，你觉得灯泡还会亮吗？为什么？
2026-04-14 21:13:37,045 - SessionLogger - INFO - [sim_Baseline_P3_M-ELE-001_3ff934] Student: 啊！原来车（电流）还是那么多，只是货（能量）变少了……
所以第二个灯泡因为没货可卸，就会比较暗？我好像有点明白“消耗”到底是什么意思了！
Deserializing unregistered type router.SessionMemory from checkpoint. This will be blocked in a future version. Add to allowed_msgpack_modules to silence: [('router', 'SessionMemory')]
Deserializing unregistered type router.PerceptionResult from checkpoint. This will be blocked in a future version. Add to allowed_msgpack_modules to silence: [('router', 'PerceptionResult')]
Deserializing unregistered type router.RouteDecision from checkpoint. This will be blocked in a future version. Add to allowed_msgpack_modules to silence: [('router', 'RouteDecision')]
2026-04-14 21:13:38,566 - SessionLogger - INFO - [sim_FSM_P2_M-ELE-002_fbe3d6] Teacher: 这个直觉很自然，就像我们把快递寄出去就算完成任务一样。但你想过没有，如果电流只从正极“跑”出来却不回到负极，那负极在那里岂不是成了摆设？
2026-04-14 21:13:39,757 - SessionLogger - INFO - [sim_FSM+Guardrail_P1_M-ELE-002_c1a526] Student: 那肯定越来越多啊，电池一直在送电嘛。但这跟灯泡亮不亮有啥关系？电进去了就该发光。
Deserializing unregistered type router.SessionMemory from checkpoint. This will be blocked in a future version. Add to allowed_msgpack_modules to silence: [('router', 'SessionMemory')]
Deserializing unregistered type router.PerceptionResult from checkpoint. This will be blocked in a future version. Add to allowed_msgpack_modules to silence: [('router', 'PerceptionResult')]
Deserializing unregistered type router.RouteDecision from checkpoint. This will be blocked in a future version. Add to allowed_msgpack_modules to silence: [('router', 'RouteDecision')]
2026-04-14 21:13:40,068 - SessionLogger - INFO - [sim_Baseline_P2_M-ELE-002_3ae3e2] Student: 肯定不亮了呀，因为跑道断了，电子没法形成闭环流回去了。就像刚才说的，路不通就堵住了嘛。
Deserializing unregistered type router.SessionMemory from checkpoint. This will be blocked in a future version. Add to allowed_msgpack_modules to silence: [('router', 'SessionMemory')]
Deserializing unregistered type router.PerceptionResult from checkpoint. This will be blocked in a future version. Add to allowed_msgpack_modules to silence: [('router', 'PerceptionResult')]
Deserializing unregistered type router.RouteDecision from checkpoint. This will be blocked in a future version. Add to allowed_msgpack_modules to silence: [('router', 'RouteDecision')]
2026-04-14 21:13:40,078 - SessionLogger - INFO - [sim_FSM_P2_M-ELE-002_fbe3d6] Student: 负极好像确实没派上用场……但电只要流过去让灯泡发热发光不就行了吗？为什么非得回去呢？
Deserializing unregistered type router.SessionMemory from checkpoint. This will be blocked in a future version. Add to allowed_msgpack_modules to silence: [('router', 'SessionMemory')]
Deserializing unregistered type router.PerceptionResult from checkpoint. This will be blocked in a future version. Add to allowed_msgpack_modules to silence: [('router', 'PerceptionResult')]
Deserializing unregistered type router.RouteDecision from checkpoint. This will be blocked in a future version. Add to allowed_msgpack_modules to silence: [('router', 'RouteDecision')]
2026-04-14 21:13:40,979 - SessionLogger - INFO - [sim_Baseline_P3_M-ELE-001_3ff934] Teacher: 太棒了！你抓住了串联电路的核心：电流处处相等，但电压（每辆车的货）是按电阻比例分配的。

既然第一个灯泡“抢”走了大部分货，那剩下的货还够第二个灯泡发光吗？或者说，你觉得第二个灯泡分到的电压是变大了还是变小了？
2026-04-14 21:13:42,678 - SessionLogger - INFO - [sim_Baseline_P3_M-ELE-001_3ff934] Student: 既然货都被第一个抢走了，那剩下的肯定变少了呀，所以第二个灯泡分到的电压是变小了。
不过老师，如果两个灯泡完全一样，它们是不是就会平分这些“货”，然后变得一样亮？
2026-04-14 21:13:42,678 - SessionLogger - INFO - [sim_Baseline_P3_M-ELE-001_3ff934] Session finished. Reason: max_turns_reached
2026-04-14 21:13:42,678 - SessionLogger - INFO - [sim_FSM+Guardrail_P2_M-ELE-002_89be29] Starting session
2026-04-14 21:13:42,678 - SessionLogger - INFO - Initialized Session sim_FSM+Guardrail_P2_M-ELE-002_89be29 on Unknown for Unknown with version FSM+Guardrail
2026-04-14 21:13:43,701 - SessionLogger - INFO - [sim_FSM+Guardrail_P2_M-ELE-002_89be29] Student Opening: 老师，我把电池正极用导线连到灯泡上，灯泡怎么不亮啊？电流不是从正极送出来就能让灯泡发光吗？
2026-04-14 21:13:43,717 - SessionLogger - INFO - [sim_FSM_P1_M-ELE-002_ffce80] Teacher: 咱们做个简单的思维实验：如果电流真的只进不出，那电池负极的那一端岂不是完全没用了？

既然你觉得它没用，那我把电池负极剪掉，只用正极去碰灯泡，按你的逻辑灯应该照样亮，对吧？
2026-04-14 21:13:43,853 - SessionLogger - INFO - [sim_Baseline_P2_M-ELE-002_3ae3e2] Teacher: 完全正确！这种断开的状态在物理上就叫“断路”。

那如果我想在不剪断导线的情况下，随时控制灯泡的亮和灭，你觉得可以在电路里加个什么装置？
2026-04-14 21:13:45,039 - SessionLogger - INFO - [sim_Baseline_P2_M-ELE-002_3ae3e2] Student: 加个开关？就是那种能随时把路断开或者连上的东西。这样我就能控制回路是不是闭合的了，对吧？
Deserializing unregistered type router.SessionMemory from checkpoint. This will be blocked in a future version. Add to allowed_msgpack_modules to silence: [('router', 'SessionMemory')]
Deserializing unregistered type router.PerceptionResult from checkpoint. This will be blocked in a future version. Add to allowed_msgpack_modules to silence: [('router', 'PerceptionResult')]
Deserializing unregistered type router.RouteDecision from checkpoint. This will be blocked in a future version. Add to allowed_msgpack_modules to silence: [('router', 'RouteDecision')]
2026-04-14 21:13:45,156 - SessionLogger - INFO - [sim_FSM_P1_M-ELE-002_ffce80] Student: 剪掉负极电池就没电了啊，这怎么能比？只要电池是完整的，连上一头肯定就能亮。
Deserializing unregistered type router.SessionMemory from checkpoint. This will be blocked in a future version. Add to allowed_msgpack_modules to silence: [('router', 'SessionMemory')]
Deserializing unregistered type router.PerceptionResult from checkpoint. This will be blocked in a future version. Add to allowed_msgpack_modules to silence: [('router', 'PerceptionResult')]
Deserializing unregistered type router.RouteDecision from checkpoint. This will be blocked in a future version. Add to allowed_msgpack_modules to silence: [('router', 'RouteDecision')]
2026-04-14 21:13:48,274 - SessionLogger - INFO - [sim_FSM_P2_M-ELE-002_fbe3d6] Teacher: 这确实有点反直觉，因为我们通常只关注“电到了灯泡”这一步。

想象一下家里的自来水管，如果水龙头打开了，但出水口被堵死或者悬空没有形成回路，水能持续不断地流出来冲刷水车吗？
2026-04-14 21:13:48,417 - SessionLogger - INFO - [sim_FSM+Guardrail_P1_M-ELE-002_c1a526] Teacher: 如果电荷真的在灯泡里越积越多，就像把一群人硬塞进一个死胡同房间，你觉得这群人是会一直不停地往里冲（形成持续电流），还是很快就会因为挤不动而停下来？
2026-04-14 21:13:49,203 - SessionLogger - INFO - [sim_Baseline_P2_M-ELE-002_3ae3e2] Teacher: 没错，开关本质上就是一个可以手动控制的“断点”。

那你想想，这个开关是必须装在靠近电池正极的地方，还是装在靠近负极的地方，才能控制灯泡呢？
2026-04-14 21:13:49,203 - SessionLogger - INFO - [sim_Baseline_P2_M-ELE-002_3ae3e2] Extending max_turns by 3 because cognitive_state is '新概念探索'
2026-04-14 21:13:49,547 - SessionLogger - INFO - [sim_FSM_P2_M-ELE-002_fbe3d6] Student: 呃……好像不行，水堵在那儿就不流了。所以你的意思是，电也像水一样，必须得有个“回去”的路才能一直动？
Deserializing unregistered type router.SessionMemory from checkpoint. This will be blocked in a future version. Add to allowed_msgpack_modules to silence: [('router', 'SessionMemory')]
Deserializing unregistered type router.PerceptionResult from checkpoint. This will be blocked in a future version. Add to allowed_msgpack_modules to silence: [('router', 'PerceptionResult')]
Deserializing unregistered type router.RouteDecision from checkpoint. This will be blocked in a future version. Add to allowed_msgpack_modules to silence: [('router', 'RouteDecision')]
2026-04-14 21:13:50,385 - SessionLogger - INFO - [sim_FSM+Guardrail_P1_M-ELE-002_c1a526] Student: 电又不是人，哪有那么容易挤不动。电池一直在推，它肯定能一直往里送，灯就会一直亮。
Deserializing unregistered type router.SessionMemory from checkpoint. This will be blocked in a future version. Add to allowed_msgpack_modules to silence: [('router', 'SessionMemory')]
Deserializing unregistered type router.PerceptionResult from checkpoint. This will be blocked in a future version. Add to allowed_msgpack_modules to silence: [('router', 'PerceptionResult')]
Deserializing unregistered type router.RouteDecision from checkpoint. This will be blocked in a future version. Add to allowed_msgpack_modules to silence: [('router', 'RouteDecision')]
2026-04-14 21:13:52,228 - SessionLogger - INFO - [sim_Baseline_P2_M-ELE-002_3ae3e2] Student: 应该装在哪都行吧？反正只要路断了，电子不管是刚从正极出来还是快回到负极，都流不动了呀。
Deserializing unregistered type router.SessionMemory from checkpoint. This will be blocked in a future version. Add to allowed_msgpack_modules to silence: [('router', 'SessionMemory')]
Deserializing unregistered type router.PerceptionResult from checkpoint. This will be blocked in a future version. Add to allowed_msgpack_modules to silence: [('router', 'PerceptionResult')]
Deserializing unregistered type router.RouteDecision from checkpoint. This will be blocked in a future version. Add to allowed_msgpack_modules to silence: [('router', 'RouteDecision')]
2026-04-14 21:13:52,527 - SessionLogger - INFO - [sim_FSM_P1_M-ELE-002_ffce80] Teacher: 想象一下游乐场的环形小火车轨道，如果轨道在某处断开了，哪怕车头动力再足，后面的车厢能跟着一直转圈跑起来吗？
2026-04-14 21:13:55,357 - SessionLogger - INFO - [sim_FSM_P1_M-ELE-002_ffce80] Student: 小火车那是车，电是能量，能一样吗？我就觉得电像水枪喷水，喷出去灯泡就亮了，不用流回来。
Deserializing unregistered type router.SessionMemory from checkpoint. This will be blocked in a future version. Add to allowed_msgpack_modules to silence: [('router', 'SessionMemory')]
Deserializing unregistered type router.PerceptionResult from checkpoint. This will be blocked in a future version. Add to allowed_msgpack_modules to silence: [('router', 'PerceptionResult')]
Deserializing unregistered type router.RouteDecision from checkpoint. This will be blocked in a future version. Add to allowed_msgpack_modules to silence: [('router', 'RouteDecision')]
2026-04-14 21:13:57,332 - SessionLogger - INFO - [sim_FSM+Guardrail_P1_M-ELE-002_c1a526] Teacher: 既然你觉得电池能一直把电荷“硬塞”进灯泡，那如果我把灯泡的另一端直接接到一个巨大的、完全绝缘的塑料板上，电荷无处可去只能堆积，你觉得这时候灯泡还能持续发光吗？
2026-04-14 21:13:57,615 - SessionLogger - INFO - [sim_FSM_P2_M-ELE-002_fbe3d6] Teacher: 没错，就是这个道理。既然水流需要“有去有回”才能持续流动，那你觉得为了让电流也能这样持续经过灯泡，你现在的电路还缺了哪一步连接？
2026-04-14 21:13:59,258 - SessionLogger - INFO - [sim_FSM+Guardrail_P1_M-ELE-002_c1a526] Student: 能啊，只要电池连着正极，电就能进去。接不接塑料板是后面的事，不影响前面发光。
Deserializing unregistered type router.SessionMemory from checkpoint. This will be blocked in a future version. Add to allowed_msgpack_modules to silence: [('router', 'SessionMemory')]
Deserializing unregistered type router.PerceptionResult from checkpoint. This will be blocked in a future version. Add to allowed_msgpack_modules to silence: [('router', 'PerceptionResult')]
Deserializing unregistered type router.RouteDecision from checkpoint. This will be blocked in a future version. Add to allowed_msgpack_modules to silence: [('router', 'RouteDecision')]
2026-04-14 21:14:01,077 - SessionLogger - INFO - [sim_FSM_P2_M-ELE-002_fbe3d6] Student: 那……我是不是得再拿根导线，把灯泡的另一端连回电池的负极？这样电就能“流回来”了？
Deserializing unregistered type router.SessionMemory from checkpoint. This will be blocked in a future version. Add to allowed_msgpack_modules to silence: [('router', 'SessionMemory')]
Deserializing unregistered type router.PerceptionResult from checkpoint. This will be blocked in a future version. Add to allowed_msgpack_modules to silence: [('router', 'PerceptionResult')]
Deserializing unregistered type router.RouteDecision from checkpoint. This will be blocked in a future version. Add to allowed_msgpack_modules to silence: [('router', 'RouteDecision')]
2026-04-14 21:14:02,895 - SessionLogger - INFO - [sim_FSM+Guardrail_P2_M-ELE-002_89be29] Teacher: 这确实容易让人困惑。试想一下，如果水流只从水龙头流出，却没有管道让它流回水源，水能一直源源不断地流出来吗？
2026-04-14 21:14:04,500 - SessionLogger - INFO - [sim_FSM+Guardrail_P2_M-ELE-002_89be29] Student: 好像有点道理……水确实得有个去处。但电流是电，跟水不一样吧？只要电池有电“推”出来，灯泡不应该就能亮吗？
Deserializing unregistered type router.SessionMemory from checkpoint. This will be blocked in a future version. Add to allowed_msgpack_modules to silence: [('router', 'SessionMemory')]
Deserializing unregistered type router.PerceptionResult from checkpoint. This will be blocked in a future version. Add to allowed_msgpack_modules to silence: [('router', 'PerceptionResult')]
Deserializing unregistered type router.RouteDecision from checkpoint. This will be blocked in a future version. Add to allowed_msgpack_modules to silence: [('router', 'RouteDecision')]
2026-04-14 21:14:05,853 - SessionLogger - INFO - [sim_FSM_P1_M-ELE-002_ffce80] Teacher: - 先共情：确实，刚接触时很容易觉得电像子弹一样射出去。
- 给事实（80%解释）：但物理事实是，导线和灯丝里本来就挤满了电荷。电池的作用不是“发射”新电荷，而是像水泵一样，推着这些已有的电荷在整条线路里一起动起来。如果路不通，电荷就动不起来。
- 提问（20%填空）：所以，为了让电荷能持续流动发光，电路必须是一个______（选填：断开的 / 闭合的）环路？
</think>

确实，刚接触时很容易觉得电像子弹一样射出去。但物理事实是：导线和灯丝里本来就挤满了电荷，电池的作用不是“发射”新电荷，而是像水泵一样，推着这些已有的电荷在整条线路里一起动起来。

如果路不通，电荷就动不起来。所以，为了让电荷能持续流动发光，电路必须是一个______（选填：断开的 / 闭合的）环路？
2026-04-14 21:14:07,420 - SessionLogger - INFO - [sim_FSM_P1_M-ELE-002_ffce80] Student: 水泵那套理论太复杂了，我不信。我就坚持我的观点：只要连上正极，电送过去灯就该亮，不需要什么闭合环路。
Deserializing unregistered type router.SessionMemory from checkpoint. This will be blocked in a future version. Add to allowed_msgpack_modules to silence: [('router', 'SessionMemory')]
Deserializing unregistered type router.PerceptionResult from checkpoint. This will be blocked in a future version. Add to allowed_msgpack_modules to silence: [('router', 'PerceptionResult')]
Deserializing unregistered type router.RouteDecision from checkpoint. This will be blocked in a future version. Add to allowed_msgpack_modules to silence: [('router', 'RouteDecision')]
2026-04-14 21:14:09,976 - SessionLogger - INFO - [sim_Baseline_P1_M-ELE-002_d8e93f] Teacher: 电池确实有“存货”，但如果只出不进，负极堆积的正电荷会死死拉住想出来的电子。

你觉得这种越来越强的“拉力”，会让后来的电子更容易出来，还是更难出来？
2026-04-14 21:14:10,711 - SessionLogger - INFO - [sim_FSM+Guardrail_P1_M-ELE-002_c1a526] Teacher: 看来我们陷入了僵局。其实，电流不像子弹射出就结束，它更像是在一个封闭的环形水管里流动的水：如果水管在某处断开，水就无法形成持续的循环流动，只能瞬间停滞。

所以，为了让电荷能持续不断地流过灯丝使其发光，电路必须是一个______（闭合/断开）的路径？
2026-04-14 21:14:11,561 - SessionLogger - INFO - [sim_Baseline_P1_M-ELE-002_d8e93f] Student: 电池劲儿大着呢，肯定能克服那点拉力把电子推出来。反正我接上一头灯泡就亮了，说明根本没那么难推。
Deserializing unregistered type router.SessionMemory from checkpoint. This will be blocked in a future version. Add to allowed_msgpack_modules to silence: [('router', 'SessionMemory')]
Deserializing unregistered type router.PerceptionResult from checkpoint. This will be blocked in a future version. Add to allowed_msgpack_modules to silence: [('router', 'PerceptionResult')]
Deserializing unregistered type router.RouteDecision from checkpoint. This will be blocked in a future version. Add to allowed_msgpack_modules to silence: [('router', 'RouteDecision')]
2026-04-14 21:14:11,713 - SessionLogger - INFO - [sim_FSM+Guardrail_P2_M-ELE-002_89be29] Teacher: 这个直觉很自然，毕竟电看不见摸不着。但如果电荷只从正极“推”出来，却没法回到负极，你觉得电池内部的“推力”还能持续作用吗？
2026-04-14 21:14:11,713 - SessionLogger - INFO - [sim_FSM_P2_M-ELE-002_fbe3d6] Teacher: 这个想法听起来很合理。你可以试着在脑海里（或者手上）把这条线连上，看看现在电流是不是终于有一条从正极出发、经过灯泡、最后回到负极的完整“跑道”了？
2026-04-14 21:14:12,960 - SessionLogger - INFO - [sim_FSM+Guardrail_P2_M-ELE-002_89be29] Student: 呃……如果回不去，那电荷是不是就堵在灯泡那里了？
老师，您是说因为后面堵住了，所以前面的电也推不动了吗？
Deserializing unregistered type router.SessionMemory from checkpoint. This will be blocked in a future version. Add to allowed_msgpack_modules to silence: [('router', 'SessionMemory')]
Deserializing unregistered type router.PerceptionResult from checkpoint. This will be blocked in a future version. Add to allowed_msgpack_modules to silence: [('router', 'PerceptionResult')]
Deserializing unregistered type router.RouteDecision from checkpoint. This will be blocked in a future version. Add to allowed_msgpack_modules to silence: [('router', 'RouteDecision')]
2026-04-14 21:14:14,571 - SessionLogger - INFO - [sim_FSM+Guardrail_P1_M-ELE-002_c1a526] Student: 我还是觉得只要连上一头就行，水不一定要转圈才能流出来吧。你这比喻太牵强了，我不信必须得是闭合的。
Deserializing unregistered type router.SessionMemory from checkpoint. This will be blocked in a future version. Add to allowed_msgpack_modules to silence: [('router', 'SessionMemory')]
Deserializing unregistered type router.PerceptionResult from checkpoint. This will be blocked in a future version. Add to allowed_msgpack_modules to silence: [('router', 'PerceptionResult')]
Deserializing unregistered type router.RouteDecision from checkpoint. This will be blocked in a future version. Add to allowed_msgpack_modules to silence: [('router', 'RouteDecision')]
2026-04-14 21:14:15,035 - SessionLogger - INFO - [sim_Baseline_P1_M-ELE-002_d8e93f] Teacher: 灯泡亮是因为有持续的电流，也就是电子在不停地流动。

如果电子只去不回，就像水管只出水不进水，你觉得电池里的“水压”能一直维持住吗？
2026-04-14 21:14:15,139 - SessionLogger - INFO - [sim_FSM_P2_M-ELE-002_fbe3d6] Student: 好像……真的通了！原来之前灯泡不亮，是因为电“有去无回”堵住了，必须连成个圈它才能跑起来啊。
Deserializing unregistered type router.SessionMemory from checkpoint. This will be blocked in a future version. Add to allowed_msgpack_modules to silence: [('router', 'SessionMemory')]
Deserializing unregistered type router.PerceptionResult from checkpoint. This will be blocked in a future version. Add to allowed_msgpack_modules to silence: [('router', 'PerceptionResult')]
Deserializing unregistered type router.RouteDecision from checkpoint. This will be blocked in a future version. Add to allowed_msgpack_modules to silence: [('router', 'RouteDecision')]
2026-04-14 21:14:17,509 - SessionLogger - INFO - [sim_Baseline_P1_M-ELE-002_d8e93f] Student: 电池又不是普通水管，它是化学能转化的，肯定有源源不断的压力。只要连着正极，电就能一直流过去，灯泡就该亮。
Deserializing unregistered type router.SessionMemory from checkpoint. This will be blocked in a future version. Add to allowed_msgpack_modules to silence: [('router', 'SessionMemory')]
Deserializing unregistered type router.PerceptionResult from checkpoint. This will be blocked in a future version. Add to allowed_msgpack_modules to silence: [('router', 'PerceptionResult')]
Deserializing unregistered type router.RouteDecision from checkpoint. This will be blocked in a future version. Add to allowed_msgpack_modules to silence: [('router', 'RouteDecision')]
2026-04-14 21:14:19,756 - SessionLogger - INFO - [sim_Baseline_P2_M-ELE-002_3ae3e2] Teacher: 你的直觉很准！在串联电路里，开关确实放在哪都能控制整个电路。

那如果我想让两个灯泡互不影响，一个坏了另一个还能亮，你觉得该怎么连接它们？
2026-04-14 21:14:20,764 - SessionLogger - INFO - [sim_Baseline_P2_M-ELE-002_3ae3e2] Student: 那把它们并排连在电池两端？就像给每个灯泡都单独修一条路，这样一条路断了，另一条路还能走。
Deserializing unregistered type router.SessionMemory from checkpoint. This will be blocked in a future version. Add to allowed_msgpack_modules to silence: [('router', 'SessionMemory')]
Deserializing unregistered type router.PerceptionResult from checkpoint. This will be blocked in a future version. Add to allowed_msgpack_modules to silence: [('router', 'PerceptionResult')]
Deserializing unregistered type router.RouteDecision from checkpoint. This will be blocked in a future version. Add to allowed_msgpack_modules to silence: [('router', 'RouteDecision')]
2026-04-14 21:14:20,767 - SessionLogger - INFO - [sim_FSM+Guardrail_P2_M-ELE-002_89be29] Teacher: 没错，就像堵车一样，后面堵住了前面也就动不了了。既然电荷必须能“流动”起来灯泡才会亮，你觉得我们需要给这些电荷提供一条什么样的路径，才能让它们既不堵塞，又能持续不断地流过灯丝呢？
2026-04-14 21:14:29,578 - SessionLogger - INFO - [sim_FSM_P2_M-ELE-002_fbe3d6] Teacher: 太棒了，你抓住了关键！这种“有去有回”的完整路径在物理学里有个专门的名称。既然电流必须在这个圈里持续流动，你觉得我们该怎么称呼这种首尾相连的电路结构呢？
2026-04-14 21:14:29,579 - SessionLogger - INFO - [sim_FSM_P2_M-ELE-002_fbe3d6] Session finished. Reason: resolved
2026-04-14 21:14:29,579 - SessionLogger - INFO - [sim_Baseline_P3_M-ELE-002_88410c] Starting session
2026-04-14 21:14:29,579 - SessionLogger - INFO - Initialized Session sim_Baseline_P3_M-ELE-002_88410c on Unknown for Unknown with version FSM+Guardrail
2026-04-14 21:14:31,365 - SessionLogger - INFO - [sim_Baseline_P3_M-ELE-002_88410c] Student Opening: 老师，我把电池正极连到灯泡上，灯泡怎么不亮啊？电流不是从正极流出来就能用了吗？
2026-04-14 21:14:31,371 - SessionLogger - INFO - [sim_FSM+Guardrail_P2_M-ELE-002_89be29] Student: 哦……所以得让它们能“走回来”？
是不是必须用导线把灯泡的另一端也连回电池的负极，形成一个圈才行？
Deserializing unregistered type router.SessionMemory from checkpoint. This will be blocked in a future version. Add to allowed_msgpack_modules to silence: [('router', 'SessionMemory')]
Deserializing unregistered type router.PerceptionResult from checkpoint. This will be blocked in a future version. Add to allowed_msgpack_modules to silence: [('router', 'PerceptionResult')]
Deserializing unregistered type router.RouteDecision from checkpoint. This will be blocked in a future version. Add to allowed_msgpack_modules to silence: [('router', 'RouteDecision')]
2026-04-14 21:14:31,384 - SessionLogger - INFO - [sim_Baseline_P2_M-ELE-002_3ae3e2] Teacher: 这个比喻很形象！这种连接方式在物理上就叫“并联”。

既然每条路都是独立的，那你觉得如果其中一条路上的灯泡坏了（断路），另一条路上的电流大小会受到影响吗？
2026-04-14 21:14:31,613 - SessionLogger - INFO - [sim_Baseline_P1_M-ELE-002_d8e93f] Teacher: 化学能确实能提供推力，但如果电子全堆在灯泡那头回不来，那边的负电荷会越积越多。

你觉得这种不断增强的“排斥力”，会不会最终抵消掉电池的推力，让电流停下来？
2026-04-14 21:14:32,796 - SessionLogger - INFO - [sim_Baseline_P2_M-ELE-002_3ae3e2] Student: 应该不会影响吧？毕竟它们是各走各的路，一条路堵了，另一条路还是通着的，电流应该还能正常流过去。
Deserializing unregistered type router.SessionMemory from checkpoint. This will be blocked in a future version. Add to allowed_msgpack_modules to silence: [('router', 'SessionMemory')]
Deserializing unregistered type router.PerceptionResult from checkpoint. This will be blocked in a future version. Add to allowed_msgpack_modules to silence: [('router', 'PerceptionResult')]
Deserializing unregistered type router.RouteDecision from checkpoint. This will be blocked in a future version. Add to allowed_msgpack_modules to silence: [('router', 'RouteDecision')]
2026-04-14 21:14:35,248 - SessionLogger - INFO - [sim_Baseline_P1_M-ELE-002_d8e93f] Student: 那电池推力那么大，怎么可能被抵消？反正我只要连上一头，灯泡就应该亮，别老说那些回不回来的事。
Deserializing unregistered type router.SessionMemory from checkpoint. This will be blocked in a future version. Add to allowed_msgpack_modules to silence: [('router', 'SessionMemory')]
Deserializing unregistered type router.PerceptionResult from checkpoint. This will be blocked in a future version. Add to allowed_msgpack_modules to silence: [('router', 'PerceptionResult')]
Deserializing unregistered type router.RouteDecision from checkpoint. This will be blocked in a future version. Add to allowed_msgpack_modules to silence: [('router', 'RouteDecision')]
2026-04-14 21:14:35,564 - SessionLogger - INFO - [sim_Baseline_P3_M-ELE-002_88410c] Teacher: 想象一下，如果水只从水管流出来，却流不回水池，水还能一直流吗？你看看电池的负极现在连在哪里了呢？
2026-04-14 21:14:36,682 - SessionLogger - INFO - [sim_Baseline_P2_M-ELE-002_3ae3e2] Teacher: 没错，各走各的路互不干扰。

那既然两条路都直接连在电池两端，你觉得这两条支路上的电压（也就是推动电荷的“推力”）有什么关系呢？
2026-04-14 21:14:37,182 - SessionLogger - INFO - [sim_Baseline_P3_M-ELE-002_88410c] Student: 水……好像确实得有个去处？但我还是不太明白，电流流进灯泡发光不就是“用掉”了吗，为什么非得连回负极才行呀？
Deserializing unregistered type router.SessionMemory from checkpoint. This will be blocked in a future version. Add to allowed_msgpack_modules to silence: [('router', 'SessionMemory')]
Deserializing unregistered type router.PerceptionResult from checkpoint. This will be blocked in a future version. Add to allowed_msgpack_modules to silence: [('router', 'PerceptionResult')]
Deserializing unregistered type router.RouteDecision from checkpoint. This will be blocked in a future version. Add to allowed_msgpack_modules to silence: [('router', 'RouteDecision')]
2026-04-14 21:14:37,726 - SessionLogger - INFO - [sim_Baseline_P2_M-ELE-002_3ae3e2] Student: 既然都直接连在电池上，那它们受到的“推力”应该是一样的吧？就像两扇门都开在同一个大厅里，外面的压力肯定相同。
Deserializing unregistered type router.SessionMemory from checkpoint. This will be blocked in a future version. Add to allowed_msgpack_modules to silence: [('router', 'SessionMemory')]
Deserializing unregistered type router.PerceptionResult from checkpoint. This will be blocked in a future version. Add to allowed_msgpack_modules to silence: [('router', 'PerceptionResult')]
Deserializing unregistered type router.RouteDecision from checkpoint. This will be blocked in a future version. Add to allowed_msgpack_modules to silence: [('router', 'RouteDecision')]
2026-04-14 21:14:41,396 - SessionLogger - INFO - [sim_FSM+Guardrail_P2_M-ELE-002_89be29] Teacher: 正是如此！既然你提到了“形成一个圈”，你能试着描述一下，这个“圈”具体是怎么把电池的正极、灯泡和负极连在一起，让电荷能顺利“走完全程”的吗？
2026-04-14 21:14:41,651 - SessionLogger - INFO - [sim_Baseline_P2_M-ELE-002_3ae3e2] Teacher: 这个“大厅压力”的类比非常精准！并联电路中，各支路两端的电压确实相等。

那现在如果这两条“路”的宽窄不同（也就是灯泡电阻不同），你觉得哪条路上的电流会更大一些？
2026-04-14 21:14:41,895 - SessionLogger - INFO - [sim_Baseline_P1_M-ELE-002_d8e93f] Teacher: 咱们做个思想实验：假设真的只连一头，电子像喷雾一样喷出去。

你觉得这些喷出去的电子，是瞬间消失不见了，还是堆积在灯泡和导线的末端？
2026-04-14 21:14:42,107 - SessionLogger - INFO - [sim_Baseline_P3_M-ELE-002_88410c] Teacher: 电流里的电荷并没有被“消耗”掉，它们只是把能量留给了灯泡。如果路不通，电荷挤在灯泡这里动不了，你觉得还能持续产生光和热吗？
2026-04-14 21:14:42,649 - SessionLogger - INFO - [sim_FSM+Guardrail_P2_M-ELE-002_89be29] Student: 就是导线从电池正极出来，先连到灯泡的一个接线柱，穿过灯丝，再从另一个接线柱连回电池负极？
这样电荷就能转一圈回到起点了，对吧？
Deserializing unregistered type router.SessionMemory from checkpoint. This will be blocked in a future version. Add to allowed_msgpack_modules to silence: [('router', 'SessionMemory')]
Deserializing unregistered type router.PerceptionResult from checkpoint. This will be blocked in a future version. Add to allowed_msgpack_modules to silence: [('router', 'PerceptionResult')]
Deserializing unregistered type router.RouteDecision from checkpoint. This will be blocked in a future version. Add to allowed_msgpack_modules to silence: [('router', 'RouteDecision')]
2026-04-14 21:14:42,878 - SessionLogger - INFO - [sim_Baseline_P2_M-ELE-002_3ae3e2] Student: 那肯定是路宽（电阻小）的那条电流更大吧？毕竟阻力小，电荷流起来更顺畅，就像宽马路比窄胡同能过更多的车一样。
Deserializing unregistered type router.SessionMemory from checkpoint. This will be blocked in a future version. Add to allowed_msgpack_modules to silence: [('router', 'SessionMemory')]
Deserializing unregistered type router.PerceptionResult from checkpoint. This will be blocked in a future version. Add to allowed_msgpack_modules to silence: [('router', 'PerceptionResult')]
Deserializing unregistered type router.RouteDecision from checkpoint. This will be blocked in a future version. Add to allowed_msgpack_modules to silence: [('router', 'RouteDecision')]
2026-04-14 21:14:45,346 - SessionLogger - INFO - [sim_Baseline_P3_M-ELE-002_88410c] Student: 啊？电荷没被用掉吗……那它们挤在那儿不动，是不是就像堵车一样，后面的也过不来了？
Deserializing unregistered type router.SessionMemory from checkpoint. This will be blocked in a future version. Add to allowed_msgpack_modules to silence: [('router', 'SessionMemory')]
Deserializing unregistered type router.PerceptionResult from checkpoint. This will be blocked in a future version. Add to allowed_msgpack_modules to silence: [('router', 'PerceptionResult')]
Deserializing unregistered type router.RouteDecision from checkpoint. This will be blocked in a future version. Add to allowed_msgpack_modules to silence: [('router', 'RouteDecision')]
2026-04-14 21:14:45,539 - SessionLogger - INFO - [sim_Baseline_P1_M-ELE-002_d8e93f] Student: 它们肯定流进灯泡里发光消耗掉了啊，哪会堆积？反正连上一头灯就该亮，你别老纠结那些电子去哪了。
Deserializing unregistered type router.SessionMemory from checkpoint. This will be blocked in a future version. Add to allowed_msgpack_modules to silence: [('router', 'SessionMemory')]
Deserializing unregistered type router.PerceptionResult from checkpoint. This will be blocked in a future version. Add to allowed_msgpack_modules to silence: [('router', 'PerceptionResult')]
Deserializing unregistered type router.RouteDecision from checkpoint. This will be blocked in a future version. Add to allowed_msgpack_modules to silence: [('router', 'RouteDecision')]
2026-04-14 21:14:48,730 - SessionLogger - INFO - [sim_Baseline_P3_M-ELE-002_88410c] Teacher: 没错，就是这个道理！如果没有回路让电荷流走，前面的“车”堵住了，后面的也就全停摆了。那你想想，怎么连才能让这些“车”跑成一个圈呢？
2026-04-14 21:14:48,891 - SessionLogger - INFO - [sim_Baseline_P2_M-ELE-002_3ae3e2] Teacher: 没错，阻力越小，通过的电流就越大。

那如果把这两条路上的电流汇合起来流回电池负极，你觉得干路（总电路）里的总电流，和这两条支路的电流之间有什么数量关系呢？
2026-04-14 21:14:56,698 - SessionLogger - INFO - [sim_FSM+Guardrail_P2_M-ELE-002_89be29] Teacher: 描述得很准确。既然电荷必须能这样“转一圈”回到起点才能持续流动，那如果这条路径上任何一处断开了，你觉得灯泡还会亮吗？
2026-04-14 21:14:56,699 - SessionLogger - INFO - [sim_FSM+Guardrail_P2_M-ELE-002_89be29] Session finished. Reason: resolved
2026-04-14 21:14:56,699 - SessionLogger - INFO - [sim_FSM_P3_M-ELE-002_ee2120] Starting session
2026-04-14 21:14:56,699 - SessionLogger - INFO - Initialized Session sim_FSM_P3_M-ELE-002_ee2120 on Unknown for Unknown with version FSM+Guardrail
2026-04-14 21:14:57,823 - SessionLogger - INFO - [sim_FSM_P3_M-ELE-002_ee2120] Student Opening: 老师，我就把电池正极连到灯泡上，负极空着不接，为什么灯泡不亮啊？电不是从正极流出来就能用了吗？
2026-04-14 21:14:57,828 - SessionLogger - INFO - [sim_FSM_P1_M-ELE-002_ffce80] Teacher: 咱们看一个最硬的证据：你家里的台灯，如果插头只插进插座的一半（只接触火线，没接触零线形成回路），灯会亮吗？

事实是它绝对不会亮。这说明电流不能像喷水一样“单程旅行”，它必须有一条完整的往返路径。

所以，灯泡要发光，电路必须是______（选填：断开的 / 闭合的）？
2026-04-14 21:14:57,832 - SessionLogger - INFO - [sim_Baseline_P2_M-ELE-002_3ae3e2] Student: 那总电流应该是两条支路电流加起来吧？毕竟最后都汇合到一起流回电池了，就像两条小河汇入一条大河，水量肯定是相加的。
Deserializing unregistered type router.SessionMemory from checkpoint. This will be blocked in a future version. Add to allowed_msgpack_modules to silence: [('router', 'SessionMemory')]
Deserializing unregistered type router.PerceptionResult from checkpoint. This will be blocked in a future version. Add to allowed_msgpack_modules to silence: [('router', 'PerceptionResult')]
Deserializing unregistered type router.RouteDecision from checkpoint. This will be blocked in a future version. Add to allowed_msgpack_modules to silence: [('router', 'RouteDecision')]
2026-04-14 21:14:57,833 - SessionLogger - INFO - [sim_Baseline_P3_M-ELE-002_88410c] Student: 哦……所以得把负极也连上，让它们能转圈圈回来？是不是就像滑滑梯，滑下去还得有个路爬回上面才能再滑一次？
Deserializing unregistered type router.SessionMemory from checkpoint. This will be blocked in a future version. Add to allowed_msgpack_modules to silence: [('router', 'SessionMemory')]
Deserializing unregistered type router.PerceptionResult from checkpoint. This will be blocked in a future version. Add to allowed_msgpack_modules to silence: [('router', 'PerceptionResult')]
Deserializing unregistered type router.RouteDecision from checkpoint. This will be blocked in a future version. Add to allowed_msgpack_modules to silence: [('router', 'RouteDecision')]
2026-04-14 21:14:57,852 - SessionLogger - INFO - [sim_Baseline_P1_M-ELE-002_d8e93f] Teacher: 如果电子真的在灯泡里“消失”了，那灯丝里的原子岂不是越来越少？

你觉得发光发热消耗的是“电荷本身”，还是电荷携带的“能量”？
2026-04-14 21:14:58,928 - SessionLogger - INFO - [sim_FSM_P1_M-ELE-002_ffce80] Student: 那可能是插座的问题，或者零线有什么特殊作用。我还是觉得只要电池有电，连上一头灯泡就该亮，不需要绕回来。
Deserializing unregistered type router.SessionMemory from checkpoint. This will be blocked in a future version. Add to allowed_msgpack_modules to silence: [('router', 'SessionMemory')]
Deserializing unregistered type router.PerceptionResult from checkpoint. This will be blocked in a future version. Add to allowed_msgpack_modules to silence: [('router', 'PerceptionResult')]
Deserializing unregistered type router.RouteDecision from checkpoint. This will be blocked in a future version. Add to allowed_msgpack_modules to silence: [('router', 'RouteDecision')]
2026-04-14 21:14:59,132 - SessionLogger - INFO - [sim_Baseline_P1_M-ELE-002_d8e93f] Student: 消耗的是能量啊，电荷就是干活的工人，干完活当然就没了或者散掉了。反正只要连上一头，工人能进去干活，灯就该亮。
Deserializing unregistered type router.SessionMemory from checkpoint. This will be blocked in a future version. Add to allowed_msgpack_modules to silence: [('router', 'SessionMemory')]
Deserializing unregistered type router.PerceptionResult from checkpoint. This will be blocked in a future version. Add to allowed_msgpack_modules to silence: [('router', 'PerceptionResult')]
Deserializing unregistered type router.RouteDecision from checkpoint. This will be blocked in a future version. Add to allowed_msgpack_modules to silence: [('router', 'RouteDecision')]
2026-04-14 21:15:02,806 - SessionLogger - INFO - [sim_Baseline_P3_M-ELE-002_88410c] Teacher: 这个比喻很形象！电池就像那个把电荷“推”上去的升降机。那现在看看你手里的导线，打算怎么连才能让这个“圈”真正闭合起来呢？
2026-04-14 21:15:03,839 - SessionLogger - INFO - [sim_Baseline_P3_M-ELE-002_88410c] Student: 那……我是不是得拿另一根线，把灯泡剩下的那个脚也连到电池的负极上？这样它们就能转圈圈回来了？
Deserializing unregistered type router.SessionMemory from checkpoint. This will be blocked in a future version. Add to allowed_msgpack_modules to silence: [('router', 'SessionMemory')]
Deserializing unregistered type router.PerceptionResult from checkpoint. This will be blocked in a future version. Add to allowed_msgpack_modules to silence: [('router', 'PerceptionResult')]
Deserializing unregistered type router.RouteDecision from checkpoint. This will be blocked in a future version. Add to allowed_msgpack_modules to silence: [('router', 'RouteDecision')]
2026-04-14 21:15:06,430 - SessionLogger - INFO - [sim_FSM+Guardrail_P1_M-ELE-002_c1a526] Teacher: 你说得对，水确实可以从高处流向低处而不必转圈，但电荷和水有一个关键区别：电荷不能在灯泡里无限堆积。

事实上，如果只连一端，电荷流进灯丝后无处可去，会瞬间“堵”在那里。就像早高峰的地铁，如果出口关闭，里面挤满人后，入口处的人也再也进不去了，流动会立刻停止。

所以，为了让电荷能持续不断地流过灯丝，电路必须提供一个让电荷既能进去又能出来的______（闭合/断开）路径？
2026-04-14 21:15:06,716 - SessionLogger - INFO - [sim_Baseline_P3_M-ELE-002_88410c] Teacher: 试试看！连上之后，你觉得灯泡会发生什么变化？
2026-04-14 21:15:07,417 - SessionLogger - INFO - [sim_FSM+Guardrail_P1_M-ELE-002_c1a526] Student: 电池劲儿大着呢，怎么可能被堵死？它肯定能一直把电硬塞进去，灯就该一直亮。
Deserializing unregistered type router.SessionMemory from checkpoint. This will be blocked in a future version. Add to allowed_msgpack_modules to silence: [('router', 'SessionMemory')]
Deserializing unregistered type router.PerceptionResult from checkpoint. This will be blocked in a future version. Add to allowed_msgpack_modules to silence: [('router', 'PerceptionResult')]
Deserializing unregistered type router.RouteDecision from checkpoint. This will be blocked in a future version. Add to allowed_msgpack_modules to silence: [('router', 'RouteDecision')]
2026-04-14 21:15:08,702 - SessionLogger - INFO - [sim_FSM_P1_M-ELE-002_ffce80] Teacher: 我完全理解你的想法，这个点确实非常反直觉。咱们今天先不争论这个，下次找个真实的实验器材亲自试一试，怎么样？
2026-04-14 21:15:09,492 - SessionLogger - INFO - [sim_FSM_P1_M-ELE-002_ffce80] Student: 试就试，反正我觉得我的想法没错。到时候灯亮了你可别惊讶。
Deserializing unregistered type router.SessionMemory from checkpoint. This will be blocked in a future version. Add to allowed_msgpack_modules to silence: [('router', 'SessionMemory')]
Deserializing unregistered type router.PerceptionResult from checkpoint. This will be blocked in a future version. Add to allowed_msgpack_modules to silence: [('router', 'PerceptionResult')]
Deserializing unregistered type router.RouteDecision from checkpoint. This will be blocked in a future version. Add to allowed_msgpack_modules to silence: [('router', 'RouteDecision')]
2026-04-14 21:15:10,559 - SessionLogger - INFO - [sim_Baseline_P3_M-ELE-002_88410c] Student: （我小心翼翼地接好线，看到灯泡亮了，眼睛一下子瞪大）哇！真的亮了！原来真的要连成一个圈，电荷才能一直跑起来啊？
Deserializing unregistered type router.SessionMemory from checkpoint. This will be blocked in a future version. Add to allowed_msgpack_modules to silence: [('router', 'SessionMemory')]
Deserializing unregistered type router.PerceptionResult from checkpoint. This will be blocked in a future version. Add to allowed_msgpack_modules to silence: [('router', 'PerceptionResult')]
Deserializing unregistered type router.RouteDecision from checkpoint. This will be blocked in a future version. Add to allowed_msgpack_modules to silence: [('router', 'RouteDecision')]
2026-04-14 21:15:14,746 - SessionLogger - INFO - [sim_Baseline_P3_M-ELE-002_88410c] Teacher: 太棒了！这就是我们说的“闭合回路”。现在你试着把其中一根线断开，看看灯泡还会亮吗？这说明了什么？
2026-04-14 21:15:14,746 - SessionLogger - INFO - [sim_Baseline_P3_M-ELE-002_88410c] Extending max_turns by 3 because cognitive_state is '新概念探索'
2026-04-14 21:15:15,829 - SessionLogger - INFO - [sim_Baseline_P3_M-ELE-002_88410c] Student: （我断开一根线，灯泡灭了，若有所思）灭了……看来路只要断了一处，电荷就彻底跑不动了，根本没法形成那个“圈”？
Deserializing unregistered type router.SessionMemory from checkpoint. This will be blocked in a future version. Add to allowed_msgpack_modules to silence: [('router', 'SessionMemory')]
Deserializing unregistered type router.PerceptionResult from checkpoint. This will be blocked in a future version. Add to allowed_msgpack_modules to silence: [('router', 'PerceptionResult')]
Deserializing unregistered type router.RouteDecision from checkpoint. This will be blocked in a future version. Add to allowed_msgpack_modules to silence: [('router', 'RouteDecision')]
2026-04-14 21:15:18,196 - SessionLogger - INFO - [sim_FSM+Guardrail_P1_M-ELE-002_c1a526] Teacher: 我完全理解你的想法，这个点确实非常反直觉，你能坚持自己的思考很棒。

咱们今天先不争论这个理论细节，下次找个真实的电池和灯泡亲自试一试，看看现象是不是和你想的一样，怎么样？
2026-04-14 21:15:19,078 - SessionLogger - INFO - [sim_FSM+Guardrail_P1_M-ELE-002_c1a526] Student: 试就试，反正我觉得灯肯定会亮。你别想糊弄我，事实会证明我是对的。
Deserializing unregistered type router.SessionMemory from checkpoint. This will be blocked in a future version. Add to allowed_msgpack_modules to silence: [('router', 'SessionMemory')]
Deserializing unregistered type router.PerceptionResult from checkpoint. This will be blocked in a future version. Add to allowed_msgpack_modules to silence: [('router', 'PerceptionResult')]
Deserializing unregistered type router.RouteDecision from checkpoint. This will be blocked in a future version. Add to allowed_msgpack_modules to silence: [('router', 'RouteDecision')]
2026-04-14 21:15:19,187 - SessionLogger - INFO - [sim_FSM_P1_M-ELE-002_ffce80] Teacher: 好的，我理解你的坚持。咱们今天先聊到这里，这个问题先放一放，辛苦啦！
2026-04-14 21:15:19,187 - SessionLogger - INFO - [sim_FSM_P1_M-ELE-002_ffce80] Session finished. Reason: aborted
2026-04-14 21:15:19,187 - SessionLogger - INFO - [sim_FSM+Guardrail_P3_M-ELE-002_b361db] Starting session
2026-04-14 21:15:19,187 - SessionLogger - INFO - Initialized Session sim_FSM+Guardrail_P3_M-ELE-002_b361db on Unknown for Unknown with version FSM+Guardrail
2026-04-14 21:15:20,134 - SessionLogger - INFO - [sim_FSM+Guardrail_P3_M-ELE-002_b361db] Student Opening: 老师，我把电池正极连到灯泡上，灯泡为什么不亮？电不是从正极流出来就到了吗？
2026-04-14 21:15:26,026 - SessionLogger - INFO - [sim_FSM_P3_M-ELE-002_ee2120] Teacher: 这种“电像子弹一样射出去”的感觉确实很符合直觉。但你想过没有，如果电流只从正极跑出来，却没有任何路径让它回到负极，那电池里剩下的电荷是会被瞬间“抽干”，还是会因为没地方去而根本挤不出来？
2026-04-14 21:15:27,642 - SessionLogger - INFO - [sim_FSM+Guardrail_P1_M-ELE-002_c1a526] Teacher: 好的，我理解你的坚持。咱们今天先聊到这里，这个问题先放一放，辛苦啦！
2026-04-14 21:15:27,642 - SessionLogger - INFO - [sim_FSM+Guardrail_P1_M-ELE-002_c1a526] Session finished. Reason: aborted
2026-04-14 21:15:27,642 - SessionLogger - INFO - [sim_Baseline_P1_M-BUO-001_65294c] Starting session
2026-04-14 21:15:27,642 - SessionLogger - INFO - Initialized Session sim_Baseline_P1_M-BUO-001_65294c on Unknown for Unknown with version FSM+Guardrail
2026-04-14 21:15:28,916 - SessionLogger - INFO - [sim_Baseline_P1_M-BUO-001_65294c] Student Opening: 老师，我觉得重的东西肯定会沉下去，轻的东西才会浮起来，这不是很明显吗？
2026-04-14 21:15:30,414 - SessionLogger - INFO - [sim_FSM_P3_M-ELE-002_ee2120] Student: 呃……应该是挤不出来吧？但我还是不太明白，为什么非得回去才行呢？电到了灯泡那里发光不就已经“用完”了吗？
Deserializing unregistered type router.SessionMemory from checkpoint. This will be blocked in a future version. Add to allowed_msgpack_modules to silence: [('router', 'SessionMemory')]
Deserializing unregistered type router.PerceptionResult from checkpoint. This will be blocked in a future version. Add to allowed_msgpack_modules to silence: [('router', 'PerceptionResult')]
Deserializing unregistered type router.RouteDecision from checkpoint. This will be blocked in a future version. Add to allowed_msgpack_modules to silence: [('router', 'RouteDecision')]
2026-04-14 21:15:36,578 - SessionLogger - INFO - [sim_FSM+Guardrail_P3_M-ELE-002_b361db] Teacher: 这个想法很自然，就像我们把球扔出去一样。但你想过没有，如果电流真的只从正极“跑”到灯泡那里就停住了，那它们会不会在灯泡里越积越多，最后把灯泡“撑爆”？
2026-04-14 21:15:37,409 - SessionLogger - INFO - [sim_Baseline_P1_M-BUO-001_65294c] Teacher: 那为什么几万吨重的钢铁轮船能浮在海面上，而一颗小小的石子却会沉底呢？
2026-04-14 21:15:38,585 - SessionLogger - INFO - [sim_FSM_P3_M-ELE-002_ee2120] Teacher: 这个直觉很常见，我们确实容易觉得灯泡像“吃掉”了电流。

但请区分一下：灯泡真正消耗并转化为光和热的，是电荷携带的**能量**，还是电荷**本身**？如果电荷真的被灯泡“吃”没了，那后面的电路里岂不是就空无一物了？
2026-04-14 21:15:39,342 - SessionLogger - INFO - [sim_Baseline_P2_M-ELE-002_3ae3e2] Teacher: 完全正确！这就是并联电路的电流规律：干路电流等于各支路电流之和。

现在你既知道了电压相等，又知道了电流相加，如果让你计算整个电路的总电阻，你觉得它会比其中任何一个灯泡的电阻大还是小呢？
2026-04-14 21:15:39,735 - SessionLogger - INFO - [sim_FSM+Guardrail_P3_M-ELE-002_b361db] Student: 啊？电流还会堆积吗……我以为它像光一样，照到了就完事了。那它们如果不堆积，都去哪儿了呢？
Deserializing unregistered type router.SessionMemory from checkpoint. This will be blocked in a future version. Add to allowed_msgpack_modules to silence: [('router', 'SessionMemory')]
Deserializing unregistered type router.PerceptionResult from checkpoint. This will be blocked in a future version. Add to allowed_msgpack_modules to silence: [('router', 'PerceptionResult')]
Deserializing unregistered type router.RouteDecision from checkpoint. This will be blocked in a future version. Add to allowed_msgpack_modules to silence: [('router', 'RouteDecision')]
2026-04-14 21:15:40,520 - SessionLogger - INFO - [sim_Baseline_P1_M-BUO-001_65294c] Student: 那是因为轮船是空心的呀，它里面都是空气，所以其实很轻。石子是实心的，当然就重了，重的肯定沉嘛。
Deserializing unregistered type router.SessionMemory from checkpoint. This will be blocked in a future version. Add to allowed_msgpack_modules to silence: [('router', 'SessionMemory')]
Deserializing unregistered type router.PerceptionResult from checkpoint. This will be blocked in a future version. Add to allowed_msgpack_modules to silence: [('router', 'PerceptionResult')]
Deserializing unregistered type router.RouteDecision from checkpoint. This will be blocked in a future version. Add to allowed_msgpack_modules to silence: [('router', 'RouteDecision')]
2026-04-14 21:15:41,795 - SessionLogger - INFO - [sim_FSM_P3_M-ELE-002_ee2120] Student: 啊？是能量被消耗了吗……可是电荷如果不被消耗，它赖在灯泡里不走，后面的电怎么进来呢？
Deserializing unregistered type router.SessionMemory from checkpoint. This will be blocked in a future version. Add to allowed_msgpack_modules to silence: [('router', 'SessionMemory')]
Deserializing unregistered type router.PerceptionResult from checkpoint. This will be blocked in a future version. Add to allowed_msgpack_modules to silence: [('router', 'PerceptionResult')]
Deserializing unregistered type router.RouteDecision from checkpoint. This will be blocked in a future version. Add to allowed_msgpack_modules to silence: [('router', 'RouteDecision')]
2026-04-14 21:15:42,529 - SessionLogger - INFO - [sim_Baseline_P2_M-ELE-002_3ae3e2] Student: 应该是更小吧？因为路变宽了，总的阻力就变小了，电流更容易通过，所以总电阻肯定比单独任何一个灯泡的电阻都要小。
Deserializing unregistered type router.SessionMemory from checkpoint. This will be blocked in a future version. Add to allowed_msgpack_modules to silence: [('router', 'SessionMemory')]
Deserializing unregistered type router.PerceptionResult from checkpoint. This will be blocked in a future version. Add to allowed_msgpack_modules to silence: [('router', 'PerceptionResult')]
Deserializing unregistered type router.RouteDecision from checkpoint. This will be blocked in a future version. Add to allowed_msgpack_modules to silence: [('router', 'RouteDecision')]
2026-04-14 21:15:43,566 - SessionLogger - INFO - [sim_Baseline_P1_M-ELE-002_d8e93f] Teacher: 如果“工人”干完活就散掉或消失，那灯丝里的原子岂不是越用越少？

你觉得发光发热消耗的是“电荷本身”，还是电荷携带的“能量”？
2026-04-14 21:15:45,413 - SessionLogger - INFO - [sim_Baseline_P1_M-ELE-002_d8e93f] Student: 反正灯就是会亮，你别老拿原子说事吓唬我。只要电池连着，电就能进去让灯发光，这就够了。
Deserializing unregistered type router.SessionMemory from checkpoint. This will be blocked in a future version. Add to allowed_msgpack_modules to silence: [('router', 'SessionMemory')]
Deserializing unregistered type router.PerceptionResult from checkpoint. This will be blocked in a future version. Add to allowed_msgpack_modules to silence: [('router', 'PerceptionResult')]
Deserializing unregistered type router.RouteDecision from checkpoint. This will be blocked in a future version. Add to allowed_msgpack_modules to silence: [('router', 'RouteDecision')]
2026-04-14 21:15:45,454 - SessionLogger - INFO - [sim_Baseline_P1_M-BUO-001_65294c] Teacher: 如果我把那艘轮船压成一个实心的铁球，它还会浮着吗？这时候它的重量可一点没变哦。
2026-04-14 21:15:47,745 - SessionLogger - INFO - [sim_Baseline_P1_M-BUO-001_65294c] Student: 压成球它还是那么重啊，重的东西肯定沉。老师你别绕弯子了，反正重的就是会沉底。
Deserializing unregistered type router.SessionMemory from checkpoint. This will be blocked in a future version. Add to allowed_msgpack_modules to silence: [('router', 'SessionMemory')]
Deserializing unregistered type router.PerceptionResult from checkpoint. This will be blocked in a future version. Add to allowed_msgpack_modules to silence: [('router', 'PerceptionResult')]
Deserializing unregistered type router.RouteDecision from checkpoint. This will be blocked in a future version. Add to allowed_msgpack_modules to silence: [('router', 'RouteDecision')]
2026-04-14 21:15:48,678 - SessionLogger - INFO - [sim_FSM+Guardrail_P3_M-ELE-002_b361db] Teacher: 确实，光是一去不复返的，但电流更像是在管道里流动的水。

如果水只从水龙头流出来，却没有下水道让它流走，你觉得水流能一直持续不断地冲下来吗？
2026-04-14 21:15:49,651 - SessionLogger - INFO - [sim_FSM+Guardrail_P3_M-ELE-002_b361db] Student: 好像……如果水没地方去，确实会堵住流不动？所以电流也必须有个“出口”让它流回电池里吗？
Deserializing unregistered type router.SessionMemory from checkpoint. This will be blocked in a future version. Add to allowed_msgpack_modules to silence: [('router', 'SessionMemory')]
Deserializing unregistered type router.PerceptionResult from checkpoint. This will be blocked in a future version. Add to allowed_msgpack_modules to silence: [('router', 'PerceptionResult')]
Deserializing unregistered type router.RouteDecision from checkpoint. This will be blocked in a future version. Add to allowed_msgpack_modules to silence: [('router', 'RouteDecision')]
2026-04-14 21:15:50,012 - SessionLogger - INFO - [sim_Baseline_P2_M-ELE-002_3ae3e2] Teacher: 你的直觉很准！多一条路，总阻力确实会变小。

那如果其中一条支路的电阻变得无限大（相当于断路），你觉得这时候的总电阻会变成什么样？这能帮你理解为什么并联越多，总电阻越接近最小的那个吗？
2026-04-14 21:15:50,702 - SessionLogger - INFO - [sim_FSM_P3_M-ELE-002_ee2120] Teacher: 你说得非常对，如果电荷“赖着不走”，后面的确实进不来。

那为了让电荷能持续不断地流过灯泡，你觉得我们需要给这些已经交出能量的电荷提供一条什么样的路径，好让它们能回到电池的负极，从而腾出空间让新的电荷进来？
2026-04-14 21:15:51,403 - SessionLogger - INFO - [sim_Baseline_P2_M-ELE-002_3ae3e2] Student: 如果一条路断了，那电流就只能走另一条路，总电阻应该就变成剩下那个灯泡的电阻了吧？

所以我大概明白了，并联越多，相当于路越宽，总电阻就越小，确实会比任何一个单独的电阻都小。
2026-04-14 21:15:51,403 - SessionLogger - INFO - [sim_Baseline_P2_M-ELE-002_3ae3e2] Session finished. Reason: max_turns_reached
2026-04-14 21:15:51,403 - SessionLogger - INFO - [sim_FSM_P1_M-BUO-001_fd5dbd] Starting session
2026-04-14 21:15:51,403 - SessionLogger - INFO - Initialized Session sim_FSM_P1_M-BUO-001_fd5dbd on Unknown for Unknown with version FSM+Guardrail
2026-04-14 21:15:52,762 - SessionLogger - INFO - [sim_FSM_P1_M-BUO-001_fd5dbd] Student Opening: 老师，我觉得重的东西肯定往下沉，轻的东西才会浮起来，这不是很明显吗？
2026-04-14 21:15:52,767 - SessionLogger - INFO - [sim_Baseline_P3_M-ELE-002_88410c] Teacher: 没错，这就是“断路”。那你想想，如果我们在断开的地方装个开关，它是怎么控制灯泡亮灭的？
2026-04-14 21:15:52,780 - SessionLogger - INFO - [sim_Baseline_P1_M-ELE-002_d8e93f] Teacher: 好，那咱们换个生活中的例子。

如果你拿根水管接在水龙头上，但另一头堵死或者悬空不接东西，你觉得水能一直哗哗地流出来吗？
2026-04-14 21:15:52,780 - SessionLogger - INFO - [sim_Baseline_P1_M-BUO-001_65294c] Teacher: 那咱们换个思路：一根小小的铁钉很轻吧？把它扔水里，它是浮还是沉？
2026-04-14 21:15:54,087 - SessionLogger - INFO - [sim_Baseline_P3_M-ELE-002_88410c] Student: 开关就像个……路障？合上的时候路通了，电荷能跑圈；断开的时候路断了，电荷就被卡住过不去了？
Deserializing unregistered type router.SessionMemory from checkpoint. This will be blocked in a future version. Add to allowed_msgpack_modules to silence: [('router', 'SessionMemory')]
Deserializing unregistered type router.PerceptionResult from checkpoint. This will be blocked in a future version. Add to allowed_msgpack_modules to silence: [('router', 'PerceptionResult')]
Deserializing unregistered type router.RouteDecision from checkpoint. This will be blocked in a future version. Add to allowed_msgpack_modules to silence: [('router', 'RouteDecision')]
2026-04-14 21:15:54,304 - SessionLogger - INFO - [sim_FSM_P3_M-ELE-002_ee2120] Student: 是要给它们修一条“回家”的路吗？可是老师，只要连上正极电不就出来了吗，为什么非得让它们绕一圈回去才行呀？
Deserializing unregistered type router.SessionMemory from checkpoint. This will be blocked in a future version. Add to allowed_msgpack_modules to silence: [('router', 'SessionMemory')]
Deserializing unregistered type router.PerceptionResult from checkpoint. This will be blocked in a future version. Add to allowed_msgpack_modules to silence: [('router', 'PerceptionResult')]
Deserializing unregistered type router.RouteDecision from checkpoint. This will be blocked in a future version. Add to allowed_msgpack_modules to silence: [('router', 'RouteDecision')]
2026-04-14 21:15:56,000 - SessionLogger - INFO - [sim_Baseline_P1_M-BUO-001_65294c] Student: 铁钉肯定是沉的啊。虽然它轻，但它是铁做的，铁就是重的材料，所以肯定沉。
Deserializing unregistered type router.SessionMemory from checkpoint. This will be blocked in a future version. Add to allowed_msgpack_modules to silence: [('router', 'SessionMemory')]
Deserializing unregistered type router.PerceptionResult from checkpoint. This will be blocked in a future version. Add to allowed_msgpack_modules to silence: [('router', 'PerceptionResult')]
Deserializing unregistered type router.RouteDecision from checkpoint. This will be blocked in a future version. Add to allowed_msgpack_modules to silence: [('router', 'RouteDecision')]
2026-04-14 21:15:56,376 - SessionLogger - INFO - [sim_Baseline_P1_M-ELE-002_d8e93f] Student: 那肯定不行啊，水得有个去处才能流出来嘛。但电跟水又不一样，电是电池“射”出来的，只要接上一头就能工作，不用非得绕一圈回来。
2026-04-14 21:15:56,376 - SessionLogger - INFO - [sim_Baseline_P1_M-ELE-002_d8e93f] Session finished. Reason: max_turns_reached
2026-04-14 21:15:56,376 - SessionLogger - INFO - [sim_FSM+Guardrail_P1_M-BUO-001_8d3974] Starting session
2026-04-14 21:15:56,376 - SessionLogger - INFO - Initialized Session sim_FSM+Guardrail_P1_M-BUO-001_8d3974 on Unknown for Unknown with version FSM+Guardrail
2026-04-14 21:15:59,417 - SessionLogger - INFO - [sim_FSM+Guardrail_P1_M-BUO-001_8d3974] Student Opening: 老师，我觉得重的东西肯定会沉下去，轻的东西才会浮起来，这不是很明显吗？
2026-04-14 21:15:59,442 - SessionLogger - INFO - [sim_Baseline_P3_M-ELE-002_88410c] Teacher: 这个比喻很形象！那如果我想让两个灯泡同时亮或同时灭，你觉得开关应该装在这个“圈”的哪个位置比较合适？
2026-04-14 21:15:59,449 - SessionLogger - INFO - [sim_FSM+Guardrail_P3_M-ELE-002_b361db] Teacher: 没错，如果电流只进不出，很快就会“堵”住。

那你看看现在的连接，电流从正极出来后，有没有一条完整的路让它流回电池的负极呢？
2026-04-14 21:16:00,666 - SessionLogger - INFO - [sim_FSM+Guardrail_P3_M-ELE-002_b361db] Student: 我看了一下，负极那边好像确实空着，没连东西……所以是因为路没修通，电流“回不去”才不亮的吗？
Deserializing unregistered type router.SessionMemory from checkpoint. This will be blocked in a future version. Add to allowed_msgpack_modules to silence: [('router', 'SessionMemory')]
Deserializing unregistered type router.PerceptionResult from checkpoint. This will be blocked in a future version. Add to allowed_msgpack_modules to silence: [('router', 'PerceptionResult')]
Deserializing unregistered type router.RouteDecision from checkpoint. This will be blocked in a future version. Add to allowed_msgpack_modules to silence: [('router', 'RouteDecision')]
2026-04-14 21:16:01,822 - SessionLogger - INFO - [sim_Baseline_P1_M-BUO-001_65294c] Teacher: 那同样是用铁做的，为什么巨大的轮船能浮起来，小小的铁钉却沉下去了？这说明光看“是不是铁做的”或者“重不重”，好像还不够解释现象？
2026-04-14 21:16:01,893 - SessionLogger - INFO - [sim_FSM_P1_M-BUO-001_fd5dbd] Teacher: 那按照这个逻辑，几万吨重的钢铁巨轮扔进海里，是不是应该像石头一样立刻沉到海底？
2026-04-14 21:16:01,968 - SessionLogger - INFO - [sim_Baseline_P3_M-ELE-002_88410c] Student: 呃……是不是随便装哪都行？反正只要圈断开了，电不就都过不去了吗？
Deserializing unregistered type router.SessionMemory from checkpoint. This will be blocked in a future version. Add to allowed_msgpack_modules to silence: [('router', 'SessionMemory')]
Deserializing unregistered type router.PerceptionResult from checkpoint. This will be blocked in a future version. Add to allowed_msgpack_modules to silence: [('router', 'PerceptionResult')]
Deserializing unregistered type router.RouteDecision from checkpoint. This will be blocked in a future version. Add to allowed_msgpack_modules to silence: [('router', 'RouteDecision')]
2026-04-14 21:16:03,853 - SessionLogger - INFO - [sim_Baseline_P1_M-BUO-001_65294c] Student: 轮船大啊，它排开的水多，浮力就大呗。反正最后能浮起来肯定是因为它“变轻”了或者有什么特殊原因，重的物体本质还是想下沉的。
Deserializing unregistered type router.SessionMemory from checkpoint. This will be blocked in a future version. Add to allowed_msgpack_modules to silence: [('router', 'SessionMemory')]
Deserializing unregistered type router.PerceptionResult from checkpoint. This will be blocked in a future version. Add to allowed_msgpack_modules to silence: [('router', 'PerceptionResult')]
Deserializing unregistered type router.RouteDecision from checkpoint. This will be blocked in a future version. Add to allowed_msgpack_modules to silence: [('router', 'RouteDecision')]
2026-04-14 21:16:04,411 - SessionLogger - INFO - [sim_FSM_P3_M-ELE-002_ee2120] Teacher: 这确实有点反直觉，毕竟我们平时觉得“通了”就是有电。

但你可以想象一下早高峰的地铁：如果只开进站口让人进来，却不开出站口让人离开，站台瞬间就会堵死，后面的人还能挤得进去吗？
2026-04-14 21:16:05,327 - SessionLogger - INFO - [sim_FSM_P1_M-BUO-001_fd5dbd] Student: 船那么大，跟小石头能一样吗？我说的是那种实心的、沉甸甸的重物，船里面都是空的，当然不算数。
Deserializing unregistered type router.SessionMemory from checkpoint. This will be blocked in a future version. Add to allowed_msgpack_modules to silence: [('router', 'SessionMemory')]
Deserializing unregistered type router.PerceptionResult from checkpoint. This will be blocked in a future version. Add to allowed_msgpack_modules to silence: [('router', 'PerceptionResult')]
Deserializing unregistered type router.RouteDecision from checkpoint. This will be blocked in a future version. Add to allowed_msgpack_modules to silence: [('router', 'RouteDecision')]
2026-04-14 21:16:05,890 - SessionLogger - INFO - [sim_Baseline_P3_M-ELE-002_88410c] Teacher: 你的直觉很敏锐！既然电荷必须跑完整个圈才能工作，那无论你在圈的哪个位置“切断”，结果会不一样吗？
2026-04-14 21:16:06,965 - SessionLogger - INFO - [sim_FSM_P3_M-ELE-002_ee2120] Student: 哦……好像有点道理，如果只进不出确实会堵住。所以你的意思是，电池其实不是“发射”电，而是像推地铁人群一样在“推”着它们转圈？
Deserializing unregistered type router.SessionMemory from checkpoint. This will be blocked in a future version. Add to allowed_msgpack_modules to silence: [('router', 'SessionMemory')]
Deserializing unregistered type router.PerceptionResult from checkpoint. This will be blocked in a future version. Add to allowed_msgpack_modules to silence: [('router', 'PerceptionResult')]
Deserializing unregistered type router.RouteDecision from checkpoint. This will be blocked in a future version. Add to allowed_msgpack_modules to silence: [('router', 'RouteDecision')]
2026-04-14 21:16:07,020 - SessionLogger - INFO - [sim_Baseline_P3_M-ELE-002_88410c] Student: 好像……确实都一样？只要路断了，电荷就卡住了。那开关是不是就像水管上的阀门，不管装在哪，关上水都不流了？
Deserializing unregistered type router.SessionMemory from checkpoint. This will be blocked in a future version. Add to allowed_msgpack_modules to silence: [('router', 'SessionMemory')]
Deserializing unregistered type router.PerceptionResult from checkpoint. This will be blocked in a future version. Add to allowed_msgpack_modules to silence: [('router', 'PerceptionResult')]
Deserializing unregistered type router.RouteDecision from checkpoint. This will be blocked in a future version. Add to allowed_msgpack_modules to silence: [('router', 'RouteDecision')]
2026-04-14 21:16:08,479 - SessionLogger - INFO - [sim_Baseline_P1_M-BUO-001_65294c] Teacher: 既然你说排开的水多浮力就大，那咱们做个实验：把刚才那个沉底的实心铁球，敲打成中间空心的“铁碗”形状。

这时候它的重量变了吗？但它排开水的体积会不会因为“空心”而变大呢？
2026-04-14 21:16:08,781 - SessionLogger - INFO - [sim_FSM+Guardrail_P1_M-BUO-001_8d3974] Teacher: 那照这么说，一艘由钢铁制成、重达几万吨的巨轮，是不是应该像石头一样立刻沉到海底去？
2026-04-14 21:16:09,709 - SessionLogger - INFO - [sim_Baseline_P1_M-BUO-001_65294c] Student: 重量肯定没变啊，还是那块铁。但就算排开的水多了，它本质上还是那么重，我觉得它应该还是会沉下去的，毕竟重量才是决定因素。
Deserializing unregistered type router.SessionMemory from checkpoint. This will be blocked in a future version. Add to allowed_msgpack_modules to silence: [('router', 'SessionMemory')]
Deserializing unregistered type router.PerceptionResult from checkpoint. This will be blocked in a future version. Add to allowed_msgpack_modules to silence: [('router', 'PerceptionResult')]
Deserializing unregistered type router.RouteDecision from checkpoint. This will be blocked in a future version. Add to allowed_msgpack_modules to silence: [('router', 'RouteDecision')]
2026-04-14 21:16:09,721 - SessionLogger - INFO - [sim_FSM+Guardrail_P1_M-BUO-001_8d3974] Student: 那船是空心的呀，跟实心的铁块不一样。我说的是那种实心的重物，实心的肯定沉。
Deserializing unregistered type router.SessionMemory from checkpoint. This will be blocked in a future version. Add to allowed_msgpack_modules to silence: [('router', 'SessionMemory')]
Deserializing unregistered type router.PerceptionResult from checkpoint. This will be blocked in a future version. Add to allowed_msgpack_modules to silence: [('router', 'PerceptionResult')]
Deserializing unregistered type router.RouteDecision from checkpoint. This will be blocked in a future version. Add to allowed_msgpack_modules to silence: [('router', 'RouteDecision')]
2026-04-14 21:16:12,372 - SessionLogger - INFO - [sim_FSM+Guardrail_P3_M-ELE-002_b361db] Teacher: 正是如此。既然发现了“路没修通”这个关键，你觉得接下来该怎么做，才能让电流真正地“流动”起来，而不是堵在半路上？
2026-04-14 21:16:12,469 - SessionLogger - INFO - [sim_FSM_P1_M-BUO-001_fd5dbd] Teacher: 好，那我们就看实心的：如果我把一小块实心蜡和一颗小小的实心铁珠同时放进水里，轻的蜡浮着，重的铁珠却沉了，这又该怎么解释呢？
2026-04-14 21:16:12,684 - SessionLogger - INFO - [sim_Baseline_P3_M-ELE-002_88410c] Teacher: 没错，就像阀门一样。那如果我想只关掉其中一个灯泡，让另一个还亮着，你觉得电路得怎么改？
2026-04-14 21:16:13,448 - SessionLogger - INFO - [sim_FSM_P1_M-BUO-001_fd5dbd] Student: 那肯定是因为铁珠比蜡重啊，重的就是会沉。老师你举的例子不正好证明我的观点是对的吗？
Deserializing unregistered type router.SessionMemory from checkpoint. This will be blocked in a future version. Add to allowed_msgpack_modules to silence: [('router', 'SessionMemory')]
Deserializing unregistered type router.PerceptionResult from checkpoint. This will be blocked in a future version. Add to allowed_msgpack_modules to silence: [('router', 'PerceptionResult')]
Deserializing unregistered type router.RouteDecision from checkpoint. This will be blocked in a future version. Add to allowed_msgpack_modules to silence: [('router', 'RouteDecision')]
2026-04-14 21:16:13,581 - SessionLogger - INFO - [sim_FSM+Guardrail_P3_M-ELE-002_b361db] Student: 哦……那我得再拿根线，把灯泡剩下的那头连回电池负极？这样电流就能转个圈跑回来了？
Deserializing unregistered type router.SessionMemory from checkpoint. This will be blocked in a future version. Add to allowed_msgpack_modules to silence: [('router', 'SessionMemory')]
Deserializing unregistered type router.PerceptionResult from checkpoint. This will be blocked in a future version. Add to allowed_msgpack_modules to silence: [('router', 'PerceptionResult')]
Deserializing unregistered type router.RouteDecision from checkpoint. This will be blocked in a future version. Add to allowed_msgpack_modules to silence: [('router', 'RouteDecision')]
2026-04-14 21:16:13,820 - SessionLogger - INFO - [sim_FSM_P3_M-ELE-002_ee2120] Teacher: 没错，电池就像个“电荷泵”，不停地推着它们转圈。

那既然必须是个圈，如果我们在灯泡和电池负极之间的那根导线中间剪断一个小口，你觉得这个“推”的过程还能继续维持吗？
2026-04-14 21:16:15,445 - SessionLogger - INFO - [sim_FSM_P3_M-ELE-002_ee2120] Student: 剪断的话……路就不通了吧？可是老师，只要正极那边还在使劲推，电难道不能直接从灯泡那里“跳”过去或者流出来吗？
Deserializing unregistered type router.SessionMemory from checkpoint. This will be blocked in a future version. Add to allowed_msgpack_modules to silence: [('router', 'SessionMemory')]
Deserializing unregistered type router.PerceptionResult from checkpoint. This will be blocked in a future version. Add to allowed_msgpack_modules to silence: [('router', 'PerceptionResult')]
Deserializing unregistered type router.RouteDecision from checkpoint. This will be blocked in a future version. Add to allowed_msgpack_modules to silence: [('router', 'RouteDecision')]
2026-04-14 21:16:15,911 - SessionLogger - INFO - [sim_Baseline_P3_M-ELE-002_88410c] Student: 啊？那……是不是得给那个想关的灯泡单独修一条小路，然后在那条小路上装个开关？这样另一条路上的电还能继续跑？
Deserializing unregistered type router.SessionMemory from checkpoint. This will be blocked in a future version. Add to allowed_msgpack_modules to silence: [('router', 'SessionMemory')]
Deserializing unregistered type router.PerceptionResult from checkpoint. This will be blocked in a future version. Add to allowed_msgpack_modules to silence: [('router', 'PerceptionResult')]
Deserializing unregistered type router.RouteDecision from checkpoint. This will be blocked in a future version. Add to allowed_msgpack_modules to silence: [('router', 'RouteDecision')]
2026-04-14 21:16:17,139 - SessionLogger - INFO - [sim_FSM+Guardrail_P1_M-BUO-001_8d3974] Teacher: 好，那我们就看两个实心的小东西：一颗小小的实心铁珠，和一块比它重一点的实心大蜡块。如果把它们同时放进水里，你觉得谁会沉下去？
2026-04-14 21:16:17,567 - SessionLogger - INFO - [sim_Baseline_P1_M-BUO-001_65294c] Teacher: 那咱们假设把这个“铁碗”强行按到水里，让它完全浸没。这时候它排开的水的体积，是不是比刚才那个实心铁球大得多？

既然排开的水变多了，水给它的向上托的力（浮力）会不会也跟着变大，甚至有可能超过铁碗本身的重力呢？
2026-04-14 21:16:17,568 - SessionLogger - INFO - [sim_Baseline_P1_M-BUO-001_65294c] Extending max_turns by 3 because cognitive_state is '新概念探索'
2026-04-14 21:16:19,424 - SessionLogger - INFO - [sim_Baseline_P3_M-ELE-002_88410c] Teacher: 这个“分路”的想法很有创意！如果电荷真的有了两条路可选，你觉得当其中一条路被开关切断时，另一条路上的电荷还能顺利跑完它们的圈吗？
2026-04-14 21:16:19,791 - SessionLogger - INFO - [sim_FSM+Guardrail_P1_M-BUO-001_8d3974] Student: 肯定是铁珠沉下去啊，虽然蜡块重一点，但铁那么硬那么重，肯定会沉。
Deserializing unregistered type router.SessionMemory from checkpoint. This will be blocked in a future version. Add to allowed_msgpack_modules to silence: [('router', 'SessionMemory')]
Deserializing unregistered type router.PerceptionResult from checkpoint. This will be blocked in a future version. Add to allowed_msgpack_modules to silence: [('router', 'PerceptionResult')]
Deserializing unregistered type router.RouteDecision from checkpoint. This will be blocked in a future version. Add to allowed_msgpack_modules to silence: [('router', 'RouteDecision')]
2026-04-14 21:16:19,979 - SessionLogger - INFO - [sim_Baseline_P1_M-BUO-001_65294c] Student: 可是铁碗还是那么重啊，重力根本没变。我不信水能把它托起来，重的东西怎么可能浮着？你肯定是在忽悠我。
Deserializing unregistered type router.SessionMemory from checkpoint. This will be blocked in a future version. Add to allowed_msgpack_modules to silence: [('router', 'SessionMemory')]
Deserializing unregistered type router.PerceptionResult from checkpoint. This will be blocked in a future version. Add to allowed_msgpack_modules to silence: [('router', 'PerceptionResult')]
Deserializing unregistered type router.RouteDecision from checkpoint. This will be blocked in a future version. Add to allowed_msgpack_modules to silence: [('router', 'RouteDecision')]
2026-04-14 21:16:21,507 - SessionLogger - INFO - [sim_FSM_P1_M-BUO-001_fd5dbd] Teacher: 如果我们把这块蜡捏成和铁珠一样大（同体积），这时候蜡依然比铁珠轻，但它还是浮在水面上，这说明光看“谁更重”够不够？
2026-04-14 21:16:21,547 - SessionLogger - INFO - [sim_Baseline_P3_M-ELE-002_88410c] Student: 嗯……应该可以吧？毕竟另一条路还是连通的呀，电荷可以从那条路跑回电池。就像主路堵车了，走小路也能回家？
Deserializing unregistered type router.SessionMemory from checkpoint. This will be blocked in a future version. Add to allowed_msgpack_modules to silence: [('router', 'SessionMemory')]
Deserializing unregistered type router.PerceptionResult from checkpoint. This will be blocked in a future version. Add to allowed_msgpack_modules to silence: [('router', 'PerceptionResult')]
Deserializing unregistered type router.RouteDecision from checkpoint. This will be blocked in a future version. Add to allowed_msgpack_modules to silence: [('router', 'RouteDecision')]
2026-04-14 21:16:23,227 - SessionLogger - INFO - [sim_FSM_P1_M-BUO-001_fd5dbd] Student: 可是蜡还是比铁珠轻啊，轻的浮起来不是正好说明重的会沉吗？老师你绕来绕去不还是在说重量吗？
Deserializing unregistered type router.SessionMemory from checkpoint. This will be blocked in a future version. Add to allowed_msgpack_modules to silence: [('router', 'SessionMemory')]
Deserializing unregistered type router.PerceptionResult from checkpoint. This will be blocked in a future version. Add to allowed_msgpack_modules to silence: [('router', 'PerceptionResult')]
Deserializing unregistered type router.RouteDecision from checkpoint. This will be blocked in a future version. Add to allowed_msgpack_modules to silence: [('router', 'RouteDecision')]
2026-04-14 21:16:25,287 - SessionLogger - INFO - [sim_FSM_P3_M-ELE-002_ee2120] Teacher: 这个想法很有趣，但电荷可不像跳远运动员能自己“飞”过去。

如果路断了，就像水管被切断，水会喷出来但无法形成持续的水流；你觉得在没有回路的情况下，电池里的“推力”能让电荷源源不断地从灯泡里涌出来吗？
2026-04-14 21:16:25,299 - SessionLogger - INFO - [sim_FSM+Guardrail_P3_M-ELE-002_b361db] Teacher: 这个“转个圈”的想法很形象。

你可以试着按这个思路连一下，看看灯泡是不是真的会亮起来？
2026-04-14 21:16:26,316 - SessionLogger - INFO - [sim_FSM+Guardrail_P3_M-ELE-002_b361db] Student: （动手连线后，眼睛突然亮了）哇！真的亮了！原来非得连成一个圈，电流才能一直跑啊？
Deserializing unregistered type router.SessionMemory from checkpoint. This will be blocked in a future version. Add to allowed_msgpack_modules to silence: [('router', 'SessionMemory')]
Deserializing unregistered type router.PerceptionResult from checkpoint. This will be blocked in a future version. Add to allowed_msgpack_modules to silence: [('router', 'PerceptionResult')]
Deserializing unregistered type router.RouteDecision from checkpoint. This will be blocked in a future version. Add to allowed_msgpack_modules to silence: [('router', 'RouteDecision')]
2026-04-14 21:16:27,360 - SessionLogger - INFO - [sim_FSM_P3_M-ELE-002_ee2120] Student: 呃……源源不断？那电池里的电岂不是很快就流光了？
可是老师，如果路断了，它们到底能去哪儿呢？难道就这样停在灯泡里不动了吗？
Deserializing unregistered type router.SessionMemory from checkpoint. This will be blocked in a future version. Add to allowed_msgpack_modules to silence: [('router', 'SessionMemory')]
Deserializing unregistered type router.PerceptionResult from checkpoint. This will be blocked in a future version. Add to allowed_msgpack_modules to silence: [('router', 'PerceptionResult')]
Deserializing unregistered type router.RouteDecision from checkpoint. This will be blocked in a future version. Add to allowed_msgpack_modules to silence: [('router', 'RouteDecision')]
2026-04-14 21:16:29,925 - SessionLogger - INFO - [sim_FSM+Guardrail_P1_M-BUO-001_8d3974] Teacher: 你说得对，铁珠确实沉了，而那块更重的蜡块却浮在水面上。

既然“重”的蜡块能浮起来，“轻”的铁珠反而沉下去，这说明单看物体的轻重，好像没法解释这个现象？
2026-04-14 21:16:31,153 - SessionLogger - INFO - [sim_FSM+Guardrail_P1_M-BUO-001_8d3974] Student: 那……那可能是蜡块比较大吧？我觉得还是重的容易沉，刚才那个只是巧合。
Deserializing unregistered type router.SessionMemory from checkpoint. This will be blocked in a future version. Add to allowed_msgpack_modules to silence: [('router', 'SessionMemory')]
Deserializing unregistered type router.PerceptionResult from checkpoint. This will be blocked in a future version. Add to allowed_msgpack_modules to silence: [('router', 'PerceptionResult')]
Deserializing unregistered type router.RouteDecision from checkpoint. This will be blocked in a future version. Add to allowed_msgpack_modules to silence: [('router', 'RouteDecision')]
2026-04-14 21:16:32,362 - SessionLogger - INFO - [sim_FSM_P1_M-BUO-001_fd5dbd] Teacher: 这个现象确实容易让人困惑，因为我们习惯用“轻重”来预判结果。

那我们换个角度：如果我把这块蜡做成和铁珠**完全一样大**（同体积），这时候蜡依然比铁珠轻，但它还是浮在水面上，这说明光看“谁更重”够不够？
2026-04-14 21:16:38,173 - SessionLogger - INFO - [sim_FSM+Guardrail_P3_M-ELE-002_b361db] Teacher: 没错，实验结果验证了你的猜想。

现在请你回想一下，如果刚才那根连回负极的线突然断开了，这个“圈”还完整吗？灯泡又会发生什么变化？
2026-04-14 21:16:38,182 - SessionLogger - INFO - [sim_FSM_P1_M-BUO-001_fd5dbd] Student: 那还是因为蜡轻啊，轻的当然就浮着。老师你别老强调体积，最后不还是看谁更重吗？
Deserializing unregistered type router.SessionMemory from checkpoint. This will be blocked in a future version. Add to allowed_msgpack_modules to silence: [('router', 'SessionMemory')]
Deserializing unregistered type router.PerceptionResult from checkpoint. This will be blocked in a future version. Add to allowed_msgpack_modules to silence: [('router', 'PerceptionResult')]
Deserializing unregistered type router.RouteDecision from checkpoint. This will be blocked in a future version. Add to allowed_msgpack_modules to silence: [('router', 'RouteDecision')]
2026-04-14 21:16:41,120 - SessionLogger - INFO - [sim_FSM+Guardrail_P3_M-ELE-002_b361db] Student: 圈肯定就断了呀，路都不通了。那灯泡应该会立马灭掉吧？
Deserializing unregistered type router.SessionMemory from checkpoint. This will be blocked in a future version. Add to allowed_msgpack_modules to silence: [('router', 'SessionMemory')]
Deserializing unregistered type router.PerceptionResult from checkpoint. This will be blocked in a future version. Add to allowed_msgpack_modules to silence: [('router', 'PerceptionResult')]
Deserializing unregistered type router.RouteDecision from checkpoint. This will be blocked in a future version. Add to allowed_msgpack_modules to silence: [('router', 'RouteDecision')]
2026-04-14 21:16:42,872 - SessionLogger - INFO - [sim_FSM+Guardrail_P1_M-BUO-001_8d3974] Teacher: 这个直觉很自然，因为生活中我们常觉得“重的东西压得住水”。

但为了验证“越重越容易沉”，我们做个思想实验：如果把那块浮着的蜡块切掉一半，让它变得比刚才更轻，你觉得它会更倾向于下沉还是继续漂浮？
2026-04-14 21:16:43,861 - SessionLogger - INFO - [sim_FSM+Guardrail_P1_M-BUO-001_8d3974] Student: 变轻了肯定更容易浮起来啊，这还用问吗？轻的东西本来就是浮的。
Deserializing unregistered type router.SessionMemory from checkpoint. This will be blocked in a future version. Add to allowed_msgpack_modules to silence: [('router', 'SessionMemory')]
Deserializing unregistered type router.PerceptionResult from checkpoint. This will be blocked in a future version. Add to allowed_msgpack_modules to silence: [('router', 'PerceptionResult')]
Deserializing unregistered type router.RouteDecision from checkpoint. This will be blocked in a future version. Add to allowed_msgpack_modules to silence: [('router', 'RouteDecision')]
2026-04-14 21:16:46,861 - SessionLogger - INFO - [sim_FSM_P1_M-BUO-001_fd5dbd] Teacher: 这个直觉确实很顽固，因为生活中我们总觉得“重东西压得住水”。

那想象一下，如果把那一小块蜡放大成一座巨大的实心蜡山（非常重），它放进水里会沉下去吗？
2026-04-14 21:16:47,804 - SessionLogger - INFO - [sim_FSM_P1_M-BUO-001_fd5dbd] Student: 肯定会沉啊，那么大的蜡山多重啊！重的东西怎么可能浮得起来，老师你这问题太奇怪了。
Deserializing unregistered type router.SessionMemory from checkpoint. This will be blocked in a future version. Add to allowed_msgpack_modules to silence: [('router', 'SessionMemory')]
Deserializing unregistered type router.PerceptionResult from checkpoint. This will be blocked in a future version. Add to allowed_msgpack_modules to silence: [('router', 'PerceptionResult')]
Deserializing unregistered type router.RouteDecision from checkpoint. This will be blocked in a future version. Add to allowed_msgpack_modules to silence: [('router', 'RouteDecision')]
2026-04-14 21:16:52,645 - SessionLogger - INFO - [sim_FSM+Guardrail_P1_M-BUO-001_8d3974] Teacher: 那如果我把这块蜡切成像米粒那么小，它确实很轻，也浮着；可刚才那颗铁珠也很轻，为什么它就沉了呢？
2026-04-14 21:16:54,139 - SessionLogger - INFO - [sim_FSM+Guardrail_P1_M-BUO-001_8d3974] Student: 铁珠沉是因为它是铁做的啊，铁本来就重。你老拿不同材料比有什么意义，同一种东西肯定是轻的浮、重的沉。
Deserializing unregistered type router.SessionMemory from checkpoint. This will be blocked in a future version. Add to allowed_msgpack_modules to silence: [('router', 'SessionMemory')]
Deserializing unregistered type router.PerceptionResult from checkpoint. This will be blocked in a future version. Add to allowed_msgpack_modules to silence: [('router', 'PerceptionResult')]
Deserializing unregistered type router.RouteDecision from checkpoint. This will be blocked in a future version. Add to allowed_msgpack_modules to silence: [('router', 'RouteDecision')]
2026-04-14 21:17:02,386 - SessionLogger - INFO - [sim_FSM+Guardrail_P1_M-BUO-001_8d3974] Teacher: 你说得对，材料确实关键。但咱们看个生活中的“铁证”：实心铁块扔水里肯定沉，可万吨巨轮也是钢铁做的，却浮在海面上。

既然都是铁，巨轮能浮起来，是因为它把内部做成了空心，从而排开了更多的水，获得了更大的______（填“重力”或“浮力”）来支撑自己？
2026-04-14 21:17:04,359 - SessionLogger - INFO - [sim_Baseline_P1_M-BUO-001_65294c] Teacher: 咱们别光凭感觉，来算笔账：如果这个铁碗排开的水重 10 牛，而铁碗自己只重 5 牛。

这时候向上的力（10 牛）和向下的力（5 牛）打架，你觉得谁会赢？物体会被压下去还是被推上来？
2026-04-14 21:17:07,529 - SessionLogger - INFO - [sim_Baseline_P1_M-BUO-001_65294c] Student: 但这只是你假设的数字啊，现实中重的物体怎么可能被水推上来？我不信，重的肯定还是往下沉。
Deserializing unregistered type router.SessionMemory from checkpoint. This will be blocked in a future version. Add to allowed_msgpack_modules to silence: [('router', 'SessionMemory')]
Deserializing unregistered type router.PerceptionResult from checkpoint. This will be blocked in a future version. Add to allowed_msgpack_modules to silence: [('router', 'PerceptionResult')]
Deserializing unregistered type router.RouteDecision from checkpoint. This will be blocked in a future version. Add to allowed_msgpack_modules to silence: [('router', 'RouteDecision')]
2026-04-14 21:17:07,564 - SessionLogger - INFO - [sim_FSM+Guardrail_P1_M-BUO-001_8d3974] Student: 那肯定是因为船大啊，船那么大当然浮力大。但这跟重量没关系吧，我觉得还是因为船虽然重，但它体积太大了，所以不算“重物”。
Deserializing unregistered type router.SessionMemory from checkpoint. This will be blocked in a future version. Add to allowed_msgpack_modules to silence: [('router', 'SessionMemory')]
Deserializing unregistered type router.PerceptionResult from checkpoint. This will be blocked in a future version. Add to allowed_msgpack_modules to silence: [('router', 'PerceptionResult')]
Deserializing unregistered type router.RouteDecision from checkpoint. This will be blocked in a future version. Add to allowed_msgpack_modules to silence: [('router', 'RouteDecision')]
2026-04-14 21:17:07,778 - SessionLogger - INFO - [sim_Baseline_P3_M-ELE-002_88410c] Teacher: 太棒了，这就是“并联”的雏形！既然两条路互不干扰，那如果我想让两个灯泡同时亮、同时灭，你觉得开关应该装在“分叉前”还是“某条小路上”？
2026-04-14 21:17:08,916 - SessionLogger - INFO - [sim_Baseline_P3_M-ELE-002_88410c] Student: 那肯定是在分叉前吧？就像在大门口装个总闸，一拉闸，两条路都没电了。
Deserializing unregistered type router.SessionMemory from checkpoint. This will be blocked in a future version. Add to allowed_msgpack_modules to silence: [('router', 'SessionMemory')]
Deserializing unregistered type router.PerceptionResult from checkpoint. This will be blocked in a future version. Add to allowed_msgpack_modules to silence: [('router', 'PerceptionResult')]
Deserializing unregistered type router.RouteDecision from checkpoint. This will be blocked in a future version. Add to allowed_msgpack_modules to silence: [('router', 'RouteDecision')]
2026-04-14 21:17:10,725 - SessionLogger - INFO - [sim_FSM_P1_M-BUO-001_fd5dbd] Teacher: 你看，万吨级的钢铁巨轮比小铁钉重亿万倍，但它能浮在海面上，而小铁钉却沉底了。

这是因为巨轮是空心的，它排开了大量的水，水给它的向上托力（浮力）非常大，大到足以抵消它巨大的重力。所以，物体能不能浮起来，取决于向上的浮力是否______（大于/小于）向下的重力？
2026-04-14 21:17:12,135 - SessionLogger - INFO - [sim_FSM_P1_M-BUO-001_fd5dbd] Student: 可是船是空的啊，那是特例！我说的是实心的东西，实心的重物肯定还是沉的，老师你别拿空心这种特殊情况来糊弄我。
Deserializing unregistered type router.SessionMemory from checkpoint. This will be blocked in a future version. Add to allowed_msgpack_modules to silence: [('router', 'SessionMemory')]
Deserializing unregistered type router.PerceptionResult from checkpoint. This will be blocked in a future version. Add to allowed_msgpack_modules to silence: [('router', 'PerceptionResult')]
Deserializing unregistered type router.RouteDecision from checkpoint. This will be blocked in a future version. Add to allowed_msgpack_modules to silence: [('router', 'RouteDecision')]
2026-04-14 21:17:12,773 - SessionLogger - INFO - [sim_Baseline_P3_M-ELE-002_88410c] Teacher: 没错，这就是“干路开关”的作用。那如果我只想在其中一条小路上单独控制一个灯泡，开关又该装在哪呢？
2026-04-14 21:17:13,877 - SessionLogger - INFO - [sim_Baseline_P3_M-ELE-002_88410c] Student: 那就装在那条小路上呗？这样只切断那一条路，另一条路应该不受影响吧。
2026-04-14 21:17:13,878 - SessionLogger - INFO - [sim_Baseline_P3_M-ELE-002_88410c] Session finished. Reason: max_turns_reached
2026-04-14 21:17:13,878 - SessionLogger - INFO - [sim_Baseline_P2_M-BUO-001_48e3cb] Starting session
2026-04-14 21:17:13,878 - SessionLogger - INFO - Initialized Session sim_Baseline_P2_M-BUO-001_48e3cb on Unknown for Unknown with version FSM+Guardrail
2026-04-14 21:17:15,093 - SessionLogger - INFO - [sim_Baseline_P2_M-BUO-001_48e3cb] Student Opening: 老师，我觉得重的东西肯定会沉下去，轻的才会浮起来，毕竟铁块那么重一下就沉底了，而木头那么轻就漂在水面上嘛。
2026-04-14 21:17:15,101 - SessionLogger - INFO - [sim_Baseline_P1_M-BUO-001_65294c] Teacher: 那咱们看个真家伙：几万吨重的钢铁航母，比你的铁碗重亿万倍，它怎么就浮在海面上没沉下去呢？

既然“重”不是决定下沉的唯一理由，你觉得航母和实心铁块在“结构”上最大的区别是什么？
2026-04-14 21:17:16,681 - SessionLogger - INFO - [sim_Baseline_P1_M-BUO-001_65294c] Student: 航母那是特例，里面是空的肯定不一样。但我说的是实心物体，实心的重物就是会沉，你别拿空心的来混淆视听。
Deserializing unregistered type router.SessionMemory from checkpoint. This will be blocked in a future version. Add to allowed_msgpack_modules to silence: [('router', 'SessionMemory')]
Deserializing unregistered type router.PerceptionResult from checkpoint. This will be blocked in a future version. Add to allowed_msgpack_modules to silence: [('router', 'PerceptionResult')]
Deserializing unregistered type router.RouteDecision from checkpoint. This will be blocked in a future version. Add to allowed_msgpack_modules to silence: [('router', 'RouteDecision')]
2026-04-14 21:17:29,254 - SessionLogger - INFO - [sim_FSM+Guardrail_P3_M-ELE-002_b361db] Teacher: 你说得对，路断了，灯泡确实会立刻熄灭。

这说明电流想要持续流动，必须依赖这个完整的“圈”。如果把这个“圈”比作一条环形跑道，运动员（电流）要想不停地跑下去，跑道本身必须具备什么特点？
2026-04-14 21:17:29,254 - SessionLogger - INFO - [sim_FSM+Guardrail_P3_M-ELE-002_b361db] Session finished. Reason: resolved
2026-04-14 21:17:29,254 - SessionLogger - INFO - [sim_FSM_P2_M-BUO-001_56fb62] Starting session
2026-04-14 21:17:29,254 - SessionLogger - INFO - Initialized Session sim_FSM_P2_M-BUO-001_56fb62 on Unknown for Unknown with version FSM+Guardrail
2026-04-14 21:17:30,207 - SessionLogger - INFO - [sim_FSM_P2_M-BUO-001_56fb62] Student Opening: 老师，我觉得只要东西够重就肯定会沉下去吧，毕竟重的物体受到的重力大嘛。
2026-04-14 21:17:30,216 - SessionLogger - INFO - [sim_FSM_P3_M-ELE-002_ee2120] Teacher: 没错，如果路不通，电荷确实会像堵车一样堆积在断口处，很快就“推不动”了。

既然电流无法持续流动，那你觉得这时候灯泡还会一直亮着吗？
2026-04-14 21:17:30,236 - SessionLogger - INFO - [sim_Baseline_P1_M-BUO-001_65294c] Teacher: 好，那咱们就只看实心的：同样都是实心铁块，为什么小铁钉沉底，而一大块实心木头却能浮起来？

既然都是“实心”的，难道木头比铁钉还“轻”到能违背你的规律吗？
2026-04-14 21:17:33,158 - SessionLogger - INFO - [sim_Baseline_P2_M-BUO-001_48e3cb] Teacher: 那如果我把一枚小小的铁钉扔进水里，它很轻吧？它是沉还是浮呢？
2026-04-14 21:17:34,499 - SessionLogger - INFO - [sim_FSM_P3_M-ELE-002_ee2120] Student: 啊……如果推不动了，那灯泡肯定就不亮了吧？
所以我之前以为只要接上一头就能亮，其实是错的？因为电根本没法一直流过去？
Deserializing unregistered type router.SessionMemory from checkpoint. This will be blocked in a future version. Add to allowed_msgpack_modules to silence: [('router', 'SessionMemory')]
Deserializing unregistered type router.PerceptionResult from checkpoint. This will be blocked in a future version. Add to allowed_msgpack_modules to silence: [('router', 'PerceptionResult')]
Deserializing unregistered type router.RouteDecision from checkpoint. This will be blocked in a future version. Add to allowed_msgpack_modules to silence: [('router', 'RouteDecision')]
2026-04-14 21:17:34,782 - SessionLogger - INFO - [sim_Baseline_P1_M-BUO-001_65294c] Student: 木头本来就是轻的东西，铁钉是重的东西，这不一样。我说的“重”是指材料本身重，木头轻当然浮，铁重当然沉，这有什么好比的？
Deserializing unregistered type router.SessionMemory from checkpoint. This will be blocked in a future version. Add to allowed_msgpack_modules to silence: [('router', 'SessionMemory')]
Deserializing unregistered type router.PerceptionResult from checkpoint. This will be blocked in a future version. Add to allowed_msgpack_modules to silence: [('router', 'PerceptionResult')]
Deserializing unregistered type router.RouteDecision from checkpoint. This will be blocked in a future version. Add to allowed_msgpack_modules to silence: [('router', 'RouteDecision')]
2026-04-14 21:17:36,119 - SessionLogger - INFO - [sim_Baseline_P2_M-BUO-001_48e3cb] Student: 呃……铁钉虽然轻，但它还是沉下去了啊。这说明只要它是铁做的，不管多轻都会沉吧？
Deserializing unregistered type router.SessionMemory from checkpoint. This will be blocked in a future version. Add to allowed_msgpack_modules to silence: [('router', 'SessionMemory')]
Deserializing unregistered type router.PerceptionResult from checkpoint. This will be blocked in a future version. Add to allowed_msgpack_modules to silence: [('router', 'PerceptionResult')]
Deserializing unregistered type router.RouteDecision from checkpoint. This will be blocked in a future version. Add to allowed_msgpack_modules to silence: [('router', 'RouteDecision')]
2026-04-14 21:17:40,658 - SessionLogger - INFO - [sim_FSM_P2_M-BUO-001_56fb62] Teacher: 那为什么几万吨重的钢铁巨轮能浮在海面上，而一枚小小的铁钉却会沉入水底呢？
2026-04-14 21:17:41,590 - SessionLogger - INFO - [sim_Baseline_P1_M-BUO-001_65294c] Teacher: 那如果我把这块“轻”木头削成针尖那么大，它还会浮吗？

既然材料没变，为什么变小了你就开始犹豫，不再那么肯定它会浮着呢？
2026-04-14 21:17:41,651 - SessionLogger - INFO - [sim_FSM_P2_M-BUO-001_56fb62] Student: 呃……这确实有点奇怪，轮船那么重都能浮着。是不是因为轮船做得很大，所以水把它托住了？
Deserializing unregistered type router.SessionMemory from checkpoint. This will be blocked in a future version. Add to allowed_msgpack_modules to silence: [('router', 'SessionMemory')]
Deserializing unregistered type router.PerceptionResult from checkpoint. This will be blocked in a future version. Add to allowed_msgpack_modules to silence: [('router', 'PerceptionResult')]
Deserializing unregistered type router.RouteDecision from checkpoint. This will be blocked in a future version. Add to allowed_msgpack_modules to silence: [('router', 'RouteDecision')]
2026-04-14 21:17:42,137 - SessionLogger - INFO - [sim_Baseline_P2_M-BUO-001_48e3cb] Teacher: 你说得对，小铁钉确实沉了。那想想看，万吨巨轮也是钢铁做的，比铁钉重亿万倍，为什么它能漂在海面上呢？
2026-04-14 21:17:43,051 - SessionLogger - INFO - [sim_FSM_P3_M-ELE-002_ee2120] Teacher: 你说得对，电流确实没法“流过去”就完事了。

既然单靠一头连接无法维持持续的流动，那为了让灯泡一直亮着，我们需要给这些电荷安排一条什么样的“路线”呢？
2026-04-14 21:17:43,267 - SessionLogger - INFO - [sim_Baseline_P2_M-BUO-001_48e3cb] Student: 啊？这……巨轮那么重都能浮起来，那我刚才说的“重的必沉”好像不对了。老师，这是为什么呀？是不是因为船里面是空的？
Deserializing unregistered type router.SessionMemory from checkpoint. This will be blocked in a future version. Add to allowed_msgpack_modules to silence: [('router', 'SessionMemory')]
Deserializing unregistered type router.PerceptionResult from checkpoint. This will be blocked in a future version. Add to allowed_msgpack_modules to silence: [('router', 'PerceptionResult')]
Deserializing unregistered type router.RouteDecision from checkpoint. This will be blocked in a future version. Add to allowed_msgpack_modules to silence: [('router', 'RouteDecision')]
2026-04-14 21:17:44,786 - SessionLogger - INFO - [sim_Baseline_P1_M-BUO-001_65294c] Student: 削那么小它还是木头啊，木头就是轻的，当然还是浮着。你老纠结大小干嘛，重点不是它本来就很轻吗？
Deserializing unregistered type router.SessionMemory from checkpoint. This will be blocked in a future version. Add to allowed_msgpack_modules to silence: [('router', 'SessionMemory')]
Deserializing unregistered type router.PerceptionResult from checkpoint. This will be blocked in a future version. Add to allowed_msgpack_modules to silence: [('router', 'PerceptionResult')]
Deserializing unregistered type router.RouteDecision from checkpoint. This will be blocked in a future version. Add to allowed_msgpack_modules to silence: [('router', 'RouteDecision')]
2026-04-14 21:17:46,913 - SessionLogger - INFO - [sim_FSM_P3_M-ELE-002_ee2120] Student: 是要……绕一圈回来吗？
就像滑滑梯，如果下面没有路接回上面，人就堆在那儿了，所以得有个圈让它们能一直转？
Deserializing unregistered type router.SessionMemory from checkpoint. This will be blocked in a future version. Add to allowed_msgpack_modules to silence: [('router', 'SessionMemory')]
Deserializing unregistered type router.PerceptionResult from checkpoint. This will be blocked in a future version. Add to allowed_msgpack_modules to silence: [('router', 'PerceptionResult')]
Deserializing unregistered type router.RouteDecision from checkpoint. This will be blocked in a future version. Add to allowed_msgpack_modules to silence: [('router', 'RouteDecision')]
2026-04-14 21:17:47,978 - SessionLogger - INFO - [sim_Baseline_P2_M-BUO-001_48e3cb] Teacher: 没错，空心的结构确实很关键。那你想想，如果把那艘巨轮揉成一个实心的铁球扔进水里，它还会浮着吗？
2026-04-14 21:17:48,556 - SessionLogger - INFO - [sim_Baseline_P1_M-BUO-001_65294c] Teacher: 既然大小不影响木头漂浮，那我们把刚才那个“重”的铁钉也放大成铁球，它就能浮起来吗？

如果材料本身的“轻重”性质没变，为什么木头怎么变都浮，铁怎么变都沉呢？
2026-04-14 21:17:49,601 - SessionLogger - INFO - [sim_Baseline_P2_M-BUO-001_48e3cb] Student: 应该不会了吧……变成实心铁球的话，感觉就跟大铁块一样，肯定直接沉底了。所以是不是跟它占的地方大小有关系？
Deserializing unregistered type router.SessionMemory from checkpoint. This will be blocked in a future version. Add to allowed_msgpack_modules to silence: [('router', 'SessionMemory')]
Deserializing unregistered type router.PerceptionResult from checkpoint. This will be blocked in a future version. Add to allowed_msgpack_modules to silence: [('router', 'PerceptionResult')]
Deserializing unregistered type router.RouteDecision from checkpoint. This will be blocked in a future version. Add to allowed_msgpack_modules to silence: [('router', 'RouteDecision')]
2026-04-14 21:17:50,347 - SessionLogger - INFO - [sim_Baseline_P1_M-BUO-001_65294c] Student: 铁就是重啊，不管做成多大它都是铁的，肯定还是沉。你别绕弯子了，重的东西就是沉，这是常识。
Deserializing unregistered type router.SessionMemory from checkpoint. This will be blocked in a future version. Add to allowed_msgpack_modules to silence: [('router', 'SessionMemory')]
Deserializing unregistered type router.PerceptionResult from checkpoint. This will be blocked in a future version. Add to allowed_msgpack_modules to silence: [('router', 'PerceptionResult')]
Deserializing unregistered type router.RouteDecision from checkpoint. This will be blocked in a future version. Add to allowed_msgpack_modules to silence: [('router', 'RouteDecision')]
2026-04-14 21:17:51,269 - SessionLogger - INFO - [sim_FSM_P2_M-BUO-001_56fb62] Teacher: 没错，“大”确实很关键。那如果我把这艘巨轮揉成一团实心的铁球，它的重量没变，但体积变小了，你觉得它还能浮起来吗？
2026-04-14 21:17:52,561 - SessionLogger - INFO - [sim_FSM_P2_M-BUO-001_56fb62] Student: 啊？如果揉成实心铁球……那它肯定就沉下去了吧，毕竟那就是一块大铁疙瘩了。所以我刚才说的“重”好像不是唯一的原因？
Deserializing unregistered type router.SessionMemory from checkpoint. This will be blocked in a future version. Add to allowed_msgpack_modules to silence: [('router', 'SessionMemory')]
Deserializing unregistered type router.PerceptionResult from checkpoint. This will be blocked in a future version. Add to allowed_msgpack_modules to silence: [('router', 'PerceptionResult')]
Deserializing unregistered type router.RouteDecision from checkpoint. This will be blocked in a future version. Add to allowed_msgpack_modules to silence: [('router', 'RouteDecision')]
2026-04-14 21:17:53,906 - SessionLogger - INFO - [sim_Baseline_P2_M-BUO-001_48e3cb] Teacher: 没错，就是它排开水的体积。那你想想，同样是这块钢铁，做成空心的船和实心的球，谁排开的水更多呢？
2026-04-14 21:17:55,061 - SessionLogger - INFO - [sim_Baseline_P2_M-BUO-001_48e3cb] Student: 肯定是空心的船排开的水更多，因为它体积大嘛。所以……是因为排开的水多了，水给的托力就变大了，才能抵消掉它那么重的重量？
Deserializing unregistered type router.SessionMemory from checkpoint. This will be blocked in a future version. Add to allowed_msgpack_modules to silence: [('router', 'SessionMemory')]
Deserializing unregistered type router.PerceptionResult from checkpoint. This will be blocked in a future version. Add to allowed_msgpack_modules to silence: [('router', 'PerceptionResult')]
Deserializing unregistered type router.RouteDecision from checkpoint. This will be blocked in a future version. Add to allowed_msgpack_modules to silence: [('router', 'RouteDecision')]
2026-04-14 21:18:02,236 - SessionLogger - INFO - [sim_FSM_P3_M-ELE-002_ee2120] Teacher: 这个“绕一圈”的比喻非常形象！

既然电荷需要这样一个完整的圈才能持续流动，那我们在连接电路时，必须确保从电池的一端出发，经过灯泡，最后能回到电池的哪一端呢？
2026-04-14 21:18:02,236 - SessionLogger - INFO - [sim_FSM_P3_M-ELE-002_ee2120] Session finished. Reason: resolved
2026-04-14 21:18:02,237 - SessionLogger - INFO - [sim_FSM+Guardrail_P2_M-BUO-001_c77999] Starting session
2026-04-14 21:18:02,237 - SessionLogger - INFO - Initialized Session sim_FSM+Guardrail_P2_M-BUO-001_c77999 on Unknown for Unknown with version FSM+Guardrail
2026-04-14 21:18:03,154 - SessionLogger - INFO - [sim_FSM+Guardrail_P2_M-BUO-001_c77999] Student Opening: 老师，我觉得判断物体沉浮很简单啊，只要看重量就行了，重的东西肯定沉，轻的东西肯定浮嘛。
2026-04-14 21:18:03,805 - SessionLogger - INFO - [sim_FSM_P1_M-BUO-001_fd5dbd] Teacher: 你说得对，船确实是特例。那我们就看两个**实心**的铁块：一个像指甲盖那么小，另一个像房子那么大（非常重）。

如果把这两个实心铁块都扔进水里，你觉得那个像房子一样重的大家伙，会浮起来还是沉下去？
2026-04-14 21:18:05,305 - SessionLogger - INFO - [sim_Baseline_P2_M-BUO-001_48e3cb] Teacher: 你说得很对，排开的水越多，浮力确实越大。那如果往船里不断装货物，船身会怎么变化？这时候浮力又是如何调整来平衡新增的重量的呢？
2026-04-14 21:18:07,064 - SessionLogger - INFO - [sim_FSM_P1_M-BUO-001_fd5dbd] Student: 那肯定沉啊，房子那么重，水哪托得住。老师你绕了一圈，重的实心东西不还是沉吗？
Deserializing unregistered type router.SessionMemory from checkpoint. This will be blocked in a future version. Add to allowed_msgpack_modules to silence: [('router', 'SessionMemory')]
Deserializing unregistered type router.PerceptionResult from checkpoint. This will be blocked in a future version. Add to allowed_msgpack_modules to silence: [('router', 'PerceptionResult')]
Deserializing unregistered type router.RouteDecision from checkpoint. This will be blocked in a future version. Add to allowed_msgpack_modules to silence: [('router', 'RouteDecision')]
2026-04-14 21:18:08,837 - SessionLogger - INFO - [sim_Baseline_P2_M-BUO-001_48e3cb] Student: 船会往下沉一些，浸入水里的部分变多了。那是不是因为它排开的水也变多了，所以浮力跟着变大，才能重新托住更重的船？
Deserializing unregistered type router.SessionMemory from checkpoint. This will be blocked in a future version. Add to allowed_msgpack_modules to silence: [('router', 'SessionMemory')]
Deserializing unregistered type router.PerceptionResult from checkpoint. This will be blocked in a future version. Add to allowed_msgpack_modules to silence: [('router', 'PerceptionResult')]
Deserializing unregistered type router.RouteDecision from checkpoint. This will be blocked in a future version. Add to allowed_msgpack_modules to silence: [('router', 'RouteDecision')]
2026-04-14 21:18:09,331 - SessionLogger - INFO - [sim_FSM_P2_M-BUO-001_56fb62] Teacher: 没错，重量没变，但结果却变了。既然“重”不是唯一原因，你觉得在这个变化过程中，除了重量，还有什么关键因素影响了它在水里的表现？
2026-04-14 21:18:10,537 - SessionLogger - INFO - [sim_FSM_P2_M-BUO-001_56fb62] Student: 应该是体积吧？因为揉成团之后，它占的地方变小了，排开的水也变少了，所以浮力就不够托住它了？
Deserializing unregistered type router.SessionMemory from checkpoint. This will be blocked in a future version. Add to allowed_msgpack_modules to silence: [('router', 'SessionMemory')]
Deserializing unregistered type router.PerceptionResult from checkpoint. This will be blocked in a future version. Add to allowed_msgpack_modules to silence: [('router', 'PerceptionResult')]
Deserializing unregistered type router.RouteDecision from checkpoint. This will be blocked in a future version. Add to allowed_msgpack_modules to silence: [('router', 'RouteDecision')]
2026-04-14 21:18:14,308 - SessionLogger - INFO - [sim_Baseline_P2_M-BUO-001_48e3cb] Teacher: 正是如此！那如果货物装得太满，船一直下沉直到水漫过船舷灌进船舱，这时候浮力还能继续增大来托住它吗？
2026-04-14 21:18:14,309 - SessionLogger - INFO - [sim_Baseline_P2_M-BUO-001_48e3cb] Extending max_turns by 3 because cognitive_state is '新概念探索'
2026-04-14 21:18:15,056 - SessionLogger - INFO - [sim_FSM_P1_M-BUO-001_fd5dbd] Teacher: 我完全理解你的想法，这个点确实非常绕。咱们今天先不争论这个，下次找个真实的实验器材亲自试一试，怎么样？
2026-04-14 21:18:15,119 - SessionLogger - INFO - [sim_FSM+Guardrail_P2_M-BUO-001_c77999] Teacher: 那按照这个逻辑，一艘几万吨重的钢铁巨轮，是不是应该像石头一样直接沉到海底去？
2026-04-14 21:18:15,956 - SessionLogger - INFO - [sim_Baseline_P2_M-BUO-001_48e3cb] Student: 那就不行了，水灌进去后船就变成实心的铁疙瘩了，排开的水反而变少。这时候浮力肯定不够大，船就会直接沉底吧？
Deserializing unregistered type router.SessionMemory from checkpoint. This will be blocked in a future version. Add to allowed_msgpack_modules to silence: [('router', 'SessionMemory')]
Deserializing unregistered type router.PerceptionResult from checkpoint. This will be blocked in a future version. Add to allowed_msgpack_modules to silence: [('router', 'PerceptionResult')]
Deserializing unregistered type router.RouteDecision from checkpoint. This will be blocked in a future version. Add to allowed_msgpack_modules to silence: [('router', 'RouteDecision')]
2026-04-14 21:18:18,339 - SessionLogger - INFO - [sim_FSM+Guardrail_P2_M-BUO-001_c77999] Student: 呃……可是船是空心的呀，跟实心的石头不一样吧？但这也不能说明轻的就一定浮啊，我还是觉得重的容易沉。
Deserializing unregistered type router.SessionMemory from checkpoint. This will be blocked in a future version. Add to allowed_msgpack_modules to silence: [('router', 'SessionMemory')]
Deserializing unregistered type router.PerceptionResult from checkpoint. This will be blocked in a future version. Add to allowed_msgpack_modules to silence: [('router', 'PerceptionResult')]
Deserializing unregistered type router.RouteDecision from checkpoint. This will be blocked in a future version. Add to allowed_msgpack_modules to silence: [('router', 'RouteDecision')]
2026-04-14 21:18:18,567 - SessionLogger - INFO - [sim_FSM_P1_M-BUO-001_fd5dbd] Student: 试就试，反正结果肯定是我赢。老师你别想糊弄我，重的东西就是会沉，这是常识。
Deserializing unregistered type router.SessionMemory from checkpoint. This will be blocked in a future version. Add to allowed_msgpack_modules to silence: [('router', 'SessionMemory')]
Deserializing unregistered type router.PerceptionResult from checkpoint. This will be blocked in a future version. Add to allowed_msgpack_modules to silence: [('router', 'PerceptionResult')]
Deserializing unregistered type router.RouteDecision from checkpoint. This will be blocked in a future version. Add to allowed_msgpack_modules to silence: [('router', 'RouteDecision')]
2026-04-14 21:18:25,097 - SessionLogger - INFO - [sim_FSM_P2_M-BUO-001_56fb62] Teacher: 你说得很对，排开水的体积变小导致浮力减小。那么反过来想，如果两个物体体积完全一样，一个轻一个重，它们受到的浮力会相同吗？
2026-04-14 21:18:25,097 - SessionLogger - INFO - [sim_FSM_P2_M-BUO-001_56fb62] Session finished. Reason: resolved
2026-04-14 21:18:25,097 - SessionLogger - INFO - [sim_Baseline_P3_M-BUO-001_4d395f] Starting session
2026-04-14 21:18:25,098 - SessionLogger - INFO - Initialized Session sim_Baseline_P3_M-BUO-001_4d395f on Unknown for Unknown with version FSM+Guardrail
2026-04-14 21:18:26,062 - SessionLogger - INFO - [sim_Baseline_P3_M-BUO-001_4d395f] Student Opening: 老师，我觉得重的东西肯定会沉下去啊，毕竟铁块那么重一下就到底了，轻的东西才会浮在水面上吧？
2026-04-14 21:18:26,067 - SessionLogger - INFO - [sim_FSM+Guardrail_P1_M-BUO-001_8d3974] Teacher: 你说得很对，体积大确实能带来巨大的向上托力。

所以，判断物体沉浮时，不能只看它有多重，而要看它受到的浮力和重力谁更大：当浮力______（填“大于”或“小于”）重力时，物体就会上浮。
2026-04-14 21:18:29,580 - SessionLogger - INFO - [sim_FSM+Guardrail_P1_M-BUO-001_8d3974] Student: 我还是觉得不对，重的东西就是会沉。你光说浮力大于重力，可重物那么重，浮力怎么可能比它大？这不符合常识。
Deserializing unregistered type router.SessionMemory from checkpoint. This will be blocked in a future version. Add to allowed_msgpack_modules to silence: [('router', 'SessionMemory')]
Deserializing unregistered type router.PerceptionResult from checkpoint. This will be blocked in a future version. Add to allowed_msgpack_modules to silence: [('router', 'PerceptionResult')]
Deserializing unregistered type router.RouteDecision from checkpoint. This will be blocked in a future version. Add to allowed_msgpack_modules to silence: [('router', 'RouteDecision')]
2026-04-14 21:18:30,539 - SessionLogger - INFO - [sim_FSM+Guardrail_P2_M-BUO-001_c77999] Teacher: 确实，船的形状很关键。那咱们换个更直接的对比：一枚小小的实心铁钉很轻，却会沉底；而刚才那艘几万吨的钢铁巨轮却很重，却能浮在水面。如果“轻的一定浮，重的一定沉”，这俩现象该怎么解释呢？
2026-04-14 21:18:31,571 - SessionLogger - INFO - [sim_FSM+Guardrail_P2_M-BUO-001_c77999] Student: 啊？铁钉那么轻居然沉了，船那么重反而浮着……那我之前的说法好像确实有点问题。老师，这到底是为什么呀？
Deserializing unregistered type router.SessionMemory from checkpoint. This will be blocked in a future version. Add to allowed_msgpack_modules to silence: [('router', 'SessionMemory')]
Deserializing unregistered type router.PerceptionResult from checkpoint. This will be blocked in a future version. Add to allowed_msgpack_modules to silence: [('router', 'PerceptionResult')]
Deserializing unregistered type router.RouteDecision from checkpoint. This will be blocked in a future version. Add to allowed_msgpack_modules to silence: [('router', 'RouteDecision')]
2026-04-14 21:18:31,582 - SessionLogger - INFO - [sim_Baseline_P3_M-BUO-001_4d395f] Teacher: 那万吨巨轮那么重，为什么能漂在海面上，而一颗小小的铁钉却会沉底呢？
2026-04-14 21:18:31,780 - SessionLogger - INFO - [sim_FSM_P1_M-BUO-001_fd5dbd] Teacher: 好的，我理解你的坚持。咱们今天先聊到这里，这个问题先放一放，辛苦啦！
2026-04-14 21:18:31,780 - SessionLogger - INFO - [sim_FSM_P1_M-BUO-001_fd5dbd] Session finished. Reason: aborted
2026-04-14 21:18:31,780 - SessionLogger - INFO - [sim_FSM_P3_M-BUO-001_19f4b5] Starting session
2026-04-14 21:18:31,780 - SessionLogger - INFO - Initialized Session sim_FSM_P3_M-BUO-001_19f4b5 on Unknown for Unknown with version FSM+Guardrail
2026-04-14 21:18:32,732 - SessionLogger - INFO - [sim_FSM_P3_M-BUO-001_19f4b5] Student Opening: 老师，我不明白，既然铁块那么重肯定会沉下去，那为什么几万吨重的钢铁巨轮却能浮在水面上呢？
2026-04-14 21:18:32,736 - SessionLogger - INFO - [sim_Baseline_P3_M-BUO-001_4d395f] Student: 呃……可是船那么大，里面肯定是空的吧？铁钉是实心的呀，这能一样吗？
Deserializing unregistered type router.SessionMemory from checkpoint. This will be blocked in a future version. Add to allowed_msgpack_modules to silence: [('router', 'SessionMemory')]
Deserializing unregistered type router.PerceptionResult from checkpoint. This will be blocked in a future version. Add to allowed_msgpack_modules to silence: [('router', 'PerceptionResult')]
Deserializing unregistered type router.RouteDecision from checkpoint. This will be blocked in a future version. Add to allowed_msgpack_modules to silence: [('router', 'RouteDecision')]
2026-04-14 21:18:37,205 - SessionLogger - INFO - [sim_Baseline_P3_M-BUO-001_4d395f] Teacher: 你说得对，结构确实不同。那如果我们把那块实心铁块也做成同样大小的空心盒子，你觉得它还会沉下去吗？
2026-04-14 21:18:38,512 - SessionLogger - INFO - [sim_Baseline_P3_M-BUO-001_4d395f] Student: 做成空心的话……它变轻了吗？如果重量没变，只是形状变了，它应该还是会沉吧？
Deserializing unregistered type router.SessionMemory from checkpoint. This will be blocked in a future version. Add to allowed_msgpack_modules to silence: [('router', 'SessionMemory')]
Deserializing unregistered type router.PerceptionResult from checkpoint. This will be blocked in a future version. Add to allowed_msgpack_modules to silence: [('router', 'PerceptionResult')]
Deserializing unregistered type router.RouteDecision from checkpoint. This will be blocked in a future version. Add to allowed_msgpack_modules to silence: [('router', 'RouteDecision')]
2026-04-14 21:18:38,561 - SessionLogger - INFO - [sim_Baseline_P1_M-BUO-001_65294c] Teacher: 好，那咱们就死磕这个“常识”：同样是一立方厘米，铁比水重，所以铁沉；但同样是一立方厘米，木头比水轻，所以木头浮。

你有没有发现，决定沉浮的其实不是物体有多“大”，而是它和同体积的水相比，谁更“重”？
2026-04-14 21:18:38,941 - SessionLogger - INFO - [sim_FSM+Guardrail_P2_M-BUO-001_c77999] Teacher: 这个现象确实很反直觉，因为我们平时很少把“轻的小铁钉”和“重的大轮船”放在一起比。既然重量不是唯一标准，你觉得除了轻重，物体浸在水里时，还有哪个因素在“托”着它？
2026-04-14 21:18:39,175 - SessionLogger - INFO - [sim_FSM+Guardrail_P1_M-BUO-001_8d3974] Teacher: 这个直觉确实很顽固，因为生活中“重”往往和“难搬、下沉”联系在一起。

咱们先不纠结这个理论了，下次找个水槽，亲自试试把一块小橡皮泥捏成船形，看看它能不能浮起来，怎么样？
2026-04-14 21:18:39,589 - SessionLogger - INFO - [sim_Baseline_P1_M-BUO-001_65294c] Student: 你这是在玩文字游戏吧？铁本来就比水重，所以它沉，这跟我说的“重物必沉”有区别吗？
Deserializing unregistered type router.SessionMemory from checkpoint. This will be blocked in a future version. Add to allowed_msgpack_modules to silence: [('router', 'SessionMemory')]
Deserializing unregistered type router.PerceptionResult from checkpoint. This will be blocked in a future version. Add to allowed_msgpack_modules to silence: [('router', 'PerceptionResult')]
Deserializing unregistered type router.RouteDecision from checkpoint. This will be blocked in a future version. Add to allowed_msgpack_modules to silence: [('router', 'RouteDecision')]
2026-04-14 21:18:41,826 - SessionLogger - INFO - [sim_Baseline_P3_M-BUO-001_4d395f] Teacher: 如果重量没变，但把它做成空心盒子后，它排开水的体积是不是变大了？

你想想，水对它的“托力”（浮力）会不会因此发生变化呢？
2026-04-14 21:18:42,162 - SessionLogger - INFO - [sim_FSM+Guardrail_P2_M-BUO-001_c77999] Student: 嗯……是不是跟它占的地方大小有关？毕竟船那么大，排开的水也多，难道是水把它托起来的？
Deserializing unregistered type router.SessionMemory from checkpoint. This will be blocked in a future version. Add to allowed_msgpack_modules to silence: [('router', 'SessionMemory')]
Deserializing unregistered type router.PerceptionResult from checkpoint. This will be blocked in a future version. Add to allowed_msgpack_modules to silence: [('router', 'PerceptionResult')]
Deserializing unregistered type router.RouteDecision from checkpoint. This will be blocked in a future version. Add to allowed_msgpack_modules to silence: [('router', 'RouteDecision')]
2026-04-14 21:18:42,354 - SessionLogger - INFO - [sim_FSM+Guardrail_P1_M-BUO-001_8d3974] Student: 捏成船形有什么用？橡皮泥还是那块橡皮泥，重量根本没变啊。重的东西肯定沉，形状改变不了它是“重物”的事实。
Deserializing unregistered type router.SessionMemory from checkpoint. This will be blocked in a future version. Add to allowed_msgpack_modules to silence: [('router', 'SessionMemory')]
Deserializing unregistered type router.PerceptionResult from checkpoint. This will be blocked in a future version. Add to allowed_msgpack_modules to silence: [('router', 'PerceptionResult')]
Deserializing unregistered type router.RouteDecision from checkpoint. This will be blocked in a future version. Add to allowed_msgpack_modules to silence: [('router', 'RouteDecision')]
2026-04-14 21:18:43,341 - SessionLogger - INFO - [sim_Baseline_P1_M-BUO-001_65294c] Teacher: 那造一艘万吨巨轮，它重不重？

如果“重物必沉”是真理，这艘比铁钉重无数倍的大家伙，为什么能稳稳地漂在海面上？
2026-04-14 21:18:43,923 - SessionLogger - INFO - [sim_Baseline_P3_M-BUO-001_4d395f] Student: 排开的水变多了……托力就会变大吗？可是它还是那么重啊，水真的能托得住吗？
Deserializing unregistered type router.SessionMemory from checkpoint. This will be blocked in a future version. Add to allowed_msgpack_modules to silence: [('router', 'SessionMemory')]
Deserializing unregistered type router.PerceptionResult from checkpoint. This will be blocked in a future version. Add to allowed_msgpack_modules to silence: [('router', 'PerceptionResult')]
Deserializing unregistered type router.RouteDecision from checkpoint. This will be blocked in a future version. Add to allowed_msgpack_modules to silence: [('router', 'RouteDecision')]
2026-04-14 21:18:44,443 - SessionLogger - INFO - [sim_Baseline_P1_M-BUO-001_65294c] Student: 那肯定是因为船里面是空的啊，空的就是轻的。你要是把船压成实心铁块，它绝对沉，所以还是因为变轻了才浮起来的。
2026-04-14 21:18:44,443 - SessionLogger - INFO - [sim_Baseline_P1_M-BUO-001_65294c] Session finished. Reason: max_turns_reached
2026-04-14 21:18:44,443 - SessionLogger - INFO - [sim_FSM+Guardrail_P3_M-BUO-001_e8ffc9] Starting session
2026-04-14 21:18:44,444 - SessionLogger - INFO - Initialized Session sim_FSM+Guardrail_P3_M-BUO-001_e8ffc9 on Unknown for Unknown with version FSM+Guardrail
2026-04-14 21:18:47,690 - SessionLogger - INFO - [sim_FSM+Guardrail_P3_M-BUO-001_e8ffc9] Student Opening: 老师，我不明白，为什么那么大的轮船能浮在水面上，而我扔个小石子进去它就沉底了？石子明明比船轻多了呀。
2026-04-14 21:18:47,695 - SessionLogger - INFO - [sim_Baseline_P2_M-BUO-001_48e3cb] Teacher: 没错，一旦进水，能排开水的“空心”空间就没了。那你比较一下，这时候船受到的浮力和它自身的重力，哪个更大呢？
2026-04-14 21:18:48,867 - SessionLogger - INFO - [sim_Baseline_P2_M-BUO-001_48e3cb] Student: 既然沉底了，那肯定是重力比浮力大吧。看来光看物体重不重不行，还得看它能不能排开足够多的水来产生足够的浮力？
Deserializing unregistered type router.SessionMemory from checkpoint. This will be blocked in a future version. Add to allowed_msgpack_modules to silence: [('router', 'SessionMemory')]
Deserializing unregistered type router.PerceptionResult from checkpoint. This will be blocked in a future version. Add to allowed_msgpack_modules to silence: [('router', 'PerceptionResult')]
Deserializing unregistered type router.RouteDecision from checkpoint. This will be blocked in a future version. Add to allowed_msgpack_modules to silence: [('router', 'RouteDecision')]
2026-04-14 21:18:50,018 - SessionLogger - INFO - [sim_Baseline_P3_M-BUO-001_4d395f] Teacher: 你可以试着想象一下：如果你把一个空杯子口朝下按进水里，是不是感觉水在拼命往上顶？

排开的水越多，这个“往上顶”的力就越强。你觉得这个力有没有可能大到足以抵消物体的重力呢？
2026-04-14 21:18:51,516 - SessionLogger - INFO - [sim_FSM+Guardrail_P1_M-BUO-001_8d3974] Teacher: 我完全理解你的坚持，重量确实没变，这个直觉非常强烈。

咱们今天先聊到这里，这个问题先放一放，辛苦啦！
2026-04-14 21:18:51,516 - SessionLogger - INFO - [sim_FSM+Guardrail_P1_M-BUO-001_8d3974] Session finished. Reason: aborted
2026-04-14 21:18:51,516 - SessionLogger - INFO - [sim_Baseline_P1_M-BUO-002_db9a4e] Starting session
2026-04-14 21:18:51,516 - SessionLogger - INFO - Initialized Session sim_Baseline_P1_M-BUO-002_db9a4e on Unknown for Unknown with version FSM+Guardrail
2026-04-14 21:18:52,448 - SessionLogger - INFO - [sim_Baseline_P1_M-BUO-002_db9a4e] Student Opening: 老师，我觉得浮力肯定跟深度有关啊，水越深压强越大，那托着物体的力不就应该越大吗？
2026-04-14 21:18:52,452 - SessionLogger - INFO - [sim_Baseline_P3_M-BUO-001_4d395f] Student: 好像有点感觉了……所以如果盒子做得够大，排开的水够多，那个“往上顶”的力就能把铁盒子的重量抵消掉？
Deserializing unregistered type router.SessionMemory from checkpoint. This will be blocked in a future version. Add to allowed_msgpack_modules to silence: [('router', 'SessionMemory')]
Deserializing unregistered type router.PerceptionResult from checkpoint. This will be blocked in a future version. Add to allowed_msgpack_modules to silence: [('router', 'PerceptionResult')]
Deserializing unregistered type router.RouteDecision from checkpoint. This will be blocked in a future version. Add to allowed_msgpack_modules to silence: [('router', 'RouteDecision')]
2026-04-14 21:18:52,597 - SessionLogger - INFO - [sim_FSM+Guardrail_P2_M-BUO-001_c77999] Teacher: 没错，水确实会向上“托”物体。既然船排开的水多，受到的向上托力就大；而小铁钉排开的水少，受到的向上托力就小。

那么，决定一个物体最终是沉还是浮，是不是要看它受到的“向下重力”和这个“向上托力”谁更占优势？
2026-04-14 21:18:52,843 - SessionLogger - INFO - [sim_Baseline_P2_M-BUO-001_48e3cb] Teacher: 没错，关键在于“平均密度”。既然你提到了排开水的体积，那如果把这团铁重新做成空心的，在总重量不变的情况下，它能排开的水的体积会怎么变？
2026-04-14 21:18:53,897 - SessionLogger - INFO - [sim_FSM+Guardrail_P2_M-BUO-001_c77999] Student: 噢！原来是这样，不是看它自己有多重，而是看这两个力谁大谁小？那我是不是可以理解为，只要向上的托力够大，重的东西也能浮起来？
Deserializing unregistered type router.SessionMemory from checkpoint. This will be blocked in a future version. Add to allowed_msgpack_modules to silence: [('router', 'SessionMemory')]
Deserializing unregistered type router.PerceptionResult from checkpoint. This will be blocked in a future version. Add to allowed_msgpack_modules to silence: [('router', 'PerceptionResult')]
Deserializing unregistered type router.RouteDecision from checkpoint. This will be blocked in a future version. Add to allowed_msgpack_modules to silence: [('router', 'RouteDecision')]
2026-04-14 21:18:56,172 - SessionLogger - INFO - [sim_Baseline_P2_M-BUO-001_48e3cb] Student: 做成空心的话，它占的地方变大了，所以能排开的水肯定也变多了。那是不是只要排开的水够多，浮力就能大到抵消重力，哪怕它是铁做的也能浮起来？
Deserializing unregistered type router.SessionMemory from checkpoint. This will be blocked in a future version. Add to allowed_msgpack_modules to silence: [('router', 'SessionMemory')]
Deserializing unregistered type router.PerceptionResult from checkpoint. This will be blocked in a future version. Add to allowed_msgpack_modules to silence: [('router', 'PerceptionResult')]
Deserializing unregistered type router.RouteDecision from checkpoint. This will be blocked in a future version. Add to allowed_msgpack_modules to silence: [('router', 'RouteDecision')]
2026-04-14 21:18:57,804 - SessionLogger - INFO - [sim_FSM_P3_M-BUO-001_19f4b5] Teacher: 这确实很反直觉，因为我们在生活中常觉得“重物难托”。那试想一下，如果我把这块小铁块敲打成一张极薄的铁皮，再捏成一个小碗的形状，它的重量几乎没变，你觉得它放入水中后，还会像刚才那样直接沉底吗？
2026-04-14 21:18:57,884 - SessionLogger - INFO - [sim_Baseline_P3_M-BUO-001_4d395f] Teacher: 没错，只要这个“往上顶”的力等于重力，它就能浮在水面上了。

那现在你想想，为什么实心的铁块怎么都浮不起来，而做成空心的船形就可以呢？
2026-04-14 21:18:58,934 - SessionLogger - INFO - [sim_Baseline_P1_M-BUO-002_db9a4e] Teacher: 你说得对，深度越深，压强确实越大。但浮力其实是物体**下表面受到的向上压力**减去**上表面受到的向下压力**。

你想一想，当物体完全没入水中后，再往下沉时，它上表面和下表面受到的压强是**同时**增加的，那它们之间的**差值**会变吗？
2026-04-14 21:18:59,577 - SessionLogger - INFO - [sim_FSM_P3_M-BUO-001_19f4b5] Student: 重量没变的话，应该还是会沉吧？毕竟它还是铁做的呀，并没有变轻。
Deserializing unregistered type router.SessionMemory from checkpoint. This will be blocked in a future version. Add to allowed_msgpack_modules to silence: [('router', 'SessionMemory')]
Deserializing unregistered type router.PerceptionResult from checkpoint. This will be blocked in a future version. Add to allowed_msgpack_modules to silence: [('router', 'PerceptionResult')]
Deserializing unregistered type router.RouteDecision from checkpoint. This will be blocked in a future version. Add to allowed_msgpack_modules to silence: [('router', 'RouteDecision')]
2026-04-14 21:18:59,916 - SessionLogger - INFO - [sim_Baseline_P3_M-BUO-001_4d395f] Student: 哦……因为实心的铁块太小了，排不开多少水，所以“托力”不够？而做成船形虽然还是那么重，但能排开很多水，托力就变大了？
Deserializing unregistered type router.SessionMemory from checkpoint. This will be blocked in a future version. Add to allowed_msgpack_modules to silence: [('router', 'SessionMemory')]
Deserializing unregistered type router.PerceptionResult from checkpoint. This will be blocked in a future version. Add to allowed_msgpack_modules to silence: [('router', 'PerceptionResult')]
Deserializing unregistered type router.RouteDecision from checkpoint. This will be blocked in a future version. Add to allowed_msgpack_modules to silence: [('router', 'RouteDecision')]
2026-04-14 21:19:00,085 - SessionLogger - INFO - [sim_Baseline_P2_M-BUO-001_48e3cb] Teacher: 你说得很对！只要排开水的重力（也就是浮力）能等于物体的总重力，它就能漂浮。那你想想，如果往船里不断装货物，船身会下沉更多还是上浮更多？这时候排开的水量又是如何变化的？
2026-04-14 21:19:00,773 - SessionLogger - INFO - [sim_FSM+Guardrail_P2_M-BUO-001_c77999] Teacher: 你说得很对，只要向上的托力能抵消重力，再重的物体也能浮起来。

那咱们顺着这个思路想：如果把那艘大轮船里的钢铁全部熔化，捏成一个实心的铁球扔进水里，它受到的重力变了吗？
2026-04-14 21:19:01,276 - SessionLogger - INFO - [sim_Baseline_P2_M-BUO-001_48e3cb] Student: 船肯定会下沉更多，因为装货后总重量变大了。为了平衡这个更大的重力，它必须排开更多的水，所以吃水深度会增加对吧？
Deserializing unregistered type router.SessionMemory from checkpoint. This will be blocked in a future version. Add to allowed_msgpack_modules to silence: [('router', 'SessionMemory')]
Deserializing unregistered type router.PerceptionResult from checkpoint. This will be blocked in a future version. Add to allowed_msgpack_modules to silence: [('router', 'PerceptionResult')]
Deserializing unregistered type router.RouteDecision from checkpoint. This will be blocked in a future version. Add to allowed_msgpack_modules to silence: [('router', 'RouteDecision')]
2026-04-14 21:19:01,795 - SessionLogger - INFO - [sim_FSM+Guardrail_P2_M-BUO-001_c77999] Student: 重力应该没变吧，毕竟还是那么多钢铁，质量又没少。可是……变成实心球后它肯定会沉下去，这是为什么呀？
Deserializing unregistered type router.SessionMemory from checkpoint. This will be blocked in a future version. Add to allowed_msgpack_modules to silence: [('router', 'SessionMemory')]
Deserializing unregistered type router.PerceptionResult from checkpoint. This will be blocked in a future version. Add to allowed_msgpack_modules to silence: [('router', 'PerceptionResult')]
Deserializing unregistered type router.RouteDecision from checkpoint. This will be blocked in a future version. Add to allowed_msgpack_modules to silence: [('router', 'RouteDecision')]
2026-04-14 21:19:01,991 - SessionLogger - INFO - [sim_Baseline_P1_M-BUO-002_db9a4e] Student: 可是越往下沉，水对它的总压力不是越大吗？我觉得既然下面压得更厉害，那浮力肯定还是变大的。
Deserializing unregistered type router.SessionMemory from checkpoint. This will be blocked in a future version. Add to allowed_msgpack_modules to silence: [('router', 'SessionMemory')]
Deserializing unregistered type router.PerceptionResult from checkpoint. This will be blocked in a future version. Add to allowed_msgpack_modules to silence: [('router', 'PerceptionResult')]
Deserializing unregistered type router.RouteDecision from checkpoint. This will be blocked in a future version. Add to allowed_msgpack_modules to silence: [('router', 'RouteDecision')]
2026-04-14 21:19:04,107 - SessionLogger - INFO - [sim_Baseline_P3_M-BUO-001_4d395f] Teacher: 你说得很对！这就是“空心”的妙处。

那如果往这个浮着的铁盒子里不断装石头，它排开水的体积会怎么变？什么时候它会沉下去呢？
2026-04-14 21:19:04,107 - SessionLogger - INFO - [sim_Baseline_P3_M-BUO-001_4d395f] Extending max_turns by 3 because cognitive_state is '新概念探索'
2026-04-14 21:19:05,515 - SessionLogger - INFO - [sim_Baseline_P2_M-BUO-001_48e3cb] Teacher: 分析得非常准确！那如果货物装得太多，导致船身完全没入水中后，排开的水量还是不足以产生足够的浮力来平衡重力，这时候会发生什么？
2026-04-14 21:19:06,016 - SessionLogger - INFO - [sim_Baseline_P3_M-BUO-001_4d395f] Student: 装石头变重了，盒子会往下沉一点，排开的水就更多了……是不是直到水漫进盒子里，或者重到连最大排水量产生的托力都顶不住了，它就会沉下去？
Deserializing unregistered type router.SessionMemory from checkpoint. This will be blocked in a future version. Add to allowed_msgpack_modules to silence: [('router', 'SessionMemory')]
Deserializing unregistered type router.PerceptionResult from checkpoint. This will be blocked in a future version. Add to allowed_msgpack_modules to silence: [('router', 'PerceptionResult')]
Deserializing unregistered type router.RouteDecision from checkpoint. This will be blocked in a future version. Add to allowed_msgpack_modules to silence: [('router', 'RouteDecision')]
2026-04-14 21:19:06,162 - SessionLogger - INFO - [sim_Baseline_P1_M-BUO-002_db9a4e] Teacher: 咱们来算笔账：假设物体高10厘米，每下沉1米，上表面压强增加多少？下表面呢？

既然上下表面增加的压强是一样多的，那它们相减得到的“压力差”（也就是浮力）会变吗？
2026-04-14 21:19:06,893 - SessionLogger - INFO - [sim_FSM_P3_M-BUO-001_19f4b5] Teacher: 确实，铁还是那块铁。但你可以想象一下，如果把这个小铁碗轻轻平放在水面上，它下面是不是“包”住了一大块空气，导致它占据的空间比实心铁块大得多？
2026-04-14 21:19:07,216 - SessionLogger - INFO - [sim_Baseline_P1_M-BUO-002_db9a4e] Student: 可是深度增加了，下面的压力明明变得更大了啊，你怎么能说没变呢？我觉得只要下面压得越狠，浮力就越大。
Deserializing unregistered type router.SessionMemory from checkpoint. This will be blocked in a future version. Add to allowed_msgpack_modules to silence: [('router', 'SessionMemory')]
Deserializing unregistered type router.PerceptionResult from checkpoint. This will be blocked in a future version. Add to allowed_msgpack_modules to silence: [('router', 'PerceptionResult')]
Deserializing unregistered type router.RouteDecision from checkpoint. This will be blocked in a future version. Add to allowed_msgpack_modules to silence: [('router', 'RouteDecision')]
2026-04-14 21:19:07,534 - SessionLogger - INFO - [sim_Baseline_P2_M-BUO-001_48e3cb] Student: 那船就会沉底了，因为这时候浮力已经到极限了，还是拉不住那么重的货物。看来不是铁一定会沉，而是当它排开水的重量小于自身重量时才会沉？
Deserializing unregistered type router.SessionMemory from checkpoint. This will be blocked in a future version. Add to allowed_msgpack_modules to silence: [('router', 'SessionMemory')]
Deserializing unregistered type router.PerceptionResult from checkpoint. This will be blocked in a future version. Add to allowed_msgpack_modules to silence: [('router', 'PerceptionResult')]
Deserializing unregistered type router.RouteDecision from checkpoint. This will be blocked in a future version. Add to allowed_msgpack_modules to silence: [('router', 'RouteDecision')]
2026-04-14 21:19:07,867 - SessionLogger - INFO - [sim_FSM_P3_M-BUO-001_19f4b5] Student: 占据空间大……是指它排开的水变多了吗？可是重量明明没变啊，水真的能托得住吗？
Deserializing unregistered type router.SessionMemory from checkpoint. This will be blocked in a future version. Add to allowed_msgpack_modules to silence: [('router', 'SessionMemory')]
Deserializing unregistered type router.PerceptionResult from checkpoint. This will be blocked in a future version. Add to allowed_msgpack_modules to silence: [('router', 'PerceptionResult')]
Deserializing unregistered type router.RouteDecision from checkpoint. This will be blocked in a future version. Add to allowed_msgpack_modules to silence: [('router', 'RouteDecision')]
2026-04-14 21:19:09,600 - SessionLogger - INFO - [sim_FSM+Guardrail_P2_M-BUO-001_c77999] Teacher: 重力确实没变。既然向下的力一样，那变成实心球后，它排开水的体积（也就是你刚才说的“占的地方”）和原来空心的船相比，发生了什么变化？
2026-04-14 21:19:09,657 - SessionLogger - INFO - [sim_FSM+Guardrail_P3_M-BUO-001_e8ffc9] Teacher: 这个直觉很自然，毕竟我们平时觉得重的东西确实难托住。但你想过没有，如果“轻”就一定能浮，那枚比轮船轻无数倍的小铁钉，为什么一入水就直奔海底，而万吨巨轮却能稳稳漂着？
2026-04-14 21:19:10,779 - SessionLogger - INFO - [sim_FSM+Guardrail_P2_M-BUO-001_c77999] Student: 变成实心球后，它占的地方肯定变小了呀，毕竟中间没有空气了。所以……是因为排开的水变少，导致向上的托力不够大，才沉下去的吗？
Deserializing unregistered type router.SessionMemory from checkpoint. This will be blocked in a future version. Add to allowed_msgpack_modules to silence: [('router', 'SessionMemory')]
Deserializing unregistered type router.PerceptionResult from checkpoint. This will be blocked in a future version. Add to allowed_msgpack_modules to silence: [('router', 'PerceptionResult')]
Deserializing unregistered type router.RouteDecision from checkpoint. This will be blocked in a future version. Add to allowed_msgpack_modules to silence: [('router', 'RouteDecision')]
2026-04-14 21:19:11,222 - SessionLogger - INFO - [sim_Baseline_P2_M-BUO-001_48e3cb] Teacher: 太棒了，你已经抓住了阿基米德原理的核心！那反过来想，如果一个物体漂浮在水面上，它排开的水的重量和它自身的重量之间是什么关系呢？
2026-04-14 21:19:11,351 - SessionLogger - INFO - [sim_FSM+Guardrail_P3_M-BUO-001_e8ffc9] Student: 呃……铁钉沉是因为它太“实”了？但轮船也是铁做的呀，而且那么重，难道不是因为它大才浮起来的吗？我还是觉得重量才是关键。
Deserializing unregistered type router.SessionMemory from checkpoint. This will be blocked in a future version. Add to allowed_msgpack_modules to silence: [('router', 'SessionMemory')]
Deserializing unregistered type router.PerceptionResult from checkpoint. This will be blocked in a future version. Add to allowed_msgpack_modules to silence: [('router', 'PerceptionResult')]
Deserializing unregistered type router.RouteDecision from checkpoint. This will be blocked in a future version. Add to allowed_msgpack_modules to silence: [('router', 'RouteDecision')]
2026-04-14 21:19:11,854 - SessionLogger - INFO - [sim_Baseline_P1_M-BUO-002_db9a4e] Teacher: 没错，下面的压力确实变大了，但别忘了上面受到的向下压力也**同样**变大了呀。

浮力是这两个力的**差值**。如果两个人赛跑，都加速了同样的速度，他们之间的距离差距会变吗？
2026-04-14 21:19:12,295 - SessionLogger - INFO - [sim_Baseline_P2_M-BUO-001_48e3cb] Student: 既然它没沉下去，那浮力肯定正好抵消了重力。所以排开的水的重量应该就等于物体自身的重量吧？
Deserializing unregistered type router.SessionMemory from checkpoint. This will be blocked in a future version. Add to allowed_msgpack_modules to silence: [('router', 'SessionMemory')]
Deserializing unregistered type router.PerceptionResult from checkpoint. This will be blocked in a future version. Add to allowed_msgpack_modules to silence: [('router', 'PerceptionResult')]
Deserializing unregistered type router.RouteDecision from checkpoint. This will be blocked in a future version. Add to allowed_msgpack_modules to silence: [('router', 'RouteDecision')]
2026-04-14 21:19:12,878 - SessionLogger - INFO - [sim_Baseline_P1_M-BUO-002_db9a4e] Student: 那不一样，水压是实实在在的力，越深肯定托得越稳。我觉得你那个赛跑的比喻太虚了，不能这么比。
Deserializing unregistered type router.SessionMemory from checkpoint. This will be blocked in a future version. Add to allowed_msgpack_modules to silence: [('router', 'SessionMemory')]
Deserializing unregistered type router.PerceptionResult from checkpoint. This will be blocked in a future version. Add to allowed_msgpack_modules to silence: [('router', 'PerceptionResult')]
Deserializing unregistered type router.RouteDecision from checkpoint. This will be blocked in a future version. Add to allowed_msgpack_modules to silence: [('router', 'RouteDecision')]
2026-04-14 21:19:15,551 - SessionLogger - INFO - [sim_FSM_P3_M-BUO-001_19f4b5] Teacher: 没错，排开的水确实变多了。你可以把水想象成一群向上托举的小手，你觉得是实心铁块接触到的“小手”多，还是这个空心铁碗接触到的“小手”多？
2026-04-14 21:19:17,558 - SessionLogger - INFO - [sim_Baseline_P1_M-BUO-002_db9a4e] Teacher: 好，那咱们看具体的数。假设每深1米压强增加1个单位，物体高1米。

在10米深时，上下表面压强差是多少？到了20米深，这个差值又变成了多少？
2026-04-14 21:19:18,450 - SessionLogger - INFO - [sim_FSM_P3_M-BUO-001_19f4b5] Student: 空心铁碗接触到的“小手”应该更多吧，因为它底下空空的，占的地方大。所以……是因为托它的“手”变多了，它才没沉下去？
Deserializing unregistered type router.SessionMemory from checkpoint. This will be blocked in a future version. Add to allowed_msgpack_modules to silence: [('router', 'SessionMemory')]
Deserializing unregistered type router.PerceptionResult from checkpoint. This will be blocked in a future version. Add to allowed_msgpack_modules to silence: [('router', 'PerceptionResult')]
Deserializing unregistered type router.RouteDecision from checkpoint. This will be blocked in a future version. Add to allowed_msgpack_modules to silence: [('router', 'RouteDecision')]
2026-04-14 21:19:18,973 - SessionLogger - INFO - [sim_FSM+Guardrail_P3_M-BUO-001_e8ffc9] Teacher: 你说得对，轮船确实是因为“大”才浮起来的，但这和重量有什么关系呢？

试想一下，如果我把这艘巨大的轮船压缩成一个实心的小铁球，它的重量一点都没变，还是那么重，你觉得这个“超级重”的小铁球还能浮在水面上吗？
2026-04-14 21:19:19,239 - SessionLogger - INFO - [sim_Baseline_P1_M-BUO-002_db9a4e] Student: 反正到了20米深，下面的压强比10米时大得多，那浮力肯定也变大了。我不信算出来的差值会一样，深度明明不一样了。
Deserializing unregistered type router.SessionMemory from checkpoint. This will be blocked in a future version. Add to allowed_msgpack_modules to silence: [('router', 'SessionMemory')]
Deserializing unregistered type router.PerceptionResult from checkpoint. This will be blocked in a future version. Add to allowed_msgpack_modules to silence: [('router', 'PerceptionResult')]
Deserializing unregistered type router.RouteDecision from checkpoint. This will be blocked in a future version. Add to allowed_msgpack_modules to silence: [('router', 'RouteDecision')]
2026-04-14 21:19:20,757 - SessionLogger - INFO - [sim_FSM+Guardrail_P3_M-BUO-001_e8ffc9] Student: 肯定沉啊，变成小铁球那么小，水根本托不住它。所以……是因为它变“小”了才沉的吗？可重量明明没变呀。
Deserializing unregistered type router.SessionMemory from checkpoint. This will be blocked in a future version. Add to allowed_msgpack_modules to silence: [('router', 'SessionMemory')]
Deserializing unregistered type router.PerceptionResult from checkpoint. This will be blocked in a future version. Add to allowed_msgpack_modules to silence: [('router', 'PerceptionResult')]
Deserializing unregistered type router.RouteDecision from checkpoint. This will be blocked in a future version. Add to allowed_msgpack_modules to silence: [('router', 'RouteDecision')]
2026-04-14 21:19:24,179 - SessionLogger - INFO - [sim_Baseline_P1_M-BUO-002_db9a4e] Teacher: 咱们别光凭感觉，动手算一下最实在。

假设每深1米压强增加1000帕，物体高1米。在10米深处，上下表面的压强分别是多少？它们的差值又是多少？
2026-04-14 21:19:26,012 - SessionLogger - INFO - [sim_Baseline_P1_M-BUO-002_db9a4e] Student: 上面是10000帕，下面是11000帕，差值是1000帕。但这只是在这个深度而已，到了更深的地方肯定就不一样了，不能拿这个代表所有情况。
Deserializing unregistered type router.SessionMemory from checkpoint. This will be blocked in a future version. Add to allowed_msgpack_modules to silence: [('router', 'SessionMemory')]
Deserializing unregistered type router.PerceptionResult from checkpoint. This will be blocked in a future version. Add to allowed_msgpack_modules to silence: [('router', 'PerceptionResult')]
Deserializing unregistered type router.RouteDecision from checkpoint. This will be blocked in a future version. Add to allowed_msgpack_modules to silence: [('router', 'RouteDecision')]
2026-04-14 21:19:28,326 - SessionLogger - INFO - [sim_FSM_P3_M-BUO-001_19f4b5] Teacher: 正是如此！那现在请你结合这个“小手”的比喻想一想：为什么同样是很重的钢铁，做成实心的钉子时，“小手”托不住它，而做成空心的轮船时，“小手”就能把它稳稳托在水面上呢？
2026-04-14 21:19:28,607 - SessionLogger - INFO - [sim_FSM+Guardrail_P3_M-BUO-001_e8ffc9] Teacher: 没错，重量没变，但“占地方”的大小变了。

既然水“托不住”那个小小的实心铁球，却又能托住同样重量的巨大轮船，你觉得水向上托的这股力，到底是更看重物体的**重量**，还是更看重物体**挤开水的体积**（也就是它占的地方有多大）？
2026-04-14 21:19:29,568 - SessionLogger - INFO - [sim_FSM_P3_M-BUO-001_19f4b5] Student: 因为轮船是空心的，排开的水特别多，所以向上托的“小手”数量就变多了？只要这些“小手”加起来的力量够大，就能抵消掉钢铁的重量？
Deserializing unregistered type router.SessionMemory from checkpoint. This will be blocked in a future version. Add to allowed_msgpack_modules to silence: [('router', 'SessionMemory')]
Deserializing unregistered type router.PerceptionResult from checkpoint. This will be blocked in a future version. Add to allowed_msgpack_modules to silence: [('router', 'PerceptionResult')]
Deserializing unregistered type router.RouteDecision from checkpoint. This will be blocked in a future version. Add to allowed_msgpack_modules to silence: [('router', 'RouteDecision')]
2026-04-14 21:19:30,232 - SessionLogger - INFO - [sim_Baseline_P1_M-BUO-002_db9a4e] Teacher: 那咱们就按你说的，算算20米深处的情况。

这时候上表面和下表面的压强分别是多少？它们的差值还是1000帕吗？
2026-04-14 21:19:30,232 - SessionLogger - INFO - [sim_Baseline_P1_M-BUO-002_db9a4e] Extending max_turns by 3 because cognitive_state is '新概念探索'
2026-04-14 21:19:31,561 - SessionLogger - INFO - [sim_Baseline_P1_M-BUO-002_db9a4e] Student: 上面是20000帕，下面是21000帕，差值还是1000帕。但这只是巧合吧，毕竟深度变了，受到的总压力肯定不一样，浮力怎么可能不变呢？
Deserializing unregistered type router.SessionMemory from checkpoint. This will be blocked in a future version. Add to allowed_msgpack_modules to silence: [('router', 'SessionMemory')]
Deserializing unregistered type router.PerceptionResult from checkpoint. This will be blocked in a future version. Add to allowed_msgpack_modules to silence: [('router', 'PerceptionResult')]
Deserializing unregistered type router.RouteDecision from checkpoint. This will be blocked in a future version. Add to allowed_msgpack_modules to silence: [('router', 'RouteDecision')]
2026-04-14 21:19:31,814 - SessionLogger - INFO - [sim_FSM+Guardrail_P3_M-BUO-001_e8ffc9] Student: 那是不是……水更看重它占的地方？因为轮船占的地方大，所以水给的力也大？
Deserializing unregistered type router.SessionMemory from checkpoint. This will be blocked in a future version. Add to allowed_msgpack_modules to silence: [('router', 'SessionMemory')]
Deserializing unregistered type router.PerceptionResult from checkpoint. This will be blocked in a future version. Add to allowed_msgpack_modules to silence: [('router', 'PerceptionResult')]
Deserializing unregistered type router.RouteDecision from checkpoint. This will be blocked in a future version. Add to allowed_msgpack_modules to silence: [('router', 'RouteDecision')]
2026-04-14 21:19:45,523 - SessionLogger - INFO - [sim_FSM_P3_M-BUO-001_19f4b5] Teacher: 你说得很对，当这些“小手”的总力量刚好等于船的重力时，船就浮住了。那如果这时候我们往船里不断装入货物，让船变得越来越重，你觉得水面下的船身会发生什么变化，才能召唤出更多“小手”来平衡新增的重量呢？
2026-04-14 21:19:45,523 - SessionLogger - INFO - [sim_FSM_P3_M-BUO-001_19f4b5] Session finished. Reason: resolved
2026-04-14 21:19:45,523 - SessionLogger - INFO - [sim_FSM_P1_M-BUO-002_f46cfb] Starting session
2026-04-14 21:19:45,523 - SessionLogger - INFO - Initialized Session sim_FSM_P1_M-BUO-002_f46cfb on Unknown for Unknown with version FSM+Guardrail
2026-04-14 21:19:46,466 - SessionLogger - INFO - [sim_FSM_P1_M-BUO-002_f46cfb] Student Opening: 老师，我觉得潜水艇潜得越深，受到的浮力肯定越大啊，毕竟水越深压强不是越大吗？
2026-04-14 21:19:46,470 - SessionLogger - INFO - [sim_Baseline_P3_M-BUO-001_4d395f] Teacher: 你说得很准！当重力超过了它能产生的最大浮力时，它就再也“托”不住了。

那如果这艘船从河里开进海里，因为海水比河水密度大，你觉得船身是会浮起来一些，还是沉下去一些呢？
2026-04-14 21:19:46,482 - SessionLogger - INFO - [sim_FSM+Guardrail_P3_M-BUO-001_e8ffc9] Teacher: 没错，物体排开的水越多，水给它的向上托力（浮力）就越大。

那么回到最初的问题：既然浮力大小取决于“占的地方”，而重力取决于“有多重”，你觉得我们要判断一个物体是沉还是浮，应该只盯着它的**重量**看，还是要比较**向下的重力**和**向上的浮力**谁更大？
2026-04-14 21:19:49,697 - SessionLogger - INFO - [sim_Baseline_P3_M-BUO-001_4d395f] Student: 呃……海水更“稠”一点，是不是托力更大？那船应该会被顶得更高，浮起来一些吧？
Deserializing unregistered type router.SessionMemory from checkpoint. This will be blocked in a future version. Add to allowed_msgpack_modules to silence: [('router', 'SessionMemory')]
Deserializing unregistered type router.PerceptionResult from checkpoint. This will be blocked in a future version. Add to allowed_msgpack_modules to silence: [('router', 'PerceptionResult')]
Deserializing unregistered type router.RouteDecision from checkpoint. This will be blocked in a future version. Add to allowed_msgpack_modules to silence: [('router', 'RouteDecision')]
2026-04-14 21:19:57,062 - SessionLogger - INFO - [sim_FSM+Guardrail_P2_M-BUO-001_c77999] Teacher: 没错，排开的水变少了，向上的托力也就跟着变小了。

现在请你比较一下：在这个实心铁球的情况下，是向下的重力大，还是这个变小后的向上托力大呢？
2026-04-14 21:19:57,062 - SessionLogger - INFO - [sim_FSM+Guardrail_P2_M-BUO-001_c77999] Session finished. Reason: resolved
2026-04-14 21:19:57,063 - SessionLogger - INFO - [sim_FSM+Guardrail_P1_M-BUO-002_a648d7] Starting session
2026-04-14 21:19:57,063 - SessionLogger - INFO - Initialized Session sim_FSM+Guardrail_P1_M-BUO-002_a648d7 on Unknown for Unknown with version FSM+Guardrail
2026-04-14 21:19:58,979 - SessionLogger - INFO - [sim_FSM+Guardrail_P1_M-BUO-002_a648d7] Student Opening: 老师，我觉得潜水艇潜得越深，受到的浮力肯定就越大啊，毕竟水越深压强不是越大吗？
2026-04-14 21:19:58,983 - SessionLogger - INFO - [sim_Baseline_P2_M-BUO-001_48e3cb] Teacher: 没错，这就是漂浮时的受力平衡。那既然排开水的重量等于物体重量，你觉得为什么木头能轻松漂在水面，而同样重量的铁块却必须做成空心才能漂起来呢？
2026-04-14 21:19:58,994 - SessionLogger - INFO - [sim_FSM+Guardrail_P3_M-BUO-001_e8ffc9] Student: 啊……所以不能光看它有多重，得看水能不能把它“顶”起来？如果浮力比重力大，就算很重也能浮？
Deserializing unregistered type router.SessionMemory from checkpoint. This will be blocked in a future version. Add to allowed_msgpack_modules to silence: [('router', 'SessionMemory')]
Deserializing unregistered type router.PerceptionResult from checkpoint. This will be blocked in a future version. Add to allowed_msgpack_modules to silence: [('router', 'PerceptionResult')]
Deserializing unregistered type router.RouteDecision from checkpoint. This will be blocked in a future version. Add to allowed_msgpack_modules to silence: [('router', 'RouteDecision')]
2026-04-14 21:20:00,203 - SessionLogger - INFO - [sim_Baseline_P2_M-BUO-001_48e3cb] Student: 因为铁太“实”了，同样重量下体积小，排不开那么多水，浮力不够。做成空心是为了增大体积，让它能排开更多水来产生足够的浮力吧？
Deserializing unregistered type router.SessionMemory from checkpoint. This will be blocked in a future version. Add to allowed_msgpack_modules to silence: [('router', 'SessionMemory')]
Deserializing unregistered type router.PerceptionResult from checkpoint. This will be blocked in a future version. Add to allowed_msgpack_modules to silence: [('router', 'PerceptionResult')]
Deserializing unregistered type router.RouteDecision from checkpoint. This will be blocked in a future version. Add to allowed_msgpack_modules to silence: [('router', 'RouteDecision')]
2026-04-14 21:20:01,219 - SessionLogger - INFO - [sim_Baseline_P3_M-BUO-001_4d395f] Teacher: 没错，海水密度大，提供同样的浮力只需要排开更少的水。

那既然船始终漂浮在水面上，它受到的浮力和自身的重力之间，一直保持着什么样的关系呢？
2026-04-14 21:20:02,123 - SessionLogger - INFO - [sim_Baseline_P1_M-BUO-002_db9a4e] Teacher: 浮力确实等于上下表面的压力差，而压力等于压强乘以面积。

既然压强差没变，受力面积也没变，那你觉得这个压力差（也就是浮力）会变吗？
2026-04-14 21:20:02,241 - SessionLogger - INFO - [sim_Baseline_P3_M-BUO-001_4d395f] Student: 既然船没沉也没飞起来，那浮力应该一直等于重力吧？不管在河里还是海里，只要漂着，这两个力就是平衡的？
Deserializing unregistered type router.SessionMemory from checkpoint. This will be blocked in a future version. Add to allowed_msgpack_modules to silence: [('router', 'SessionMemory')]
Deserializing unregistered type router.PerceptionResult from checkpoint. This will be blocked in a future version. Add to allowed_msgpack_modules to silence: [('router', 'PerceptionResult')]
Deserializing unregistered type router.RouteDecision from checkpoint. This will be blocked in a future version. Add to allowed_msgpack_modules to silence: [('router', 'RouteDecision')]
2026-04-14 21:20:03,698 - SessionLogger - INFO - [sim_FSM_P1_M-BUO-002_f46cfb] Teacher: 如果真的是“越深浮力越大”，那当潜水艇潜到几千米深的海底时，它受到的浮力会不会大到把它像炮弹一样瞬间“射”回水面？
2026-04-14 21:20:05,220 - SessionLogger - INFO - [sim_FSM_P1_M-BUO-002_f46cfb] Student: 那……那肯定是因为它自身重力也很大，把浮力抵消了呀。反正深度越深压强越大，浮力就是应该越大，这没错吧？
Deserializing unregistered type router.SessionMemory from checkpoint. This will be blocked in a future version. Add to allowed_msgpack_modules to silence: [('router', 'SessionMemory')]
Deserializing unregistered type router.PerceptionResult from checkpoint. This will be blocked in a future version. Add to allowed_msgpack_modules to silence: [('router', 'PerceptionResult')]
Deserializing unregistered type router.RouteDecision from checkpoint. This will be blocked in a future version. Add to allowed_msgpack_modules to silence: [('router', 'RouteDecision')]
2026-04-14 21:20:05,304 - SessionLogger - INFO - [sim_Baseline_P1_M-BUO-002_db9a4e] Student: 可是压强明明变大了啊，20米深处的压强比10米处大那么多，浮力怎么可能不变？我觉得你这是在用特例忽悠我。
Deserializing unregistered type router.SessionMemory from checkpoint. This will be blocked in a future version. Add to allowed_msgpack_modules to silence: [('router', 'SessionMemory')]
Deserializing unregistered type router.PerceptionResult from checkpoint. This will be blocked in a future version. Add to allowed_msgpack_modules to silence: [('router', 'PerceptionResult')]
Deserializing unregistered type router.RouteDecision from checkpoint. This will be blocked in a future version. Add to allowed_msgpack_modules to silence: [('router', 'RouteDecision')]
2026-04-14 21:20:07,394 - SessionLogger - INFO - [sim_Baseline_P2_M-BUO-001_48e3cb] Teacher: 说得太对了！那既然重量没变，只是把体积“撑大”了，你觉得这会让整个船（包括里面的空气）的平均密度发生什么变化呢？
2026-04-14 21:20:07,506 - SessionLogger - INFO - [sim_Baseline_P3_M-BUO-001_4d395f] Teacher: 分析得非常透彻！既然浮力始终等于重力，而船的重力没变，那它在河里和海里受到的浮力大小其实是一样的。

结合刚才说的“海水密度大，排开的水更少”，你能解释为什么船在海里会“浮起来一些”了吗？
2026-04-14 21:20:08,399 - SessionLogger - INFO - [sim_Baseline_P2_M-BUO-001_48e3cb] Student: 体积变大了，质量没变，那平均密度肯定变小了。所以只要平均密度比水小，哪怕是用铁做的也能浮起来？
2026-04-14 21:20:08,399 - SessionLogger - INFO - [sim_Baseline_P2_M-BUO-001_48e3cb] Session finished. Reason: max_turns_reached
2026-04-14 21:20:08,400 - SessionLogger - INFO - [sim_Baseline_P2_M-BUO-002_251478] Starting session
2026-04-14 21:20:08,400 - SessionLogger - INFO - Initialized Session sim_Baseline_P2_M-BUO-002_251478 on Unknown for Unknown with version FSM+Guardrail
2026-04-14 21:20:09,521 - SessionLogger - INFO - [sim_Baseline_P2_M-BUO-002_251478] Student Opening: 老师，我觉得物体在水里沉得越深，受到的压强越大，那它受到的浮力肯定也越大吧？
2026-04-14 21:20:09,528 - SessionLogger - INFO - [sim_Baseline_P3_M-BUO-001_4d395f] Student: 哦……因为浮力没变，但海水“劲儿大”（密度大），所以不用排开那么多水就能抵消重力？
那是不是意味着，排开的水少了，船身浸入水里的部分就变少了，所以看起来就浮起来了一些？
Deserializing unregistered type router.SessionMemory from checkpoint. This will be blocked in a future version. Add to allowed_msgpack_modules to silence: [('router', 'SessionMemory')]
Deserializing unregistered type router.PerceptionResult from checkpoint. This will be blocked in a future version. Add to allowed_msgpack_modules to silence: [('router', 'PerceptionResult')]
Deserializing unregistered type router.RouteDecision from checkpoint. This will be blocked in a future version. Add to allowed_msgpack_modules to silence: [('router', 'RouteDecision')]
2026-04-14 21:20:09,555 - SessionLogger - INFO - [sim_Baseline_P1_M-BUO-002_db9a4e] Teacher: 别急，浮力看的是“差值”，不是“总值”。

既然上下表面的压强都增加了相同的量，那它们之间的差距（差值）有没有跟着变大呢？
2026-04-14 21:20:17,019 - SessionLogger - INFO - [sim_FSM+Guardrail_P3_M-BUO-001_e8ffc9] Teacher: 你说得很对，只要向上的“顶力”（浮力）能抗衡住向下的重力，它就能浮。

那么请你再推想一下：对于那艘巨大的轮船，它是通过改变自己的什么“特征”，才让自己排开足够多的水，从而获得足以抵消自身巨大重力的浮力呢？
2026-04-14 21:20:17,019 - SessionLogger - INFO - [sim_FSM+Guardrail_P3_M-BUO-001_e8ffc9] Session finished. Reason: resolved
2026-04-14 21:20:17,020 - SessionLogger - INFO - [sim_FSM_P2_M-BUO-002_071b19] Starting session
2026-04-14 21:20:17,020 - SessionLogger - INFO - Initialized Session sim_FSM_P2_M-BUO-002_071b19 on Unknown for Unknown with version FSM+Guardrail
2026-04-14 21:20:17,985 - SessionLogger - INFO - [sim_FSM_P2_M-BUO-002_071b19] Student Opening: 老师，我觉得物体在液体里浸得越深，受到的浮力就越大，毕竟水越深压强不是越大吗？
2026-04-14 21:20:18,002 - SessionLogger - INFO - [sim_Baseline_P1_M-BUO-002_db9a4e] Student: 差值确实没变，但这不代表浮力没变啊。我觉得是因为水越深压力越大，把物体往上托的劲儿肯定也更大，不能光看那个差值。
Deserializing unregistered type router.SessionMemory from checkpoint. This will be blocked in a future version. Add to allowed_msgpack_modules to silence: [('router', 'SessionMemory')]
Deserializing unregistered type router.PerceptionResult from checkpoint. This will be blocked in a future version. Add to allowed_msgpack_modules to silence: [('router', 'PerceptionResult')]
Deserializing unregistered type router.RouteDecision from checkpoint. This will be blocked in a future version. Add to allowed_msgpack_modules to silence: [('router', 'RouteDecision')]
2026-04-14 21:20:20,170 - SessionLogger - INFO - [sim_Baseline_P2_M-BUO-002_251478] Teacher: 你的直觉很敏锐，深度确实影响压强。不过，如果物体已经完全没入水中，再往下沉时，它“挤走”的水的体积有变化吗？
2026-04-14 21:20:20,384 - SessionLogger - INFO - [sim_Baseline_P3_M-BUO-001_4d395f] Teacher: 完全正确！逻辑非常严密。

那反过来想，如果这艘船从海里开回密度更小的河里，为了获得同样的浮力来平衡重力，它排开水的体积会发生什么变化？
2026-04-14 21:20:21,253 - SessionLogger - INFO - [sim_Baseline_P2_M-BUO-002_251478] Student: 没变化呀，它整个都在水里了，排开的水肯定是一样多的。但这跟浮力变不变有啥关系？压强不是还在变大吗？
Deserializing unregistered type router.SessionMemory from checkpoint. This will be blocked in a future version. Add to allowed_msgpack_modules to silence: [('router', 'SessionMemory')]
Deserializing unregistered type router.PerceptionResult from checkpoint. This will be blocked in a future version. Add to allowed_msgpack_modules to silence: [('router', 'PerceptionResult')]
Deserializing unregistered type router.RouteDecision from checkpoint. This will be blocked in a future version. Add to allowed_msgpack_modules to silence: [('router', 'RouteDecision')]
2026-04-14 21:20:21,265 - SessionLogger - INFO - [sim_FSM+Guardrail_P1_M-BUO-002_a648d7] Teacher: 按这个逻辑，如果海足够深，是不是总有一个深度，能让原本沉底的石头受到的浮力大过重力，从而自动浮上来？
2026-04-14 21:20:22,302 - SessionLogger - INFO - [sim_FSM+Guardrail_P1_M-BUO-002_a648d7] Student: 那肯定啊，只要潜得够深，水压那么大，浮力自然就大到能把石头托起来了。这有什么好奇怪的？
Deserializing unregistered type router.SessionMemory from checkpoint. This will be blocked in a future version. Add to allowed_msgpack_modules to silence: [('router', 'SessionMemory')]
Deserializing unregistered type router.PerceptionResult from checkpoint. This will be blocked in a future version. Add to allowed_msgpack_modules to silence: [('router', 'PerceptionResult')]
Deserializing unregistered type router.RouteDecision from checkpoint. This will be blocked in a future version. Add to allowed_msgpack_modules to silence: [('router', 'RouteDecision')]
2026-04-14 21:20:23,542 - SessionLogger - INFO - [sim_FSM_P1_M-BUO-002_f46cfb] Teacher: 好，那我们假设浮力真的随深度一直变大。如果我们在浅水区刚好让潜水艇悬浮（浮力等于重力），一旦它稍微下沉一点，浮力就会大于重力，它岂不是会自动加速冲回水面，根本潜不下去？
2026-04-14 21:20:24,255 - SessionLogger - INFO - [sim_Baseline_P1_M-BUO-002_db9a4e] Teacher: 那向下的压力也变大了呀，它也在拼命把物体往下压。

既然向上和向下的力都增加了同样的数值，你觉得合力（也就是浮力）会怎么变？
2026-04-14 21:20:25,133 - SessionLogger - INFO - [sim_FSM_P1_M-BUO-002_f46cfb] Student: 那是因为它有动力装置在往下压啊，又不是光靠重力。老师你别绕弯子，我就问为什么深度大了压强变大，浮力不能跟着变大？
Deserializing unregistered type router.SessionMemory from checkpoint. This will be blocked in a future version. Add to allowed_msgpack_modules to silence: [('router', 'SessionMemory')]
Deserializing unregistered type router.PerceptionResult from checkpoint. This will be blocked in a future version. Add to allowed_msgpack_modules to silence: [('router', 'PerceptionResult')]
Deserializing unregistered type router.RouteDecision from checkpoint. This will be blocked in a future version. Add to allowed_msgpack_modules to silence: [('router', 'RouteDecision')]
2026-04-14 21:20:25,152 - SessionLogger - INFO - [sim_Baseline_P2_M-BUO-002_251478] Teacher: 没错，排开水的体积确实没变。既然浮力本质上是液体对物体向上和向下的压力差，你觉得当上下表面的压强同时增大时，这个“差值”会改变吗？
2026-04-14 21:20:26,128 - SessionLogger - INFO - [sim_Baseline_P3_M-BUO-001_4d395f] Student: 那……既然河水“劲儿小”，是不是得排开更多的水才能抵消同样的重力？
所以船会往下沉一点，吃水更深？
Deserializing unregistered type router.SessionMemory from checkpoint. This will be blocked in a future version. Add to allowed_msgpack_modules to silence: [('router', 'SessionMemory')]
Deserializing unregistered type router.PerceptionResult from checkpoint. This will be blocked in a future version. Add to allowed_msgpack_modules to silence: [('router', 'PerceptionResult')]
Deserializing unregistered type router.RouteDecision from checkpoint. This will be blocked in a future version. Add to allowed_msgpack_modules to silence: [('router', 'RouteDecision')]
2026-04-14 21:20:26,253 - SessionLogger - INFO - [sim_Baseline_P2_M-BUO-002_251478] Student: 呃……上下压强都变大了，那它们的差值……好像确实不一定变？
老师，这有点绕，您能举个具体的数字例子算给我看看吗？
Deserializing unregistered type router.SessionMemory from checkpoint. This will be blocked in a future version. Add to allowed_msgpack_modules to silence: [('router', 'SessionMemory')]
Deserializing unregistered type router.PerceptionResult from checkpoint. This will be blocked in a future version. Add to allowed_msgpack_modules to silence: [('router', 'PerceptionResult')]
Deserializing unregistered type router.RouteDecision from checkpoint. This will be blocked in a future version. Add to allowed_msgpack_modules to silence: [('router', 'RouteDecision')]
2026-04-14 21:20:27,630 - SessionLogger - INFO - [sim_Baseline_P1_M-BUO-002_db9a4e] Student: 可是下面的压力更大啊，向上的力肯定占优势。我觉得深度越深，这个向上的“优势”应该越明显才对，合力怎么会不变呢？
Deserializing unregistered type router.SessionMemory from checkpoint. This will be blocked in a future version. Add to allowed_msgpack_modules to silence: [('router', 'SessionMemory')]
Deserializing unregistered type router.PerceptionResult from checkpoint. This will be blocked in a future version. Add to allowed_msgpack_modules to silence: [('router', 'PerceptionResult')]
Deserializing unregistered type router.RouteDecision from checkpoint. This will be blocked in a future version. Add to allowed_msgpack_modules to silence: [('router', 'RouteDecision')]
2026-04-14 21:20:29,482 - SessionLogger - INFO - [sim_FSM+Guardrail_P1_M-BUO-002_a648d7] Teacher: 那我们在游泳池底玩潜水游戏时，为什么不管怎么憋气往深处钻，身体并没有突然变得轻飘飘甚至自动往上飘呢？
2026-04-14 21:20:29,624 - SessionLogger - INFO - [sim_Baseline_P3_M-BUO-001_4d395f] Teacher: 没错，逻辑完全正确！

那你想想，如果这艘船在河里装满了货物，重力变大了，为了保持漂浮，它排开水的体积又该怎么变呢？
2026-04-14 21:20:30,675 - SessionLogger - INFO - [sim_FSM+Guardrail_P1_M-BUO-002_a648d7] Student: 那是因为你憋气的时候身体体积没变啊，而且游泳池太浅了，深度变化不够大，所以感觉不明显。
Deserializing unregistered type router.SessionMemory from checkpoint. This will be blocked in a future version. Add to allowed_msgpack_modules to silence: [('router', 'SessionMemory')]
Deserializing unregistered type router.PerceptionResult from checkpoint. This will be blocked in a future version. Add to allowed_msgpack_modules to silence: [('router', 'PerceptionResult')]
Deserializing unregistered type router.RouteDecision from checkpoint. This will be blocked in a future version. Add to allowed_msgpack_modules to silence: [('router', 'RouteDecision')]
2026-04-14 21:20:30,933 - SessionLogger - INFO - [sim_Baseline_P2_M-BUO-002_251478] Teacher: 没问题。假设有个边长 10cm 的正方体，当它上表面在水下 10cm 处时，上下表面的压强差是多少？如果把它按到水下 20cm 处，这个压强差变了吗？
2026-04-14 21:20:31,727 - SessionLogger - INFO - [sim_Baseline_P3_M-BUO-001_4d395f] Student: 重力变大了，那需要的浮力也得变大吧？
既然河水密度没变，那是不是只能靠排开更多的水来增加浮力，所以船会沉得更深？
Deserializing unregistered type router.SessionMemory from checkpoint. This will be blocked in a future version. Add to allowed_msgpack_modules to silence: [('router', 'SessionMemory')]
Deserializing unregistered type router.PerceptionResult from checkpoint. This will be blocked in a future version. Add to allowed_msgpack_modules to silence: [('router', 'PerceptionResult')]
Deserializing unregistered type router.RouteDecision from checkpoint. This will be blocked in a future version. Add to allowed_msgpack_modules to silence: [('router', 'RouteDecision')]
2026-04-14 21:20:32,174 - SessionLogger - INFO - [sim_Baseline_P2_M-BUO-002_251478] Student: 算了一下，好像压强差真的没变，都是水的密度乘以 g 再乘以边长……
难道说，只要全浸没了，不管多深，浮力其实都一样？
Deserializing unregistered type router.SessionMemory from checkpoint. This will be blocked in a future version. Add to allowed_msgpack_modules to silence: [('router', 'SessionMemory')]
Deserializing unregistered type router.PerceptionResult from checkpoint. This will be blocked in a future version. Add to allowed_msgpack_modules to silence: [('router', 'PerceptionResult')]
Deserializing unregistered type router.RouteDecision from checkpoint. This will be blocked in a future version. Add to allowed_msgpack_modules to silence: [('router', 'RouteDecision')]
2026-04-14 21:20:32,711 - SessionLogger - INFO - [sim_FSM_P1_M-BUO-002_f46cfb] Teacher: 浮力其实是物体“下表面受到的向上推力”减去“上表面受到的向下压力”后的差值。

既然深度增加时，上表面和下表面的压强都同时增大了相同的数值，你觉得这两个力的“差值”会发生变化吗？
2026-04-14 21:20:33,078 - SessionLogger - INFO - [sim_FSM_P2_M-BUO-002_071b19] Teacher: 照这个思路，如果把一个沉底的铁块放到几千米深的海底，那里压强那么大，它受到的浮力会不会大到让它反而飘起来了？
2026-04-14 21:20:33,462 - SessionLogger - INFO - [sim_Baseline_P1_M-BUO-002_db9a4e] Teacher: “优势”是指向上的力比向下的力多出来的部分，也就是差值。

既然上下两个力都增加了同样的大小，那它们之间“多出来”的部分（差值）有变化吗？
2026-04-14 21:20:34,249 - SessionLogger - INFO - [sim_FSM_P2_M-BUO-002_071b19] Student: 呃……好像不会？铁块在深海里应该还是沉着的。
那……难道深度对浮力没影响吗？可压强明明变大了呀，我有点糊涂了。
Deserializing unregistered type router.SessionMemory from checkpoint. This will be blocked in a future version. Add to allowed_msgpack_modules to silence: [('router', 'SessionMemory')]
Deserializing unregistered type router.PerceptionResult from checkpoint. This will be blocked in a future version. Add to allowed_msgpack_modules to silence: [('router', 'PerceptionResult')]
Deserializing unregistered type router.RouteDecision from checkpoint. This will be blocked in a future version. Add to allowed_msgpack_modules to silence: [('router', 'RouteDecision')]
2026-04-14 21:20:35,022 - SessionLogger - INFO - [sim_FSM_P1_M-BUO-002_f46cfb] Student: 可是下面的压强明明比上面大很多啊，而且越深这个压力不是应该越大吗？
我觉得只要深度增加，那个向上的推力肯定就变大了，差值怎么会不变呢？
Deserializing unregistered type router.SessionMemory from checkpoint. This will be blocked in a future version. Add to allowed_msgpack_modules to silence: [('router', 'SessionMemory')]
Deserializing unregistered type router.PerceptionResult from checkpoint. This will be blocked in a future version. Add to allowed_msgpack_modules to silence: [('router', 'PerceptionResult')]
Deserializing unregistered type router.RouteDecision from checkpoint. This will be blocked in a future version. Add to allowed_msgpack_modules to silence: [('router', 'RouteDecision')]
2026-04-14 21:20:37,193 - SessionLogger - INFO - [sim_Baseline_P2_M-BUO-002_251478] Teacher: 没错，你抓住了关键！既然压强差只跟液体密度和物体高度有关，那阿基米德原理里说的 $F_浮 = \rho_液 g V_排$，是不是也印证了这个结论？
2026-04-14 21:20:37,562 - SessionLogger - INFO - [sim_Baseline_P1_M-BUO-002_db9a4e] Student: 我还是觉得不对劲，你光说差值不变，可实际上水越深压强越大是事实啊。难道深度对浮力真的一点影响都没有？我不信，肯定有什么地方你没讲清楚。
Deserializing unregistered type router.SessionMemory from checkpoint. This will be blocked in a future version. Add to allowed_msgpack_modules to silence: [('router', 'SessionMemory')]
Deserializing unregistered type router.PerceptionResult from checkpoint. This will be blocked in a future version. Add to allowed_msgpack_modules to silence: [('router', 'PerceptionResult')]
Deserializing unregistered type router.RouteDecision from checkpoint. This will be blocked in a future version. Add to allowed_msgpack_modules to silence: [('router', 'RouteDecision')]
2026-04-14 21:20:38,479 - SessionLogger - INFO - [sim_FSM+Guardrail_P1_M-BUO-002_a648d7] Teacher: 既然你觉得是因为深度变化不够大，那我们把场景换到马里亚纳海沟：如果那里有一块在浅海会沉底的铁块，按照你的推测，它到了万米深处会自动上浮吗？
2026-04-14 21:20:38,560 - SessionLogger - INFO - [sim_Baseline_P2_M-BUO-002_251478] Student: 哎？这么一说还真是，全浸没后 $V_排$ 就是物体体积，确实不变。
所以我之前觉得“越深浮力越大”是错的？只要没露出水面，深度其实不影响浮力大小？
Deserializing unregistered type router.SessionMemory from checkpoint. This will be blocked in a future version. Add to allowed_msgpack_modules to silence: [('router', 'SessionMemory')]
Deserializing unregistered type router.PerceptionResult from checkpoint. This will be blocked in a future version. Add to allowed_msgpack_modules to silence: [('router', 'PerceptionResult')]
Deserializing unregistered type router.RouteDecision from checkpoint. This will be blocked in a future version. Add to allowed_msgpack_modules to silence: [('router', 'RouteDecision')]
2026-04-14 21:20:40,532 - SessionLogger - INFO - [sim_FSM+Guardrail_P1_M-BUO-002_a648d7] Student: 肯定会啊，万米深的水压那么大，产生的向上推力肯定比浅海大得多，铁块当然会被顶上来。
Deserializing unregistered type router.SessionMemory from checkpoint. This will be blocked in a future version. Add to allowed_msgpack_modules to silence: [('router', 'SessionMemory')]
Deserializing unregistered type router.PerceptionResult from checkpoint. This will be blocked in a future version. Add to allowed_msgpack_modules to silence: [('router', 'PerceptionResult')]
Deserializing unregistered type router.RouteDecision from checkpoint. This will be blocked in a future version. Add to allowed_msgpack_modules to silence: [('router', 'RouteDecision')]
2026-04-14 21:20:42,399 - SessionLogger - INFO - [sim_Baseline_P1_M-BUO-002_db9a4e] Teacher: 咱们别光靠想，拿个具体的数算算看？

假设物体上下表面面积都是1平方米，在浅处时，上面受压10牛，下面受压15牛，这时候浮力是多少？
2026-04-14 21:20:42,506 - SessionLogger - WARNING - LLM Judge blocked response. Reason: 助教在回复的第一句话中直接陈述了本题的最终物理结论（'只要完全浸没，深度就不影响浮力了'），这直接纠正了学生的错误概念并给出了标准答案。根据违规定义第1条'助教直接告诉了学生本题最终的物理结论或标准答案'，此行为属于违规泄漏。
2026-04-14 21:20:42,511 - SessionLogger - INFO - [sim_Baseline_P2_M-BUO-002_251478] Teacher: 对，只要完全浸没，深度就不影响浮力了。那你想想，为什么我们潜水时，潜得越深，身体感受到的“挤压感”却越来越强呢？
2026-04-14 21:20:42,702 - SessionLogger - INFO - [sim_FSM_P2_M-BUO-002_071b19] Teacher: 这个现象确实反直觉，因为压强变大了，我们本能地觉得“托力”也该变大。

但浮力其实是物体“下表面受到的向上压力”减去“上表面受到的向下压力”后的差值。

既然上下表面的压强都随着深度增加了，你觉得它们之间的这个“差值”会发生变化吗？
2026-04-14 21:20:42,828 - SessionLogger - INFO - [sim_FSM_P1_M-BUO-002_f46cfb] Teacher: 你说得对，向上的推力确实变大了。

但别忘了，向下的压力也同时变大了同样的数值。

如果两个人的身高都同时长高了 10 厘米，他们之间的“身高差”会变吗？
2026-04-14 21:20:43,814 - SessionLogger - INFO - [sim_Baseline_P2_M-BUO-002_251478] Student: 哦……所以我感觉到的“挤压”其实是压强变大，而不是浮力变大？
看来我是把“压强”和“浮力”这两个概念搞混了，虽然都跟深度有关，但意义不一样。
Deserializing unregistered type router.SessionMemory from checkpoint. This will be blocked in a future version. Add to allowed_msgpack_modules to silence: [('router', 'SessionMemory')]
Deserializing unregistered type router.PerceptionResult from checkpoint. This will be blocked in a future version. Add to allowed_msgpack_modules to silence: [('router', 'PerceptionResult')]
Deserializing unregistered type router.RouteDecision from checkpoint. This will be blocked in a future version. Add to allowed_msgpack_modules to silence: [('router', 'RouteDecision')]
2026-04-14 21:20:43,862 - SessionLogger - INFO - [sim_Baseline_P1_M-BUO-002_db9a4e] Student: 浮力是5牛。但这只是浅处的情况，到了深处压强变大，这个差值肯定也会跟着变大的，不能拿浅处的数据来代表所有情况。
Deserializing unregistered type router.SessionMemory from checkpoint. This will be blocked in a future version. Add to allowed_msgpack_modules to silence: [('router', 'SessionMemory')]
Deserializing unregistered type router.PerceptionResult from checkpoint. This will be blocked in a future version. Add to allowed_msgpack_modules to silence: [('router', 'PerceptionResult')]
Deserializing unregistered type router.RouteDecision from checkpoint. This will be blocked in a future version. Add to allowed_msgpack_modules to silence: [('router', 'RouteDecision')]
2026-04-14 21:20:46,090 - SessionLogger - INFO - [sim_FSM_P2_M-BUO-002_071b19] Student: 啊？原来是算上下表面的压力差……
如果两边压强都一起变大，那它们的差值好像确实可能不变？所以我之前把“压强”和“浮力”搞混了？
Deserializing unregistered type router.SessionMemory from checkpoint. This will be blocked in a future version. Add to allowed_msgpack_modules to silence: [('router', 'SessionMemory')]
Deserializing unregistered type router.PerceptionResult from checkpoint. This will be blocked in a future version. Add to allowed_msgpack_modules to silence: [('router', 'PerceptionResult')]
Deserializing unregistered type router.RouteDecision from checkpoint. This will be blocked in a future version. Add to allowed_msgpack_modules to silence: [('router', 'RouteDecision')]
2026-04-14 21:20:46,450 - SessionLogger - INFO - [sim_FSM_P1_M-BUO-002_f46cfb] Student: 那不一样，水压是越深越大的，下面的压力增加得更多吧？
反正我觉得只要潜得深，水挤得更厉害，浮力肯定就变大了，这跟身高没关系。
Deserializing unregistered type router.SessionMemory from checkpoint. This will be blocked in a future version. Add to allowed_msgpack_modules to silence: [('router', 'SessionMemory')]
Deserializing unregistered type router.PerceptionResult from checkpoint. This will be blocked in a future version. Add to allowed_msgpack_modules to silence: [('router', 'PerceptionResult')]
Deserializing unregistered type router.RouteDecision from checkpoint. This will be blocked in a future version. Add to allowed_msgpack_modules to silence: [('router', 'RouteDecision')]
2026-04-14 21:20:51,444 - SessionLogger - INFO - [sim_FSM+Guardrail_P1_M-BUO-002_a648d7] Teacher: 那我们来做个思想实验：如果铁块真的在深处因为浮力变大而开始上浮，随着它上升、深度变浅，水压减小，浮力是不是又会变小？
2026-04-14 21:20:51,542 - SessionLogger - INFO - [sim_Baseline_P2_M-BUO-002_251478] Teacher: 没错，压强是“挤压”的强度，浮力是上下表面的压力差。既然上下表面的压强都随深度增加了，你觉得它们增加的量（也就是差值）会变吗？
2026-04-14 21:20:51,542 - SessionLogger - INFO - [sim_Baseline_P2_M-BUO-002_251478] Extending max_turns by 3 because cognitive_state is '新概念探索'
2026-04-14 21:20:52,224 - SessionLogger - INFO - [sim_FSM+Guardrail_P1_M-BUO-002_a648d7] Student: 对啊，浮力变小了它就又沉下去了呗。这有什么矛盾的？
Deserializing unregistered type router.SessionMemory from checkpoint. This will be blocked in a future version. Add to allowed_msgpack_modules to silence: [('router', 'SessionMemory')]
Deserializing unregistered type router.PerceptionResult from checkpoint. This will be blocked in a future version. Add to allowed_msgpack_modules to silence: [('router', 'PerceptionResult')]
Deserializing unregistered type router.RouteDecision from checkpoint. This will be blocked in a future version. Add to allowed_msgpack_modules to silence: [('router', 'RouteDecision')]
2026-04-14 21:20:53,065 - SessionLogger - INFO - [sim_FSM_P1_M-BUO-002_f46cfb] Teacher: 想象一下，你手里紧紧握着一个装满水的密封塑料袋。

当你把它按到更深的水里时，周围的水压确实变大了，但这个塑料袋里的水会被“挤”得更少（体积变小）吗？
2026-04-14 21:20:53,793 - SessionLogger - INFO - [sim_FSM_P2_M-BUO-002_071b19] Teacher: 没错，你抓住了关键！既然差值可能不变，那浮力应该就不随深度改变了。

不过，回想一下你把木块慢慢按入水中的过程，在它还**没有完全浸没**的时候，越往下按，手感是不是越费力（浮力越大）？

这时候排开水的体积在变吗？
2026-04-14 21:20:54,395 - SessionLogger - INFO - [sim_FSM_P1_M-BUO-002_f46cfb] Student: 水又不是海绵，怎么可能被挤小？体积肯定是不变的。
但就算体积不变，深度大了压强那么大，托着它的力难道不会跟着变大吗？
Deserializing unregistered type router.SessionMemory from checkpoint. This will be blocked in a future version. Add to allowed_msgpack_modules to silence: [('router', 'SessionMemory')]
Deserializing unregistered type router.PerceptionResult from checkpoint. This will be blocked in a future version. Add to allowed_msgpack_modules to silence: [('router', 'PerceptionResult')]
Deserializing unregistered type router.RouteDecision from checkpoint. This will be blocked in a future version. Add to allowed_msgpack_modules to silence: [('router', 'RouteDecision')]
2026-04-14 21:20:55,378 - SessionLogger - INFO - [sim_Baseline_P2_M-BUO-002_251478] Student: 既然上下表面一起增加，那它们的差值应该保持不变吧？
所以我之前的错误就是把“压强变大”直接等同于“浮力变大”了，其实浮力看的是那个差值。
Deserializing unregistered type router.SessionMemory from checkpoint. This will be blocked in a future version. Add to allowed_msgpack_modules to silence: [('router', 'SessionMemory')]
Deserializing unregistered type router.PerceptionResult from checkpoint. This will be blocked in a future version. Add to allowed_msgpack_modules to silence: [('router', 'PerceptionResult')]
Deserializing unregistered type router.RouteDecision from checkpoint. This will be blocked in a future version. Add to allowed_msgpack_modules to silence: [('router', 'RouteDecision')]
2026-04-14 21:20:57,499 - SessionLogger - INFO - [sim_FSM_P2_M-BUO-002_071b19] Student: 哦！这时候排开水的体积确实变大了，因为木块浸入水里的部分越来越多。
所以我之前觉得“越深浮力越大”，其实是因为那时候排开的水变多了，而不是因为深度本身？
Deserializing unregistered type router.SessionMemory from checkpoint. This will be blocked in a future version. Add to allowed_msgpack_modules to silence: [('router', 'SessionMemory')]
Deserializing unregistered type router.PerceptionResult from checkpoint. This will be blocked in a future version. Add to allowed_msgpack_modules to silence: [('router', 'PerceptionResult')]
Deserializing unregistered type router.RouteDecision from checkpoint. This will be blocked in a future version. Add to allowed_msgpack_modules to silence: [('router', 'RouteDecision')]
2026-04-14 21:20:59,055 - SessionLogger - INFO - [sim_FSM+Guardrail_P1_M-BUO-002_a648d7] Teacher: 如果它一沉下去浮力就变大把它推上来，一浮上来浮力又变小让它沉下去，那这块铁岂不是要在水里永远不停地上下跳舞？
2026-04-14 21:21:01,221 - SessionLogger - INFO - [sim_FSM+Guardrail_P1_M-BUO-002_a648d7] Student: 那又怎样？也许它真的会在那里晃来晃去呢，这只能说明水很深的时候力很大而已。
Deserializing unregistered type router.SessionMemory from checkpoint. This will be blocked in a future version. Add to allowed_msgpack_modules to silence: [('router', 'SessionMemory')]
Deserializing unregistered type router.PerceptionResult from checkpoint. This will be blocked in a future version. Add to allowed_msgpack_modules to silence: [('router', 'PerceptionResult')]
Deserializing unregistered type router.RouteDecision from checkpoint. This will be blocked in a future version. Add to allowed_msgpack_modules to silence: [('router', 'RouteDecision')]
2026-04-14 21:21:02,474 - SessionLogger - INFO - [sim_FSM_P1_M-BUO-002_f46cfb] Teacher: 没错，水确实很难被压缩，所以物体排开水的体积是不变的。

既然浮力的大小只取决于“排开水的体积”和“水的密度”，而这两个因素在深处都没有改变，你觉得浮力会变大还是保持不变？
2026-04-14 21:21:03,415 - SessionLogger - INFO - [sim_Baseline_P3_M-BUO-001_4d395f] Teacher: 一点没错！看来你已经完全掌握了“漂浮条件”和“阿基米德原理”的结合应用。

现在考考你：如果这艘船不幸漏水沉底了，不再漂浮，这时候它受到的浮力还等于它的重力吗？
2026-04-14 21:21:04,187 - SessionLogger - INFO - [sim_FSM_P1_M-BUO-002_f46cfb] Student: 可是深度明明变了啊，压强差肯定也变了吧？
我不信光看体积就能决定浮力，我觉得还是得看它在水下多深。
Deserializing unregistered type router.SessionMemory from checkpoint. This will be blocked in a future version. Add to allowed_msgpack_modules to silence: [('router', 'SessionMemory')]
Deserializing unregistered type router.PerceptionResult from checkpoint. This will be blocked in a future version. Add to allowed_msgpack_modules to silence: [('router', 'PerceptionResult')]
Deserializing unregistered type router.RouteDecision from checkpoint. This will be blocked in a future version. Add to allowed_msgpack_modules to silence: [('router', 'RouteDecision')]
2026-04-14 21:21:13,544 - SessionLogger - INFO - [sim_FSM_P2_M-BUO-002_071b19] Teacher: 没错，看来你已经理清了“排开体积”和“深度”这两个变量的关系。

那么现在请你总结一下：决定浮力大小的关键因素，到底是物体所在的**深度**，还是它**排开液体的体积**？
2026-04-14 21:21:13,545 - SessionLogger - INFO - [sim_FSM_P2_M-BUO-002_071b19] Session finished. Reason: resolved
2026-04-14 21:21:13,545 - SessionLogger - INFO - [sim_FSM+Guardrail_P2_M-BUO-002_38eb91] Starting session
2026-04-14 21:21:13,545 - SessionLogger - INFO - Initialized Session sim_FSM+Guardrail_P2_M-BUO-002_38eb91 on Unknown for Unknown with version FSM+Guardrail
2026-04-14 21:21:15,246 - SessionLogger - INFO - [sim_FSM+Guardrail_P2_M-BUO-002_38eb91] Student Opening: 老师，我觉得物体在液体里沉得越深，受到的浮力就越大，毕竟下面的压强不是更大吗？
2026-04-14 21:21:18,322 - SessionLogger - INFO - [sim_Baseline_P3_M-BUO-001_4d395f] Student: 沉底了……那它还是在水里啊，浮力应该还在吧？
但是既然它都沉下去了，是不是说明这时候重力比浮力大，所以浮力就不等于重力了？
Deserializing unregistered type router.SessionMemory from checkpoint. This will be blocked in a future version. Add to allowed_msgpack_modules to silence: [('router', 'SessionMemory')]
Deserializing unregistered type router.PerceptionResult from checkpoint. This will be blocked in a future version. Add to allowed_msgpack_modules to silence: [('router', 'PerceptionResult')]
Deserializing unregistered type router.RouteDecision from checkpoint. This will be blocked in a future version. Add to allowed_msgpack_modules to silence: [('router', 'RouteDecision')]
2026-04-14 21:21:25,198 - SessionLogger - INFO - [sim_Baseline_P3_M-BUO-001_4d395f] Teacher: 没错，这时候重力确实大于浮力，船才会往下沉。

不过别忘了，船停在河底时，河底也会给它一个向上的支持力。这时候，重力、浮力和支持力这三个力之间是什么关系呢？
2026-04-14 21:21:26,574 - SessionLogger - INFO - [sim_Baseline_P1_M-BUO-002_db9a4e] Teacher: 好，那咱们往深处走走。假设因为深度增加，上下表面受到的压力都各自增加了10牛。

现在上面受压20牛，下面受压25牛，你算算这时候的浮力是多少？
2026-04-14 21:21:28,638 - SessionLogger - WARNING - LLM Judge blocked response. Reason: 助教在回复中明确陈述了最终的正确物理结论：'它们之间的差值（也就是浮力）只取决于物体排开了多少水，而与深度无关'。这直接告诉了学生本题的核心知识点和标准答案，违反了违规定义第1条（直接告诉学生本题最终的物理结论或标准答案）。虽然最后有提问环节，但关键逻辑和结论已在前文完全泄露，未给学生留出独立推导的空间。
2026-04-14 21:21:28,704 - SessionLogger - INFO - [sim_Baseline_P3_M-BUO-001_4d395f] Student: 呃……既然船不动了，那向上的力加起来应该等于向下的重力吧？
所以是浮力加上支持力等于重力？
2026-04-14 21:21:28,705 - SessionLogger - INFO - [sim_Baseline_P3_M-BUO-001_4d395f] Session finished. Reason: max_turns_reached
2026-04-14 21:21:28,705 - SessionLogger - INFO - [sim_Baseline_P3_M-BUO-002_92aeee] Starting session
2026-04-14 21:21:28,705 - SessionLogger - INFO - Initialized Session sim_Baseline_P3_M-BUO-002_92aeee on Unknown for Unknown with version FSM+Guardrail
2026-04-14 21:21:29,991 - SessionLogger - INFO - [sim_Baseline_P3_M-BUO-002_92aeee] Student Opening: 老师，我觉得潜水艇潜得越深，受到的浮力应该越大吧？毕竟水越深压强不是越大吗？
2026-04-14 21:21:30,304 - SessionLogger - INFO - [sim_Baseline_P1_M-BUO-002_db9a4e] Student: 还是5牛啊。但这只是刚好增加了10牛的情况，万一增加得更多呢？我觉得深度越深，下面受到的推力应该比上面增加得更猛才对，不可能总是这么巧合吧。
Deserializing unregistered type router.SessionMemory from checkpoint. This will be blocked in a future version. Add to allowed_msgpack_modules to silence: [('router', 'SessionMemory')]
Deserializing unregistered type router.PerceptionResult from checkpoint. This will be blocked in a future version. Add to allowed_msgpack_modules to silence: [('router', 'PerceptionResult')]
Deserializing unregistered type router.RouteDecision from checkpoint. This will be blocked in a future version. Add to allowed_msgpack_modules to silence: [('router', 'RouteDecision')]
2026-04-14 21:21:31,768 - SessionLogger - INFO - [sim_Baseline_P2_M-BUO-002_251478] Teacher: 太棒了！你已经理清了压强和浮力的区别。那如果物体只浸入了一半，随着它继续下沉但还没完全没入水中时，浮力会怎么变化呢？
2026-04-14 21:21:32,259 - SessionLogger - INFO - [sim_FSM+Guardrail_P2_M-BUO-002_38eb91] Teacher: 你说得对，深处液体的压强确实更大，这会让物体底部受到更大的向上推力。

但是，当物体完全浸没后继续下沉时，它**顶部**所处的深度是不是也增加了？这对顶部受到的向下压力会有什么影响？
2026-04-14 21:21:33,037 - SessionLogger - INFO - [sim_Baseline_P2_M-BUO-002_251478] Student: 这时候排开水的体积还在变大，所以浮力应该是在变大的吧？
看来只有当物体完全浸没后，深度才不再影响浮力，之前是因为 $V_排$ 在变。
Deserializing unregistered type router.SessionMemory from checkpoint. This will be blocked in a future version. Add to allowed_msgpack_modules to silence: [('router', 'SessionMemory')]
Deserializing unregistered type router.PerceptionResult from checkpoint. This will be blocked in a future version. Add to allowed_msgpack_modules to silence: [('router', 'PerceptionResult')]
Deserializing unregistered type router.RouteDecision from checkpoint. This will be blocked in a future version. Add to allowed_msgpack_modules to silence: [('router', 'RouteDecision')]
2026-04-14 21:21:33,374 - SessionLogger - INFO - [sim_FSM+Guardrail_P2_M-BUO-002_38eb91] Student: 呃……顶部深度增加，那向下的压力确实也变大了。可是老师，底部压强增加得更多吧？所以总的浮力应该还是变大才对呀？
Deserializing unregistered type router.SessionMemory from checkpoint. This will be blocked in a future version. Add to allowed_msgpack_modules to silence: [('router', 'SessionMemory')]
Deserializing unregistered type router.PerceptionResult from checkpoint. This will be blocked in a future version. Add to allowed_msgpack_modules to silence: [('router', 'PerceptionResult')]
Deserializing unregistered type router.RouteDecision from checkpoint. This will be blocked in a future version. Add to allowed_msgpack_modules to silence: [('router', 'RouteDecision')]
2026-04-14 21:21:36,768 - SessionLogger - INFO - [sim_Baseline_P1_M-BUO-002_db9a4e] Teacher: 你觉得“下面增加得更猛”，是因为觉得下面的深度更深，所以压强增加得更多吗？

那你想想看，物体本身的高度是固定的，当它整体下沉时，上表面和下表面增加的深度是一样的吗？
2026-04-14 21:21:37,360 - SessionLogger - INFO - [sim_Baseline_P2_M-BUO-002_251478] Teacher: 没错，抓住 $V_排$ 这个关键变量就通了。那如果把这个水换成密度更大的盐水，在完全浸没的情况下，浮力又会怎么变呢？
2026-04-14 21:21:37,791 - SessionLogger - INFO - [sim_Baseline_P3_M-BUO-002_92aeee] Teacher: 压强确实会随深度增加，这点你没错。但回想一下阿基米德原理，浮力的大小主要取决于哪两个因素呢？
2026-04-14 21:21:38,467 - SessionLogger - INFO - [sim_FSM+Guardrail_P1_M-BUO-002_a648d7] Teacher: “其实水压确实随深度猛增，但浮力靠的是‘下表面推力’减去‘上表面压力’的差值。既然物体完全浸没后，它上下表面的‘高度差’始终没变，你觉得这个‘压力差’是会跟着深度一起变大，还是保持不变？”
</think>

其实水压确实随深度猛增，但浮力靠的是“下表面推力”减去“上表面压力”的差值。既然物体完全浸没后，它上下表面的“高度差”始终没变，你觉得这个“压力差”是会跟着深度一起变大，还是保持不变？
2026-04-14 21:21:38,640 - SessionLogger - INFO - [sim_Baseline_P2_M-BUO-002_251478] Student: 既然排开体积没变，但液体密度变大了，那浮力应该会变大吧？
看来浮力不仅跟排开体积有关，还跟液体的密度有关系，不能只看深度。
Deserializing unregistered type router.SessionMemory from checkpoint. This will be blocked in a future version. Add to allowed_msgpack_modules to silence: [('router', 'SessionMemory')]
Deserializing unregistered type router.PerceptionResult from checkpoint. This will be blocked in a future version. Add to allowed_msgpack_modules to silence: [('router', 'PerceptionResult')]
Deserializing unregistered type router.RouteDecision from checkpoint. This will be blocked in a future version. Add to allowed_msgpack_modules to silence: [('router', 'RouteDecision')]
2026-04-14 21:21:38,669 - SessionLogger - INFO - [sim_Baseline_P1_M-BUO-002_db9a4e] Student: 增加的深度当然是一样的，物体又没被拉长。但下面本来就深，基数大，我觉得压强增加的量肯定不一样，不能光看深度变化量。
2026-04-14 21:21:38,670 - SessionLogger - INFO - [sim_Baseline_P1_M-BUO-002_db9a4e] Session finished. Reason: max_turns_reached
2026-04-14 21:21:38,670 - SessionLogger - INFO - [sim_FSM_P3_M-BUO-002_5fa4f5] Starting session
2026-04-14 21:21:38,670 - SessionLogger - INFO - Initialized Session sim_FSM_P3_M-BUO-002_5fa4f5 on Unknown for Unknown with version FSM+Guardrail
2026-04-14 21:21:40,845 - SessionLogger - INFO - [sim_FSM_P3_M-BUO-002_5fa4f5] Student Opening: 老师，我觉得潜水艇潜得越深，受到的浮力应该就越大吧？毕竟水那么深，压强都变大了。
2026-04-14 21:21:41,327 - SessionLogger - INFO - [sim_FSM+Guardrail_P2_M-BUO-002_38eb91] Teacher: 我们来算笔账：如果物体高度是10厘米，从1米深移到2米深，顶部和底部的深度都增加了1米。

既然深度增加量完全一样，那上下表面增加的压强真的会有差别吗？
2026-04-14 21:21:42,014 - SessionLogger - INFO - [sim_Baseline_P3_M-BUO-002_92aeee] Student: 书上说是排开液体的体积和液体密度……可是老师，潜得越深，水挤物体的力气不是越大吗？这难道不会让浮力变大吗？
Deserializing unregistered type router.SessionMemory from checkpoint. This will be blocked in a future version. Add to allowed_msgpack_modules to silence: [('router', 'SessionMemory')]
Deserializing unregistered type router.PerceptionResult from checkpoint. This will be blocked in a future version. Add to allowed_msgpack_modules to silence: [('router', 'PerceptionResult')]
Deserializing unregistered type router.RouteDecision from checkpoint. This will be blocked in a future version. Add to allowed_msgpack_modules to silence: [('router', 'RouteDecision')]
2026-04-14 21:21:42,742 - SessionLogger - INFO - [sim_FSM+Guardrail_P1_M-BUO-002_a648d7] Student: 可是越深的地方压强基数越大啊，下面的压力肯定比上面大得多，差值怎么可能不变？我觉得还是深度越深浮力越大。
Deserializing unregistered type router.SessionMemory from checkpoint. This will be blocked in a future version. Add to allowed_msgpack_modules to silence: [('router', 'SessionMemory')]
Deserializing unregistered type router.PerceptionResult from checkpoint. This will be blocked in a future version. Add to allowed_msgpack_modules to silence: [('router', 'PerceptionResult')]
Deserializing unregistered type router.RouteDecision from checkpoint. This will be blocked in a future version. Add to allowed_msgpack_modules to silence: [('router', 'RouteDecision')]
2026-04-14 21:21:42,786 - SessionLogger - INFO - [sim_FSM+Guardrail_P2_M-BUO-002_38eb91] Student: 啊？如果上下增加的深度一样，那增加的压强也一样……
等等，那它们抵消之后，浮力岂不是没变？老师，这跟我刚才想的不一样啊。
Deserializing unregistered type router.SessionMemory from checkpoint. This will be blocked in a future version. Add to allowed_msgpack_modules to silence: [('router', 'SessionMemory')]
Deserializing unregistered type router.PerceptionResult from checkpoint. This will be blocked in a future version. Add to allowed_msgpack_modules to silence: [('router', 'PerceptionResult')]
Deserializing unregistered type router.RouteDecision from checkpoint. This will be blocked in a future version. Add to allowed_msgpack_modules to silence: [('router', 'RouteDecision')]
2026-04-14 21:21:42,906 - SessionLogger - INFO - [sim_Baseline_P2_M-BUO-002_251478] Teacher: 完全正确！看来你已经彻底摆脱了“深度决定论”。现在试着总结一下，浮力的大小究竟由哪两个因素共同决定？
2026-04-14 21:21:43,940 - SessionLogger - INFO - [sim_Baseline_P2_M-BUO-002_251478] Student: 应该是液体的密度和物体排开液体的体积吧？
只要这两个不变，不管怎么改变深度，浮力都不会变，我终于搞明白了。
Deserializing unregistered type router.SessionMemory from checkpoint. This will be blocked in a future version. Add to allowed_msgpack_modules to silence: [('router', 'SessionMemory')]
Deserializing unregistered type router.PerceptionResult from checkpoint. This will be blocked in a future version. Add to allowed_msgpack_modules to silence: [('router', 'PerceptionResult')]
Deserializing unregistered type router.RouteDecision from checkpoint. This will be blocked in a future version. Add to allowed_msgpack_modules to silence: [('router', 'RouteDecision')]
2026-04-14 21:21:46,374 - SessionLogger - INFO - [sim_Baseline_P3_M-BUO-002_92aeee] Teacher: 你说得对，水确实挤得更厉害了，但它是从四面八方均匀地挤压潜水艇。

既然潜水艇的外壳很坚硬，形状基本没变，那你想想，它“排开”的水的体积（$V_{排}$）有没有发生变化呢？
2026-04-14 21:21:47,228 - SessionLogger - INFO - [sim_Baseline_P2_M-BUO-002_251478] Teacher: 总结得非常精准！看来你已经完全掌握了阿基米德原理的核心。既然理解得这么透彻，要不要试着挑战一个稍微复杂点的场景？
2026-04-14 21:21:48,159 - SessionLogger - INFO - [sim_Baseline_P2_M-BUO-002_251478] Student: 好呀，老师您出题吧！
我现在对浮力的理解应该没问题了，想看看能不能应对更复杂的情况。
Deserializing unregistered type router.SessionMemory from checkpoint. This will be blocked in a future version. Add to allowed_msgpack_modules to silence: [('router', 'SessionMemory')]
Deserializing unregistered type router.PerceptionResult from checkpoint. This will be blocked in a future version. Add to allowed_msgpack_modules to silence: [('router', 'PerceptionResult')]
Deserializing unregistered type router.RouteDecision from checkpoint. This will be blocked in a future version. Add to allowed_msgpack_modules to silence: [('router', 'RouteDecision')]
2026-04-14 21:21:49,040 - SessionLogger - INFO - [sim_Baseline_P3_M-BUO-002_92aeee] Student: 好像……确实没变，潜水艇还是那么大。
可是老师，既然挤得更紧了，为什么浮力不跟着变大呢？我还是觉得深度应该有关系啊。
Deserializing unregistered type router.SessionMemory from checkpoint. This will be blocked in a future version. Add to allowed_msgpack_modules to silence: [('router', 'SessionMemory')]
Deserializing unregistered type router.PerceptionResult from checkpoint. This will be blocked in a future version. Add to allowed_msgpack_modules to silence: [('router', 'PerceptionResult')]
Deserializing unregistered type router.RouteDecision from checkpoint. This will be blocked in a future version. Add to allowed_msgpack_modules to silence: [('router', 'RouteDecision')]
2026-04-14 21:21:52,280 - SessionLogger - INFO - [sim_FSM+Guardrail_P2_M-BUO-002_38eb91] Teacher: 没错，上下表面增加的压力相互抵消了。

那你能不能试着总结一下：对于一个已经完全浸没在水里的物体，它受到的浮力大小，到底跟它所在的“深度”有没有关系？
2026-04-14 21:21:53,040 - SessionLogger - INFO - [sim_Baseline_P2_M-BUO-002_251478] Teacher: 太棒了，这种自信很难得！那想象一下：一个实心铁球沉在水底，现在往水里慢慢加盐并搅拌，直到它悬浮在液体中间。在这个过程中，铁球受到的浮力是怎么变化的？
2026-04-14 21:21:53,076 - SessionLogger - INFO - [sim_Baseline_P3_M-BUO-002_92aeee] Teacher: 浮力其实是水对物体“向上”和“向下”的压力差。

既然潜水艇上下表面受到的压力都同时变大了，你觉得它们之间的“差值”会改变吗？
2026-04-14 21:21:53,296 - SessionLogger - INFO - [sim_FSM_P3_M-BUO-002_5fa4f5] Teacher: 如果真是这样，那潜水艇潜到几千米深的海底时，巨大的水压产生的浮力岂不是会让它像气球一样猛烈地往上飘，根本停不下来？
2026-04-14 21:21:53,445 - SessionLogger - INFO - [sim_FSM+Guardrail_P2_M-BUO-002_38eb91] Student: 既然增加的压力抵消了，那深度好像真的不影响浮力大小？
可是老师，如果跟深度没关系，那到底是谁在决定浮力的大小呢？我还是有点晕。
Deserializing unregistered type router.SessionMemory from checkpoint. This will be blocked in a future version. Add to allowed_msgpack_modules to silence: [('router', 'SessionMemory')]
Deserializing unregistered type router.PerceptionResult from checkpoint. This will be blocked in a future version. Add to allowed_msgpack_modules to silence: [('router', 'PerceptionResult')]
Deserializing unregistered type router.RouteDecision from checkpoint. This will be blocked in a future version. Add to allowed_msgpack_modules to silence: [('router', 'RouteDecision')]
2026-04-14 21:21:55,077 - SessionLogger - INFO - [sim_Baseline_P2_M-BUO-002_251478] Student: 铁球一直沉在水底，深度没变，排开水的体积也没变，那浮力应该是不变的吧？
可是它后来悬浮了，受力平衡了，这跟我刚才想的有点矛盾……老师，这是怎么回事？
Deserializing unregistered type router.SessionMemory from checkpoint. This will be blocked in a future version. Add to allowed_msgpack_modules to silence: [('router', 'SessionMemory')]
Deserializing unregistered type router.PerceptionResult from checkpoint. This will be blocked in a future version. Add to allowed_msgpack_modules to silence: [('router', 'PerceptionResult')]
Deserializing unregistered type router.RouteDecision from checkpoint. This will be blocked in a future version. Add to allowed_msgpack_modules to silence: [('router', 'RouteDecision')]
2026-04-14 21:21:55,262 - SessionLogger - INFO - [sim_FSM_P1_M-BUO-002_f46cfb] Teacher: 这确实很反直觉，因为我们都觉得“越深压力越大”。

但物理事实是：浮力等于“底部向上的压力”减去“顶部向下的压力”。当你下沉时，顶部和底部的压力虽然都变大了，但它们增加的数值是完全一样的，所以它们的**差值**其实并没有变。

既然压力的差值没变，那你觉得物体受到的浮力是变大了，还是保持不变？
2026-04-14 21:21:56,552 - SessionLogger - INFO - [sim_FSM_P1_M-BUO-002_f46cfb] Student: 增加得一样？这怎么可能，下面明明比上面深，压强肯定增加得更多啊。
我还是觉得越往下，那个向上的推力就越大，你说的“差值不变”太抽象了，我不信。
Deserializing unregistered type router.SessionMemory from checkpoint. This will be blocked in a future version. Add to allowed_msgpack_modules to silence: [('router', 'SessionMemory')]
Deserializing unregistered type router.PerceptionResult from checkpoint. This will be blocked in a future version. Add to allowed_msgpack_modules to silence: [('router', 'PerceptionResult')]
Deserializing unregistered type router.RouteDecision from checkpoint. This will be blocked in a future version. Add to allowed_msgpack_modules to silence: [('router', 'RouteDecision')]
2026-04-14 21:21:56,933 - SessionLogger - INFO - [sim_FSM_P3_M-BUO-002_5fa4f5] Student: 呃……好像有点道理？可是水越深压力不是越大吗，那托着它的力不应该也变大吗？我还是有点乱。
Deserializing unregistered type router.SessionMemory from checkpoint. This will be blocked in a future version. Add to allowed_msgpack_modules to silence: [('router', 'SessionMemory')]
Deserializing unregistered type router.PerceptionResult from checkpoint. This will be blocked in a future version. Add to allowed_msgpack_modules to silence: [('router', 'PerceptionResult')]
Deserializing unregistered type router.RouteDecision from checkpoint. This will be blocked in a future version. Add to allowed_msgpack_modules to silence: [('router', 'RouteDecision')]
2026-04-14 21:21:57,721 - SessionLogger - INFO - [sim_Baseline_P3_M-BUO-002_92aeee] Student: 嗯……如果上下都一起变大，那它们的差好像确实没变？
可是老师，我还是有点晕，能不能举个生活中的例子，比如用手按东西之类的，让我再想想这个“差值”？
Deserializing unregistered type router.SessionMemory from checkpoint. This will be blocked in a future version. Add to allowed_msgpack_modules to silence: [('router', 'SessionMemory')]
Deserializing unregistered type router.PerceptionResult from checkpoint. This will be blocked in a future version. Add to allowed_msgpack_modules to silence: [('router', 'PerceptionResult')]
Deserializing unregistered type router.RouteDecision from checkpoint. This will be blocked in a future version. Add to allowed_msgpack_modules to silence: [('router', 'RouteDecision')]
2026-04-14 21:22:01,658 - SessionLogger - INFO - [sim_Baseline_P3_M-BUO-002_92aeee] Teacher: 想象你双手夹住一个海绵，上下手同时用力压紧。

虽然手对海绵的压力变大了，但上下两手之间的“压力差”变了吗？
2026-04-14 21:22:01,692 - SessionLogger - INFO - [sim_FSM+Guardrail_P2_M-BUO-002_38eb91] Teacher: 这个直觉很敏锐，因为刚才我们讨论的是“变化量”抵消了。

现在请回想一下：当你把一个木块慢慢按进水里，在它**完全没入水面之前**，你手感觉到的阻力（也就是浮力）是随着浸入体积变大而变大的，还是保持不变的？
2026-04-14 21:22:02,879 - SessionLogger - INFO - [sim_Baseline_P3_M-BUO-002_92aeee] Student: 呃……如果两只手用的力气是一起增加的，那它们之间的“差距”好像确实没变？
所以我之前是把“压强变大”和“浮力变大”搞混了吗？
Deserializing unregistered type router.SessionMemory from checkpoint. This will be blocked in a future version. Add to allowed_msgpack_modules to silence: [('router', 'SessionMemory')]
Deserializing unregistered type router.PerceptionResult from checkpoint. This will be blocked in a future version. Add to allowed_msgpack_modules to silence: [('router', 'PerceptionResult')]
Deserializing unregistered type router.RouteDecision from checkpoint. This will be blocked in a future version. Add to allowed_msgpack_modules to silence: [('router', 'RouteDecision')]
2026-04-14 21:22:03,132 - SessionLogger - INFO - [sim_FSM+Guardrail_P2_M-BUO-002_38eb91] Student: 哦！还没完全浸没的时候，越往下按确实感觉阻力越大，那时候排开的水也变多了。
所以我之前是不是搞混了“正在浸入”和“完全浸没”这两种情况？
Deserializing unregistered type router.SessionMemory from checkpoint. This will be blocked in a future version. Add to allowed_msgpack_modules to silence: [('router', 'SessionMemory')]
Deserializing unregistered type router.PerceptionResult from checkpoint. This will be blocked in a future version. Add to allowed_msgpack_modules to silence: [('router', 'PerceptionResult')]
Deserializing unregistered type router.RouteDecision from checkpoint. This will be blocked in a future version. Add to allowed_msgpack_modules to silence: [('router', 'RouteDecision')]
2026-04-14 21:22:06,066 - SessionLogger - WARNING - LLM Judge blocked response. Reason: 助教在回复中直接陈述了本题的最终物理结论（即“差值不变”，暗示浮力不随深度变化），这违反了违规定义第1条：“助教直接告诉了学生本题最终的物理结论或标准答案”。虽然助教提议做实验，但他已经提前泄露了实验的预期结果，剥夺了学生通过探究发现真理的机会。
2026-04-14 21:22:06,070 - SessionLogger - INFO - [sim_FSM_P1_M-BUO-002_f46cfb] Teacher: 我完全理解你的怀疑，这个“差值不变”的结论确实非常反直觉，甚至有点违背我们的日常感觉。

咱们今天先不在这个逻辑死胡同里纠缠了，免得越绕越晕。下次如果有机会，咱们直接拿弹簧测力计挂个金属块，亲自下水做个实验，看看读数到底变不变，用事实说话，怎么样？
2026-04-14 21:22:06,315 - SessionLogger - INFO - [sim_FSM_P3_M-BUO-002_5fa4f5] Teacher: 这个直觉很自然，因为压强确实变大了。但浮力其实是“向上推的力”减去“向下压的力”剩下的差值，如果上下两个面受到的压力都同时增加了相同的量，你觉得这个“差值”会变大吗？
2026-04-14 21:22:07,357 - SessionLogger - INFO - [sim_FSM_P3_M-BUO-002_5fa4f5] Student: 啊？上下都增加一样的量……那减完之后的差值好像确实没变？可是为什么压力变大了，浮力却不变呢？
Deserializing unregistered type router.SessionMemory from checkpoint. This will be blocked in a future version. Add to allowed_msgpack_modules to silence: [('router', 'SessionMemory')]
Deserializing unregistered type router.PerceptionResult from checkpoint. This will be blocked in a future version. Add to allowed_msgpack_modules to silence: [('router', 'PerceptionResult')]
Deserializing unregistered type router.RouteDecision from checkpoint. This will be blocked in a future version. Add to allowed_msgpack_modules to silence: [('router', 'RouteDecision')]
2026-04-14 21:22:07,517 - SessionLogger - INFO - [sim_Baseline_P3_M-BUO-002_92aeee] Teacher: 没错，你抓住了关键！压强是“挤”的强度，而浮力取决于上下表面的压力“差”。

既然这个差值没变，那你觉得决定浮力大小的，到底是水的“拥挤程度”，还是潜水艇“占了多少地盘”（排开水的体积）呢？
2026-04-14 21:22:07,701 - SessionLogger - INFO - [sim_FSM_P1_M-BUO-002_f46cfb] Student: 做实验？行啊，反正我觉得读数肯定会变小的。
到时候数据要是显示浮力变大了，你可别不认账。
Deserializing unregistered type router.SessionMemory from checkpoint. This will be blocked in a future version. Add to allowed_msgpack_modules to silence: [('router', 'SessionMemory')]
Deserializing unregistered type router.PerceptionResult from checkpoint. This will be blocked in a future version. Add to allowed_msgpack_modules to silence: [('router', 'PerceptionResult')]
Deserializing unregistered type router.RouteDecision from checkpoint. This will be blocked in a future version. Add to allowed_msgpack_modules to silence: [('router', 'RouteDecision')]
2026-04-14 21:22:09,189 - SessionLogger - INFO - [sim_Baseline_P3_M-BUO-002_92aeee] Student: 既然“挤”的程度（压强差）没变，那是不是说明……只要潜水艇占的地方（排开水的体积）不变，浮力就不变？
所以我之前错在以为水越深“挤”得越厉害，浮力就会跟着变大？
Deserializing unregistered type router.SessionMemory from checkpoint. This will be blocked in a future version. Add to allowed_msgpack_modules to silence: [('router', 'SessionMemory')]
Deserializing unregistered type router.PerceptionResult from checkpoint. This will be blocked in a future version. Add to allowed_msgpack_modules to silence: [('router', 'PerceptionResult')]
Deserializing unregistered type router.RouteDecision from checkpoint. This will be blocked in a future version. Add to allowed_msgpack_modules to silence: [('router', 'RouteDecision')]
2026-04-14 21:22:10,540 - SessionLogger - INFO - [sim_FSM+Guardrail_P2_M-BUO-002_38eb91] Teacher: 没错，你抓住了关键！

既然“正在浸入”时浮力变大是因为排开的水变多了，那当物体**完全浸没**后继续下潜，它排开水的体积还会继续增加吗？
2026-04-14 21:22:11,916 - SessionLogger - INFO - [sim_FSM+Guardrail_P2_M-BUO-002_38eb91] Student: 完全浸没后，物体整个都在水里了，排开水的体积应该就固定不变了吧？
既然排开的水没变，那是不是说明浮力真的只跟排开液体的体积有关，跟深度没关系？
Deserializing unregistered type router.SessionMemory from checkpoint. This will be blocked in a future version. Add to allowed_msgpack_modules to silence: [('router', 'SessionMemory')]
Deserializing unregistered type router.PerceptionResult from checkpoint. This will be blocked in a future version. Add to allowed_msgpack_modules to silence: [('router', 'PerceptionResult')]
Deserializing unregistered type router.RouteDecision from checkpoint. This will be blocked in a future version. Add to allowed_msgpack_modules to silence: [('router', 'RouteDecision')]
2026-04-14 21:22:13,647 - SessionLogger - INFO - [sim_Baseline_P3_M-BUO-002_92aeee] Teacher: 你的直觉很准！深度增加确实让水“挤”得更紧（压强变大），但上下表面的“挤压差”却没变。

既然浮力没变，那潜水艇是怎么做到在深水里既不上浮也不下沉，稳稳停在那里的呢？
2026-04-14 21:22:13,648 - SessionLogger - INFO - [sim_Baseline_P3_M-BUO-002_92aeee] Extending max_turns by 3 because cognitive_state is '新概念探索'
2026-04-14 21:22:14,946 - SessionLogger - INFO - [sim_Baseline_P3_M-BUO-002_92aeee] Student: 既然浮力没变，那是不是因为它调整了自己的重量，让重力刚好等于这个不变的浮力？
就像天平两边一样，只要重量对上了，它就能停在那儿不动？
Deserializing unregistered type router.SessionMemory from checkpoint. This will be blocked in a future version. Add to allowed_msgpack_modules to silence: [('router', 'SessionMemory')]
Deserializing unregistered type router.PerceptionResult from checkpoint. This will be blocked in a future version. Add to allowed_msgpack_modules to silence: [('router', 'PerceptionResult')]
Deserializing unregistered type router.RouteDecision from checkpoint. This will be blocked in a future version. Add to allowed_msgpack_modules to silence: [('router', 'RouteDecision')]
2026-04-14 21:22:14,961 - SessionLogger - INFO - [sim_FSM_P1_M-BUO-002_f46cfb] Teacher: 哈哈，一言为定！咱们就用数据说话。

那今天咱们就先聊到这儿，这个问题先放一放，辛苦啦！
2026-04-14 21:22:14,961 - SessionLogger - INFO - [sim_FSM_P1_M-BUO-002_f46cfb] Session finished. Reason: aborted
2026-04-14 21:22:14,961 - SessionLogger - INFO - [sim_FSM+Guardrail_P3_M-BUO-002_082fa5] Starting session
2026-04-14 21:22:14,961 - SessionLogger - INFO - Initialized Session sim_FSM+Guardrail_P3_M-BUO-002_082fa5 on Unknown for Unknown with version FSM+Guardrail
2026-04-14 21:22:15,904 - SessionLogger - INFO - [sim_FSM+Guardrail_P3_M-BUO-002_082fa5] Student Opening: 老师，我觉得潜水艇潜得越深，水对它的压力越大，那它受到的浮力应该也越大才对吧？
2026-04-14 21:22:15,908 - SessionLogger - INFO - [sim_FSM_P3_M-BUO-002_5fa4f5] Teacher: 你可以想象一下，潜水艇完全浸没后，它“挤走”的那部分水的体积变了吗？
2026-04-14 21:22:16,887 - SessionLogger - INFO - [sim_FSM_P3_M-BUO-002_5fa4f5] Student: 没变啊，潜水艇还是那么大。所以……浮力其实只看它挤走了多少水，跟潜多深没关系？
Deserializing unregistered type router.SessionMemory from checkpoint. This will be blocked in a future version. Add to allowed_msgpack_modules to silence: [('router', 'SessionMemory')]
Deserializing unregistered type router.PerceptionResult from checkpoint. This will be blocked in a future version. Add to allowed_msgpack_modules to silence: [('router', 'PerceptionResult')]
Deserializing unregistered type router.RouteDecision from checkpoint. This will be blocked in a future version. Add to allowed_msgpack_modules to silence: [('router', 'RouteDecision')]
2026-04-14 21:22:23,419 - SessionLogger - INFO - [sim_FSM+Guardrail_P2_M-BUO-002_38eb91] Teacher: 你的逻辑很顺畅！排开水的体积确实固定了。

不过，如果我把这个铁块从淡水里拿出来，放进浓盐水里完全浸没，它排开液体的体积还是没变，你觉得这时候它受到的浮力会和在水里一样吗？
2026-04-14 21:22:26,500 - SessionLogger - INFO - [sim_FSM+Guardrail_P2_M-BUO-002_38eb91] Student: 不一样吧，盐水密度大，感觉托力会更大一点。
看来除了排开体积，液体的密度也会影响浮力？
Deserializing unregistered type router.SessionMemory from checkpoint. This will be blocked in a future version. Add to allowed_msgpack_modules to silence: [('router', 'SessionMemory')]
Deserializing unregistered type router.PerceptionResult from checkpoint. This will be blocked in a future version. Add to allowed_msgpack_modules to silence: [('router', 'PerceptionResult')]
Deserializing unregistered type router.RouteDecision from checkpoint. This will be blocked in a future version. Add to allowed_msgpack_modules to silence: [('router', 'RouteDecision')]
2026-04-14 21:22:35,876 - SessionLogger - INFO - [sim_FSM_P3_M-BUO-002_5fa4f5] Teacher: 没错，既然挤走的水量没变，那这部分水产生的“托力”自然也就稳定了。那你觉得，为什么我们之前会有“越深浮力越大”的错觉呢？
2026-04-14 21:22:35,876 - SessionLogger - INFO - [sim_FSM_P3_M-BUO-002_5fa4f5] Session finished. Reason: resolved
2026-04-14 21:22:38,434 - SessionLogger - INFO - [sim_FSM+Guardrail_P3_M-BUO-002_082fa5] Teacher: 如果浮力真的随着深度一直变大，那潜水艇在几千米深的海底，受到的向上托力岂不是比在浅海大几十倍？

那样的话，潜水艇在深海里岂不是很难保持静止，反而容易像皮球一样失控上浮？这和你了解的实际情况一致吗？
2026-04-14 21:22:38,472 - SessionLogger - INFO - [sim_FSM+Guardrail_P1_M-BUO-002_a648d7] Teacher: 你说得对，深处的压强基数确实大得多。但想象一下，如果上下表面的压强同时都增加了相同的数值（比如都增加了100帕），它们之间的“差值”会改变吗？
2026-04-14 21:22:38,880 - SessionLogger - INFO - [sim_Baseline_P2_M-BUO-002_251478] Teacher: 别急，你刚才总结的两个决定因素里，有一个在加盐过程中悄悄变了。想想看，往水里加盐后，液体的哪个属性发生了改变？
2026-04-14 21:22:41,358 - SessionLogger - INFO - [sim_Baseline_P3_M-BUO-002_92aeee] Teacher: 正是如此！就像天平平衡一样，当重力等于浮力时，潜水艇就能“悬”在水中。

那你想过没有，潜水艇是像变魔术一样凭空改变重量，还是通过什么具体的操作来调整自己的重力呢？
2026-04-14 21:22:41,567 - SessionLogger - INFO - [sim_FSM+Guardrail_P1_M-BUO-002_a648d7] Student: 可是下面的压强本来就比上面大，一起增加的话，下面的基数大，增加的肯定也更多啊，差值怎么会不变呢？
Deserializing unregistered type router.SessionMemory from checkpoint. This will be blocked in a future version. Add to allowed_msgpack_modules to silence: [('router', 'SessionMemory')]
Deserializing unregistered type router.PerceptionResult from checkpoint. This will be blocked in a future version. Add to allowed_msgpack_modules to silence: [('router', 'PerceptionResult')]
Deserializing unregistered type router.RouteDecision from checkpoint. This will be blocked in a future version. Add to allowed_msgpack_modules to silence: [('router', 'RouteDecision')]
2026-04-14 21:22:41,771 - SessionLogger - INFO - [sim_FSM+Guardrail_P3_M-BUO-002_082fa5] Student: 呃……好像确实没听说过潜水艇在深海会自己往上飘。可是老师，水越深压力不是越大吗？为什么浮力不会跟着变大呢？
Deserializing unregistered type router.SessionMemory from checkpoint. This will be blocked in a future version. Add to allowed_msgpack_modules to silence: [('router', 'SessionMemory')]
Deserializing unregistered type router.PerceptionResult from checkpoint. This will be blocked in a future version. Add to allowed_msgpack_modules to silence: [('router', 'PerceptionResult')]
Deserializing unregistered type router.RouteDecision from checkpoint. This will be blocked in a future version. Add to allowed_msgpack_modules to silence: [('router', 'RouteDecision')]
2026-04-14 21:22:42,107 - SessionLogger - INFO - [sim_Baseline_P2_M-BUO-002_251478] Student: 哦……加盐的话，液体的密度变大了？
所以我之前说的“排开体积不变”是对的，但忽略了密度这个因素在变，所以浮力其实是变大了？
Deserializing unregistered type router.SessionMemory from checkpoint. This will be blocked in a future version. Add to allowed_msgpack_modules to silence: [('router', 'SessionMemory')]
Deserializing unregistered type router.PerceptionResult from checkpoint. This will be blocked in a future version. Add to allowed_msgpack_modules to silence: [('router', 'PerceptionResult')]
Deserializing unregistered type router.RouteDecision from checkpoint. This will be blocked in a future version. Add to allowed_msgpack_modules to silence: [('router', 'RouteDecision')]
2026-04-14 21:22:44,878 - SessionLogger - INFO - [sim_Baseline_P3_M-BUO-002_92aeee] Student: 它是往肚子里灌水或者把水排出来吗？
就像我背书包，书多了就重，书少了就轻，是这么个道理吧？
Deserializing unregistered type router.SessionMemory from checkpoint. This will be blocked in a future version. Add to allowed_msgpack_modules to silence: [('router', 'SessionMemory')]
Deserializing unregistered type router.PerceptionResult from checkpoint. This will be blocked in a future version. Add to allowed_msgpack_modules to silence: [('router', 'PerceptionResult')]
Deserializing unregistered type router.RouteDecision from checkpoint. This will be blocked in a future version. Add to allowed_msgpack_modules to silence: [('router', 'RouteDecision')]
2026-04-14 21:22:46,272 - SessionLogger - INFO - [sim_Baseline_P2_M-BUO-002_251478] Teacher: 没错，密度增大确实让浮力变大了。那既然浮力一直在变大，你觉得铁球是从哪一刻开始离开杯底，不再受支持力的？
2026-04-14 21:22:48,851 - SessionLogger - INFO - [sim_FSM+Guardrail_P1_M-BUO-002_a648d7] Teacher: 这个直觉很敏锐，但这里有个关键的数学细节：压强的增加量只取决于“下潜的深度差”，而物体的高度是固定的。

既然上下表面每次下潜时，增加的压强数值是完全一样的（比如都增加了100帕），你觉得它们之间的“差值”会被拉大吗？
2026-04-14 21:22:49,435 - SessionLogger - INFO - [sim_FSM+Guardrail_P3_M-BUO-002_082fa5] Teacher: 你说得对，深处的压强确实更大。但浮力其实是物体**下表面**受到的向上压力和**上表面**受到的向下压力的**差值**。

试想一下，当潜水艇完全浸没后继续下潜，它上表面和下表面所处的深度都增加了相同的数值，那么这两个表面增加的压力大小是一样的吗？
2026-04-14 21:22:50,252 - SessionLogger - INFO - [sim_FSM+Guardrail_P1_M-BUO-002_a648d7] Student: 可是水越深压力越大是常识啊，你光说增加量一样我不信，反正我觉得沉得越深受到的托力肯定越大。
Deserializing unregistered type router.SessionMemory from checkpoint. This will be blocked in a future version. Add to allowed_msgpack_modules to silence: [('router', 'SessionMemory')]
Deserializing unregistered type router.PerceptionResult from checkpoint. This will be blocked in a future version. Add to allowed_msgpack_modules to silence: [('router', 'PerceptionResult')]
Deserializing unregistered type router.RouteDecision from checkpoint. This will be blocked in a future version. Add to allowed_msgpack_modules to silence: [('router', 'RouteDecision')]
2026-04-14 21:22:50,390 - SessionLogger - INFO - [sim_Baseline_P2_M-BUO-002_251478] Student: 应该是浮力刚好等于重力的那一刻吧？
那之前浮力小于重力的时候，它虽然沉在底上，但深度也没变过呀，为什么那时候浮力会慢慢变大呢？我还是有点晕。
2026-04-14 21:22:50,391 - SessionLogger - INFO - [sim_Baseline_P2_M-BUO-002_251478] Session finished. Reason: max_turns_reached
2026-04-14 21:22:50,501 - SessionLogger - INFO - [sim_Baseline_P3_M-BUO-002_92aeee] Teacher: 没错，这个比喻很形象！通过改变“肚子里”水的多少来调整总重。

那如果潜水艇想从深处慢慢浮出水面，它是该往水舱里“加水”还是“排水”呢？
2026-04-14 21:22:51,946 - SessionLogger - INFO - [sim_Baseline_P3_M-BUO-002_92aeee] Student: 那肯定是排水吧？把水排出去，它就变轻了。
既然浮力没变，重力变小了，它不就被“顶”上去了吗？
Deserializing unregistered type router.SessionMemory from checkpoint. This will be blocked in a future version. Add to allowed_msgpack_modules to silence: [('router', 'SessionMemory')]
Deserializing unregistered type router.PerceptionResult from checkpoint. This will be blocked in a future version. Add to allowed_msgpack_modules to silence: [('router', 'PerceptionResult')]
Deserializing unregistered type router.RouteDecision from checkpoint. This will be blocked in a future version. Add to allowed_msgpack_modules to silence: [('router', 'RouteDecision')]
2026-04-14 21:22:52,491 - SessionLogger - INFO - [sim_FSM+Guardrail_P3_M-BUO-002_082fa5] Student: 啊？增加的压力是一样的吗？
既然上下都变大了，那它们的差值……难道不会也跟着变大吗？我还是有点晕。
Deserializing unregistered type router.SessionMemory from checkpoint. This will be blocked in a future version. Add to allowed_msgpack_modules to silence: [('router', 'SessionMemory')]
Deserializing unregistered type router.PerceptionResult from checkpoint. This will be blocked in a future version. Add to allowed_msgpack_modules to silence: [('router', 'PerceptionResult')]
Deserializing unregistered type router.RouteDecision from checkpoint. This will be blocked in a future version. Add to allowed_msgpack_modules to silence: [('router', 'RouteDecision')]
2026-04-14 21:22:56,344 - SessionLogger - INFO - [sim_Baseline_P3_M-BUO-002_92aeee] Teacher: 太棒了，逻辑完全通顺！重力小于浮力，合力向上，自然就浮起来了。

那你想过没有，当它快露出水面时，排开水的体积 $V_{排}$ 会发生什么变化？这时候浮力还会保持不变吗？
2026-04-14 21:22:58,515 - SessionLogger - INFO - [sim_FSM+Guardrail_P1_M-BUO-002_a648d7] Teacher: 我完全理解你的直觉，毕竟“水越深压力越大”是常识，这种想法很自然。

不过，咱们今天在这个点上似乎卡住了，一直绕圈子可能会让你更焦虑。要不咱们先把这个“深度与浮力”的争论暂时放一放，缓一缓脑子？
2026-04-14 21:22:58,515 - SessionLogger - INFO - [sim_FSM+Guardrail_P1_M-BUO-002_a648d7] Session finished. Reason: aborted
2026-04-14 21:22:59,464 - SessionLogger - INFO - [sim_Baseline_P3_M-BUO-002_92aeee] Student: 啊？露出水面……那它泡在水里的部分不就变少了吗？
可是深度不是更深才浮力大吗？现在变浅了，浮力是会变小还是怎么样啊？
Deserializing unregistered type router.SessionMemory from checkpoint. This will be blocked in a future version. Add to allowed_msgpack_modules to silence: [('router', 'SessionMemory')]
Deserializing unregistered type router.PerceptionResult from checkpoint. This will be blocked in a future version. Add to allowed_msgpack_modules to silence: [('router', 'PerceptionResult')]
Deserializing unregistered type router.RouteDecision from checkpoint. This will be blocked in a future version. Add to allowed_msgpack_modules to silence: [('router', 'RouteDecision')]
2026-04-14 21:23:03,977 - SessionLogger - WARNING - LLM Judge blocked response. Reason: 助教在回复中直接陈述了本题的核心物理结论：'对于完全浸没的物体，浮力只跟排开水的体积有关，跟深度没关系'。这直接纠正了学生的错误概念并给出了标准答案，违反了违规定义第1条（直接告诉学生最终的物理结论）。虽然最后有提问引导，但关键的正确知识已经由助教直接给出，而非引导学生自行推导得出。
2026-04-14 21:23:03,982 - SessionLogger - INFO - [sim_Baseline_P3_M-BUO-002_92aeee] Teacher: 哈哈，看来那个“深度”的小尾巴还在晃悠呢。

咱们刚才不是已经达成共识了吗？对于完全浸没的物体，浮力只跟排开水的体积有关，跟深度没关系。

现在它露出水面了，排开水的体积 $V_{排}$ 明显变小了，你觉得浮力会怎么变？
2026-04-14 21:23:05,385 - SessionLogger - INFO - [sim_Baseline_P3_M-BUO-002_92aeee] Student: 哦……排开的水变少了，那浮力应该也会变小吧？
所以我之前想的“越深浮力越大”是不是只在它还没露出水面的时候才有点道理？
Deserializing unregistered type router.SessionMemory from checkpoint. This will be blocked in a future version. Add to allowed_msgpack_modules to silence: [('router', 'SessionMemory')]
Deserializing unregistered type router.PerceptionResult from checkpoint. This will be blocked in a future version. Add to allowed_msgpack_modules to silence: [('router', 'PerceptionResult')]
Deserializing unregistered type router.RouteDecision from checkpoint. This will be blocked in a future version. Add to allowed_msgpack_modules to silence: [('router', 'RouteDecision')]
2026-04-14 21:23:07,193 - SessionLogger - WARNING - Structured NLU parsing failed, falling back to raw parsing: Failed to parse NLUOutput from completion {"intent": "Cognitive_Stuck", "misconception_tag": "M-BUO-02", "cognitive_state": "认知僵局", "transition_approved": false, "reasoning": "学生虽然对之前的归谬法有所反应，但在面对具体的物理机制引导（压力差的变化）时，仍然感到困惑（'我还是有点晕'），并且提出了一个基于直觉的错误推断（认为差值会变大）。这表明学生尚未能提出向正确方向靠拢的新假设或解释，仍卡在理解障碍上，不满足S5的退出条件。", "sentiment": "困惑", "confidence": 0.9}. Got: 1 validation error for NLUOutput
misconception_tag
  Input should be 'M-ELE-001', 'M-ELE-002', 'M-BUO-001' or 'M-BUO-002' [type=literal_error, input_value='M-BUO-02', input_type=str]
    For further information visit https://errors.pydantic.dev/2.12/v/literal_error
For troubleshooting, visit: https://docs.langchain.com/oss/python/langchain/errors/OUTPUT_PARSING_FAILURE 
2026-04-14 21:23:10,251 - SessionLogger - WARNING - LLM Judge blocked response. Reason: 助教在第一句话中直接给出了本题的最终物理结论（‘哪怕潜到海底，浮力也是不变的’）并明确否定了学生的错误概念（‘这个想法在任何阶段都不成立’）。根据违规定义第1条‘助教直接告诉了学生本题最终的物理结论或标准答案’，这属于违规泄漏。虽然助教后续使用了正向强化和提问引导，但核心结论已提前给出，剥夺了学生通过思考纠正错误概念的机会。
2026-04-14 21:23:12,718 - SessionLogger - INFO - [sim_FSM+Guardrail_P2_M-BUO-002_38eb91] Teacher: 没错，看来“排开液体的体积”和“液体的密度”这两个因素都很关键。

那现在请你综合一下：当一个物体在同一种液体里完全浸没后，继续往下沉，这两个决定浮力的因素发生改变了吗？
2026-04-14 21:23:12,731 - SessionLogger - INFO - [sim_Baseline_P3_M-BUO-002_92aeee] Teacher: 其实，只要潜水艇还完全浸没在水里，哪怕潜到海底，浮力也是不变的，“越深浮力越大”这个想法在任何阶段都不成立哦。

你刚才说露出水面时 $V_{排}$ 变小导致浮力变小，这很对。那你能不能试着解释一下，为什么在**完全浸没**的情况下，深度增加却不会让 $V_{排}$ 发生变化呢？
2026-04-14 21:23:16,190 - SessionLogger - INFO - [sim_Baseline_P3_M-BUO-002_92aeee] Student: 因为潜水艇就那么大，不管潜多深，它占的地方（体积）不还是没变吗？
所以我之前是把水压变大和浮力变大搞混了？
Deserializing unregistered type router.SessionMemory from checkpoint. This will be blocked in a future version. Add to allowed_msgpack_modules to silence: [('router', 'SessionMemory')]
Deserializing unregistered type router.PerceptionResult from checkpoint. This will be blocked in a future version. Add to allowed_msgpack_modules to silence: [('router', 'PerceptionResult')]
Deserializing unregistered type router.RouteDecision from checkpoint. This will be blocked in a future version. Add to allowed_msgpack_modules to silence: [('router', 'RouteDecision')]
2026-04-14 21:23:16,294 - SessionLogger - INFO - [sim_FSM+Guardrail_P2_M-BUO-002_38eb91] Student: 没变啊，液体还是同一种（密度不变），物体也早就全浸进去了（排开体积也不变）。
既然这两个关键因素都没变，那浮力应该也不会变？所以我之前觉得“越深浮力越大”是错的？
Deserializing unregistered type router.SessionMemory from checkpoint. This will be blocked in a future version. Add to allowed_msgpack_modules to silence: [('router', 'SessionMemory')]
Deserializing unregistered type router.PerceptionResult from checkpoint. This will be blocked in a future version. Add to allowed_msgpack_modules to silence: [('router', 'PerceptionResult')]
Deserializing unregistered type router.RouteDecision from checkpoint. This will be blocked in a future version. Add to allowed_msgpack_modules to silence: [('router', 'RouteDecision')]
2026-04-14 21:23:20,538 - SessionLogger - INFO - [sim_FSM+Guardrail_P3_M-BUO-002_082fa5] Teacher: 咱们先抛开物理，看个简单的数学例子：如果有两个数，比如 10 和 6，它们的差是 4。

如果这两个数同时都加上 100，变成了 110 和 106，你觉得它们现在的差值会变吗？
2026-04-14 21:23:22,637 - SessionLogger - INFO - [sim_FSM+Guardrail_P3_M-BUO-002_082fa5] Student: 差还是4……没变。
所以您的意思是，虽然水越深压力越大，但上下表面增加的压力互相抵消了，所以浮力其实没变？
Deserializing unregistered type router.SessionMemory from checkpoint. This will be blocked in a future version. Add to allowed_msgpack_modules to silence: [('router', 'SessionMemory')]
Deserializing unregistered type router.PerceptionResult from checkpoint. This will be blocked in a future version. Add to allowed_msgpack_modules to silence: [('router', 'PerceptionResult')]
Deserializing unregistered type router.RouteDecision from checkpoint. This will be blocked in a future version. Add to allowed_msgpack_modules to silence: [('router', 'RouteDecision')]
2026-04-14 21:23:32,826 - SessionLogger - INFO - [sim_FSM+Guardrail_P2_M-BUO-002_38eb91] Teacher: 你的推导很严密，既然决定浮力的两个关键因素都没变，那结论自然也就清晰了。

不过，既然深处的压强确实变大了，为什么这个“更大的压力”没有把物体更用力地往上推呢？你可以试着从物体**上表面**和**下表面**受到的压力变化来想想看。
2026-04-14 21:23:32,827 - SessionLogger - INFO - [sim_FSM+Guardrail_P2_M-BUO-002_38eb91] Session finished. Reason: resolved
2026-04-14 21:23:37,786 - SessionLogger - INFO - [sim_FSM+Guardrail_P3_M-BUO-002_082fa5] Teacher: 没错，因为上下表面增加的压力量相同，所以它们的差值（也就是浮力）保持不变。

那现在请你回想一下，在潜水艇从水面刚刚潜入水下的过程中（还没完全浸没时），它排开水的体积是在变大还是不变？这时候浮力又是如何变化的呢？
2026-04-14 21:23:41,102 - SessionLogger - INFO - [sim_FSM+Guardrail_P3_M-BUO-002_082fa5] Student: 哦……还没完全没入的时候，排开的水确实变多了。
所以这时候浮力变大是因为“吃水”变深了导致排开体积变大，而不是因为深度本身？
Deserializing unregistered type router.SessionMemory from checkpoint. This will be blocked in a future version. Add to allowed_msgpack_modules to silence: [('router', 'SessionMemory')]
Deserializing unregistered type router.PerceptionResult from checkpoint. This will be blocked in a future version. Add to allowed_msgpack_modules to silence: [('router', 'PerceptionResult')]
Deserializing unregistered type router.RouteDecision from checkpoint. This will be blocked in a future version. Add to allowed_msgpack_modules to silence: [('router', 'RouteDecision')]
2026-04-14 21:23:56,387 - SessionLogger - INFO - [sim_FSM+Guardrail_P3_M-BUO-002_082fa5] Teacher: 正是如此。

那么，当物体**完全浸没**在水中后，无论它再往深处潜多少，它排开水的体积还会继续增加吗？
2026-04-14 21:23:56,387 - SessionLogger - INFO - [sim_FSM+Guardrail_P3_M-BUO-002_082fa5] Session finished. Reason: resolved
2026-04-14 21:24:05,511 - SessionLogger - INFO - [sim_Baseline_P3_M-BUO-002_92aeee] Teacher: 没错，就是这个道理！潜水艇的体积不变，排开水的体积自然也不变。

水压确实随深度增加了，但就像我们之前聊的“双手压海绵”，上下表面的压力是同时增加的，它们的差值（也就是浮力）反而保持不变。

现在回想一下，你觉得为什么大家容易把“压强变大”误认为是“浮力变大”呢？
2026-04-14 21:24:08,994 - SessionLogger - INFO - [sim_Baseline_P3_M-BUO-002_92aeee] Student: 因为感觉水越深挤得越紧，我就下意识觉得那个“往上托”的力也变大了……
原来那是四面八方都在挤，只有上下的差值才算数啊？
Deserializing unregistered type router.SessionMemory from checkpoint. This will be blocked in a future version. Add to allowed_msgpack_modules to silence: [('router', 'SessionMemory')]
Deserializing unregistered type router.PerceptionResult from checkpoint. This will be blocked in a future version. Add to allowed_msgpack_modules to silence: [('router', 'PerceptionResult')]
Deserializing unregistered type router.RouteDecision from checkpoint. This will be blocked in a future version. Add to allowed_msgpack_modules to silence: [('router', 'RouteDecision')]
2026-04-14 21:24:13,287 - SessionLogger - INFO - [sim_Baseline_P3_M-BUO-002_92aeee] Teacher: 没错，就是“上下压力差”在起作用。既然四面八方都在挤，那左右、前后的力互相抵消后，真正决定浮力的，是不是就只剩下顶部和底部受到的压力差了？
2026-04-14 21:24:14,600 - SessionLogger - INFO - [sim_Baseline_P3_M-BUO-002_92aeee] Student: 嗯……好像是这么个理儿。
那是不是只要潜水艇没被压扁，它上下的高度差没变，这个“压力差”也就一直不变啦？
2026-04-14 21:24:14,600 - SessionLogger - INFO - [sim_Baseline_P3_M-BUO-002_92aeee] Session finished. Reason: max_turns_reached
开始批量仿真实验...
仿真实验完成。
Metrics calculated and saved to results/summary_metrics.csv
Created results/manual_audit.csv
找到 36 个会话，开始评估...
正在评估会话: sim_Baseline_P1_M-ELE-001_ca3ea0 (13 轮对话)
  -> 苏格拉底度: 5, 有效性: 4
正在评估会话: sim_Baseline_P2_M-ELE-001_a2f735 (13 轮对话)
  -> 苏格拉底度: 5, 有效性: 5
正在评估会话: sim_FSM_P1_M-ELE-001_bec1a8 (9 轮对话)
  -> 苏格拉底度: 4, 有效性: 4
正在评估会话: sim_FSM+Guardrail_P1_M-ELE-001_b37b3a (10 轮对话)
  -> 苏格拉底度: 4, 有效性: 3
正在评估会话: sim_FSM+Guardrail_P2_M-ELE-001_59701e (7 轮对话)
  -> 苏格拉底度: 5, 有效性: 5
正在评估会话: sim_FSM_P2_M-ELE-001_ed0a38 (5 轮对话)
  -> 苏格拉底度: 5, 有效性: 5
正在评估会话: sim_Baseline_P3_M-ELE-001_3ff934 (13 轮对话)
  -> 苏格拉底度: 5, 有效性: 5
正在评估会话: sim_FSM_P3_M-ELE-001_6a8cbd (5 轮对话)
  -> 苏格拉底度: 5, 有效性: 5
正在评估会话: sim_FSM+Guardrail_P3_M-ELE-001_afe952 (5 轮对话)
  -> 苏格拉底度: 5, 有效性: 5
正在评估会话: sim_Baseline_P1_M-ELE-002_d8e93f (13 轮对话)
  -> 苏格拉底度: 4, 有效性: 3
正在评估会话: sim_FSM_P1_M-ELE-002_ffce80 (9 轮对话)
  -> 苏格拉底度: 4, 有效性: 2
正在评估会话: sim_FSM+Guardrail_P1_M-ELE-002_c1a526 (9 轮对话)
  -> 苏格拉底度: 4, 有效性: 2
正在评估会话: sim_Baseline_P2_M-ELE-002_3ae3e2 (13 轮对话)
  -> 苏格拉底度: 5, 有效性: 5
正在评估会话: sim_FSM_P2_M-ELE-002_fbe3d6 (5 轮对话)
  -> 苏格拉底度: 5, 有效性: 5
正在评估会话: sim_FSM+Guardrail_P2_M-ELE-002_89be29 (5 轮对话)
  -> 苏格拉底度: 5, 有效性: 5
正在评估会话: sim_Baseline_P3_M-ELE-002_88410c (13 轮对话)
  -> 苏格拉底度: 5, 有效性: 5
正在评估会话: sim_FSM_P3_M-ELE-002_ee2120 (9 轮对话)
  -> 苏格拉底度: 5, 有效性: 4
正在评估会话: sim_FSM+Guardrail_P3_M-ELE-002_b361db (7 轮对话)
  -> 苏格拉底度: 5, 有效性: 5
正在评估会话: sim_Baseline_P1_M-BUO-001_65294c (13 轮对话)
  -> 苏格拉底度: 5, 有效性: 3
正在评估会话: sim_FSM_P1_M-BUO-001_fd5dbd (9 轮对话)
  -> 苏格拉底度: 4, 有效性: 2
正在评估会话: sim_FSM+Guardrail_P1_M-BUO-001_8d3974 (9 轮对话)
  -> 苏格拉底度: 5, 有效性: 4
正在评估会话: sim_Baseline_P2_M-BUO-001_48e3cb (13 轮对话)
  -> 苏格拉底度: 5, 有效性: 5
正在评估会话: sim_FSM_P2_M-BUO-001_56fb62 (4 轮对话)
  -> 苏格拉底度: 5, 有效性: 5
正在评估会话: sim_FSM+Guardrail_P2_M-BUO-001_c77999 (7 轮对话)
  -> 苏格拉底度: 5, 有效性: 5
正在评估会话: sim_Baseline_P3_M-BUO-001_4d395f (13 轮对话)
  -> 苏格拉底度: 5, 有效性: 5
正在评估会话: sim_FSM_P3_M-BUO-001_19f4b5 (5 轮对话)
  -> 苏格拉底度: 5, 有效性: 5
正在评估会话: sim_Baseline_P1_M-BUO-002_db9a4e (13 轮对话)
  -> 苏格拉底度: 5, 有效性: 4
正在评估会话: sim_FSM+Guardrail_P3_M-BUO-001_e8ffc9 (5 轮对话)
  -> 苏格拉底度: 5, 有效性: 5
正在评估会话: sim_FSM_P1_M-BUO-002_f46cfb (9 轮对话)
  -> 苏格拉底度: 5, 有效性: 3
正在评估会话: sim_Baseline_P2_M-BUO-002_251478 (13 轮对话)
  -> 苏格拉底度: 5, 有效性: 5
正在评估会话: sim_FSM+Guardrail_P1_M-BUO-002_a648d7 (9 轮对话)
  -> 苏格拉底度: 5, 有效性: 3
正在评估会话: sim_FSM_P2_M-BUO-002_071b19 (4 轮对话)
  -> 苏格拉底度: 5, 有效性: 5
正在评估会话: sim_FSM+Guardrail_P2_M-BUO-002_38eb91 (8 轮对话)
  -> 苏格拉底度: 5, 有效性: 5
正在评估会话: sim_Baseline_P3_M-BUO-002_92aeee (13 轮对话)
  -> 苏格拉底度: 5, 有效性: 5
正在评估会话: sim_FSM_P3_M-BUO-002_5fa4f5 (4 轮对话)
  -> 苏格拉底度: 5, 有效性: 5
正在评估会话: sim_FSM+Guardrail_P3_M-BUO-002_082fa5 (5 轮对话)
  -> 苏格拉底度: 5, 有效性: 5
评估完成，结果已保存至 /data/zzc/agent_test/logs/evaluation_results.json
