2026-04-14 00:35:20,233 - SessionLogger - INFO - [sim_Baseline_P1_M-ELE-001_036772] Starting session
2026-04-14 00:35:20,233 - SessionLogger - INFO - Initialized Session sim_Baseline_P1_M-ELE-001_036772 on Unknown for Unknown with version FSM+Guardrail
2026-04-14 00:35:23,602 - SessionLogger - INFO - [sim_Baseline_P1_M-ELE-001_036772] Student Opening: 老师，我觉得串联电路里，第一个灯泡肯定比第二个亮，因为电流流过第一个灯泡的时候被消耗掉了一部分，剩下的电流才流到第二个灯泡那里。
2026-04-14 00:35:23,604 - SessionLogger - INFO - [sim_FSM_P1_M-ELE-001_fa4f36] Starting session
2026-04-14 00:35:23,604 - SessionLogger - INFO - Initialized Session sim_FSM_P1_M-ELE-001_fa4f36 on Unknown for Unknown with version FSM+Guardrail
2026-04-14 00:35:24,627 - SessionLogger - INFO - [sim_FSM_P1_M-ELE-001_fa4f36] Student Opening: 老师，我觉得串联电路里，电流流过第一个灯泡肯定被消耗掉了一部分，所以第二个灯泡分到的电流应该比第一个少吧？
2026-04-14 00:35:24,629 - SessionLogger - INFO - [sim_FSM+Guardrail_P1_M-ELE-001_e72427] Starting session
2026-04-14 00:35:24,629 - SessionLogger - INFO - Initialized Session sim_FSM+Guardrail_P1_M-ELE-001_e72427 on Unknown for Unknown with version FSM+Guardrail
2026-04-14 00:35:26,919 - SessionLogger - INFO - [sim_FSM+Guardrail_P1_M-ELE-001_e72427] Student Opening: 老师，串联电路里第一个灯泡把电流用掉了一部分，那流到第二个灯泡的电流肯定变小了吧？
2026-04-14 00:35:26,920 - SessionLogger - INFO - [sim_Baseline_P2_M-ELE-001_9b973e] Starting session
2026-04-14 00:35:26,920 - SessionLogger - INFO - Initialized Session sim_Baseline_P2_M-ELE-001_9b973e on Unknown for Unknown with version FSM+Guardrail
2026-04-14 00:35:27,851 - SessionLogger - INFO - [sim_Baseline_P2_M-ELE-001_9b973e] Student Opening: 老师，我觉得串联电路里，电流流过第一个灯泡后肯定变少了，不然第二个灯泡怎么会比第一个暗一点呢？
2026-04-14 00:35:27,854 - SessionLogger - INFO - [sim_FSM_P2_M-ELE-001_96d493] Starting session
2026-04-14 00:35:27,854 - SessionLogger - INFO - Initialized Session sim_FSM_P2_M-ELE-001_96d493 on Unknown for Unknown with version FSM+Guardrail
2026-04-14 00:35:28,764 - SessionLogger - INFO - [sim_FSM_P2_M-ELE-001_96d493] Student Opening: 老师，串联电路里，电流流过第一个灯泡后应该变小了吧？毕竟灯泡发光肯定消耗了电流呀。
2026-04-14 00:35:28,766 - SessionLogger - INFO - [sim_FSM+Guardrail_P2_M-ELE-001_e8b695] Starting session
2026-04-14 00:35:28,766 - SessionLogger - INFO - Initialized Session sim_FSM+Guardrail_P2_M-ELE-001_e8b695 on Unknown for Unknown with version FSM+Guardrail
2026-04-14 00:35:29,734 - SessionLogger - INFO - [sim_FSM+Guardrail_P2_M-ELE-001_e8b695] Student Opening: 老师，我觉得串联电路里，电流流过第一个灯泡时被消耗掉了一部分，所以第二个灯泡分到的电流肯定比第一个少，对吧？
2026-04-14 00:35:35,815 - SessionLogger - INFO - [sim_Baseline_P1_M-ELE-001_036772] Teacher: 想象一下水管里的水流，如果水管没有破洞也没有分支，流进第一段水管的水，会比流出第二段的水少吗？
2026-04-14 00:35:37,452 - SessionLogger - INFO - [sim_Baseline_P2_M-ELE-001_9b973e] Teacher: 想象一下水管里的水流，如果进水管流进1升水，出水管只流出0.8升，那剩下的0.2升水去哪儿了呢？
2026-04-14 00:35:39,143 - SessionLogger - INFO - [sim_Baseline_P1_M-ELE-001_036772] Student: 可是灯泡不是水管啊，它是用电器，肯定会“吃掉”一部分电流来发光的。我觉得水流那个比喻不合适，电流就是会被消耗掉的。
Deserializing unregistered type router.SessionMemory from checkpoint. This will be blocked in a future version. Add to allowed_msgpack_modules to silence: [('router', 'SessionMemory')]
Deserializing unregistered type router.PerceptionResult from checkpoint. This will be blocked in a future version. Add to allowed_msgpack_modules to silence: [('router', 'PerceptionResult')]
Deserializing unregistered type router.RouteDecision from checkpoint. This will be blocked in a future version. Add to allowed_msgpack_modules to silence: [('router', 'RouteDecision')]
2026-04-14 00:35:40,494 - SessionLogger - INFO - [sim_Baseline_P2_M-ELE-001_9b973e] Student: 水可能被灯泡“用掉”变成光或者热散失了吧？就像电池里的电被消耗了一样，流出来的自然就少了呀。
Deserializing unregistered type router.SessionMemory from checkpoint. This will be blocked in a future version. Add to allowed_msgpack_modules to silence: [('router', 'SessionMemory')]
Deserializing unregistered type router.PerceptionResult from checkpoint. This will be blocked in a future version. Add to allowed_msgpack_modules to silence: [('router', 'PerceptionResult')]
Deserializing unregistered type router.RouteDecision from checkpoint. This will be blocked in a future version. Add to allowed_msgpack_modules to silence: [('router', 'RouteDecision')]
2026-04-14 00:35:42,630 - SessionLogger - INFO - [sim_FSM_P1_M-ELE-001_fa4f36] Teacher: 那如果我们按这个思路，在电路里一口气串联接上50个一模一样的小灯泡，你觉得第1个灯泡和第50个灯泡的亮度会有特别巨大的差别吗？
2026-04-14 00:35:42,842 - SessionLogger - INFO - [sim_FSM+Guardrail_P1_M-ELE-001_e72427] Teacher: 如果每个灯泡都会“吃掉”一部分电流，那你想想，要是我们在这条线上串联了二十个同样的灯泡，最后那一个还能亮得起来吗？
2026-04-14 00:35:43,806 - SessionLogger - INFO - [sim_FSM_P1_M-ELE-001_fa4f36] Student: 那肯定有差别啊，前面的灯泡把电流“吃”掉了一些，流到第50个的时候电流都剩不了多少了，所以第50个肯定暗很多。
Deserializing unregistered type router.SessionMemory from checkpoint. This will be blocked in a future version. Add to allowed_msgpack_modules to silence: [('router', 'SessionMemory')]
Deserializing unregistered type router.PerceptionResult from checkpoint. This will be blocked in a future version. Add to allowed_msgpack_modules to silence: [('router', 'PerceptionResult')]
Deserializing unregistered type router.RouteDecision from checkpoint. This will be blocked in a future version. Add to allowed_msgpack_modules to silence: [('router', 'RouteDecision')]
2026-04-14 00:35:43,916 - SessionLogger - INFO - [sim_FSM+Guardrail_P1_M-ELE-001_e72427] Student: 那肯定还能亮啊，只是会变得特别暗而已。电流虽然被前面的灯泡用掉了很多，但总归还是剩下一点能流到最后的吧。
Deserializing unregistered type router.SessionMemory from checkpoint. This will be blocked in a future version. Add to allowed_msgpack_modules to silence: [('router', 'SessionMemory')]
Deserializing unregistered type router.PerceptionResult from checkpoint. This will be blocked in a future version. Add to allowed_msgpack_modules to silence: [('router', 'PerceptionResult')]
Deserializing unregistered type router.RouteDecision from checkpoint. This will be blocked in a future version. Add to allowed_msgpack_modules to silence: [('router', 'RouteDecision')]
2026-04-14 00:35:44,853 - SessionLogger - INFO - [sim_FSM_P2_M-ELE-001_96d493] Teacher: “照这个说法，如果我们在电路里串联一百个同样的小灯泡，电流经过前面九十九个时被不断‘消耗’，你觉得最后那个灯泡还能亮起来吗？”
</think>

照这个说法，如果我们在电路里串联一百个同样的小灯泡，电流经过前面九十九个时被不断“消耗”，你觉得最后那个灯泡还能亮起来吗？
2026-04-14 00:35:45,849 - SessionLogger - INFO - [sim_Baseline_P2_M-ELE-001_9b973e] Teacher: 那如果电荷真的被“用掉”了，你觉得它们在灯泡里是消失了，还是变成了别的东西？
2026-04-14 00:35:46,079 - SessionLogger - INFO - [sim_FSM_P2_M-ELE-001_96d493] Student: 那肯定特别暗，甚至可能都不亮了吧？毕竟前面的灯泡把电流都“吃”得差不多了，流到最后一个的肯定没剩多少了。
Deserializing unregistered type router.SessionMemory from checkpoint. This will be blocked in a future version. Add to allowed_msgpack_modules to silence: [('router', 'SessionMemory')]
Deserializing unregistered type router.PerceptionResult from checkpoint. This will be blocked in a future version. Add to allowed_msgpack_modules to silence: [('router', 'PerceptionResult')]
Deserializing unregistered type router.RouteDecision from checkpoint. This will be blocked in a future version. Add to allowed_msgpack_modules to silence: [('router', 'RouteDecision')]
2026-04-14 00:35:47,186 - SessionLogger - INFO - [sim_Baseline_P2_M-ELE-001_9b973e] Student: 应该是变成光和热散失掉了吧？毕竟灯泡发光发热，感觉就是电流在里面被“消耗”掉了。
Deserializing unregistered type router.SessionMemory from checkpoint. This will be blocked in a future version. Add to allowed_msgpack_modules to silence: [('router', 'SessionMemory')]
Deserializing unregistered type router.PerceptionResult from checkpoint. This will be blocked in a future version. Add to allowed_msgpack_modules to silence: [('router', 'PerceptionResult')]
Deserializing unregistered type router.RouteDecision from checkpoint. This will be blocked in a future version. Add to allowed_msgpack_modules to silence: [('router', 'RouteDecision')]
2026-04-14 00:35:48,963 - SessionLogger - INFO - [sim_Baseline_P1_M-ELE-001_036772] Teacher: 如果电流真的被“吃掉”变少了，那多出来的电荷岂不是都堆积在第一个灯泡里了？你觉得灯泡里会存下越来越多的电荷吗？
2026-04-14 00:35:49,444 - SessionLogger - INFO - [sim_FSM+Guardrail_P2_M-ELE-001_e8b695] Teacher: 照这个逻辑，如果我们在这条线路上串联一百个同样的灯泡，你觉得最后那一个灯泡还能亮吗？
2026-04-14 00:35:50,059 - SessionLogger - INFO - [sim_Baseline_P1_M-ELE-001_036772] Student: 电荷又不是水，它不会像水那样积在那里。电流就是能量流过去被用掉了，跟堆不堆积没关系吧。
Deserializing unregistered type router.SessionMemory from checkpoint. This will be blocked in a future version. Add to allowed_msgpack_modules to silence: [('router', 'SessionMemory')]
Deserializing unregistered type router.PerceptionResult from checkpoint. This will be blocked in a future version. Add to allowed_msgpack_modules to silence: [('router', 'PerceptionResult')]
Deserializing unregistered type router.RouteDecision from checkpoint. This will be blocked in a future version. Add to allowed_msgpack_modules to silence: [('router', 'RouteDecision')]
2026-04-14 00:35:50,604 - SessionLogger - INFO - [sim_FSM+Guardrail_P2_M-ELE-001_e8b695] Student: 应该会很暗吧，毕竟电流被前面九十九个灯泡分得差不多了。不过好像确实还能看见一点亮光？
Deserializing unregistered type router.SessionMemory from checkpoint. This will be blocked in a future version. Add to allowed_msgpack_modules to silence: [('router', 'SessionMemory')]
Deserializing unregistered type router.PerceptionResult from checkpoint. This will be blocked in a future version. Add to allowed_msgpack_modules to silence: [('router', 'PerceptionResult')]
Deserializing unregistered type router.RouteDecision from checkpoint. This will be blocked in a future version. Add to allowed_msgpack_modules to silence: [('router', 'RouteDecision')]
2026-04-14 00:35:53,235 - SessionLogger - INFO - [sim_Baseline_P2_M-ELE-001_9b973e] Teacher: 如果电荷真的变成了光跑掉了，那电路不就断了吗？后面的灯泡怎么还能亮呢？
2026-04-14 00:35:53,698 - SessionLogger - INFO - [sim_Baseline_P1_M-ELE-001_036772] Teacher: 你说得对，被“用掉”的其实是电能，而不是电荷本身。既然电荷没有减少，那流过第一个灯泡和第二个灯泡的电流大小应该是什么关系呢？
2026-04-14 00:35:54,402 - SessionLogger - INFO - [sim_Baseline_P2_M-ELE-001_9b973e] Student: 呃……好像有点道理，如果电荷真没了，路就断了。但我觉得可能是电流的“劲儿”变小了，所以后面的灯泡才暗一些？
Deserializing unregistered type router.SessionMemory from checkpoint. This will be blocked in a future version. Add to allowed_msgpack_modules to silence: [('router', 'SessionMemory')]
Deserializing unregistered type router.PerceptionResult from checkpoint. This will be blocked in a future version. Add to allowed_msgpack_modules to silence: [('router', 'PerceptionResult')]
Deserializing unregistered type router.RouteDecision from checkpoint. This will be blocked in a future version. Add to allowed_msgpack_modules to silence: [('router', 'RouteDecision')]
2026-04-14 00:35:54,787 - SessionLogger - INFO - [sim_Baseline_P1_M-ELE-001_036772] Student: 老师，您别绕弯子了。就算电荷没少，但能量被第一个灯泡用掉了，电流肯定还是变弱了啊，不然第二个灯泡凭什么暗一些？
Deserializing unregistered type router.SessionMemory from checkpoint. This will be blocked in a future version. Add to allowed_msgpack_modules to silence: [('router', 'SessionMemory')]
Deserializing unregistered type router.PerceptionResult from checkpoint. This will be blocked in a future version. Add to allowed_msgpack_modules to silence: [('router', 'PerceptionResult')]
Deserializing unregistered type router.RouteDecision from checkpoint. This will be blocked in a future version. Add to allowed_msgpack_modules to silence: [('router', 'RouteDecision')]
2026-04-14 00:35:57,878 - SessionLogger - INFO - [sim_FSM+Guardrail_P2_M-ELE-001_e8b695] Teacher: 这确实很反直觉，因为我们在生活中常觉得东西“用了就少”。但如果电流真的像食物一样被“吃”掉了，你觉得排在第1个和第100个的灯泡，亮度会有明显的区别吗？
2026-04-14 00:35:58,774 - SessionLogger - INFO - [sim_Baseline_P2_M-ELE-001_9b973e] Teacher: 这个“劲儿”变小听起来很像电压（电势差）降低了。那你能区分一下，到底是推动电荷的“推力”变小了，还是电荷流动的“数量”变少了吗？
2026-04-14 00:35:59,031 - SessionLogger - INFO - [sim_Baseline_P1_M-ELE-001_036772] Teacher: 咱们先确认一下，你看到的两个灯泡亮度真的一样吗？如果它们规格完全相同且串联，你觉得它们的亮度会有差别吗？
2026-04-14 00:35:59,061 - SessionLogger - INFO - [sim_FSM+Guardrail_P2_M-ELE-001_e8b695] Student: 按我的想法，第1个肯定比第100个亮很多啊，因为电流先经过它被“吃”掉了一大口。老师，难道它们亮度其实是一样的？
Deserializing unregistered type router.SessionMemory from checkpoint. This will be blocked in a future version. Add to allowed_msgpack_modules to silence: [('router', 'SessionMemory')]
Deserializing unregistered type router.PerceptionResult from checkpoint. This will be blocked in a future version. Add to allowed_msgpack_modules to silence: [('router', 'PerceptionResult')]
Deserializing unregistered type router.RouteDecision from checkpoint. This will be blocked in a future version. Add to allowed_msgpack_modules to silence: [('router', 'RouteDecision')]
2026-04-14 00:35:59,416 - SessionLogger - INFO - [sim_FSM+Guardrail_P1_M-ELE-001_e72427] Teacher: 按照你的推论，串联的十个灯泡里，第一个应该最亮，最后一个应该暗得几乎看不见。你在实际连接电路时，见过这种“前亮后暗”的现象吗？
2026-04-14 00:35:59,449 - SessionLogger - INFO - [sim_FSM_P2_M-ELE-001_96d493] Teacher: 那如果我们把这串灯泡的顺序调换一下，让原来“没剩多少电流”的那个灯泡排在第一个，你觉得它会突然变亮吗？
2026-04-14 00:35:59,771 - SessionLogger - INFO - [sim_Baseline_P2_M-ELE-001_9b973e] Student: 推力变小我好像能理解，但流过去的电荷数量应该也会跟着变少吧？毕竟没那么多“电”传过去了呀。
Deserializing unregistered type router.SessionMemory from checkpoint. This will be blocked in a future version. Add to allowed_msgpack_modules to silence: [('router', 'SessionMemory')]
Deserializing unregistered type router.PerceptionResult from checkpoint. This will be blocked in a future version. Add to allowed_msgpack_modules to silence: [('router', 'PerceptionResult')]
Deserializing unregistered type router.RouteDecision from checkpoint. This will be blocked in a future version. Add to allowed_msgpack_modules to silence: [('router', 'RouteDecision')]
2026-04-14 00:36:00,602 - SessionLogger - INFO - [sim_FSM+Guardrail_P1_M-ELE-001_e72427] Student: 我做的实验里它们确实是一样亮的，但这可能是因为电池给的电流太大了，或者灯泡太灵敏了。我觉得理论上电流肯定还是被消耗了，只是我们肉眼看不出来差别而已。
Deserializing unregistered type router.SessionMemory from checkpoint. This will be blocked in a future version. Add to allowed_msgpack_modules to silence: [('router', 'SessionMemory')]
Deserializing unregistered type router.PerceptionResult from checkpoint. This will be blocked in a future version. Add to allowed_msgpack_modules to silence: [('router', 'PerceptionResult')]
Deserializing unregistered type router.RouteDecision from checkpoint. This will be blocked in a future version. Add to allowed_msgpack_modules to silence: [('router', 'RouteDecision')]
2026-04-14 00:36:01,967 - SessionLogger - INFO - [sim_FSM_P1_M-ELE-001_fa4f36] Teacher: 按你的说法，电流流到最后已经所剩无几了。那如果我们在电路里串联100个这样的灯泡，你觉得最后那个灯泡还能正常发光吗？
2026-04-14 00:36:02,258 - SessionLogger - INFO - [sim_Baseline_P1_M-ELE-001_036772] Student: 那肯定前面的亮啊，电流先经过它，能量都被它抢走了一部分，后面的当然就弱了。这不是很明显的事情吗？
Deserializing unregistered type router.SessionMemory from checkpoint. This will be blocked in a future version. Add to allowed_msgpack_modules to silence: [('router', 'SessionMemory')]
Deserializing unregistered type router.PerceptionResult from checkpoint. This will be blocked in a future version. Add to allowed_msgpack_modules to silence: [('router', 'PerceptionResult')]
Deserializing unregistered type router.RouteDecision from checkpoint. This will be blocked in a future version. Add to allowed_msgpack_modules to silence: [('router', 'RouteDecision')]
2026-04-14 00:36:02,510 - SessionLogger - INFO - [sim_FSM_P2_M-ELE-001_96d493] Student: 呃……应该会变亮吧？因为它排在第一个，还没被前面的灯泡消耗电流，所以得到的电流肯定比排在最后时多呀。
Deserializing unregistered type router.SessionMemory from checkpoint. This will be blocked in a future version. Add to allowed_msgpack_modules to silence: [('router', 'SessionMemory')]
Deserializing unregistered type router.PerceptionResult from checkpoint. This will be blocked in a future version. Add to allowed_msgpack_modules to silence: [('router', 'PerceptionResult')]
Deserializing unregistered type router.RouteDecision from checkpoint. This will be blocked in a future version. Add to allowed_msgpack_modules to silence: [('router', 'RouteDecision')]
2026-04-14 00:36:03,051 - SessionLogger - INFO - [sim_FSM_P1_M-ELE-001_fa4f36] Student: 肯定不能啊，电流都被前面的灯泡用光了，流到第100个的时候估计连一点渣都不剩了，它怎么可能亮得起来。
Deserializing unregistered type router.SessionMemory from checkpoint. This will be blocked in a future version. Add to allowed_msgpack_modules to silence: [('router', 'SessionMemory')]
Deserializing unregistered type router.PerceptionResult from checkpoint. This will be blocked in a future version. Add to allowed_msgpack_modules to silence: [('router', 'PerceptionResult')]
Deserializing unregistered type router.RouteDecision from checkpoint. This will be blocked in a future version. Add to allowed_msgpack_modules to silence: [('router', 'RouteDecision')]
2026-04-14 00:36:03,406 - SessionLogger - INFO - [sim_Baseline_P2_M-ELE-001_9b973e] Teacher: 想象一下水管，如果进水口每秒流进10滴水，出水口却只流出5滴，那剩下的5滴水去哪儿了？它们会在水管里堆积起来吗？
2026-04-14 00:36:04,189 - SessionLogger - INFO - [sim_FSM+Guardrail_P2_M-ELE-001_e8b695] Teacher: 实验告诉我们，串联的相同灯泡亮度其实是一样的。如果电流没变少，你觉得灯泡发光时真正被“消耗”掉的是什么？
2026-04-14 00:36:04,437 - SessionLogger - INFO - [sim_Baseline_P2_M-ELE-001_9b973e] Student: 水管里确实不会堆积，但灯泡不一样啊，它会把电“用”掉变成光。所以我觉得流过灯泡后，电流肯定会变小的。
Deserializing unregistered type router.SessionMemory from checkpoint. This will be blocked in a future version. Add to allowed_msgpack_modules to silence: [('router', 'SessionMemory')]
Deserializing unregistered type router.PerceptionResult from checkpoint. This will be blocked in a future version. Add to allowed_msgpack_modules to silence: [('router', 'PerceptionResult')]
Deserializing unregistered type router.RouteDecision from checkpoint. This will be blocked in a future version. Add to allowed_msgpack_modules to silence: [('router', 'RouteDecision')]
2026-04-14 00:36:05,555 - SessionLogger - INFO - [sim_FSM+Guardrail_P2_M-ELE-001_e8b695] Student: 啊？亮度真的一样吗……那如果电流没少，被消耗的难道是电的能量？可我一直以为电流就是电本身啊。
Deserializing unregistered type router.SessionMemory from checkpoint. This will be blocked in a future version. Add to allowed_msgpack_modules to silence: [('router', 'SessionMemory')]
Deserializing unregistered type router.PerceptionResult from checkpoint. This will be blocked in a future version. Add to allowed_msgpack_modules to silence: [('router', 'PerceptionResult')]
Deserializing unregistered type router.RouteDecision from checkpoint. This will be blocked in a future version. Add to allowed_msgpack_modules to silence: [('router', 'RouteDecision')]
2026-04-14 00:36:05,733 - SessionLogger - INFO - [sim_FSM+Guardrail_P1_M-ELE-001_e72427] Teacher: 我们换个角度想，如果电流像水流一样在闭合的管子里循环流动，前面的灯泡“截留”了一部分水，那流回电池的水是不是就变少了？
2026-04-14 00:36:06,787 - SessionLogger - INFO - [sim_FSM+Guardrail_P1_M-ELE-001_e72427] Student: 水确实会被用掉啊，就像我们喝水一样，喝下去就没了。所以流回去的水肯定比出来的少，不然电池里的电是从哪来的？
Deserializing unregistered type router.SessionMemory from checkpoint. This will be blocked in a future version. Add to allowed_msgpack_modules to silence: [('router', 'SessionMemory')]
Deserializing unregistered type router.PerceptionResult from checkpoint. This will be blocked in a future version. Add to allowed_msgpack_modules to silence: [('router', 'PerceptionResult')]
Deserializing unregistered type router.RouteDecision from checkpoint. This will be blocked in a future version. Add to allowed_msgpack_modules to silence: [('router', 'RouteDecision')]
2026-04-14 00:36:08,066 - SessionLogger - INFO - [sim_FSM_P2_M-ELE-001_96d493] Teacher: 这个直觉很自然，但想象一下环形跑道上跑步的人流：如果跑道是单行道且没有出入口，前面的人跑得慢导致“堆积”，后面的人还能保持原来的速度紧跟上来吗？
2026-04-14 00:36:08,542 - SessionLogger - INFO - [sim_Baseline_P2_M-ELE-001_9b973e] Teacher: 灯泡消耗的是电荷携带的“能量”，而不是电荷本身。

如果电荷真的被消耗掉了，那流回电源负极的电荷比从正极出来的少，多出来的那些电荷去哪了呢？
2026-04-14 00:36:09,125 - SessionLogger - INFO - [sim_FSM_P2_M-ELE-001_96d493] Student: 好像有点道理……如果后面的人跟不上，那电流不就断了吗？可是灯泡明明还在发光啊，这说明电流还是流过去了呀。
Deserializing unregistered type router.SessionMemory from checkpoint. This will be blocked in a future version. Add to allowed_msgpack_modules to silence: [('router', 'SessionMemory')]
Deserializing unregistered type router.PerceptionResult from checkpoint. This will be blocked in a future version. Add to allowed_msgpack_modules to silence: [('router', 'PerceptionResult')]
Deserializing unregistered type router.RouteDecision from checkpoint. This will be blocked in a future version. Add to allowed_msgpack_modules to silence: [('router', 'RouteDecision')]
2026-04-14 00:36:09,629 - SessionLogger - INFO - [sim_Baseline_P2_M-ELE-001_9b973e] Student: 电荷没消失，但是它们携带的“能量”被灯泡拿走了呀。没了能量，电流不就变弱了吗？所以我还是觉得后面的电流会小一点。
Deserializing unregistered type router.SessionMemory from checkpoint. This will be blocked in a future version. Add to allowed_msgpack_modules to silence: [('router', 'SessionMemory')]
Deserializing unregistered type router.PerceptionResult from checkpoint. This will be blocked in a future version. Add to allowed_msgpack_modules to silence: [('router', 'PerceptionResult')]
Deserializing unregistered type router.RouteDecision from checkpoint. This will be blocked in a future version. Add to allowed_msgpack_modules to silence: [('router', 'RouteDecision')]
2026-04-14 00:36:10,230 - SessionLogger - INFO - [sim_Baseline_P1_M-ELE-001_036772] Teacher: 那如果我们把这两个灯泡的位置互换一下，你觉得原来在后面那个比较暗的灯泡，跑到前面去之后，它会变亮吗？
2026-04-14 00:36:11,290 - SessionLogger - INFO - [sim_Baseline_P1_M-ELE-001_036772] Student: 那肯定啊，它跑到前面就能先“吃”到电流，自然就变亮了。后面的那个因为电流被前面的用掉了，所以才会暗。
Deserializing unregistered type router.SessionMemory from checkpoint. This will be blocked in a future version. Add to allowed_msgpack_modules to silence: [('router', 'SessionMemory')]
Deserializing unregistered type router.PerceptionResult from checkpoint. This will be blocked in a future version. Add to allowed_msgpack_modules to silence: [('router', 'PerceptionResult')]
Deserializing unregistered type router.RouteDecision from checkpoint. This will be blocked in a future version. Add to allowed_msgpack_modules to silence: [('router', 'RouteDecision')]
2026-04-14 00:36:11,883 - SessionLogger - INFO - [sim_FSM+Guardrail_P2_M-ELE-001_e8b695] Teacher: 这个混淆非常普遍，因为“电”这个词在日常生活中确实太模糊了。我们可以把电流想象成环形跑道上匀速跑步的人流，人数（电荷）并没有减少，那灯泡发光时，究竟是从这些“跑步的人”身上拿走了什么，才让他们变“累”从而发出光和热的呢？
2026-04-14 00:36:13,237 - SessionLogger - INFO - [sim_FSM+Guardrail_P2_M-ELE-001_e8b695] Student: 你是说电流只是负责搬运能量的“工人”，他们本身没少，但是把背上的“能量包”卸在灯泡里了？
Deserializing unregistered type router.SessionMemory from checkpoint. This will be blocked in a future version. Add to allowed_msgpack_modules to silence: [('router', 'SessionMemory')]
Deserializing unregistered type router.PerceptionResult from checkpoint. This will be blocked in a future version. Add to allowed_msgpack_modules to silence: [('router', 'PerceptionResult')]
Deserializing unregistered type router.RouteDecision from checkpoint. This will be blocked in a future version. Add to allowed_msgpack_modules to silence: [('router', 'RouteDecision')]
2026-04-14 00:36:13,642 - SessionLogger - INFO - [sim_FSM+Guardrail_P1_M-ELE-001_e72427] Teacher: 这个类比很形象，但电路更像是一个封闭的环形水管，水在里面循环流动而不是被喝掉。如果前面的灯泡真的“截留”了一部分电荷，那流回电池负极的电荷是不是就比从正极出来的少了？
2026-04-14 00:36:14,429 - SessionLogger - INFO - [sim_FSM_P2_M-ELE-001_96d493] Teacher: 你说得对，电流确实没有断。既然电荷不能在半路消失或堆积，那在同一个闭合回路里，流进灯泡的电荷量和流出来的电荷量，你觉得会一样多吗？
2026-04-14 00:36:14,919 - SessionLogger - INFO - [sim_FSM+Guardrail_P1_M-ELE-001_e72427] Student: 可是灯泡发光发热不就是把电给“用”了吗？既然能量被用掉了，那电流肯定也跟着变少了啊，不然能量守恒怎么解释？
Deserializing unregistered type router.SessionMemory from checkpoint. This will be blocked in a future version. Add to allowed_msgpack_modules to silence: [('router', 'SessionMemory')]
Deserializing unregistered type router.PerceptionResult from checkpoint. This will be blocked in a future version. Add to allowed_msgpack_modules to silence: [('router', 'PerceptionResult')]
Deserializing unregistered type router.RouteDecision from checkpoint. This will be blocked in a future version. Add to allowed_msgpack_modules to silence: [('router', 'RouteDecision')]
2026-04-14 00:36:15,914 - SessionLogger - INFO - [sim_FSM_P2_M-ELE-001_96d493] Student: 嗯……如果电荷没消失，那数量应该是一样的吧？可是如果电流大小没变，灯泡凭什么会变暗或者消耗能量呢？
Deserializing unregistered type router.SessionMemory from checkpoint. This will be blocked in a future version. Add to allowed_msgpack_modules to silence: [('router', 'SessionMemory')]
Deserializing unregistered type router.PerceptionResult from checkpoint. This will be blocked in a future version. Add to allowed_msgpack_modules to silence: [('router', 'PerceptionResult')]
Deserializing unregistered type router.RouteDecision from checkpoint. This will be blocked in a future version. Add to allowed_msgpack_modules to silence: [('router', 'RouteDecision')]
2026-04-14 00:36:17,922 - SessionLogger - INFO - [sim_FSM+Guardrail_P2_M-ELE-001_e8b695] Teacher: 这个比喻非常形象！既然“工人”（电荷）只是卸下了“能量包”，那他们离开灯泡后，是继续向前走去下一个灯泡，还是直接消失不见了？
2026-04-14 00:36:18,908 - SessionLogger - INFO - [sim_FSM+Guardrail_P2_M-ELE-001_e8b695] Student: 既然只是卸货，那他们肯定还得接着往前走啊，不然路不就堵死了吗？所以电流其实是一直在循环流动的？
Deserializing unregistered type router.SessionMemory from checkpoint. This will be blocked in a future version. Add to allowed_msgpack_modules to silence: [('router', 'SessionMemory')]
Deserializing unregistered type router.PerceptionResult from checkpoint. This will be blocked in a future version. Add to allowed_msgpack_modules to silence: [('router', 'PerceptionResult')]
Deserializing unregistered type router.RouteDecision from checkpoint. This will be blocked in a future version. Add to allowed_msgpack_modules to silence: [('router', 'RouteDecision')]
2026-04-14 00:36:21,157 - SessionLogger - INFO - [sim_FSM+Guardrail_P1_M-ELE-001_e72427] Teacher: 这确实是个容易混淆的点，但我们要区分“电荷”和“能量”。

想象一下环形跑道上跑步的人流：如果每个人跑到某个站点时都交出了一部分体力（能量）去点亮灯泡，但人（电荷）并没有消失或离开跑道，那么下一段跑道上的人数会变少吗？
2026-04-14 00:36:22,566 - SessionLogger - INFO - [sim_FSM+Guardrail_P1_M-ELE-001_e72427] Student: 人虽然没少，但他们跑不动了啊，速度慢下来电流不就小了吗？而且我觉得灯泡肯定还是“吃”掉了一些电荷，不然它怎么会亮呢。
Deserializing unregistered type router.SessionMemory from checkpoint. This will be blocked in a future version. Add to allowed_msgpack_modules to silence: [('router', 'SessionMemory')]
Deserializing unregistered type router.PerceptionResult from checkpoint. This will be blocked in a future version. Add to allowed_msgpack_modules to silence: [('router', 'PerceptionResult')]
Deserializing unregistered type router.RouteDecision from checkpoint. This will be blocked in a future version. Add to allowed_msgpack_modules to silence: [('router', 'RouteDecision')]
2026-04-14 00:36:23,006 - SessionLogger - INFO - [sim_FSM_P2_M-ELE-001_96d493] Teacher: 这正是最容易混淆的地方！电流（电荷的流动）没变，不代表它携带的“能量”没变。

想象一下传送带上的箱子：箱子本身（电荷）从起点到终点数量没少，但它在经过灯泡时把“货物”（能量）卸下了。你觉得这时候，是“箱子”被消耗了，还是箱子里的“货物”被消耗了？
2026-04-14 00:36:23,016 - SessionLogger - INFO - [sim_FSM_P1_M-ELE-001_fa4f36] Teacher: 如果电流真的在第100个灯泡前就“没”了，那整个电路岂不是相当于断开了？这时候，你觉得第1个灯泡还能亮着吗？
2026-04-14 00:36:23,963 - SessionLogger - INFO - [sim_Baseline_P1_M-ELE-001_036772] Teacher: 咱们打个比方，如果把电流比作水管里的水流，灯泡比作里面的小水车。水流推完第一个水车后，流到第二个水车那里的水，会变少吗？
2026-04-14 00:36:24,226 - SessionLogger - INFO - [sim_FSM_P2_M-ELE-001_96d493] Student: 哦……所以被消耗的是“货物”也就是能量，而箱子（电流）只是负责运送？

那也就是说，不管灯泡排在第几个，流过它们的“箱子”数量其实是一样多的？
Deserializing unregistered type router.SessionMemory from checkpoint. This will be blocked in a future version. Add to allowed_msgpack_modules to silence: [('router', 'SessionMemory')]
Deserializing unregistered type router.PerceptionResult from checkpoint. This will be blocked in a future version. Add to allowed_msgpack_modules to silence: [('router', 'PerceptionResult')]
Deserializing unregistered type router.RouteDecision from checkpoint. This will be blocked in a future version. Add to allowed_msgpack_modules to silence: [('router', 'RouteDecision')]
2026-04-14 00:36:24,844 - SessionLogger - INFO - [sim_FSM+Guardrail_P2_M-ELE-001_e8b695] Teacher: 没错，电荷必须循环流动才能维持持续的电流。既然前面的灯泡没有“扣留”任何电荷，你觉得流过第一个灯泡的电荷数量，和流过第二个灯泡的相比，会变多、变少，还是保持不变？
2026-04-14 00:36:25,932 - SessionLogger - INFO - [sim_FSM+Guardrail_P2_M-ELE-001_e8b695] Student: 既然人没少，那流过去的数量应该是一样的吧？可是……如果电流一样大，为什么有时候我觉得后面的灯会暗一点呢？
Deserializing unregistered type router.SessionMemory from checkpoint. This will be blocked in a future version. Add to allowed_msgpack_modules to silence: [('router', 'SessionMemory')]
Deserializing unregistered type router.PerceptionResult from checkpoint. This will be blocked in a future version. Add to allowed_msgpack_modules to silence: [('router', 'PerceptionResult')]
Deserializing unregistered type router.RouteDecision from checkpoint. This will be blocked in a future version. Add to allowed_msgpack_modules to silence: [('router', 'RouteDecision')]
2026-04-14 00:36:26,310 - SessionLogger - INFO - [sim_FSM_P1_M-ELE-001_fa4f36] Student: 第1个灯泡当然能亮啊，因为它排在最前面，电流还没被消耗呢。后面的灯泡暗是因为它们运气不好，分到的电流少，但这不影响第1个灯泡正常工作。
Deserializing unregistered type router.SessionMemory from checkpoint. This will be blocked in a future version. Add to allowed_msgpack_modules to silence: [('router', 'SessionMemory')]
Deserializing unregistered type router.PerceptionResult from checkpoint. This will be blocked in a future version. Add to allowed_msgpack_modules to silence: [('router', 'PerceptionResult')]
Deserializing unregistered type router.RouteDecision from checkpoint. This will be blocked in a future version. Add to allowed_msgpack_modules to silence: [('router', 'RouteDecision')]
2026-04-14 00:36:27,331 - SessionLogger - INFO - [sim_Baseline_P1_M-ELE-001_036772] Student: 那肯定变少啊，水车转动是要消耗水的力量的，流过去的水自然就变弱了。您这比喻正好说明电流会被用掉嘛。
Deserializing unregistered type router.SessionMemory from checkpoint. This will be blocked in a future version. Add to allowed_msgpack_modules to silence: [('router', 'SessionMemory')]
Deserializing unregistered type router.PerceptionResult from checkpoint. This will be blocked in a future version. Add to allowed_msgpack_modules to silence: [('router', 'PerceptionResult')]
Deserializing unregistered type router.RouteDecision from checkpoint. This will be blocked in a future version. Add to allowed_msgpack_modules to silence: [('router', 'RouteDecision')]
2026-04-14 00:36:30,022 - SessionLogger - INFO - [sim_FSM+Guardrail_P1_M-ELE-001_e72427] Teacher: 这个直觉很敏锐，但我们要区分“跑得累”和“人数变少”。

如果因为累了导致整体流速变慢，那应该是整个回路所有地方的电流同时变小，而不是只有灯泡后面变小。

咱们先聚焦在“人数”上：如果跑道是封闭的，前面的人没有离开跑道，后面紧接着跑过来的人数怎么可能突然变少呢？
2026-04-14 00:36:31,304 - SessionLogger - INFO - [sim_FSM+Guardrail_P1_M-ELE-001_e72427] Student: 可是灯泡明明把电给“消耗”了呀，怎么可能一点都没少？我觉得肯定是前面的灯泡先抢走了一部分，剩下的才流到后面去。
Deserializing unregistered type router.SessionMemory from checkpoint. This will be blocked in a future version. Add to allowed_msgpack_modules to silence: [('router', 'SessionMemory')]
Deserializing unregistered type router.PerceptionResult from checkpoint. This will be blocked in a future version. Add to allowed_msgpack_modules to silence: [('router', 'PerceptionResult')]
Deserializing unregistered type router.RouteDecision from checkpoint. This will be blocked in a future version. Add to allowed_msgpack_modules to silence: [('router', 'RouteDecision')]
2026-04-14 00:36:31,872 - SessionLogger - INFO - [sim_FSM_P2_M-ELE-001_96d493] Teacher: 没错，就是这个逻辑！既然“箱子”的数量（电流）在串联电路中处处相等，那你觉得我们在电路不同位置测得的电流读数，应该是一样的还是有大有小？
2026-04-14 00:36:32,275 - SessionLogger - INFO - [sim_FSM_P1_M-ELE-001_fa4f36] Teacher: 如果电流流到后面真的“没”了，就像水管里的水流到尽头断了一样，你觉得最前面的那个灯泡还能持续有电流流过并保持发光吗？
2026-04-14 00:36:32,877 - SessionLogger - INFO - [sim_FSM_P2_M-ELE-001_96d493] Student: 既然箱子数量没变，那读数应该是一样的吧？

但我还是有点转不过弯，灯泡发光不需要“消耗”电流来维持吗？
Deserializing unregistered type router.SessionMemory from checkpoint. This will be blocked in a future version. Add to allowed_msgpack_modules to silence: [('router', 'SessionMemory')]
Deserializing unregistered type router.PerceptionResult from checkpoint. This will be blocked in a future version. Add to allowed_msgpack_modules to silence: [('router', 'PerceptionResult')]
Deserializing unregistered type router.RouteDecision from checkpoint. This will be blocked in a future version. Add to allowed_msgpack_modules to silence: [('router', 'RouteDecision')]
2026-04-14 00:36:33,682 - SessionLogger - INFO - [sim_FSM_P1_M-ELE-001_fa4f36] Student: 能啊，因为第1个灯泡离电源最近，它先把电流“截留”了一部分用来发光，剩下的才往后流。它亮不亮跟后面有没有电流没关系，反正它是第一个用的。
Deserializing unregistered type router.SessionMemory from checkpoint. This will be blocked in a future version. Add to allowed_msgpack_modules to silence: [('router', 'SessionMemory')]
Deserializing unregistered type router.PerceptionResult from checkpoint. This will be blocked in a future version. Add to allowed_msgpack_modules to silence: [('router', 'PerceptionResult')]
Deserializing unregistered type router.RouteDecision from checkpoint. This will be blocked in a future version. Add to allowed_msgpack_modules to silence: [('router', 'RouteDecision')]
2026-04-14 00:36:38,484 - SessionLogger - INFO - [sim_FSM_P1_M-ELE-001_fa4f36] Teacher: 想象一下环形跑道上的接力跑，如果第一个人把“跑步的人”截留下来不往后传了，后面的人还能接到棒继续跑吗？
2026-04-14 00:36:39,893 - SessionLogger - INFO - [sim_FSM_P1_M-ELE-001_fa4f36] Student: 这跟跑步不一样，电流是像水一样的东西，流过去就被灯泡“喝”掉变成光了。你非要说接力跑，那第一个人把棒子留下了，他自己是完成了任务，但后面的人确实就没得跑了呀。
Deserializing unregistered type router.SessionMemory from checkpoint. This will be blocked in a future version. Add to allowed_msgpack_modules to silence: [('router', 'SessionMemory')]
Deserializing unregistered type router.PerceptionResult from checkpoint. This will be blocked in a future version. Add to allowed_msgpack_modules to silence: [('router', 'PerceptionResult')]
Deserializing unregistered type router.RouteDecision from checkpoint. This will be blocked in a future version. Add to allowed_msgpack_modules to silence: [('router', 'RouteDecision')]
2026-04-14 00:36:46,414 - SessionLogger - INFO - [sim_FSM_P1_M-ELE-001_fa4f36] Teacher: 如果电流像水一样被灯泡“喝”掉了，那流回电源负极的水是不是就变少了？
2026-04-14 00:36:50,216 - SessionLogger - INFO - [sim_FSM_P1_M-ELE-001_fa4f36] Student: 变少就变少呗，反正电源会不停地往外送新的电流出来补充。只要前面的灯泡能分到足够的电流发光就行了，流回去多少又不影响它亮。
Deserializing unregistered type router.SessionMemory from checkpoint. This will be blocked in a future version. Add to allowed_msgpack_modules to silence: [('router', 'SessionMemory')]
Deserializing unregistered type router.PerceptionResult from checkpoint. This will be blocked in a future version. Add to allowed_msgpack_modules to silence: [('router', 'PerceptionResult')]
Deserializing unregistered type router.RouteDecision from checkpoint. This will be blocked in a future version. Add to allowed_msgpack_modules to silence: [('router', 'RouteDecision')]
2026-04-14 00:36:51,636 - SessionLogger - INFO - [sim_Baseline_P2_M-ELE-001_9b973e] Teacher: 这就好比快递员把包裹（能量）送出去了，但他本人（电荷）还在呀。

既然快递员的人数没变，他们往回走的速度也没理由突然变慢吧？那单位时间里回来的人数会变少吗？
2026-04-14 00:36:52,783 - SessionLogger - INFO - [sim_Baseline_P2_M-ELE-001_9b973e] Student: 可是快递员送完包裹回来，肯定没力气跑得那么快了吧？我觉得他们“累”了，所以流回去的速度和数量应该都会变少。
Deserializing unregistered type router.SessionMemory from checkpoint. This will be blocked in a future version. Add to allowed_msgpack_modules to silence: [('router', 'SessionMemory')]
Deserializing unregistered type router.PerceptionResult from checkpoint. This will be blocked in a future version. Add to allowed_msgpack_modules to silence: [('router', 'PerceptionResult')]
Deserializing unregistered type router.RouteDecision from checkpoint. This will be blocked in a future version. Add to allowed_msgpack_modules to silence: [('router', 'RouteDecision')]
2026-04-14 00:36:57,897 - SessionLogger - INFO - [sim_FSM+Guardrail_P2_M-ELE-001_e8b695] Teacher: 这种“前亮后暗”的感觉确实很常见，但这往往是因为线路过长导致导线分压，或者灯泡规格不同。

如果我们假设这是两个完全相同的灯泡，且导线电阻忽略不计，你觉得第一个灯泡“卸货”后，剩下的电荷还有足够的“力气”让第二个灯泡发出同样亮的光吗？
2026-04-14 00:36:59,705 - SessionLogger - INFO - [sim_Baseline_P2_M-ELE-001_9b973e] Teacher: 如果后面的电荷真的跑得慢了，那前面的电荷岂不是全堵在灯泡那儿了？

你觉得电荷之间会互相挤压吗？这种“堵车”会让前面的电荷也慢下来，还是会把后面的电荷挤得快一点？
2026-04-14 00:37:01,577 - SessionLogger - INFO - [sim_FSM+Guardrail_P2_M-ELE-001_e8b695] Student: 如果“力气”是指能量，那卸完货后他们确实没劲了啊。所以就算人数（电流）没变，但因为没能量了，第二个灯泡应该还是会暗一些吧？
Deserializing unregistered type router.SessionMemory from checkpoint. This will be blocked in a future version. Add to allowed_msgpack_modules to silence: [('router', 'SessionMemory')]
Deserializing unregistered type router.PerceptionResult from checkpoint. This will be blocked in a future version. Add to allowed_msgpack_modules to silence: [('router', 'PerceptionResult')]
Deserializing unregistered type router.RouteDecision from checkpoint. This will be blocked in a future version. Add to allowed_msgpack_modules to silence: [('router', 'RouteDecision')]
2026-04-14 00:37:02,709 - SessionLogger - INFO - [sim_Baseline_P2_M-ELE-001_9b973e] Student: 呃……好像确实会堵住？如果后面慢了，前面的电荷堆在灯泡那里，那前面的电流应该也会受影响吧。
Deserializing unregistered type router.SessionMemory from checkpoint. This will be blocked in a future version. Add to allowed_msgpack_modules to silence: [('router', 'SessionMemory')]
Deserializing unregistered type router.PerceptionResult from checkpoint. This will be blocked in a future version. Add to allowed_msgpack_modules to silence: [('router', 'PerceptionResult')]
Deserializing unregistered type router.RouteDecision from checkpoint. This will be blocked in a future version. Add to allowed_msgpack_modules to silence: [('router', 'RouteDecision')]
2026-04-14 00:37:06,252 - SessionLogger - INFO - [sim_Baseline_P1_M-ELE-001_036772] Teacher: 那你想一想，如果流到第二个水车的水真的变少了，那这些“消失”的水都去哪儿了呢？水管里会凭空存下水吗？
2026-04-14 00:37:07,400 - SessionLogger - INFO - [sim_Baseline_P1_M-ELE-001_036772] Student: 水没消失，是水的“劲儿”被用掉了呀。流过去的水虽然还在，但已经没力气推第二个水车了，所以后面的灯泡才暗。
Deserializing unregistered type router.SessionMemory from checkpoint. This will be blocked in a future version. Add to allowed_msgpack_modules to silence: [('router', 'SessionMemory')]
Deserializing unregistered type router.PerceptionResult from checkpoint. This will be blocked in a future version. Add to allowed_msgpack_modules to silence: [('router', 'PerceptionResult')]
Deserializing unregistered type router.RouteDecision from checkpoint. This will be blocked in a future version. Add to allowed_msgpack_modules to silence: [('router', 'RouteDecision')]
2026-04-14 00:37:07,741 - SessionLogger - INFO - [sim_FSM+Guardrail_P2_M-ELE-001_e8b695] Teacher: 这个直觉很敏锐，但这里有个关键细节：电荷在第一个灯泡那里并没有把“所有”能量都卸光，否则它们就彻底没动力走完全程回到电源了。

既然电荷还保留着继续流动的动力（电势），你觉得这部分剩余的能量，足够让第二个相同的灯泡发出和第一个一样亮的光吗？
2026-04-14 00:37:07,771 - SessionLogger - INFO - [sim_Baseline_P2_M-ELE-001_9b973e] Teacher: 没错，电荷之间有很强的排斥力，一旦“堵车”，后面的推力会瞬间传导到前面。

既然整个回路是连通的，你觉得这种“拥堵”会让某一段的电流单独变小，还是让整个电路里的电荷流动速度同时调整到一个新的稳定状态？
2026-04-14 00:37:08,508 - SessionLogger - INFO - [sim_FSM+Guardrail_P1_M-ELE-001_e72427] Teacher: 咱们试着顺着你的思路推演一下：如果第一个灯泡真的“抢走”了一半电荷，那流到第二个灯泡的电荷就只剩一半了。

你觉得这时候，第二个灯泡会比第一个亮还是暗？
2026-04-14 00:37:09,190 - SessionLogger - INFO - [sim_FSM+Guardrail_P2_M-ELE-001_e8b695] Student: 可是如果第一个灯泡已经用掉了一部分能量，那剩下的肯定比原来少啊。能量变少了，第二个灯泡怎么可能还和第一个一样亮呢？这不合理吧。
Deserializing unregistered type router.SessionMemory from checkpoint. This will be blocked in a future version. Add to allowed_msgpack_modules to silence: [('router', 'SessionMemory')]
Deserializing unregistered type router.PerceptionResult from checkpoint. This will be blocked in a future version. Add to allowed_msgpack_modules to silence: [('router', 'PerceptionResult')]
Deserializing unregistered type router.RouteDecision from checkpoint. This will be blocked in a future version. Add to allowed_msgpack_modules to silence: [('router', 'RouteDecision')]
2026-04-14 00:37:11,194 - SessionLogger - INFO - [sim_Baseline_P2_M-ELE-001_9b973e] Student: 听起来好像整个电路会一起调整？但我还是有点晕，既然能量被灯泡拿走了，电流真的能一点都不少地流过去吗？
Deserializing unregistered type router.SessionMemory from checkpoint. This will be blocked in a future version. Add to allowed_msgpack_modules to silence: [('router', 'SessionMemory')]
Deserializing unregistered type router.PerceptionResult from checkpoint. This will be blocked in a future version. Add to allowed_msgpack_modules to silence: [('router', 'PerceptionResult')]
Deserializing unregistered type router.RouteDecision from checkpoint. This will be blocked in a future version. Add to allowed_msgpack_modules to silence: [('router', 'RouteDecision')]
2026-04-14 00:37:11,553 - SessionLogger - INFO - [sim_FSM+Guardrail_P1_M-ELE-001_e72427] Student: 那肯定是第二个灯泡更暗啊，因为它得到的电流变少了嘛。这不是很正常的逻辑吗？
Deserializing unregistered type router.SessionMemory from checkpoint. This will be blocked in a future version. Add to allowed_msgpack_modules to silence: [('router', 'SessionMemory')]
Deserializing unregistered type router.PerceptionResult from checkpoint. This will be blocked in a future version. Add to allowed_msgpack_modules to silence: [('router', 'PerceptionResult')]
Deserializing unregistered type router.RouteDecision from checkpoint. This will be blocked in a future version. Add to allowed_msgpack_modules to silence: [('router', 'RouteDecision')]
2026-04-14 00:37:12,021 - SessionLogger - INFO - [sim_Baseline_P1_M-ELE-001_036772] Teacher: 你说得对，水的“劲儿”（也就是电压）确实被分走了。但既然水流的大小没变，你觉得两个串联的水车，转动的快慢应该是一样的，还是有快有慢呢？
2026-04-14 00:37:13,361 - SessionLogger - INFO - [sim_Baseline_P1_M-ELE-001_036772] Student: 肯定是有快有慢啊，第一个水车把水的“劲儿”都抢走了，第二个当然转得慢。您刚才也说了电压被分走了，那电流肯定也跟着变小了呀。
Deserializing unregistered type router.SessionMemory from checkpoint. This will be blocked in a future version. Add to allowed_msgpack_modules to silence: [('router', 'SessionMemory')]
Deserializing unregistered type router.PerceptionResult from checkpoint. This will be blocked in a future version. Add to allowed_msgpack_modules to silence: [('router', 'PerceptionResult')]
Deserializing unregistered type router.RouteDecision from checkpoint. This will be blocked in a future version. Add to allowed_msgpack_modules to silence: [('router', 'RouteDecision')]
2026-04-14 00:37:13,853 - SessionLogger - INFO - [sim_FSM_P2_M-ELE-001_96d493] Teacher: 这个直觉很自然，毕竟我们常说“耗电”。但请试想：如果第一个灯泡真的“吃掉”了一部分电流，那剩下的电流流到第二个灯泡时，第二个灯泡得到的“推力”是不是就变小了？
2026-04-14 00:37:15,056 - SessionLogger - INFO - [sim_FSM_P2_M-ELE-001_96d493] Student: 嗯……如果电流真的变少了，那后面的灯泡确实应该更暗才对。

可是老师，我在实验里看到串联的两个灯泡亮度好像差不多啊？这怎么解释呢？
Deserializing unregistered type router.SessionMemory from checkpoint. This will be blocked in a future version. Add to allowed_msgpack_modules to silence: [('router', 'SessionMemory')]
Deserializing unregistered type router.PerceptionResult from checkpoint. This will be blocked in a future version. Add to allowed_msgpack_modules to silence: [('router', 'PerceptionResult')]
Deserializing unregistered type router.RouteDecision from checkpoint. This will be blocked in a future version. Add to allowed_msgpack_modules to silence: [('router', 'RouteDecision')]
2026-04-14 00:37:15,511 - SessionLogger - INFO - [sim_Baseline_P2_M-ELE-001_9b973e] Teacher: 能量就像快递员背的包裹，电流是快递员本人。

快递员把包裹卸在灯泡那儿（释放能量），但他本人还得继续赶路回家呀。

你觉得“卸下包裹”这个动作，会让快递员这个人突然消失或者变少吗？
2026-04-14 00:37:16,235 - SessionLogger - INFO - [sim_FSM+Guardrail_P2_M-ELE-001_e8b695] Teacher: 你的直觉没错，电荷携带的能量确实是一路递减的。

但请想象一下：如果第一个灯泡“霸道”地抢走了大部分能量，导致流到第二个灯泡时能量已经所剩无几，那这两个完全相同的灯泡，亮度还会看起来一模一样吗？
2026-04-14 00:37:16,658 - SessionLogger - INFO - [sim_Baseline_P2_M-ELE-001_9b973e] Student: 人确实不会消失……但我总觉得，送完货的快递员是不是就“空”了，和之前背着货的状态不一样？这种“空”难道不算一种消耗吗？
2026-04-14 00:37:16,659 - SessionLogger - INFO - [sim_Baseline_P2_M-ELE-001_9b973e] Session finished. Resolved: False
2026-04-14 00:37:16,659 - SessionLogger - INFO - [sim_Baseline_P3_M-ELE-001_8b6475] Starting session
2026-04-14 00:37:16,659 - SessionLogger - INFO - Initialized Session sim_Baseline_P3_M-ELE-001_8b6475 on Unknown for Unknown with version FSM+Guardrail
2026-04-14 00:37:17,700 - SessionLogger - INFO - [sim_Baseline_P3_M-ELE-001_8b6475] Student Opening: 老师，串联电路里，电流流过第一个灯泡后不是被消耗掉一部分吗？那流到第二个灯泡的电流应该变小了吧？
2026-04-14 00:37:17,707 - SessionLogger - INFO - [sim_FSM+Guardrail_P2_M-ELE-001_e8b695] Student: 如果它们亮度真的一模一样，那说明第二个灯泡得到的能量并不比第一个少？但这怎么可能呢，前面的明明已经“用”掉一部分了啊。
Deserializing unregistered type router.SessionMemory from checkpoint. This will be blocked in a future version. Add to allowed_msgpack_modules to silence: [('router', 'SessionMemory')]
Deserializing unregistered type router.PerceptionResult from checkpoint. This will be blocked in a future version. Add to allowed_msgpack_modules to silence: [('router', 'PerceptionResult')]
Deserializing unregistered type router.RouteDecision from checkpoint. This will be blocked in a future version. Add to allowed_msgpack_modules to silence: [('router', 'RouteDecision')]
2026-04-14 00:37:17,723 - SessionLogger - INFO - [sim_FSM+Guardrail_P1_M-ELE-001_e72427] Teacher: 但在实际的串联电路实验中，无论你把两个相同的灯泡谁放在前面、谁放在后面，它们的亮度总是一模一样的。

如果“前面的先抢走一部分”这个逻辑成立，为什么我们从来观察不到“前亮后暗”的现象呢？
2026-04-14 00:37:18,717 - SessionLogger - INFO - [sim_FSM+Guardrail_P1_M-ELE-001_e72427] Student: 那可能是灯泡反应太慢了，或者它们分得特别均匀？但我还是觉得电流流过去肯定是有损耗的，不可能完全没变化。
Deserializing unregistered type router.SessionMemory from checkpoint. This will be blocked in a future version. Add to allowed_msgpack_modules to silence: [('router', 'SessionMemory')]
Deserializing unregistered type router.PerceptionResult from checkpoint. This will be blocked in a future version. Add to allowed_msgpack_modules to silence: [('router', 'PerceptionResult')]
Deserializing unregistered type router.RouteDecision from checkpoint. This will be blocked in a future version. Add to allowed_msgpack_modules to silence: [('router', 'RouteDecision')]
2026-04-14 00:37:23,192 - SessionLogger - INFO - [sim_FSM_P1_M-ELE-001_fa4f36] Teacher: 如果前面的灯泡把电荷“喝”掉了，导致流回去的电荷变少，那电源里储存的电荷岂不是很快就会因为“入不敷出”而枯竭断电了？
2026-04-14 00:37:23,776 - SessionLogger - INFO - [sim_Baseline_P3_M-ELE-001_8b6475] Teacher: 想象一下水流过水轮机，流进去的水和流出来的水，水量会变少吗？

电荷就像这些水分子，它们只是在移动，并没有在灯泡里“消失”或“被吃掉”，你觉得呢？
2026-04-14 00:37:23,867 - SessionLogger - INFO - [sim_FSM_P2_M-ELE-001_96d493] Teacher: 既然你观察到亮度差不多，这恰恰说明流过它们的电流并没有显著减少。

如果电流真的像水流过海绵一样被“吸走”了一部分，你觉得第二个灯泡的亮度会发生什么变化？
2026-04-14 00:37:23,877 - SessionLogger - INFO - [sim_Baseline_P1_M-ELE-001_036772] Teacher: 如果第一个水车转得快（流过的水多），第二个转得慢（流过的水少），那夹在中间的水岂不是越积越多，最后把水管都撑爆了？
2026-04-14 00:37:24,321 - SessionLogger - INFO - [sim_FSM_P1_M-ELE-001_fa4f36] Student: 电源又不是普通电池，它里面肯定有源源不断的电荷可以制造出来啊。反正灯泡亮着就是因为它消耗了电流，这跟电源枯不枯竭是两码事。
Deserializing unregistered type router.SessionMemory from checkpoint. This will be blocked in a future version. Add to allowed_msgpack_modules to silence: [('router', 'SessionMemory')]
Deserializing unregistered type router.PerceptionResult from checkpoint. This will be blocked in a future version. Add to allowed_msgpack_modules to silence: [('router', 'PerceptionResult')]
Deserializing unregistered type router.RouteDecision from checkpoint. This will be blocked in a future version. Add to allowed_msgpack_modules to silence: [('router', 'RouteDecision')]
2026-04-14 00:37:24,634 - SessionLogger - INFO - [sim_FSM+Guardrail_P2_M-ELE-001_e8b695] Teacher: 这正是最反直觉的地方：电荷并不是在第一个灯泡那里“一次性”把能量全卸完，而是根据灯泡的阻碍作用“按需分配”。

既然两个灯泡完全相同，它们对电荷流动的“阻碍”也是一样的，你觉得电荷在经过这两个灯泡时，会倾向于“偏心”地把更多能量留给其中一个吗？
2026-04-14 00:37:25,564 - SessionLogger - INFO - [sim_FSM+Guardrail_P1_M-ELE-001_e72427] Teacher: 这个“损耗”的感觉特别真实，因为灯泡确实变热发光了，这说明能量被拿走了。

但咱们得区分一下：被拿走的是推着电荷跑的“力气”（电压/电能），还是电荷本身？

想象一下传送带上的包裹，如果每个站点只把包裹里的“能量”取走，包裹本身是不是还得继续往后传，才能保证后面站点也有东西可收？
2026-04-14 00:37:25,628 - SessionLogger - INFO - [sim_FSM+Guardrail_P2_M-ELE-001_e8b695] Student: 既然阻碍一样，那它们分到的能量应该也是一样的吧？但这不就意味着电流并没有被“消耗”变少吗？我还是有点乱。
2026-04-14 00:37:25,628 - SessionLogger - INFO - [sim_FSM+Guardrail_P2_M-ELE-001_e8b695] Session finished. Resolved: False
2026-04-14 00:37:25,629 - SessionLogger - INFO - [sim_FSM_P3_M-ELE-001_cfddc4] Starting session
2026-04-14 00:37:25,629 - SessionLogger - INFO - Initialized Session sim_FSM_P3_M-ELE-001_cfddc4 on Unknown for Unknown with version FSM+Guardrail
2026-04-14 00:37:26,801 - SessionLogger - INFO - [sim_FSM_P3_M-ELE-001_cfddc4] Student Opening: 老师，如果两个灯泡串联，第一个灯泡把电流“用”掉了一部分，那流到第二个灯泡的电流是不是就变小了，所以它应该会更暗一点吧？
2026-04-14 00:37:27,799 - SessionLogger - INFO - [sim_Baseline_P3_M-ELE-001_8b6475] Student: 可是水轮机转起来不是消耗了水的能量吗？那电不也是一样的，被灯泡用掉了肯定就变少了呀。
Deserializing unregistered type router.SessionMemory from checkpoint. This will be blocked in a future version. Add to allowed_msgpack_modules to silence: [('router', 'SessionMemory')]
Deserializing unregistered type router.PerceptionResult from checkpoint. This will be blocked in a future version. Add to allowed_msgpack_modules to silence: [('router', 'PerceptionResult')]
Deserializing unregistered type router.RouteDecision from checkpoint. This will be blocked in a future version. Add to allowed_msgpack_modules to silence: [('router', 'RouteDecision')]
2026-04-14 00:37:28,005 - SessionLogger - INFO - [sim_FSM_P2_M-ELE-001_96d493] Student: 那第二个灯泡应该会明显变暗，甚至不亮吧？

但实验里它们明明都亮着，难道电流真的完全没少吗？
Deserializing unregistered type router.SessionMemory from checkpoint. This will be blocked in a future version. Add to allowed_msgpack_modules to silence: [('router', 'SessionMemory')]
Deserializing unregistered type router.PerceptionResult from checkpoint. This will be blocked in a future version. Add to allowed_msgpack_modules to silence: [('router', 'PerceptionResult')]
Deserializing unregistered type router.RouteDecision from checkpoint. This will be blocked in a future version. Add to allowed_msgpack_modules to silence: [('router', 'RouteDecision')]
2026-04-14 00:37:28,265 - SessionLogger - INFO - [sim_Baseline_P1_M-ELE-001_036772] Student: 水管又不会真的爆，电又不是真的水。反正灯泡亮了就是消耗了电流，前面的肯定比后面的大，这是常识。
Deserializing unregistered type router.SessionMemory from checkpoint. This will be blocked in a future version. Add to allowed_msgpack_modules to silence: [('router', 'SessionMemory')]
Deserializing unregistered type router.PerceptionResult from checkpoint. This will be blocked in a future version. Add to allowed_msgpack_modules to silence: [('router', 'PerceptionResult')]
Deserializing unregistered type router.RouteDecision from checkpoint. This will be blocked in a future version. Add to allowed_msgpack_modules to silence: [('router', 'RouteDecision')]
2026-04-14 00:37:28,735 - SessionLogger - INFO - [sim_FSM+Guardrail_P1_M-ELE-001_e72427] Student: 可是电流又不是包裹，它是电啊。电被灯泡用了变成光和热，那流过去的电肯定就变少了，这跟包裹有什么关系？
Deserializing unregistered type router.SessionMemory from checkpoint. This will be blocked in a future version. Add to allowed_msgpack_modules to silence: [('router', 'SessionMemory')]
Deserializing unregistered type router.PerceptionResult from checkpoint. This will be blocked in a future version. Add to allowed_msgpack_modules to silence: [('router', 'PerceptionResult')]
Deserializing unregistered type router.RouteDecision from checkpoint. This will be blocked in a future version. Add to allowed_msgpack_modules to silence: [('router', 'RouteDecision')]
2026-04-14 00:37:30,705 - SessionLogger - INFO - [sim_FSM_P1_M-ELE-001_fa4f36] Teacher: 电源其实并不“制造”电荷，它只是像水泵一样推动已有的电荷循环流动。

如果第一个灯泡真的把电流（电荷）消耗掉了一半，你觉得第二个灯泡得到的电流会比第一个多、少，还是一样？
2026-04-14 00:37:30,937 - SessionLogger - WARNING - LLM Judge blocked response. Reason: 助教直接给出了本题的最终物理结论（'消耗的是能量...而不是电荷本身'），违反了违规定义第1条。虽然助教使用了水流类比进行辅助说明，但开篇即明确否定了学生的错误概念并陈述了正确事实，属于直接告知答案，未留出学生自我推导的空间。
2026-04-14 00:37:30,942 - SessionLogger - INFO - [sim_Baseline_P3_M-ELE-001_8b6475] Teacher: 你说得对，消耗的是能量（电压），而不是电荷本身。

就像水流推动水轮机后，水压降低了，但流过去的水量（电流）并没有减少，对吧？
2026-04-14 00:37:31,247 - SessionLogger - INFO - [sim_Baseline_P1_M-ELE-001_036772] Teacher: 既然你觉得前面的电流大，那咱们别猜了。如果现在给你两个电流表，分别接在第一个灯泡前和第二个灯泡后，你预测读数会一样吗？
2026-04-14 00:37:32,357 - SessionLogger - INFO - [sim_FSM_P1_M-ELE-001_fa4f36] Student: 那肯定是变少了啊，因为前面的灯泡已经用掉了一部分电流。就像水管前面接了个水龙头放水，后面的水流肯定就没那么大了。
Deserializing unregistered type router.SessionMemory from checkpoint. This will be blocked in a future version. Add to allowed_msgpack_modules to silence: [('router', 'SessionMemory')]
Deserializing unregistered type router.PerceptionResult from checkpoint. This will be blocked in a future version. Add to allowed_msgpack_modules to silence: [('router', 'PerceptionResult')]
Deserializing unregistered type router.RouteDecision from checkpoint. This will be blocked in a future version. Add to allowed_msgpack_modules to silence: [('router', 'RouteDecision')]
2026-04-14 00:37:32,359 - SessionLogger - INFO - [sim_Baseline_P1_M-ELE-001_036772] Student: 肯定不一样啊，前面的读数大，后面的读数小。电流都被第一个灯泡用掉一部分了，剩下的才流到后面去。
2026-04-14 00:37:32,359 - SessionLogger - INFO - [sim_Baseline_P1_M-ELE-001_036772] Session finished. Resolved: False
2026-04-14 00:37:32,359 - SessionLogger - INFO - [sim_FSM+Guardrail_P3_M-ELE-001_c35f0e] Starting session
2026-04-14 00:37:32,359 - SessionLogger - INFO - Initialized Session sim_FSM+Guardrail_P3_M-ELE-001_c35f0e on Unknown for Unknown with version FSM+Guardrail
2026-04-14 00:37:33,650 - SessionLogger - INFO - [sim_FSM+Guardrail_P3_M-ELE-001_c35f0e] Student Opening: 老师，我不太明白，既然第一个灯泡亮了，那电流是不是被它“用”掉了一部分？那流到第二个灯泡的电流岂不是就变少了？
2026-04-14 00:37:33,658 - SessionLogger - INFO - [sim_Baseline_P3_M-ELE-001_8b6475] Student: 可是……水压低了，水流不应该也变慢或者变少吗？我还是觉得流过去的“电”肯定没原来那么多了。
Deserializing unregistered type router.SessionMemory from checkpoint. This will be blocked in a future version. Add to allowed_msgpack_modules to silence: [('router', 'SessionMemory')]
Deserializing unregistered type router.PerceptionResult from checkpoint. This will be blocked in a future version. Add to allowed_msgpack_modules to silence: [('router', 'PerceptionResult')]
Deserializing unregistered type router.RouteDecision from checkpoint. This will be blocked in a future version. Add to allowed_msgpack_modules to silence: [('router', 'RouteDecision')]
2026-04-14 00:37:33,682 - SessionLogger - INFO - [sim_FSM_P3_M-ELE-001_cfddc4] Teacher: 这个想法很符合直觉，毕竟我们常觉得东西“用过”就会变少。但如果电流真的像燃料一样被第一个灯泡“烧掉”了一部分，那你觉得流回电源负极的电流还剩多少呢？
2026-04-14 00:37:33,975 - SessionLogger - INFO - [sim_FSM_P2_M-ELE-001_96d493] Teacher: 没错，实验现象直接否定了“电流被消耗”的猜想。

既然电荷（箱子）的数量没变，你觉得灯泡发光时，真正被“消耗”掉并转化成光能的，究竟是这些流动的电荷本身，还是它们携带的能量？
2026-04-14 00:37:34,956 - SessionLogger - INFO - [sim_FSM_P3_M-ELE-001_cfddc4] Student: 呃……那应该剩得很少了吧？毕竟能量都被灯泡发光发热用掉了嘛，流回去的肯定没多少了。
Deserializing unregistered type router.SessionMemory from checkpoint. This will be blocked in a future version. Add to allowed_msgpack_modules to silence: [('router', 'SessionMemory')]
Deserializing unregistered type router.PerceptionResult from checkpoint. This will be blocked in a future version. Add to allowed_msgpack_modules to silence: [('router', 'PerceptionResult')]
Deserializing unregistered type router.RouteDecision from checkpoint. This will be blocked in a future version. Add to allowed_msgpack_modules to silence: [('router', 'RouteDecision')]
2026-04-14 00:37:35,125 - SessionLogger - INFO - [sim_FSM_P2_M-ELE-001_96d493] Student: 你是说电流只是搬运工，真正被用掉的是它带的能量？

那我以前觉得电流变少是因为灯泡把电荷“用光”了，这个想法是不是完全错了？
Deserializing unregistered type router.SessionMemory from checkpoint. This will be blocked in a future version. Add to allowed_msgpack_modules to silence: [('router', 'SessionMemory')]
Deserializing unregistered type router.PerceptionResult from checkpoint. This will be blocked in a future version. Add to allowed_msgpack_modules to silence: [('router', 'PerceptionResult')]
Deserializing unregistered type router.RouteDecision from checkpoint. This will be blocked in a future version. Add to allowed_msgpack_modules to silence: [('router', 'RouteDecision')]
2026-04-14 00:37:35,806 - SessionLogger - INFO - [sim_FSM+Guardrail_P1_M-ELE-001_e72427] Teacher: 这个混淆特别正常，因为“电”这个词在日常生活中既指能量（交电费），也指电荷（触电）。

咱们换个更贴切的：想象一群手拉手围成圈跑步的人（电荷），灯泡是路边的加油站。

如果前面的加油站把“体力”（能量）收走了，这群人是会停下来消失，还是带着疲惫但继续跑向下一个加油站？
2026-04-14 00:37:37,826 - SessionLogger - INFO - [sim_FSM+Guardrail_P1_M-ELE-001_e72427] Student: 人肯定还在跑，但没力气了跑得就慢了呀。电流也是一样，流过第一个灯泡后“劲儿”小了，后面的电流自然就变小了。
2026-04-14 00:37:37,826 - SessionLogger - INFO - [sim_FSM+Guardrail_P1_M-ELE-001_e72427] Session finished. Resolved: False
2026-04-14 00:37:37,826 - SessionLogger - INFO - [sim_Baseline_P1_M-ELE-002_6f6089] Starting session
2026-04-14 00:37:37,827 - SessionLogger - INFO - Initialized Session sim_Baseline_P1_M-ELE-002_6f6089 on Unknown for Unknown with version FSM+Guardrail
2026-04-14 00:37:39,138 - SessionLogger - INFO - [sim_Baseline_P1_M-ELE-002_6f6089] Student Opening: 老师，我就把灯泡连在电池正极上，它怎么不亮啊？电不是从正极送出来就能用了吗？
2026-04-14 00:37:39,159 - SessionLogger - INFO - [sim_Baseline_P3_M-ELE-001_8b6475] Teacher: 想象一根没有分支的水管，如果入口每秒进10滴水，出口每秒能流出9滴吗？那剩下的1滴去哪了？
2026-04-14 00:37:40,151 - SessionLogger - INFO - [sim_Baseline_P3_M-ELE-001_8b6475] Student: 呃……那1滴是不是积在管子里了？或者变成热量散掉了？反正我觉得出来的肯定比进去的少。
Deserializing unregistered type router.SessionMemory from checkpoint. This will be blocked in a future version. Add to allowed_msgpack_modules to silence: [('router', 'SessionMemory')]
Deserializing unregistered type router.PerceptionResult from checkpoint. This will be blocked in a future version. Add to allowed_msgpack_modules to silence: [('router', 'PerceptionResult')]
Deserializing unregistered type router.RouteDecision from checkpoint. This will be blocked in a future version. Add to allowed_msgpack_modules to silence: [('router', 'RouteDecision')]
2026-04-14 00:37:40,490 - SessionLogger - INFO - [sim_FSM_P1_M-ELE-001_fa4f36] Teacher: 想象一下环形跑道上正在接力跑步的队伍，如果第一个人跑完后“消耗”掉了一半的队员，那第二棒还能凑齐同样多的人继续跑吗？
2026-04-14 00:37:40,858 - SessionLogger - INFO - [sim_FSM_P3_M-ELE-001_cfddc4] Teacher: 如果流回电源的电流真的变得微乎其微，那电路岂不是像被堵住的水管一样，很快就“流不动”甚至断开了？
2026-04-14 00:37:41,681 - SessionLogger - INFO - [sim_FSM_P1_M-ELE-001_fa4f36] Student: 这比喻不对，灯泡又不是把人抓走藏起来，它只是让电流变弱了而已。反正我觉得流过去的电流肯定比流出来的少，不然灯泡怎么会亮？
Deserializing unregistered type router.SessionMemory from checkpoint. This will be blocked in a future version. Add to allowed_msgpack_modules to silence: [('router', 'SessionMemory')]
Deserializing unregistered type router.PerceptionResult from checkpoint. This will be blocked in a future version. Add to allowed_msgpack_modules to silence: [('router', 'PerceptionResult')]
Deserializing unregistered type router.RouteDecision from checkpoint. This will be blocked in a future version. Add to allowed_msgpack_modules to silence: [('router', 'RouteDecision')]
2026-04-14 00:37:42,309 - SessionLogger - INFO - [sim_FSM_P2_M-ELE-001_96d493] Teacher: 是的，电荷本身并没有消失，它们只是把能量“卸”在了灯泡里。

想象一下环形跑道上匀速跑步的人群，如果每个人经过补给站时只喝口水（消耗能量）而不离开跑道，那么跑道后方的人数会减少吗？
2026-04-14 00:37:43,225 - SessionLogger - INFO - [sim_FSM+Guardrail_P3_M-ELE-001_c35f0e] Teacher: 这个直觉很自然，毕竟灯泡发光确实需要“东西”来驱动。但如果按这个逻辑，假如我们串联十个相同的灯泡，你觉得最后一个灯泡还会像第一个那么亮吗？
2026-04-14 00:37:43,642 - SessionLogger - INFO - [sim_FSM_P2_M-ELE-001_96d493] Student: 人数确实不会少，因为大家只是喝了水，人还在跑道上。

所以我之前混淆了“电荷”和“能量”，电流其实就像这群跑步的人，一直循环流动？
2026-04-14 00:37:43,643 - SessionLogger - INFO - [sim_FSM_P2_M-ELE-001_96d493] Session finished. Resolved: False
2026-04-14 00:37:43,643 - SessionLogger - INFO - [sim_FSM_P1_M-ELE-002_35a813] Starting session
2026-04-14 00:37:43,643 - SessionLogger - INFO - Initialized Session sim_FSM_P1_M-ELE-002_35a813 on Unknown for Unknown with version FSM+Guardrail
2026-04-14 00:37:44,605 - SessionLogger - INFO - [sim_FSM_P1_M-ELE-002_35a813] Student Opening: 老师，我就把灯泡的一个脚接在电池正极上，它怎么不亮啊？电不是从正极流出来就能用吗？
2026-04-14 00:37:44,611 - SessionLogger - INFO - [sim_FSM_P3_M-ELE-001_cfddc4] Student: 啊？可是灯泡明明亮着，说明电还在流呀……那电流到底是怎么一边被用掉，一边又能流回去的？我还是有点乱。
Deserializing unregistered type router.SessionMemory from checkpoint. This will be blocked in a future version. Add to allowed_msgpack_modules to silence: [('router', 'SessionMemory')]
Deserializing unregistered type router.PerceptionResult from checkpoint. This will be blocked in a future version. Add to allowed_msgpack_modules to silence: [('router', 'PerceptionResult')]
Deserializing unregistered type router.RouteDecision from checkpoint. This will be blocked in a future version. Add to allowed_msgpack_modules to silence: [('router', 'RouteDecision')]
2026-04-14 00:37:44,624 - SessionLogger - INFO - [sim_Baseline_P3_M-ELE-001_8b6475] Teacher: 如果那1滴真的积在管子里，你觉得这根管子会发生什么变化？

电荷可是带同种电性的，它们互相排斥，很难“挤”在一起堆积哦。
2026-04-14 00:37:44,627 - SessionLogger - INFO - [sim_Baseline_P1_M-ELE-002_6f6089] Teacher: 想象一下，如果水管只接在水龙头上，另一端悬空，水能一直流出来吗？电流要想持续流动，是不是也得有一条完整的路让它“走回来”呢？
2026-04-14 00:37:45,654 - SessionLogger - INFO - [sim_Baseline_P1_M-ELE-002_6f6089] Student: 水那是液体，电是能量，不一样的。只要电池有电，顺着导线送过去灯泡就该亮，干嘛非要走回来？
Deserializing unregistered type router.SessionMemory from checkpoint. This will be blocked in a future version. Add to allowed_msgpack_modules to silence: [('router', 'SessionMemory')]
Deserializing unregistered type router.PerceptionResult from checkpoint. This will be blocked in a future version. Add to allowed_msgpack_modules to silence: [('router', 'PerceptionResult')]
Deserializing unregistered type router.RouteDecision from checkpoint. This will be blocked in a future version. Add to allowed_msgpack_modules to silence: [('router', 'RouteDecision')]
2026-04-14 00:37:47,261 - SessionLogger - INFO - [sim_Baseline_P3_M-ELE-001_8b6475] Student: 啊？会爆炸吗……可是灯泡明明发光发热了，能量都跑出去了，电流怎么可能一点都没少呢？我还是有点转不过弯来。
Deserializing unregistered type router.SessionMemory from checkpoint. This will be blocked in a future version. Add to allowed_msgpack_modules to silence: [('router', 'SessionMemory')]
Deserializing unregistered type router.PerceptionResult from checkpoint. This will be blocked in a future version. Add to allowed_msgpack_modules to silence: [('router', 'PerceptionResult')]
Deserializing unregistered type router.RouteDecision from checkpoint. This will be blocked in a future version. Add to allowed_msgpack_modules to silence: [('router', 'RouteDecision')]
2026-04-14 00:37:47,290 - SessionLogger - INFO - [sim_FSM+Guardrail_P3_M-ELE-001_c35f0e] Student: 肯定没第一个亮啊，电流都被前面的灯泡分着用了嘛。就像水流过十个水车，到最后肯定没劲儿了呀。
Deserializing unregistered type router.SessionMemory from checkpoint. This will be blocked in a future version. Add to allowed_msgpack_modules to silence: [('router', 'SessionMemory')]
Deserializing unregistered type router.PerceptionResult from checkpoint. This will be blocked in a future version. Add to allowed_msgpack_modules to silence: [('router', 'PerceptionResult')]
Deserializing unregistered type router.RouteDecision from checkpoint. This will be blocked in a future version. Add to allowed_msgpack_modules to silence: [('router', 'RouteDecision')]
2026-04-14 00:37:49,877 - SessionLogger - INFO - [sim_FSM_P1_M-ELE-001_fa4f36] Teacher: 这个直觉确实很顽固，因为灯泡发光让我们觉得它“吃掉”了什么东西。

但如果我们顺着你的逻辑想：如果第一个灯泡把电流“用弱”了，那后面串联的第二个、第三个灯泡得到的电流岂不是越来越少？
2026-04-14 00:37:50,726 - SessionLogger - INFO - [sim_FSM_P1_M-ELE-001_fa4f36] Student: 对啊，本来就是越来越少，所以后面的灯泡才会比前面的暗一点嘛。这不是很正常的事情吗？
2026-04-14 00:37:50,726 - SessionLogger - INFO - [sim_FSM_P1_M-ELE-001_fa4f36] Session finished. Resolved: False
2026-04-14 00:37:50,727 - SessionLogger - INFO - [sim_FSM+Guardrail_P1_M-ELE-002_3cba07] Starting session
2026-04-14 00:37:50,727 - SessionLogger - INFO - Initialized Session sim_FSM+Guardrail_P1_M-ELE-002_3cba07 on Unknown for Unknown with version FSM+Guardrail
2026-04-14 00:37:51,887 - SessionLogger - INFO - [sim_FSM+Guardrail_P1_M-ELE-002_3cba07] Student Opening: 老师，我就纳闷了，电池正极不是有电吗？我把灯泡直接连在正极上，电传过去灯泡就该亮啊，干嘛非得绕一圈回负极？
2026-04-14 00:37:51,914 - SessionLogger - INFO - [sim_Baseline_P1_M-ELE-002_6f6089] Teacher: 那咱们换个角度想，如果只有去的电子，没有回来的路，电池正极那边很快就会“堵”住，电子挤在一起动不了了，你觉得这时候还会有持续的电流流过灯泡吗？
2026-04-14 00:37:51,915 - SessionLogger - INFO - [sim_Baseline_P3_M-ELE-001_8b6475] Teacher: 能量确实被灯泡“拿走”了，但这就像水流推动水车，水车转走了能量，但流过去的水分子数量变少了吗？

试着区分一下：灯泡消耗的是电荷携带的“能量”，还是电荷这个“载体”本身呢？
2026-04-14 00:37:51,921 - SessionLogger - INFO - [sim_FSM_P3_M-ELE-001_cfddc4] Teacher: 这确实很反直觉，因为我们容易把“电流”和“电能”混为一谈。

想象一下环形跑道上正在跑步的人群：如果跑道中间有一段路特别难跑（就像灯泡消耗能量），这会让人群在那一段跑得精疲力竭，还是会让整条跑道上的人数突然变少？
2026-04-14 00:37:52,878 - SessionLogger - INFO - [sim_Baseline_P1_M-ELE-002_6f6089] Student: 电子那么小，怎么会堵？电池劲儿大着呢，肯定能一直把电推过去让灯泡亮。
Deserializing unregistered type router.SessionMemory from checkpoint. This will be blocked in a future version. Add to allowed_msgpack_modules to silence: [('router', 'SessionMemory')]
Deserializing unregistered type router.PerceptionResult from checkpoint. This will be blocked in a future version. Add to allowed_msgpack_modules to silence: [('router', 'PerceptionResult')]
Deserializing unregistered type router.RouteDecision from checkpoint. This will be blocked in a future version. Add to allowed_msgpack_modules to silence: [('router', 'RouteDecision')]
2026-04-14 00:37:53,480 - SessionLogger - INFO - [sim_Baseline_P3_M-ELE-001_8b6475] Student: 可是……如果能量被拿走了，电流不就“没劲”了吗？我还是觉得流过去的电流肯定会变弱一点，不然怎么解释后面的灯暗一些呢？
Deserializing unregistered type router.SessionMemory from checkpoint. This will be blocked in a future version. Add to allowed_msgpack_modules to silence: [('router', 'SessionMemory')]
Deserializing unregistered type router.PerceptionResult from checkpoint. This will be blocked in a future version. Add to allowed_msgpack_modules to silence: [('router', 'PerceptionResult')]
Deserializing unregistered type router.RouteDecision from checkpoint. This will be blocked in a future version. Add to allowed_msgpack_modules to silence: [('router', 'RouteDecision')]
2026-04-14 00:37:55,175 - SessionLogger - INFO - [sim_FSM_P3_M-ELE-001_cfddc4] Student: 人数是不会变少……但是他们会跑不动啊？如果前面的人被灯泡“累”得慢了，后面的人不也会跟着变慢吗？那电流（速度）不就变小了吗？
Deserializing unregistered type router.SessionMemory from checkpoint. This will be blocked in a future version. Add to allowed_msgpack_modules to silence: [('router', 'SessionMemory')]
Deserializing unregistered type router.PerceptionResult from checkpoint. This will be blocked in a future version. Add to allowed_msgpack_modules to silence: [('router', 'PerceptionResult')]
Deserializing unregistered type router.RouteDecision from checkpoint. This will be blocked in a future version. Add to allowed_msgpack_modules to silence: [('router', 'RouteDecision')]
2026-04-14 00:37:57,538 - SessionLogger - WARNING - LLM Judge blocked response. Reason: 助教直接给出了本题的核心物理结论，即‘电流其实没变’。这违反了违规定义第1条（直接告诉学生最终物理结论）。针对学生‘电流被消耗’的错误概念，正确的做法应是通过引导提问或类比（如水流回路）让学生自己意识到电荷守恒或电流连续性，而不是直接陈述正确事实来纠正错误。
2026-04-14 00:37:57,543 - SessionLogger - INFO - [sim_Baseline_P3_M-ELE-001_8b6475] Teacher: “没劲”指的是电压（电势差）降低了，就像水压变小了，但水管里流动的水量（电流）其实没变哦。

你提到的“后面的灯暗一些”，是在串联电路里观察到的现象，还是并联电路里的现象呢？
2026-04-14 00:37:58,752 - SessionLogger - INFO - [sim_Baseline_P1_M-ELE-002_6f6089] Teacher: 电池确实有推力，但如果路不通，电子没地方去，就会在导线里越积越多，产生反向的阻力。

这就好比推箱子，前面是堵死的墙，你力气再大，箱子能动起来吗？
2026-04-14 00:37:59,553 - SessionLogger - INFO - [sim_Baseline_P3_M-ELE-001_8b6475] Student: 是串联啊，就是那种一个接一个连起来的。既然前面的灯把电“用”掉了一部分，那流到后面的肯定就少了呀，这不是很正常吗？
Deserializing unregistered type router.SessionMemory from checkpoint. This will be blocked in a future version. Add to allowed_msgpack_modules to silence: [('router', 'SessionMemory')]
Deserializing unregistered type router.PerceptionResult from checkpoint. This will be blocked in a future version. Add to allowed_msgpack_modules to silence: [('router', 'PerceptionResult')]
Deserializing unregistered type router.RouteDecision from checkpoint. This will be blocked in a future version. Add to allowed_msgpack_modules to silence: [('router', 'RouteDecision')]
2026-04-14 00:37:59,718 - SessionLogger - INFO - [sim_Baseline_P1_M-ELE-002_6f6089] Student: 灯泡又不是墙，它是用电器啊。电到了灯泡那里被“用掉”发光了，就不需要再流回去了吧？
Deserializing unregistered type router.SessionMemory from checkpoint. This will be blocked in a future version. Add to allowed_msgpack_modules to silence: [('router', 'SessionMemory')]
Deserializing unregistered type router.PerceptionResult from checkpoint. This will be blocked in a future version. Add to allowed_msgpack_modules to silence: [('router', 'PerceptionResult')]
Deserializing unregistered type router.RouteDecision from checkpoint. This will be blocked in a future version. Add to allowed_msgpack_modules to silence: [('router', 'RouteDecision')]
2026-04-14 00:37:59,841 - SessionLogger - INFO - [sim_FSM_P1_M-ELE-002_35a813] Teacher: 这个想法很自然，毕竟我们总觉得电是从电池里“挤”出来的。但你想一想，如果电流像水流，你只把水管的一头接在水龙头上，另一头却悬在半空没接回下水道，水能持续流出来推动水车吗？
2026-04-14 00:38:00,846 - SessionLogger - INFO - [sim_FSM_P1_M-ELE-002_35a813] Student: 水会喷出来啊，只要喷头对着水车不就行了？电应该也是一样的，从电池里射出来碰到灯泡就该亮了。
Deserializing unregistered type router.SessionMemory from checkpoint. This will be blocked in a future version. Add to allowed_msgpack_modules to silence: [('router', 'SessionMemory')]
Deserializing unregistered type router.PerceptionResult from checkpoint. This will be blocked in a future version. Add to allowed_msgpack_modules to silence: [('router', 'PerceptionResult')]
Deserializing unregistered type router.RouteDecision from checkpoint. This will be blocked in a future version. Add to allowed_msgpack_modules to silence: [('router', 'RouteDecision')]
2026-04-14 00:38:01,671 - SessionLogger - INFO - [sim_FSM_P3_M-ELE-001_cfddc4] Teacher: 你说得对，大家的速度确实会一起慢下来。

但既然是一起变慢，你觉得是“刚进灯泡前”的人跑得快，还是“出了灯泡后”的人跑得快呢？
2026-04-14 00:38:03,253 - SessionLogger - INFO - [sim_FSM+Guardrail_P3_M-ELE-001_c35f0e] Teacher: 按你的推测，串联的灯泡应该“前亮后暗”才对。但在实际的串联电路实验里，你见过这种“第一个最亮、最后一个最暗”的现象吗？
2026-04-14 00:38:03,473 - SessionLogger - INFO - [sim_FSM_P3_M-ELE-001_cfddc4] Student: 那肯定是进灯泡前快吧？毕竟进去之后要“费力”发光，出来肯定就没劲了呀。所以前面的电流大，后面的小？
Deserializing unregistered type router.SessionMemory from checkpoint. This will be blocked in a future version. Add to allowed_msgpack_modules to silence: [('router', 'SessionMemory')]
Deserializing unregistered type router.PerceptionResult from checkpoint. This will be blocked in a future version. Add to allowed_msgpack_modules to silence: [('router', 'PerceptionResult')]
Deserializing unregistered type router.RouteDecision from checkpoint. This will be blocked in a future version. Add to allowed_msgpack_modules to silence: [('router', 'RouteDecision')]
2026-04-14 00:38:04,317 - SessionLogger - INFO - [sim_FSM+Guardrail_P3_M-ELE-001_c35f0e] Student: 好像……确实没注意过，它们看起来是一样亮的。但这怎么可能呢？难道电流不会被灯泡“吃掉”吗？我还是有点晕。
Deserializing unregistered type router.SessionMemory from checkpoint. This will be blocked in a future version. Add to allowed_msgpack_modules to silence: [('router', 'SessionMemory')]
Deserializing unregistered type router.PerceptionResult from checkpoint. This will be blocked in a future version. Add to allowed_msgpack_modules to silence: [('router', 'PerceptionResult')]
Deserializing unregistered type router.RouteDecision from checkpoint. This will be blocked in a future version. Add to allowed_msgpack_modules to silence: [('router', 'RouteDecision')]
2026-04-14 00:38:04,845 - SessionLogger - INFO - [sim_Baseline_P1_M-ELE-002_6f6089] Teacher: 能量确实被灯泡“用掉”变成了光和热，但运送能量的“电子”并没有消失呀。

如果电子到了灯泡就停在那儿不走了，后面的电子还能挤得进去吗？
2026-04-14 00:38:06,239 - SessionLogger - INFO - [sim_Baseline_P1_M-ELE-002_6f6089] Student: 电子那么小，挤一挤肯定能进去的。只要电池一直推，电就能一直过去，灯泡就会一直亮。
Deserializing unregistered type router.SessionMemory from checkpoint. This will be blocked in a future version. Add to allowed_msgpack_modules to silence: [('router', 'SessionMemory')]
Deserializing unregistered type router.PerceptionResult from checkpoint. This will be blocked in a future version. Add to allowed_msgpack_modules to silence: [('router', 'PerceptionResult')]
Deserializing unregistered type router.RouteDecision from checkpoint. This will be blocked in a future version. Add to allowed_msgpack_modules to silence: [('router', 'RouteDecision')]
2026-04-14 00:38:10,006 - SessionLogger - INFO - [sim_FSM+Guardrail_P1_M-ELE-002_3cba07] Teacher: 这个直觉很常见，毕竟我们总说正极“有电”。但顺着你的思路想，如果只要连上正极电流就能一直流，那我把一根导线一头按在正极，另一头悬在半空，这根导线里是不是也应该有强大的电流在狂奔？
2026-04-14 00:38:10,449 - SessionLogger - INFO - [sim_Baseline_P1_M-ELE-002_6f6089] Teacher: 如果电子只进不出，灯泡那一侧很快就会堆满带负电的电子。

你想一想，同种电荷是互相吸引还是互相排斥？这会对后面想挤进来的电子产生什么影响？
2026-04-14 00:38:10,751 - SessionLogger - INFO - [sim_FSM_P3_M-ELE-001_cfddc4] Teacher: 这个想法很自然，但请想象一下：如果进灯泡的人多（电流大），出灯泡的人少（电流小），那多出来的人是不是就“堆积”在灯泡里了？
2026-04-14 00:38:10,849 - SessionLogger - INFO - [sim_FSM+Guardrail_P3_M-ELE-001_c35f0e] Teacher: 这确实很反直觉，因为灯泡发光让我们感觉能量被“消耗”了。我们可以把电流想象成环形跑道上正在跑步的人群：如果前面的人突然变少或停下，后面的人还能保持同样的速度紧跟上来吗？
2026-04-14 00:38:11,733 - SessionLogger - INFO - [sim_FSM+Guardrail_P1_M-ELE-002_3cba07] Student: 那肯定没电流啊，因为导线另一头没接灯泡，电传不过去。我说的是一定要接上灯泡这种用电器，电送过去它才能亮，跟回路没关系。
Deserializing unregistered type router.SessionMemory from checkpoint. This will be blocked in a future version. Add to allowed_msgpack_modules to silence: [('router', 'SessionMemory')]
Deserializing unregistered type router.PerceptionResult from checkpoint. This will be blocked in a future version. Add to allowed_msgpack_modules to silence: [('router', 'PerceptionResult')]
Deserializing unregistered type router.RouteDecision from checkpoint. This will be blocked in a future version. Add to allowed_msgpack_modules to silence: [('router', 'RouteDecision')]
2026-04-14 00:38:13,383 - SessionLogger - INFO - [sim_Baseline_P1_M-ELE-002_6f6089] Student: 那又怎样？电池推力那么大，肯定能克服这点排斥力把电子硬塞进去。
Deserializing unregistered type router.SessionMemory from checkpoint. This will be blocked in a future version. Add to allowed_msgpack_modules to silence: [('router', 'SessionMemory')]
Deserializing unregistered type router.PerceptionResult from checkpoint. This will be blocked in a future version. Add to allowed_msgpack_modules to silence: [('router', 'PerceptionResult')]
Deserializing unregistered type router.RouteDecision from checkpoint. This will be blocked in a future version. Add to allowed_msgpack_modules to silence: [('router', 'RouteDecision')]
2026-04-14 00:38:14,650 - SessionLogger - INFO - [sim_FSM_P3_M-ELE-001_cfddc4] Student: 呃……堆积？灯泡里又没地方装人呀。可是如果不堆积，那电到底是怎么“少”下去让灯亮的呢？我还是觉得它肯定被用掉了一部分。
Deserializing unregistered type router.SessionMemory from checkpoint. This will be blocked in a future version. Add to allowed_msgpack_modules to silence: [('router', 'SessionMemory')]
Deserializing unregistered type router.PerceptionResult from checkpoint. This will be blocked in a future version. Add to allowed_msgpack_modules to silence: [('router', 'PerceptionResult')]
Deserializing unregistered type router.RouteDecision from checkpoint. This will be blocked in a future version. Add to allowed_msgpack_modules to silence: [('router', 'RouteDecision')]
2026-04-14 00:38:15,131 - SessionLogger - INFO - [sim_FSM+Guardrail_P3_M-ELE-001_c35f0e] Student: 呃……如果前面的人变少，后面的人确实会挤在一起或者停下来吧？可是灯泡发光不就是把电流“用”掉了吗，这跟跑步的人有什么不一样呀？我还是没想通。
Deserializing unregistered type router.SessionMemory from checkpoint. This will be blocked in a future version. Add to allowed_msgpack_modules to silence: [('router', 'SessionMemory')]
Deserializing unregistered type router.PerceptionResult from checkpoint. This will be blocked in a future version. Add to allowed_msgpack_modules to silence: [('router', 'PerceptionResult')]
Deserializing unregistered type router.RouteDecision from checkpoint. This will be blocked in a future version. Add to allowed_msgpack_modules to silence: [('router', 'RouteDecision')]
2026-04-14 00:38:16,812 - SessionLogger - INFO - [sim_FSM_P1_M-ELE-002_35a813] Teacher: 照你这么说，电池其实根本不需要负极，只要保留正极往外“射”电就行了。那厂家为什么还要多此一举做个负极，这不是纯纯浪费材料吗？
2026-04-14 00:38:17,299 - SessionLogger - INFO - [sim_FSM+Guardrail_P1_M-ELE-002_3cba07] Teacher: 好，那咱们就按你说的，让电流只从正极出发，流进灯泡。

如果电流像单程票一样，进去后不回负极，你觉得电池里的电会不会在几秒钟内就被“塞满”或者“流光”，导致灯泡闪一下就彻底报废了？
2026-04-14 00:38:17,811 - SessionLogger - INFO - [sim_Baseline_P1_M-ELE-002_6f6089] Teacher: 电荷堆积产生的排斥力会随着电子增多而急剧变大，很快就会超过电池的推力。

就像给气球打气，如果只进气不出气，气球很快就会被撑爆或者再也打不进气了，你觉得电路里会发生类似的情况吗？
2026-04-14 00:38:17,864 - SessionLogger - INFO - [sim_FSM_P1_M-ELE-002_35a813] Student: 那肯定是有别的用处呗，比如平衡什么的。但这跟灯泡亮不亮没关系啊，正极有电送出来就应该能亮。
Deserializing unregistered type router.SessionMemory from checkpoint. This will be blocked in a future version. Add to allowed_msgpack_modules to silence: [('router', 'SessionMemory')]
Deserializing unregistered type router.PerceptionResult from checkpoint. This will be blocked in a future version. Add to allowed_msgpack_modules to silence: [('router', 'PerceptionResult')]
Deserializing unregistered type router.RouteDecision from checkpoint. This will be blocked in a future version. Add to allowed_msgpack_modules to silence: [('router', 'RouteDecision')]
2026-04-14 00:38:18,236 - SessionLogger - INFO - [sim_FSM+Guardrail_P1_M-ELE-002_3cba07] Student: 电池里的电多着呢，哪能这么快就流光？只要正极一直往外送电，灯泡就应该一直亮着才对。
Deserializing unregistered type router.SessionMemory from checkpoint. This will be blocked in a future version. Add to allowed_msgpack_modules to silence: [('router', 'SessionMemory')]
Deserializing unregistered type router.PerceptionResult from checkpoint. This will be blocked in a future version. Add to allowed_msgpack_modules to silence: [('router', 'PerceptionResult')]
Deserializing unregistered type router.RouteDecision from checkpoint. This will be blocked in a future version. Add to allowed_msgpack_modules to silence: [('router', 'RouteDecision')]
2026-04-14 00:38:18,665 - SessionLogger - INFO - [sim_Baseline_P1_M-ELE-002_6f6089] Student: 电路又不是气球，它是硬邦邦的导线，怎么可能被撑爆？我觉得你的比喻完全不适用。
Deserializing unregistered type router.SessionMemory from checkpoint. This will be blocked in a future version. Add to allowed_msgpack_modules to silence: [('router', 'SessionMemory')]
Deserializing unregistered type router.PerceptionResult from checkpoint. This will be blocked in a future version. Add to allowed_msgpack_modules to silence: [('router', 'PerceptionResult')]
Deserializing unregistered type router.RouteDecision from checkpoint. This will be blocked in a future version. Add to allowed_msgpack_modules to silence: [('router', 'RouteDecision')]
2026-04-14 00:38:19,942 - SessionLogger - INFO - [sim_FSM+Guardrail_P3_M-ELE-001_c35f0e] Teacher: 这个困惑很常见，因为我们容易把“能量”和“电荷”混为一谈。

试着区分一下：跑步的人经过水站时，是喝掉了水（能量），还是人本身被水站“吃掉”了？
2026-04-14 00:38:20,438 - SessionLogger - INFO - [sim_FSM_P3_M-ELE-001_cfddc4] Teacher: 你说得对，电荷确实不会在灯泡里“堆积”起来。

既然人（电荷）的数量没变，也没消失，那灯泡发光消耗的“力气”，你觉得更像是消耗了“跑步的人”，还是消耗了人身上携带的“能量包”？
2026-04-14 00:38:21,818 - SessionLogger - INFO - [sim_FSM+Guardrail_P3_M-ELE-001_c35f0e] Student: 人肯定没被吃掉，还是那个人……但是电流流过去灯泡就亮了呀，这不就是被“用”了吗？我还是分不清哪个是人、哪个是水。
Deserializing unregistered type router.SessionMemory from checkpoint. This will be blocked in a future version. Add to allowed_msgpack_modules to silence: [('router', 'SessionMemory')]
Deserializing unregistered type router.PerceptionResult from checkpoint. This will be blocked in a future version. Add to allowed_msgpack_modules to silence: [('router', 'PerceptionResult')]
Deserializing unregistered type router.RouteDecision from checkpoint. This will be blocked in a future version. Add to allowed_msgpack_modules to silence: [('router', 'RouteDecision')]
2026-04-14 00:38:22,031 - SessionLogger - INFO - [sim_FSM_P3_M-ELE-001_cfddc4] Student: 能量包？可是电流不就是那个“跑”的过程吗？如果人没少，只是包空了，那他们出来之后不还是在那儿跑吗，怎么叫电流变小了呢……我还是有点晕。
Deserializing unregistered type router.SessionMemory from checkpoint. This will be blocked in a future version. Add to allowed_msgpack_modules to silence: [('router', 'SessionMemory')]
Deserializing unregistered type router.PerceptionResult from checkpoint. This will be blocked in a future version. Add to allowed_msgpack_modules to silence: [('router', 'PerceptionResult')]
Deserializing unregistered type router.RouteDecision from checkpoint. This will be blocked in a future version. Add to allowed_msgpack_modules to silence: [('router', 'RouteDecision')]
2026-04-14 00:38:24,328 - SessionLogger - INFO - [sim_FSM+Guardrail_P1_M-ELE-002_3cba07] Teacher: 想象一下，如果电流像水流一样，只从水龙头（正极）流出来冲进灯泡，却没有任何下水道（负极）让它流走，这水是不是瞬间就会把灯泡给“淹”满，再也进不去新水了？
2026-04-14 00:38:24,668 - SessionLogger - INFO - [sim_FSM_P1_M-ELE-002_35a813] Teacher: 如果电真的像箭一样射出来就能用，那你把手指靠近正极（别真碰短路），手指应该也能感觉到电流穿过吧？可实际上并没有，这说明电并不是“射”出来的，你觉得它到底是怎么在电路里运动的？
2026-04-14 00:38:25,569 - SessionLogger - INFO - [sim_FSM+Guardrail_P1_M-ELE-002_3cba07] Student: 电又不是水，不会把灯泡“淹”满的。电是能量，送过去被灯泡消耗掉就没了，不需要再流回来。
Deserializing unregistered type router.SessionMemory from checkpoint. This will be blocked in a future version. Add to allowed_msgpack_modules to silence: [('router', 'SessionMemory')]
Deserializing unregistered type router.PerceptionResult from checkpoint. This will be blocked in a future version. Add to allowed_msgpack_modules to silence: [('router', 'PerceptionResult')]
Deserializing unregistered type router.RouteDecision from checkpoint. This will be blocked in a future version. Add to allowed_msgpack_modules to silence: [('router', 'RouteDecision')]
2026-04-14 00:38:25,854 - SessionLogger - INFO - [sim_FSM_P1_M-ELE-002_35a813] Student: 可能电流太弱了，手指感觉不到而已。反正我觉得只要正极连上灯泡，电送过去它就该亮，不用管别的。
Deserializing unregistered type router.SessionMemory from checkpoint. This will be blocked in a future version. Add to allowed_msgpack_modules to silence: [('router', 'SessionMemory')]
Deserializing unregistered type router.PerceptionResult from checkpoint. This will be blocked in a future version. Add to allowed_msgpack_modules to silence: [('router', 'PerceptionResult')]
Deserializing unregistered type router.RouteDecision from checkpoint. This will be blocked in a future version. Add to allowed_msgpack_modules to silence: [('router', 'RouteDecision')]
2026-04-14 00:38:27,498 - SessionLogger - INFO - [sim_FSM+Guardrail_P3_M-ELE-001_c35f0e] Teacher: 你说得对，人（电荷）确实没被吃掉。

那如果“水”代表让灯泡发光的能量，你觉得是跑步的人本身变成了光，还是他们携带的“水”被消耗掉了？
2026-04-14 00:38:28,727 - SessionLogger - INFO - [sim_FSM+Guardrail_P3_M-ELE-001_c35f0e] Student: 可是……如果水被喝掉了，那流出来的“人”不就变轻或者变少了吗？我还是觉得电流过去之后肯定会变小一点的。
Deserializing unregistered type router.SessionMemory from checkpoint. This will be blocked in a future version. Add to allowed_msgpack_modules to silence: [('router', 'SessionMemory')]
Deserializing unregistered type router.PerceptionResult from checkpoint. This will be blocked in a future version. Add to allowed_msgpack_modules to silence: [('router', 'PerceptionResult')]
Deserializing unregistered type router.RouteDecision from checkpoint. This will be blocked in a future version. Add to allowed_msgpack_modules to silence: [('router', 'RouteDecision')]
2026-04-14 00:38:29,551 - SessionLogger - INFO - [sim_Baseline_P3_M-ELE-001_8b6475] Teacher: 如果前面的灯泡“截留”了一部分电荷，那这些电荷最后都去哪儿了呢？

想象一下，如果电荷真的在半路变少了，电源负极那边还能接收到同样多的电荷来维持循环吗？
2026-04-14 00:38:30,556 - SessionLogger - INFO - [sim_FSM_P1_M-ELE-002_35a813] Teacher: 那我们换个思路：如果你把已经亮着的灯泡，突然拔掉连接电池负极的那根线，你觉得灯泡是会继续亮着，还是立刻熄灭？
2026-04-14 00:38:30,769 - SessionLogger - INFO - [sim_Baseline_P3_M-ELE-001_8b6475] Student: 电荷……应该没消失吧？但它把能量留下了，感觉就像变“轻”了或者变“弱”了呀。这种“弱”了的电流，难道不算变小了吗？
Deserializing unregistered type router.SessionMemory from checkpoint. This will be blocked in a future version. Add to allowed_msgpack_modules to silence: [('router', 'SessionMemory')]
Deserializing unregistered type router.PerceptionResult from checkpoint. This will be blocked in a future version. Add to allowed_msgpack_modules to silence: [('router', 'PerceptionResult')]
Deserializing unregistered type router.RouteDecision from checkpoint. This will be blocked in a future version. Add to allowed_msgpack_modules to silence: [('router', 'RouteDecision')]
2026-04-14 00:38:31,478 - SessionLogger - INFO - [sim_FSM_P1_M-ELE-002_35a813] Student: 那肯定还亮着啊，正极不是还在连着送电吗？拔掉负极又不影响正极往外射电。
Deserializing unregistered type router.SessionMemory from checkpoint. This will be blocked in a future version. Add to allowed_msgpack_modules to silence: [('router', 'SessionMemory')]
Deserializing unregistered type router.PerceptionResult from checkpoint. This will be blocked in a future version. Add to allowed_msgpack_modules to silence: [('router', 'PerceptionResult')]
Deserializing unregistered type router.RouteDecision from checkpoint. This will be blocked in a future version. Add to allowed_msgpack_modules to silence: [('router', 'RouteDecision')]
2026-04-14 00:38:31,532 - SessionLogger - INFO - [sim_FSM+Guardrail_P1_M-ELE-002_3cba07] Teacher: 你说得对，被消耗的是能量。但你想，如果电荷（载着能量的“小车”）到了灯泡就把能量卸下然后“消失”了，那电池正极源源不断送出来的新电荷，岂不是瞬间就会在灯泡前堵成一团，再也挤不进去了？
2026-04-14 00:38:32,731 - SessionLogger - INFO - [sim_FSM+Guardrail_P1_M-ELE-002_3cba07] Student: 电荷不会堵住的，它们到了灯泡把能量交出去就完成任务了。只要电池还在推，新的电荷就能继续挤过去让灯亮着。
Deserializing unregistered type router.SessionMemory from checkpoint. This will be blocked in a future version. Add to allowed_msgpack_modules to silence: [('router', 'SessionMemory')]
Deserializing unregistered type router.PerceptionResult from checkpoint. This will be blocked in a future version. Add to allowed_msgpack_modules to silence: [('router', 'PerceptionResult')]
Deserializing unregistered type router.RouteDecision from checkpoint. This will be blocked in a future version. Add to allowed_msgpack_modules to silence: [('router', 'RouteDecision')]
2026-04-14 00:38:33,830 - SessionLogger - INFO - [sim_FSM+Guardrail_P3_M-ELE-001_c35f0e] Teacher: 这个直觉很自然，但请想想：在环形跑道上，如果前面的人因为“累了”或者“交出了东西”而变慢或减少，后面源源不断涌上来的人会发生什么？
2026-04-14 00:38:35,177 - SessionLogger - INFO - [sim_Baseline_P3_M-ELE-001_8b6475] Teacher: 电流的定义是单位时间内通过横截面的电荷量，这和电荷携带多少能量（电压）其实是两回事。

你可以把电流想象成传送带上的包裹数量，把电压想象成每个包裹的重量。如果包裹变“轻”了（能量少了），但传送带的速度没变，那每分钟通过的包裹数量会变少吗？
2026-04-14 00:38:35,250 - SessionLogger - INFO - [sim_FSM+Guardrail_P3_M-ELE-001_c35f0e] Student: 呃……后面的人会堵住？可是灯泡亮的时候并没有把路堵死呀，电还是能流过去的。我还是觉得前面的灯泡会“截留”一部分电流。
Deserializing unregistered type router.SessionMemory from checkpoint. This will be blocked in a future version. Add to allowed_msgpack_modules to silence: [('router', 'SessionMemory')]
Deserializing unregistered type router.PerceptionResult from checkpoint. This will be blocked in a future version. Add to allowed_msgpack_modules to silence: [('router', 'PerceptionResult')]
Deserializing unregistered type router.RouteDecision from checkpoint. This will be blocked in a future version. Add to allowed_msgpack_modules to silence: [('router', 'RouteDecision')]
2026-04-14 00:38:36,580 - SessionLogger - INFO - [sim_FSM_P1_M-ELE-002_35a813] Teacher: 这就奇怪了，既然你觉得负极没用，那为什么实际做实验时，一旦拔掉负极那端的线，灯泡瞬间就灭了呢？
2026-04-14 00:38:37,172 - SessionLogger - INFO - [sim_Baseline_P3_M-ELE-001_8b6475] Student: 可是……如果包裹变轻了，传送带会不会因为阻力变小就转得更快，或者因为没东西压着就散架了？我还是觉得“没能量”的电流和“有能量”的电流不一样，感觉上就是变少了。
Deserializing unregistered type router.SessionMemory from checkpoint. This will be blocked in a future version. Add to allowed_msgpack_modules to silence: [('router', 'SessionMemory')]
Deserializing unregistered type router.PerceptionResult from checkpoint. This will be blocked in a future version. Add to allowed_msgpack_modules to silence: [('router', 'PerceptionResult')]
Deserializing unregistered type router.RouteDecision from checkpoint. This will be blocked in a future version. Add to allowed_msgpack_modules to silence: [('router', 'RouteDecision')]
2026-04-14 00:38:37,517 - SessionLogger - INFO - [sim_FSM_P1_M-ELE-002_35a813] Student: 那是因为你拔线的时候手抖了一下，把正极也弄松了吧？反正我觉得只要正极连着，电就应该能过去。
Deserializing unregistered type router.SessionMemory from checkpoint. This will be blocked in a future version. Add to allowed_msgpack_modules to silence: [('router', 'SessionMemory')]
Deserializing unregistered type router.PerceptionResult from checkpoint. This will be blocked in a future version. Add to allowed_msgpack_modules to silence: [('router', 'PerceptionResult')]
Deserializing unregistered type router.RouteDecision from checkpoint. This will be blocked in a future version. Add to allowed_msgpack_modules to silence: [('router', 'RouteDecision')]
2026-04-14 00:38:39,809 - SessionLogger - INFO - [sim_FSM+Guardrail_P1_M-ELE-002_3cba07] Teacher: 咱们做个极端假设：如果电流真的像你说的那样，流过第一个灯泡就被“消耗”掉了一部分，那当你串联十个同样的灯泡时，是不是只有第一个最亮，后面的应该一个比一个暗，甚至最后一个根本不亮？
2026-04-14 00:38:41,118 - SessionLogger - INFO - [sim_FSM+Guardrail_P1_M-ELE-002_3cba07] Student: 那肯定还是第一个最亮啊，因为电先经过它，能量被用掉了一些。后面的灯泡分到的电少了，自然就暗一点，这很合理吧？
Deserializing unregistered type router.SessionMemory from checkpoint. This will be blocked in a future version. Add to allowed_msgpack_modules to silence: [('router', 'SessionMemory')]
Deserializing unregistered type router.PerceptionResult from checkpoint. This will be blocked in a future version. Add to allowed_msgpack_modules to silence: [('router', 'PerceptionResult')]
Deserializing unregistered type router.RouteDecision from checkpoint. This will be blocked in a future version. Add to allowed_msgpack_modules to silence: [('router', 'RouteDecision')]
2026-04-14 00:38:41,768 - SessionLogger - INFO - [sim_Baseline_P1_M-ELE-002_6f6089] Teacher: 导线确实不会像气球那样物理爆炸，但电荷堆积产生的“电压力”（电压）会迅速升高。

当这个反向的压力等于电池的推力时，你觉得电子还能继续往前挤吗？
2026-04-14 00:38:42,008 - SessionLogger - INFO - [sim_Baseline_P3_M-ELE-001_8b6475] Teacher: 传送带的速度是由马达（电源）统一控制的，不会因为包裹轻了就突然加速或散架。

既然电荷不能堆积，也不能消失，那在串联的这条“单行道”上，前面的电荷如果不往前走，后面的电荷能挤得进去吗？
2026-04-14 00:38:43,087 - SessionLogger - INFO - [sim_Baseline_P1_M-ELE-002_6f6089] Student: 电池是源源不断提供能量的，它肯定有办法把电子推过去。我不信它会停，只要连着就应该一直亮。
Deserializing unregistered type router.SessionMemory from checkpoint. This will be blocked in a future version. Add to allowed_msgpack_modules to silence: [('router', 'SessionMemory')]
Deserializing unregistered type router.PerceptionResult from checkpoint. This will be blocked in a future version. Add to allowed_msgpack_modules to silence: [('router', 'PerceptionResult')]
Deserializing unregistered type router.RouteDecision from checkpoint. This will be blocked in a future version. Add to allowed_msgpack_modules to silence: [('router', 'RouteDecision')]
2026-04-14 00:38:43,223 - SessionLogger - INFO - [sim_FSM_P1_M-ELE-002_35a813] Teacher: 想象一下，如果电流是单行道，只进不出，那电池里的电岂不是瞬间就流干了？

既然你觉得电只从正极出来就能让灯泡亮，那这些“用掉”的电最后去哪儿了呢？
2026-04-14 00:38:43,246 - SessionLogger - INFO - [sim_Baseline_P3_M-ELE-001_8b6475] Student: 嗯……好像确实挤不进去，会堵住。但是老师，虽然数量没变，可前面的灯不是把电“吃”掉了吗？那剩下的电难道不会变得“虚”一点吗？
Deserializing unregistered type router.SessionMemory from checkpoint. This will be blocked in a future version. Add to allowed_msgpack_modules to silence: [('router', 'SessionMemory')]
Deserializing unregistered type router.PerceptionResult from checkpoint. This will be blocked in a future version. Add to allowed_msgpack_modules to silence: [('router', 'PerceptionResult')]
Deserializing unregistered type router.RouteDecision from checkpoint. This will be blocked in a future version. Add to allowed_msgpack_modules to silence: [('router', 'RouteDecision')]
2026-04-14 00:38:44,361 - SessionLogger - INFO - [sim_FSM_P1_M-ELE-002_35a813] Student: 电就是被灯泡“吃”掉变成光了啊，用完了就没了。电池里还有很多电呢，不会瞬间流干的。
Deserializing unregistered type router.SessionMemory from checkpoint. This will be blocked in a future version. Add to allowed_msgpack_modules to silence: [('router', 'SessionMemory')]
Deserializing unregistered type router.PerceptionResult from checkpoint. This will be blocked in a future version. Add to allowed_msgpack_modules to silence: [('router', 'PerceptionResult')]
Deserializing unregistered type router.RouteDecision from checkpoint. This will be blocked in a future version. Add to allowed_msgpack_modules to silence: [('router', 'RouteDecision')]
2026-04-14 00:38:46,799 - SessionLogger - INFO - [sim_FSM+Guardrail_P1_M-ELE-002_3cba07] Teacher: 可是你去观察一下家里或者实验室串联的小灯泡，它们真的会出现“第一个亮、最后一个暗”的现象吗？
2026-04-14 00:38:47,901 - SessionLogger - INFO - [sim_FSM+Guardrail_P1_M-ELE-002_3cba07] Student: 那可能是灯泡质量不一样吧，或者电池劲儿大。反正电是从正极出来的，先经过的肯定先亮，这是常识。
Deserializing unregistered type router.SessionMemory from checkpoint. This will be blocked in a future version. Add to allowed_msgpack_modules to silence: [('router', 'SessionMemory')]
Deserializing unregistered type router.PerceptionResult from checkpoint. This will be blocked in a future version. Add to allowed_msgpack_modules to silence: [('router', 'PerceptionResult')]
Deserializing unregistered type router.RouteDecision from checkpoint. This will be blocked in a future version. Add to allowed_msgpack_modules to silence: [('router', 'RouteDecision')]
2026-04-14 00:38:48,889 - SessionLogger - WARNING - LLM Judge blocked response. Reason: 助教直接给出了本题的核心物理结论（即电流在串联电路中处处相等，不会减小），并代替学生完成了关键的逻辑推导。虽然助教使用了纠正性的陈述，但根据违规定义第1条和第2条，直接告诉学生‘电荷数量没变、流动快慢没变’从而得出‘电流不变’的结论，属于直接泄露答案和代替思考。符合豁免标准的做法应该是通过提问（如‘如果电荷被消耗了，它们在灯泡里去哪了？’）或类比（如水流模型）引导学生自己发现矛盾，而不是直接陈述正确原理并反问。
2026-04-14 00:38:48,895 - SessionLogger - INFO - [sim_Baseline_P3_M-ELE-001_8b6475] Teacher: 灯泡“吃”掉的是电荷携带的能量（电压），而不是电荷本身。

既然电荷的数量没变，流动的快慢也没变，那用来衡量“流量”大小的电流，凭什么说它变“虚”或者变小了呢？
2026-04-14 00:38:49,350 - SessionLogger - INFO - [sim_Baseline_P1_M-ELE-002_6f6089] Teacher: 如果电子真的只进不出，灯泡另一侧的电子是从哪儿来的呢？

导线里的自由电子总数是有限的，如果源头一直在推，而出口堵死了，你觉得这“拥堵”会怎么传递？
2026-04-14 00:38:50,209 - SessionLogger - INFO - [sim_Baseline_P3_M-ELE-001_8b6475] Student: 可是……如果能量被拿走了，电荷本身不就变得“没劲儿”了吗？我觉得这种“没劲儿”的状态，应该就算电流变小了吧？
2026-04-14 00:38:50,209 - SessionLogger - INFO - [sim_Baseline_P3_M-ELE-001_8b6475] Session finished. Resolved: False
2026-04-14 00:38:50,209 - SessionLogger - INFO - [sim_Baseline_P2_M-ELE-002_d1a6c3] Starting session
2026-04-14 00:38:50,209 - SessionLogger - INFO - Initialized Session sim_Baseline_P2_M-ELE-002_d1a6c3 on Unknown for Unknown with version FSM+Guardrail
2026-04-14 00:38:52,307 - SessionLogger - INFO - [sim_Baseline_P2_M-ELE-002_d1a6c3] Student Opening: 老师，我把电池正极连到灯泡上，灯泡怎么不亮啊？电流不是从正极出来就能用了吗，干嘛非得绕一圈回去？
2026-04-14 00:38:53,532 - SessionLogger - INFO - [sim_Baseline_P1_M-ELE-002_6f6089] Student: 灯泡里本来就有电子啊，电池推一下它们就会动，干嘛非要出去？我觉得只要这边有推力，灯就该亮。
Deserializing unregistered type router.SessionMemory from checkpoint. This will be blocked in a future version. Add to allowed_msgpack_modules to silence: [('router', 'SessionMemory')]
Deserializing unregistered type router.PerceptionResult from checkpoint. This will be blocked in a future version. Add to allowed_msgpack_modules to silence: [('router', 'PerceptionResult')]
Deserializing unregistered type router.RouteDecision from checkpoint. This will be blocked in a future version. Add to allowed_msgpack_modules to silence: [('router', 'RouteDecision')]
2026-04-14 00:38:57,422 - SessionLogger - INFO - [sim_Baseline_P1_M-ELE-002_6f6089] Teacher: 如果灯泡里的电子只是原地动一下，那它们很快就会把后面的空间占满。

这就好比早高峰挤地铁，如果后门不开，前面的人就算有再大的劲儿，还能挤得进去吗？
2026-04-14 00:38:58,327 - SessionLogger - INFO - [sim_Baseline_P2_M-ELE-002_d1a6c3] Teacher: 想象一下，如果水管只接在水龙头上，另一端堵死或者悬空，水能一直流出来吗？

电流也像水流一样，如果只有“出口”没有“回流”的路，电荷就会堵在灯泡那里，你觉得这时候还能持续流动吗？
2026-04-14 00:38:58,604 - SessionLogger - INFO - [sim_Baseline_P1_M-ELE-002_6f6089] Student: 电子那么小，肯定能一直挤进去的，跟地铁不一样。我觉得只要电池有劲，灯就应该亮，别老拿地铁说事。
Deserializing unregistered type router.SessionMemory from checkpoint. This will be blocked in a future version. Add to allowed_msgpack_modules to silence: [('router', 'SessionMemory')]
Deserializing unregistered type router.PerceptionResult from checkpoint. This will be blocked in a future version. Add to allowed_msgpack_modules to silence: [('router', 'PerceptionResult')]
Deserializing unregistered type router.RouteDecision from checkpoint. This will be blocked in a future version. Add to allowed_msgpack_modules to silence: [('router', 'RouteDecision')]
2026-04-14 00:38:59,778 - SessionLogger - INFO - [sim_FSM_P3_M-ELE-001_cfddc4] Teacher: 这个困惑很正常，因为我们常把“电流”和“电能”混为一谈。

既然电荷（人）没少，只是能量包空了，那你觉得描述“有多少人经过”的电流，会因为“包空了”而变少吗？
2026-04-14 00:39:01,085 - SessionLogger - INFO - [sim_FSM_P3_M-ELE-001_cfddc4] Student: 可是……如果包空了，他们跑起来肯定没劲儿了啊，速度变慢不就是电流变小吗？
老师，你能不能举个具体的例子，比如水管什么的，让我看看为什么“没劲儿”了流量还不变？
Deserializing unregistered type router.SessionMemory from checkpoint. This will be blocked in a future version. Add to allowed_msgpack_modules to silence: [('router', 'SessionMemory')]
Deserializing unregistered type router.PerceptionResult from checkpoint. This will be blocked in a future version. Add to allowed_msgpack_modules to silence: [('router', 'PerceptionResult')]
Deserializing unregistered type router.RouteDecision from checkpoint. This will be blocked in a future version. Add to allowed_msgpack_modules to silence: [('router', 'RouteDecision')]
2026-04-14 00:39:01,737 - SessionLogger - INFO - [sim_Baseline_P2_M-ELE-002_d1a6c3] Student: 水确实流不出来，但电和水不一样吧？电池里不是存着很多电吗，只要连上一头，电应该能直接“喷”进灯泡让它发光才对。
Deserializing unregistered type router.SessionMemory from checkpoint. This will be blocked in a future version. Add to allowed_msgpack_modules to silence: [('router', 'SessionMemory')]
Deserializing unregistered type router.PerceptionResult from checkpoint. This will be blocked in a future version. Add to allowed_msgpack_modules to silence: [('router', 'PerceptionResult')]
Deserializing unregistered type router.RouteDecision from checkpoint. This will be blocked in a future version. Add to allowed_msgpack_modules to silence: [('router', 'RouteDecision')]
2026-04-14 00:39:03,175 - SessionLogger - INFO - [sim_Baseline_P1_M-ELE-002_6f6089] Teacher: 好，那咱们抛开地铁。如果电子真的只进不出，灯泡那一头的电荷密度会变得极大。

你觉得这种极端的电荷堆积，会对后面想挤进来的电子产生什么样的力？
2026-04-14 00:39:05,246 - SessionLogger - INFO - [sim_Baseline_P1_M-ELE-002_6f6089] Student: 电池电压那么大，肯定能压得住那点排斥力。我就觉得只要连上一头，电就能过去让灯亮，哪来那么多麻烦的力。
2026-04-14 00:39:05,247 - SessionLogger - INFO - [sim_Baseline_P1_M-ELE-002_6f6089] Session finished. Resolved: False
2026-04-14 00:39:05,247 - SessionLogger - INFO - [sim_FSM_P2_M-ELE-002_10e080] Starting session
2026-04-14 00:39:05,247 - SessionLogger - INFO - Initialized Session sim_FSM_P2_M-ELE-002_10e080 on Unknown for Unknown with version FSM+Guardrail
2026-04-14 00:39:06,263 - SessionLogger - INFO - [sim_FSM_P2_M-ELE-002_10e080] Student Opening: 老师，我把电池正极用导线连到灯泡上，灯泡怎么不亮啊？电不是从正极流出来就能让灯泡发光吗？
2026-04-14 00:39:06,511 - SessionLogger - INFO - [sim_FSM_P3_M-ELE-001_cfddc4] Teacher: 想象一下，如果水管里的水流过水轮机后真的“变慢”或“变少”了，那后面管道里的水岂不是会被前面的水越推越挤，甚至把管子撑爆？
2026-04-14 00:39:08,881 - SessionLogger - INFO - [sim_FSM_P3_M-ELE-001_cfddc4] Student: 啊？会撑爆吗……可是灯泡亮了不就是说明电“进去”了嘛。
如果水没少，那它凭什么能让前面的轮子转，到了后面就没力气了呢？我还是觉得肯定有什么东西被留在了灯泡里。
Deserializing unregistered type router.SessionMemory from checkpoint. This will be blocked in a future version. Add to allowed_msgpack_modules to silence: [('router', 'SessionMemory')]
Deserializing unregistered type router.PerceptionResult from checkpoint. This will be blocked in a future version. Add to allowed_msgpack_modules to silence: [('router', 'PerceptionResult')]
Deserializing unregistered type router.RouteDecision from checkpoint. This will be blocked in a future version. Add to allowed_msgpack_modules to silence: [('router', 'RouteDecision')]
2026-04-14 00:39:11,185 - SessionLogger - INFO - [sim_Baseline_P2_M-ELE-002_d1a6c3] Teacher: 电池里确实有电荷，但如果它们只进不出，很快就会在灯泡里“挤”得水泄不通。

你想一想，如果前面的电荷动不了，后面的电荷还能挤进来继续推动灯丝发热吗？
2026-04-14 00:39:11,885 - SessionLogger - INFO - [sim_FSM+Guardrail_P3_M-ELE-001_c35f0e] Teacher: 既然路没堵死，说明电荷是一个接一个连续通过的。

如果第一个灯泡真的“截留”了一部分电荷，那流到第二个灯泡的电荷数量是不是就该变少了？
2026-04-14 00:39:12,466 - SessionLogger - INFO - [sim_Baseline_P2_M-ELE-002_d1a6c3] Student: 呃……如果真挤住了，那确实就动不了了。可是老师，我就接了一根线，电荷真的会立刻“挤”住吗？感觉电池劲儿挺大的，应该能硬推过去一点吧？
Deserializing unregistered type router.SessionMemory from checkpoint. This will be blocked in a future version. Add to allowed_msgpack_modules to silence: [('router', 'SessionMemory')]
Deserializing unregistered type router.PerceptionResult from checkpoint. This will be blocked in a future version. Add to allowed_msgpack_modules to silence: [('router', 'PerceptionResult')]
Deserializing unregistered type router.RouteDecision from checkpoint. This will be blocked in a future version. Add to allowed_msgpack_modules to silence: [('router', 'RouteDecision')]
2026-04-14 00:39:13,131 - SessionLogger - INFO - [sim_FSM_P2_M-ELE-002_10e080] Teacher: 这确实很反直觉，我们常以为电像倒水一样流过去就行。但想象一下，如果水泵把水抽上去后没有管子让水流回来，水泵还能持续供水吗？
2026-04-14 00:39:14,155 - SessionLogger - INFO - [sim_FSM_P2_M-ELE-002_10e080] Student: 可是电池里的电是它自己产生的呀，不像水泵需要循环。只要正极把电“送”到灯泡里消耗掉不就行了吗？
Deserializing unregistered type router.SessionMemory from checkpoint. This will be blocked in a future version. Add to allowed_msgpack_modules to silence: [('router', 'SessionMemory')]
Deserializing unregistered type router.PerceptionResult from checkpoint. This will be blocked in a future version. Add to allowed_msgpack_modules to silence: [('router', 'PerceptionResult')]
Deserializing unregistered type router.RouteDecision from checkpoint. This will be blocked in a future version. Add to allowed_msgpack_modules to silence: [('router', 'RouteDecision')]
2026-04-14 00:39:14,789 - SessionLogger - INFO - [sim_FSM_P3_M-ELE-001_cfddc4] Teacher: 确实，如果前面的水流慢了，后面的水还在快速涌来，管道中间就会因为“堵车”而压力剧增甚至爆裂。

既然电荷（水）不能被留在灯泡里，那灯泡发光消耗的，究竟是这些“水”本身，还是水所携带的某种“能量”呢？
2026-04-14 00:39:15,361 - SessionLogger - INFO - [sim_FSM+Guardrail_P3_M-ELE-001_c35f0e] Student: 对啊，就是变少了呀！所以第二个灯泡才比第一个暗一点点嘛……难道它们是一样亮的？
Deserializing unregistered type router.SessionMemory from checkpoint. This will be blocked in a future version. Add to allowed_msgpack_modules to silence: [('router', 'SessionMemory')]
Deserializing unregistered type router.PerceptionResult from checkpoint. This will be blocked in a future version. Add to allowed_msgpack_modules to silence: [('router', 'PerceptionResult')]
Deserializing unregistered type router.RouteDecision from checkpoint. This will be blocked in a future version. Add to allowed_msgpack_modules to silence: [('router', 'RouteDecision')]
2026-04-14 00:39:16,118 - SessionLogger - INFO - [sim_FSM_P3_M-ELE-001_cfddc4] Student: 可是……如果能量被拿走了，那电流（水）本身不就变“轻”或者变“弱”了吗？
我还是分不清，既然能量是电带来的，那能量没了，电不也就跟着少了吗？
Deserializing unregistered type router.SessionMemory from checkpoint. This will be blocked in a future version. Add to allowed_msgpack_modules to silence: [('router', 'SessionMemory')]
Deserializing unregistered type router.PerceptionResult from checkpoint. This will be blocked in a future version. Add to allowed_msgpack_modules to silence: [('router', 'PerceptionResult')]
Deserializing unregistered type router.RouteDecision from checkpoint. This will be blocked in a future version. Add to allowed_msgpack_modules to silence: [('router', 'RouteDecision')]
2026-04-14 00:39:16,479 - SessionLogger - INFO - [sim_Baseline_P2_M-ELE-002_d1a6c3] Teacher: 确实会有极微小的电荷移动，但这过程快到几乎瞬间完成（纳秒级）。

这点微弱的“硬推”产生的能量，你觉得够让灯丝热到发光吗？
2026-04-14 00:39:17,953 - SessionLogger - INFO - [sim_Baseline_P2_M-ELE-002_d1a6c3] Student: 啊？瞬间就停了？那确实不够亮。所以您的意思是，如果不连回去，电流其实根本就没真正“流”起来，只是在那儿卡住了？
Deserializing unregistered type router.SessionMemory from checkpoint. This will be blocked in a future version. Add to allowed_msgpack_modules to silence: [('router', 'SessionMemory')]
Deserializing unregistered type router.PerceptionResult from checkpoint. This will be blocked in a future version. Add to allowed_msgpack_modules to silence: [('router', 'PerceptionResult')]
Deserializing unregistered type router.RouteDecision from checkpoint. This will be blocked in a future version. Add to allowed_msgpack_modules to silence: [('router', 'RouteDecision')]
2026-04-14 00:39:21,777 - SessionLogger - INFO - [sim_FSM_P3_M-ELE-001_cfddc4] Teacher: 想象一下，送快递的货车把货物（能量）卸在仓库后，车本身会变轻，但货车的数量（电流）会因此减少吗？
2026-04-14 00:39:21,782 - SessionLogger - INFO - [sim_Baseline_P2_M-ELE-002_d1a6c3] Teacher: 没错，电荷堆积产生的排斥力很快就抵消了电池的推力。

既然“流”不起来，那灯泡里就没有持续的电荷经过，你觉得灯丝还能持续发热发光吗？
2026-04-14 00:39:22,520 - SessionLogger - INFO - [sim_FSM_P2_M-ELE-002_10e080] Teacher: 如果电真的只出不回，那一节小小的电池里存的电，是不是在接通的一瞬间就会全部流光，灯泡闪一下就彻底灭了？
2026-04-14 00:39:22,637 - SessionLogger - INFO - [sim_FSM+Guardrail_P3_M-ELE-001_c35f0e] Teacher: 这个直觉很常见，因为我们在生活中确实常看到“越往后越弱”的现象。

但如果你把两个完全相同的灯泡串联在电路里，实际观察一下，你会发现它们的亮度其实是**完全一样**的。

如果电流真的像你说的那样被第一个灯泡“截留”了一部分，你觉得第二个灯泡还能保持和第一个一样的亮度吗？
2026-04-14 00:39:22,661 - SessionLogger - INFO - [sim_FSM_P1_M-ELE-002_35a813] Teacher: 如果电流真的像食物一样被灯泡“吃”光了，那串联电路里第二个灯泡岂不是只能喝到第一个灯泡剩下的“残羹冷炙”，甚至根本分不到电流？
2026-04-14 00:39:22,932 - SessionLogger - INFO - [sim_FSM_P3_M-ELE-001_cfddc4] Student: 可是货车卸完货空车跑，和满载跑，速度肯定不一样吧？
我觉得电流就像那个速度，能量没了，它跑得就慢了，那电流不就变小了吗？
2026-04-14 00:39:22,933 - SessionLogger - INFO - [sim_FSM_P3_M-ELE-001_cfddc4] Session finished. Resolved: False
2026-04-14 00:39:22,933 - SessionLogger - INFO - [sim_FSM+Guardrail_P2_M-ELE-002_58a3e9] Starting session
2026-04-14 00:39:22,933 - SessionLogger - INFO - Initialized Session sim_FSM+Guardrail_P2_M-ELE-002_58a3e9 on Unknown for Unknown with version FSM+Guardrail
2026-04-14 00:39:24,229 - SessionLogger - INFO - [sim_FSM+Guardrail_P2_M-ELE-002_58a3e9] Student Opening: 老师，我把电池正极连到灯泡上，灯泡怎么不亮啊？电不是从正极流出来就能用了吗？
2026-04-14 00:39:25,386 - SessionLogger - INFO - [sim_FSM+Guardrail_P1_M-ELE-002_3cba07] Teacher: 想象一下环形跑道上正在匀速跑步的人群，如果跑道入口（电池）每分钟放进10个人，而出口处因为前面的人“累倒”了导致每分钟只出来5个人，那跑道上的人是不是很快就会挤得水泄不通，甚至把入口都堵死了？
2026-04-14 00:39:25,510 - SessionLogger - INFO - [sim_Baseline_P2_M-ELE-002_d1a6c3] Student: 好像确实不行，没持续流动就没法一直发热。所以必须得连成个圈，让电荷能不停地转起来才行？
Deserializing unregistered type router.SessionMemory from checkpoint. This will be blocked in a future version. Add to allowed_msgpack_modules to silence: [('router', 'SessionMemory')]
Deserializing unregistered type router.PerceptionResult from checkpoint. This will be blocked in a future version. Add to allowed_msgpack_modules to silence: [('router', 'PerceptionResult')]
Deserializing unregistered type router.RouteDecision from checkpoint. This will be blocked in a future version. Add to allowed_msgpack_modules to silence: [('router', 'RouteDecision')]
2026-04-14 00:39:25,652 - SessionLogger - INFO - [sim_FSM_P1_M-ELE-002_35a813] Student: 那第二个灯泡肯定暗一点啊，毕竟第一个已经用掉一部分电了。这不是很正常吗？
Deserializing unregistered type router.SessionMemory from checkpoint. This will be blocked in a future version. Add to allowed_msgpack_modules to silence: [('router', 'SessionMemory')]
Deserializing unregistered type router.PerceptionResult from checkpoint. This will be blocked in a future version. Add to allowed_msgpack_modules to silence: [('router', 'PerceptionResult')]
Deserializing unregistered type router.RouteDecision from checkpoint. This will be blocked in a future version. Add to allowed_msgpack_modules to silence: [('router', 'RouteDecision')]
2026-04-14 00:39:25,872 - SessionLogger - INFO - [sim_FSM_P2_M-ELE-002_10e080] Student: 呃……好像有点道理，如果只出不进，电池确实应该很快就没电了。但我还是觉得只要连上一头，电就能流过去让灯泡亮一会儿吧？
Deserializing unregistered type router.SessionMemory from checkpoint. This will be blocked in a future version. Add to allowed_msgpack_modules to silence: [('router', 'SessionMemory')]
Deserializing unregistered type router.PerceptionResult from checkpoint. This will be blocked in a future version. Add to allowed_msgpack_modules to silence: [('router', 'PerceptionResult')]
Deserializing unregistered type router.RouteDecision from checkpoint. This will be blocked in a future version. Add to allowed_msgpack_modules to silence: [('router', 'RouteDecision')]
2026-04-14 00:39:26,217 - SessionLogger - INFO - [sim_FSM+Guardrail_P3_M-ELE-001_c35f0e] Student: 啊？真的一样亮吗……可是如果电流没少，那灯泡发光用的“电”是从哪儿来的呢？难道它不消耗电流也能亮？
Deserializing unregistered type router.SessionMemory from checkpoint. This will be blocked in a future version. Add to allowed_msgpack_modules to silence: [('router', 'SessionMemory')]
Deserializing unregistered type router.PerceptionResult from checkpoint. This will be blocked in a future version. Add to allowed_msgpack_modules to silence: [('router', 'PerceptionResult')]
Deserializing unregistered type router.RouteDecision from checkpoint. This will be blocked in a future version. Add to allowed_msgpack_modules to silence: [('router', 'RouteDecision')]
2026-04-14 00:39:26,526 - SessionLogger - INFO - [sim_FSM+Guardrail_P1_M-ELE-002_3cba07] Student: 电荷又不是人，它们很小很灵活，不会堵住的。只要电池一直推，电就能一直流过去让灯亮着，不用非得绕回来。
Deserializing unregistered type router.SessionMemory from checkpoint. This will be blocked in a future version. Add to allowed_msgpack_modules to silence: [('router', 'SessionMemory')]
Deserializing unregistered type router.PerceptionResult from checkpoint. This will be blocked in a future version. Add to allowed_msgpack_modules to silence: [('router', 'PerceptionResult')]
Deserializing unregistered type router.RouteDecision from checkpoint. This will be blocked in a future version. Add to allowed_msgpack_modules to silence: [('router', 'RouteDecision')]
2026-04-14 00:39:29,275 - SessionLogger - INFO - [sim_Baseline_P2_M-ELE-002_d1a6c3] Teacher: 没错，这就是我们常说的“闭合回路”。

既然电荷要转圈，那在电池内部，你觉得电荷是怎么从负极回到正极，从而完成这个循环的呢？
2026-04-14 00:39:30,247 - SessionLogger - INFO - [sim_Baseline_P2_M-ELE-002_d1a6c3] Student: 电池里面也能导电吗？我还以为电池只是个提供电力的“源头”，电荷是从正极出来，用完就没了呢。
Deserializing unregistered type router.SessionMemory from checkpoint. This will be blocked in a future version. Add to allowed_msgpack_modules to silence: [('router', 'SessionMemory')]
Deserializing unregistered type router.PerceptionResult from checkpoint. This will be blocked in a future version. Add to allowed_msgpack_modules to silence: [('router', 'PerceptionResult')]
Deserializing unregistered type router.RouteDecision from checkpoint. This will be blocked in a future version. Add to allowed_msgpack_modules to silence: [('router', 'RouteDecision')]
2026-04-14 00:39:30,672 - SessionLogger - INFO - [sim_FSM_P2_M-ELE-002_10e080] Teacher: 这个想法很自然，但请仔细看看你手里的灯泡底部，除了刚才接正极的那个点，另一个接触点现在连在哪里呢？
2026-04-14 00:39:31,722 - SessionLogger - INFO - [sim_FSM_P1_M-ELE-002_35a813] Teacher: 那我们来做个思想实验：如果你把这两个灯泡的位置互换一下，原本“吃饱”的第一个灯泡变成了第二个，它会不会因为“没吃到第一口”而变暗呢？
2026-04-14 00:39:31,853 - SessionLogger - INFO - [sim_FSM_P2_M-ELE-002_10e080] Student: 另一个点悬空着啊，没连任何东西。但这有关系吗？电不是已经从正极那边流进灯泡了吗？
Deserializing unregistered type router.SessionMemory from checkpoint. This will be blocked in a future version. Add to allowed_msgpack_modules to silence: [('router', 'SessionMemory')]
Deserializing unregistered type router.PerceptionResult from checkpoint. This will be blocked in a future version. Add to allowed_msgpack_modules to silence: [('router', 'PerceptionResult')]
Deserializing unregistered type router.RouteDecision from checkpoint. This will be blocked in a future version. Add to allowed_msgpack_modules to silence: [('router', 'RouteDecision')]
2026-04-14 00:39:32,169 - SessionLogger - INFO - [sim_FSM+Guardrail_P1_M-ELE-002_3cba07] Teacher: 如果电荷只从电池正极出来，却没有任何路径让它们回到负极，你觉得电池里的“推力”能维持多久？就像水泵把水抽到高处，如果水不流回低处，水泵还能一直工作吗？
2026-04-14 00:39:32,178 - SessionLogger - INFO - [sim_FSM+Guardrail_P3_M-ELE-001_c35f0e] Teacher: 确实，灯泡亮肯定是因为消耗了某种东西，但这里有个关键区别：它消耗的是电荷携带的**能量**，而不是电荷本身。

想象一下快递员送货：他把包裹（能量）送到你家后，人（电荷）是不是还得空手返回站点去取下一个包裹？
2026-04-14 00:39:33,192 - SessionLogger - INFO - [sim_FSM+Guardrail_P1_M-ELE-002_3cba07] Student: 电池里有化学能啊，只要连着线就能一直推。水泵那个比喻不恰当，电又不是水，不需要流回去也能工作。
Deserializing unregistered type router.SessionMemory from checkpoint. This will be blocked in a future version. Add to allowed_msgpack_modules to silence: [('router', 'SessionMemory')]
Deserializing unregistered type router.PerceptionResult from checkpoint. This will be blocked in a future version. Add to allowed_msgpack_modules to silence: [('router', 'PerceptionResult')]
Deserializing unregistered type router.RouteDecision from checkpoint. This will be blocked in a future version. Add to allowed_msgpack_modules to silence: [('router', 'RouteDecision')]
2026-04-14 00:39:34,024 - SessionLogger - INFO - [sim_Baseline_P2_M-ELE-002_d1a6c3] Teacher: 电荷就像水一样，是守恒的，不会凭空消失。

如果电荷只出不进，电池里的正负极很快就会因为电荷堆积而“堵死”，你觉得这时候电流还能继续吗？
2026-04-14 00:39:34,901 - SessionLogger - INFO - [sim_FSM_P1_M-ELE-002_35a813] Student: 那肯定还是原来的那个亮啊，灯泡又不会自己变。谁排在前面谁就先用电，跟换位置有什么关系？
Deserializing unregistered type router.SessionMemory from checkpoint. This will be blocked in a future version. Add to allowed_msgpack_modules to silence: [('router', 'SessionMemory')]
Deserializing unregistered type router.PerceptionResult from checkpoint. This will be blocked in a future version. Add to allowed_msgpack_modules to silence: [('router', 'PerceptionResult')]
Deserializing unregistered type router.RouteDecision from checkpoint. This will be blocked in a future version. Add to allowed_msgpack_modules to silence: [('router', 'RouteDecision')]
2026-04-14 00:39:35,311 - SessionLogger - INFO - [sim_Baseline_P2_M-ELE-002_d1a6c3] Student: 原来电荷不会消失啊……那如果堵死了，确实就流不动了。所以电池里面肯定有某种力量能把电荷再“推”回去？
Deserializing unregistered type router.SessionMemory from checkpoint. This will be blocked in a future version. Add to allowed_msgpack_modules to silence: [('router', 'SessionMemory')]
Deserializing unregistered type router.PerceptionResult from checkpoint. This will be blocked in a future version. Add to allowed_msgpack_modules to silence: [('router', 'PerceptionResult')]
Deserializing unregistered type router.RouteDecision from checkpoint. This will be blocked in a future version. Add to allowed_msgpack_modules to silence: [('router', 'RouteDecision')]
2026-04-14 00:39:36,288 - SessionLogger - INFO - [sim_FSM+Guardrail_P3_M-ELE-001_c35f0e] Student: 可是快递员送完货就走了呀，那后面的灯泡不就没人送货了吗？电流又不是快递车能来回跑，它不是流过去就没了或者变少了吗？
Deserializing unregistered type router.SessionMemory from checkpoint. This will be blocked in a future version. Add to allowed_msgpack_modules to silence: [('router', 'SessionMemory')]
Deserializing unregistered type router.PerceptionResult from checkpoint. This will be blocked in a future version. Add to allowed_msgpack_modules to silence: [('router', 'PerceptionResult')]
Deserializing unregistered type router.RouteDecision from checkpoint. This will be blocked in a future version. Add to allowed_msgpack_modules to silence: [('router', 'RouteDecision')]
2026-04-14 00:39:36,719 - SessionLogger - INFO - [sim_FSM_P2_M-ELE-002_10e080] Teacher: 如果电流像跑步一样，进了灯泡这个“房间”却找不到出口（回路），它是不是只能堵在门口，没法持续跑起来？
2026-04-14 00:39:38,117 - SessionLogger - INFO - [sim_FSM_P2_M-ELE-002_10e080] Student: 堵在门口？可是电又不是水，它不能直接穿过灯泡玻璃流出去吗？我觉得只要进去了就能发光吧。
Deserializing unregistered type router.SessionMemory from checkpoint. This will be blocked in a future version. Add to allowed_msgpack_modules to silence: [('router', 'SessionMemory')]
Deserializing unregistered type router.PerceptionResult from checkpoint. This will be blocked in a future version. Add to allowed_msgpack_modules to silence: [('router', 'PerceptionResult')]
Deserializing unregistered type router.RouteDecision from checkpoint. This will be blocked in a future version. Add to allowed_msgpack_modules to silence: [('router', 'RouteDecision')]
2026-04-14 00:39:39,333 - SessionLogger - INFO - [sim_FSM+Guardrail_P2_M-ELE-002_58a3e9] Teacher: 这个直觉很常见，但如果电真的只要“出来”就能干活，那我们把连接负极的线剪断，灯泡应该照样亮才对呀？你觉得这时候电还能顺畅地“流”起来吗？
2026-04-14 00:39:41,040 - SessionLogger - INFO - [sim_FSM+Guardrail_P2_M-ELE-002_58a3e9] Student: 剪断了负极线，电流确实没法从那边流走，但正极不是还在源源不断地往外“推”电吗？我觉得只要这边有电送出来，灯泡就应该能亮一会儿吧。
Deserializing unregistered type router.SessionMemory from checkpoint. This will be blocked in a future version. Add to allowed_msgpack_modules to silence: [('router', 'SessionMemory')]
Deserializing unregistered type router.PerceptionResult from checkpoint. This will be blocked in a future version. Add to allowed_msgpack_modules to silence: [('router', 'PerceptionResult')]
Deserializing unregistered type router.RouteDecision from checkpoint. This will be blocked in a future version. Add to allowed_msgpack_modules to silence: [('router', 'RouteDecision')]
2026-04-14 00:39:41,990 - SessionLogger - INFO - [sim_FSM_P1_M-ELE-002_35a813] Teacher: 如果“谁在前谁就亮”是真的，那我们把两个完全一样的灯泡互换位置后，原本在后面的那个灯泡到了前面，它应该变亮才对。

可实际上，无论怎么换位置，两个灯泡的亮度始终是一样的，这难道不奇怪吗？
2026-04-14 00:39:43,002 - SessionLogger - INFO - [sim_FSM+Guardrail_P3_M-ELE-001_c35f0e] Teacher: 这个类比确实有局限，因为电路是闭合的，电荷真的会像传送带上的箱子一样循环流动。

如果第一个灯泡真的把“箱子”（电荷）给扣留或销毁了，你觉得后面的灯泡还能收到箱子吗？
2026-04-14 00:39:43,185 - SessionLogger - INFO - [sim_FSM_P1_M-ELE-002_35a813] Student: 那可能是它们分得一样快吧，反正电是从电池流出来的。我觉得只要连上一头，电就能过去让灯亮，不用非得绕一圈回来。
Deserializing unregistered type router.SessionMemory from checkpoint. This will be blocked in a future version. Add to allowed_msgpack_modules to silence: [('router', 'SessionMemory')]
Deserializing unregistered type router.PerceptionResult from checkpoint. This will be blocked in a future version. Add to allowed_msgpack_modules to silence: [('router', 'PerceptionResult')]
Deserializing unregistered type router.RouteDecision from checkpoint. This will be blocked in a future version. Add to allowed_msgpack_modules to silence: [('router', 'RouteDecision')]
2026-04-14 00:39:43,444 - SessionLogger - INFO - [sim_FSM_P2_M-ELE-002_10e080] Teacher: 玻璃其实是绝缘体，电流穿不过去；既然进得去却出不来，电荷就会在灯丝处“堆积”起来，你觉得这种堵塞状态能维持持续的发光吗？
2026-04-14 00:39:44,993 - SessionLogger - INFO - [sim_FSM_P2_M-ELE-002_10e080] Student: 堆积起来……那确实可能亮一下就灭了？但我还是不太明白，为什么非要连回去才能一直亮呢？
Deserializing unregistered type router.SessionMemory from checkpoint. This will be blocked in a future version. Add to allowed_msgpack_modules to silence: [('router', 'SessionMemory')]
Deserializing unregistered type router.PerceptionResult from checkpoint. This will be blocked in a future version. Add to allowed_msgpack_modules to silence: [('router', 'PerceptionResult')]
Deserializing unregistered type router.RouteDecision from checkpoint. This will be blocked in a future version. Add to allowed_msgpack_modules to silence: [('router', 'RouteDecision')]
2026-04-14 00:39:46,287 - SessionLogger - INFO - [sim_FSM+Guardrail_P3_M-ELE-001_c35f0e] Student: 可是箱子送过去的时候，里面的东西（能量）不是被拿走了吗？那剩下的空箱子流到第二个灯泡那里，它还能亮得起来吗？
2026-04-14 00:39:46,288 - SessionLogger - INFO - [sim_FSM+Guardrail_P3_M-ELE-001_c35f0e] Session finished. Resolved: False
2026-04-14 00:39:46,288 - SessionLogger - INFO - [sim_Baseline_P3_M-ELE-002_1260f9] Starting session
2026-04-14 00:39:46,288 - SessionLogger - INFO - Initialized Session sim_Baseline_P3_M-ELE-002_1260f9 on Unknown for Unknown with version FSM+Guardrail
2026-04-14 00:39:47,594 - SessionLogger - INFO - [sim_Baseline_P3_M-ELE-002_1260f9] Student Opening: 老师，我把电池正极连到灯泡上，灯泡怎么不亮啊？电不是从正极流出来就能用了吗？
2026-04-14 00:39:47,613 - SessionLogger - INFO - [sim_FSM+Guardrail_P2_M-ELE-002_58a3e9] Teacher: 如果正极一直在“推”却没人“接”，电荷就会在灯泡里越积越多，就像水管一头堵死还在拼命灌水。你觉得灯泡里的空间能无限容纳这些堆积的电荷，让电流一直持续下去吗？
2026-04-14 00:39:47,891 - SessionLogger - INFO - [sim_FSM_P1_M-ELE-002_35a813] Teacher: 想象一下，如果电流像水流一样，只从水龙头流出来，却没有下水道让它流走，水管里的水是不是很快就会因为“堵”住而停止流动？
2026-04-14 00:39:48,614 - SessionLogger - INFO - [sim_FSM+Guardrail_P2_M-ELE-002_58a3e9] Student: 呃……好像确实装不下？那电是不是推一下就没劲了？可为什么有时候我觉得接上一头也能闪一下呢？
Deserializing unregistered type router.SessionMemory from checkpoint. This will be blocked in a future version. Add to allowed_msgpack_modules to silence: [('router', 'SessionMemory')]
Deserializing unregistered type router.PerceptionResult from checkpoint. This will be blocked in a future version. Add to allowed_msgpack_modules to silence: [('router', 'PerceptionResult')]
Deserializing unregistered type router.RouteDecision from checkpoint. This will be blocked in a future version. Add to allowed_msgpack_modules to silence: [('router', 'RouteDecision')]
2026-04-14 00:39:49,553 - SessionLogger - INFO - [sim_FSM_P1_M-ELE-002_35a813] Student: 电又不是水，它不需要流走，只要电池把它“送”到灯泡那里就行了。我觉得只要连上正极，电到了灯泡就会发光，没必要非得有个回路。
2026-04-14 00:39:49,553 - SessionLogger - INFO - [sim_FSM_P1_M-ELE-002_35a813] Session finished. Resolved: False
2026-04-14 00:39:49,553 - SessionLogger - INFO - [sim_FSM_P3_M-ELE-002_eaeeb2] Starting session
2026-04-14 00:39:49,553 - SessionLogger - INFO - Initialized Session sim_FSM_P3_M-ELE-002_eaeeb2 on Unknown for Unknown with version FSM+Guardrail
2026-04-14 00:39:51,863 - SessionLogger - INFO - [sim_FSM_P3_M-ELE-002_eaeeb2] Student Opening: 老师，我有点搞不懂，既然电池里有电，为什么我只用一根导线连上灯泡的一个脚，它却不亮呢？电不是应该直接流过去就行了吗？
2026-04-14 00:39:51,895 - SessionLogger - INFO - [sim_FSM+Guardrail_P1_M-ELE-002_3cba07] Teacher: 如果电荷真的只从正极出来，经过灯泡后却回不去，它们就会在灯泡的另一端越积越多。你觉得这些同种电荷挤在一起，是会帮助后面的电荷更容易通过，还是会因为互相排斥而把后面的电荷“顶”回去，导致电流立刻停止？
2026-04-14 00:39:51,900 - SessionLogger - INFO - [sim_FSM_P2_M-ELE-002_10e080] Teacher: 想象一下，如果电池是水泵，导线是水管，灯泡是水车；如果水只流进水车却流不回水泵，水泵很快就没有水可抽了，你觉得这时候水车还能一直转吗？
2026-04-14 00:39:53,172 - SessionLogger - INFO - [sim_FSM_P2_M-ELE-002_10e080] Student: 呃……如果水回不去，水泵确实会抽干。所以你的意思是，电也必须像水一样循环流动，灯泡才能一直亮？
Deserializing unregistered type router.SessionMemory from checkpoint. This will be blocked in a future version. Add to allowed_msgpack_modules to silence: [('router', 'SessionMemory')]
Deserializing unregistered type router.PerceptionResult from checkpoint. This will be blocked in a future version. Add to allowed_msgpack_modules to silence: [('router', 'PerceptionResult')]
Deserializing unregistered type router.RouteDecision from checkpoint. This will be blocked in a future version. Add to allowed_msgpack_modules to silence: [('router', 'RouteDecision')]
2026-04-14 00:39:53,487 - SessionLogger - INFO - [sim_FSM+Guardrail_P1_M-ELE-002_3cba07] Student: 电荷那么小，根本挤不爆，肯定能一直往前冲。你别老说它们会停下，我接上一根线灯就是会亮（虽然可能暗点），这说明电只要出来就行。
Deserializing unregistered type router.SessionMemory from checkpoint. This will be blocked in a future version. Add to allowed_msgpack_modules to silence: [('router', 'SessionMemory')]
Deserializing unregistered type router.PerceptionResult from checkpoint. This will be blocked in a future version. Add to allowed_msgpack_modules to silence: [('router', 'PerceptionResult')]
Deserializing unregistered type router.RouteDecision from checkpoint. This will be blocked in a future version. Add to allowed_msgpack_modules to silence: [('router', 'RouteDecision')]
2026-04-14 00:39:55,583 - SessionLogger - INFO - [sim_Baseline_P3_M-ELE-002_1260f9] Teacher: 想象一下，如果水只从水管一头流出来，却没有地方流回去，水能一直流吗？你现在的连接方式，电流流进灯泡后，下一步去了哪里呢？
2026-04-14 00:39:56,383 - SessionLogger - INFO - [sim_Baseline_P3_M-ELE-002_1260f9] Student: 可是电池里不是有很多电吗？它一直往外送不就行了，干嘛非要流回去？
Deserializing unregistered type router.SessionMemory from checkpoint. This will be blocked in a future version. Add to allowed_msgpack_modules to silence: [('router', 'SessionMemory')]
Deserializing unregistered type router.PerceptionResult from checkpoint. This will be blocked in a future version. Add to allowed_msgpack_modules to silence: [('router', 'PerceptionResult')]
Deserializing unregistered type router.RouteDecision from checkpoint. This will be blocked in a future version. Add to allowed_msgpack_modules to silence: [('router', 'RouteDecision')]
2026-04-14 00:39:56,896 - SessionLogger - INFO - [sim_FSM+Guardrail_P2_M-ELE-002_58a3e9] Teacher: 这种“闪一下”往往是因为在接触的瞬间，你的身体或周围物体无意中充当了另一条通路。如果现在把灯泡完全悬空，确保除了正极没有任何其他接触，你觉得还能看到那一下闪光吗？
2026-04-14 00:39:57,124 - SessionLogger - INFO - [sim_FSM_P3_M-ELE-002_eaeeb2] Teacher: 这个直觉很自然，毕竟我们常觉得电像水一样“流”出来就有用。但如果电流只进不出、没有回路回到电池另一端，你觉得电池里的电荷会一直堆积在灯泡里吗？
2026-04-14 00:39:57,969 - SessionLogger - INFO - [sim_FSM+Guardrail_P2_M-ELE-002_58a3e9] Student: 完全悬空的话……那可能真的一下都不会闪了。难道说，电真的必须得有个“回路”转一圈回来才能一直流吗？
Deserializing unregistered type router.SessionMemory from checkpoint. This will be blocked in a future version. Add to allowed_msgpack_modules to silence: [('router', 'SessionMemory')]
Deserializing unregistered type router.PerceptionResult from checkpoint. This will be blocked in a future version. Add to allowed_msgpack_modules to silence: [('router', 'PerceptionResult')]
Deserializing unregistered type router.RouteDecision from checkpoint. This will be blocked in a future version. Add to allowed_msgpack_modules to silence: [('router', 'RouteDecision')]
2026-04-14 00:39:58,640 - SessionLogger - WARNING - LLM Judge blocked response. Reason: 助教的回复违反了违规定义第1条。虽然助教使用了提问的形式，但在第一句话中直接陈述了正确的物理结论（'只有形成回路，电荷才能持续流动'），这直接否定了学生的错误概念并给出了标准答案的核心逻辑，剥夺了学生通过思考发现矛盾的机会。此外，后续的引导性问题基于已经给出的正确前提，属于在已知答案情况下的确认性提问，而非启发式探索。
2026-04-14 00:39:58,881 - SessionLogger - INFO - [sim_FSM_P3_M-ELE-002_eaeeb2] Student: 啊？电荷会堆积吗……我以为电像光一样，照过去就完事了，不用非得“回去”吧？
Deserializing unregistered type router.SessionMemory from checkpoint. This will be blocked in a future version. Add to allowed_msgpack_modules to silence: [('router', 'SessionMemory')]
Deserializing unregistered type router.PerceptionResult from checkpoint. This will be blocked in a future version. Add to allowed_msgpack_modules to silence: [('router', 'PerceptionResult')]
Deserializing unregistered type router.RouteDecision from checkpoint. This will be blocked in a future version. Add to allowed_msgpack_modules to silence: [('router', 'RouteDecision')]
2026-04-14 00:40:00,133 - SessionLogger - INFO - [sim_FSM+Guardrail_P1_M-ELE-002_3cba07] Teacher: 这个现象确实很反直觉，因为我们在生活中很少注意到电荷之间的排斥力。但如果电荷真的只进不出，它们会在灯泡末端迅速堆积，产生巨大的反向推力。你觉得这种“拥堵”会让后续的电荷更容易冲过去，还是会被直接挡回来？
2026-04-14 00:40:01,256 - SessionLogger - INFO - [sim_FSM+Guardrail_P1_M-ELE-002_3cba07] Student: 我觉得电池劲儿大着呢，肯定能硬挤过去。你别老说会被挡回来，反正只要连上一头，电就能送过去让灯亮。
2026-04-14 00:40:01,256 - SessionLogger - INFO - [sim_FSM+Guardrail_P1_M-ELE-002_3cba07] Session finished. Resolved: False
2026-04-14 00:40:01,257 - SessionLogger - INFO - [sim_FSM+Guardrail_P3_M-ELE-002_721a28] Starting session
2026-04-14 00:40:01,257 - SessionLogger - INFO - Initialized Session sim_FSM+Guardrail_P3_M-ELE-002_721a28 on Unknown for Unknown with version FSM+Guardrail
2026-04-14 00:40:02,719 - SessionLogger - INFO - [sim_FSM+Guardrail_P3_M-ELE-002_721a28] Student Opening: 老师，我把电池正极连到灯泡上，灯泡怎么不亮啊？电不是从正极流出来进灯泡就行了吗？
2026-04-14 00:40:02,754 - SessionLogger - INFO - [sim_Baseline_P3_M-ELE-002_1260f9] Teacher: 如果电荷只去不回，灯泡另一端很快就会堆满电荷，你觉得它们还会愿意继续挤过去吗？
2026-04-14 00:40:04,886 - SessionLogger - INFO - [sim_Baseline_P3_M-ELE-002_1260f9] Student: 啊？电荷还会“堆”起来吗？我以为它们像光一样，照过去就没了……那如果不流回去，电到底去哪儿了呀？
Deserializing unregistered type router.SessionMemory from checkpoint. This will be blocked in a future version. Add to allowed_msgpack_modules to silence: [('router', 'SessionMemory')]
Deserializing unregistered type router.PerceptionResult from checkpoint. This will be blocked in a future version. Add to allowed_msgpack_modules to silence: [('router', 'PerceptionResult')]
Deserializing unregistered type router.RouteDecision from checkpoint. This will be blocked in a future version. Add to allowed_msgpack_modules to silence: [('router', 'RouteDecision')]
2026-04-14 00:40:05,216 - SessionLogger - INFO - [sim_FSM+Guardrail_P2_M-ELE-002_58a3e9] Teacher: 没错，这就好比只有入口没有出口的水管，水根本流不起来。既然确定了必须“转一圈”，你觉得电流从正极出发流经灯丝后，最终得回到电池的哪一端，这条路才算真正走通了呢？
2026-04-14 00:40:05,562 - SessionLogger - INFO - [sim_FSM_P3_M-ELE-002_eaeeb2] Teacher: 这个类比确实容易让人困惑，因为光确实是“发射出去”就不管了。但如果是这样，想象一下：如果电流只进不出，就像成千上万辆车开进一个死胡同却永远不出来，你觉得这条路还能继续通车吗？
2026-04-14 00:40:06,428 - SessionLogger - INFO - [sim_FSM+Guardrail_P2_M-ELE-002_58a3e9] Student: 那肯定是得回到负极吧？毕竟正极是“推”出来的，负极应该是负责“收”回去的，这样路才算通？
Deserializing unregistered type router.SessionMemory from checkpoint. This will be blocked in a future version. Add to allowed_msgpack_modules to silence: [('router', 'SessionMemory')]
Deserializing unregistered type router.PerceptionResult from checkpoint. This will be blocked in a future version. Add to allowed_msgpack_modules to silence: [('router', 'PerceptionResult')]
Deserializing unregistered type router.RouteDecision from checkpoint. This will be blocked in a future version. Add to allowed_msgpack_modules to silence: [('router', 'RouteDecision')]
2026-04-14 00:40:09,082 - SessionLogger - INFO - [sim_FSM_P3_M-ELE-002_eaeeb2] Student: 可是……电又不是真的车，它不会堵在那儿吧？我觉得它只要到了灯泡那里，“用”完了不就行了吗，干嘛非要回去？
Deserializing unregistered type router.SessionMemory from checkpoint. This will be blocked in a future version. Add to allowed_msgpack_modules to silence: [('router', 'SessionMemory')]
Deserializing unregistered type router.PerceptionResult from checkpoint. This will be blocked in a future version. Add to allowed_msgpack_modules to silence: [('router', 'PerceptionResult')]
Deserializing unregistered type router.RouteDecision from checkpoint. This will be blocked in a future version. Add to allowed_msgpack_modules to silence: [('router', 'RouteDecision')]
2026-04-14 00:40:10,507 - SessionLogger - INFO - [sim_Baseline_P3_M-ELE-002_1260f9] Teacher: 电荷可不会凭空消失，它们得有个“家”回。如果路没接通，它们就堵在灯泡那头进不去也退不回，你觉得这时候电路里还有持续的电流吗？
2026-04-14 00:40:11,844 - SessionLogger - INFO - [sim_Baseline_P3_M-ELE-002_1260f9] Student: “家”是指电池的负极吗？可是电从正极出来，用完能量不就应该直接消失或者散掉了吗，为什么非得绕一圈回去？
Deserializing unregistered type router.SessionMemory from checkpoint. This will be blocked in a future version. Add to allowed_msgpack_modules to silence: [('router', 'SessionMemory')]
Deserializing unregistered type router.PerceptionResult from checkpoint. This will be blocked in a future version. Add to allowed_msgpack_modules to silence: [('router', 'PerceptionResult')]
Deserializing unregistered type router.RouteDecision from checkpoint. This will be blocked in a future version. Add to allowed_msgpack_modules to silence: [('router', 'RouteDecision')]
2026-04-14 00:40:11,954 - SessionLogger - INFO - [sim_FSM+Guardrail_P2_M-ELE-002_58a3e9] Teacher: 这个“有去有回”的想法很到位。既然电流必须从正极出发，经过灯丝，最后回到负极，那你看看手里的灯泡，它的哪两个部位分别负责把电流“送进去”和“接回来”呢？
2026-04-14 00:40:13,070 - SessionLogger - INFO - [sim_FSM+Guardrail_P2_M-ELE-002_58a3e9] Student: 应该是侧面的金属螺纹和底部的那个小圆点吧？我之前以为只要碰到侧面通电就行，原来底下那个点也得连上才算“有去有回”？
Deserializing unregistered type router.SessionMemory from checkpoint. This will be blocked in a future version. Add to allowed_msgpack_modules to silence: [('router', 'SessionMemory')]
Deserializing unregistered type router.PerceptionResult from checkpoint. This will be blocked in a future version. Add to allowed_msgpack_modules to silence: [('router', 'PerceptionResult')]
Deserializing unregistered type router.RouteDecision from checkpoint. This will be blocked in a future version. Add to allowed_msgpack_modules to silence: [('router', 'RouteDecision')]
2026-04-14 00:40:15,917 - SessionLogger - INFO - [sim_Baseline_P2_M-ELE-002_d1a6c3] Teacher: 没错，这种力量就是电池的“电动势”。

你可以把它想象成一个水泵，把流到低处的水再抽回高处。你觉得如果没有这个“泵”，水流能一直循环吗？
2026-04-14 00:40:16,011 - SessionLogger - INFO - [sim_FSM_P3_M-ELE-002_eaeeb2] Teacher: 这个想法很常见，因为灯泡发光确实让我们觉得电被“消耗”掉了。但如果是这样，想象一下环形跑道上的人流：如果前面的人只进不出、停在原地，后面的人还能继续跑起来形成持续的流动吗？
2026-04-14 00:40:16,593 - SessionLogger - INFO - [sim_Baseline_P3_M-ELE-002_1260f9] Teacher: 能量确实被灯泡“用掉”变成了光和热，但运送能量的电荷本身并没有消失。如果电荷不流回负极，电池内部就没法继续把新的电荷推到正极，你觉得这就像不像送快递的货车如果不空车返回，仓库里很快就没货可发了？
2026-04-14 00:40:16,848 - SessionLogger - INFO - [sim_FSM+Guardrail_P3_M-ELE-002_721a28] Teacher: 这个直觉很自然，毕竟我们常说电流从正极出发。但如果电流真的只“进”灯泡而不“出”，你觉得灯泡里的电荷会不会越积越多，最后把灯泡给“撑爆”了？
2026-04-14 00:40:17,009 - SessionLogger - INFO - [sim_Baseline_P2_M-ELE-002_d1a6c3] Student: 哦，原来电池里面还有这种“泵”的作用啊。那这么说，只要这个泵在工作，电荷就能一直在圈里跑，灯泡就能一直亮了？
Deserializing unregistered type router.SessionMemory from checkpoint. This will be blocked in a future version. Add to allowed_msgpack_modules to silence: [('router', 'SessionMemory')]
Deserializing unregistered type router.PerceptionResult from checkpoint. This will be blocked in a future version. Add to allowed_msgpack_modules to silence: [('router', 'PerceptionResult')]
Deserializing unregistered type router.RouteDecision from checkpoint. This will be blocked in a future version. Add to allowed_msgpack_modules to silence: [('router', 'RouteDecision')]
2026-04-14 00:40:17,871 - SessionLogger - INFO - [sim_FSM+Guardrail_P2_M-ELE-002_58a3e9] Teacher: 没错，这两个点就是电流进出灯泡的“大门”。既然知道了门在哪，你觉得该怎么摆放电池和导线，才能让电流从一扇门进去，穿过灯丝，再从另一扇门出来回到电池呢？
2026-04-14 00:40:19,058 - SessionLogger - INFO - [sim_FSM+Guardrail_P2_M-ELE-002_58a3e9] Student: 那是不是得用一根线连电池正极和灯泡侧面，再用另一根线连电池负极和灯泡底部？这样电流才能从一边进、另一边出，形成那个你说的“圈”？
Deserializing unregistered type router.SessionMemory from checkpoint. This will be blocked in a future version. Add to allowed_msgpack_modules to silence: [('router', 'SessionMemory')]
Deserializing unregistered type router.PerceptionResult from checkpoint. This will be blocked in a future version. Add to allowed_msgpack_modules to silence: [('router', 'PerceptionResult')]
Deserializing unregistered type router.RouteDecision from checkpoint. This will be blocked in a future version. Add to allowed_msgpack_modules to silence: [('router', 'RouteDecision')]
2026-04-14 00:40:19,875 - SessionLogger - INFO - [sim_FSM_P3_M-ELE-002_eaeeb2] Student: 可是电在灯泡里不是被“烧”掉变成光了吗？既然都没了，还怎么流回去啊？我还是觉得只要那边有电送过来就行。
Deserializing unregistered type router.SessionMemory from checkpoint. This will be blocked in a future version. Add to allowed_msgpack_modules to silence: [('router', 'SessionMemory')]
Deserializing unregistered type router.PerceptionResult from checkpoint. This will be blocked in a future version. Add to allowed_msgpack_modules to silence: [('router', 'PerceptionResult')]
Deserializing unregistered type router.RouteDecision from checkpoint. This will be blocked in a future version. Add to allowed_msgpack_modules to silence: [('router', 'RouteDecision')]
2026-04-14 00:40:20,097 - SessionLogger - INFO - [sim_Baseline_P3_M-ELE-002_1260f9] Student: 货车那个我好像有点感觉……但是电又不是实物，它真的需要“空车返回”吗？我只看到灯泡亮了，没看到有东西流回去呀。
Deserializing unregistered type router.SessionMemory from checkpoint. This will be blocked in a future version. Add to allowed_msgpack_modules to silence: [('router', 'SessionMemory')]
Deserializing unregistered type router.PerceptionResult from checkpoint. This will be blocked in a future version. Add to allowed_msgpack_modules to silence: [('router', 'PerceptionResult')]
Deserializing unregistered type router.RouteDecision from checkpoint. This will be blocked in a future version. Add to allowed_msgpack_modules to silence: [('router', 'RouteDecision')]
2026-04-14 00:40:20,167 - SessionLogger - INFO - [sim_FSM+Guardrail_P3_M-ELE-002_721a28] Student: 啊？电会在里面堆积吗？我以为它像光一样，照进去被灯泡“用掉”或者吸收了就没了，怎么会撑爆呢？
Deserializing unregistered type router.SessionMemory from checkpoint. This will be blocked in a future version. Add to allowed_msgpack_modules to silence: [('router', 'SessionMemory')]
Deserializing unregistered type router.PerceptionResult from checkpoint. This will be blocked in a future version. Add to allowed_msgpack_modules to silence: [('router', 'PerceptionResult')]
Deserializing unregistered type router.RouteDecision from checkpoint. This will be blocked in a future version. Add to allowed_msgpack_modules to silence: [('router', 'RouteDecision')]
2026-04-14 00:40:20,697 - SessionLogger - INFO - [sim_Baseline_P2_M-ELE-002_d1a6c3] Teacher: 方向对了！不过，你觉得这个“泵”的能量是无限的吗？

如果电池里的化学物质慢慢消耗完了，这个“泵”的劲儿会发生什么变化？
2026-04-14 00:40:21,850 - SessionLogger - INFO - [sim_Baseline_P2_M-ELE-002_d1a6c3] Student: 那肯定劲儿就变小了呗，所以电池用久了就没电了。但这跟我刚才想的“只要接上一头就能亮”有啥关系呀？
Deserializing unregistered type router.SessionMemory from checkpoint. This will be blocked in a future version. Add to allowed_msgpack_modules to silence: [('router', 'SessionMemory')]
Deserializing unregistered type router.PerceptionResult from checkpoint. This will be blocked in a future version. Add to allowed_msgpack_modules to silence: [('router', 'PerceptionResult')]
Deserializing unregistered type router.RouteDecision from checkpoint. This will be blocked in a future version. Add to allowed_msgpack_modules to silence: [('router', 'RouteDecision')]
2026-04-14 00:40:23,718 - SessionLogger - INFO - [sim_Baseline_P3_M-ELE-002_1260f9] Teacher: 电荷其实是金属里本来就有的电子，它们确实看不见。你可以把电线想象成一根已经装满水的水管，你觉得是推动一端的水流进去重要，还是让另一端的水流出来重要？
2026-04-14 00:40:24,966 - SessionLogger - INFO - [sim_Baseline_P2_M-ELE-002_d1a6c3] Teacher: 如果只接一头，电荷就像单行道上的车，瞬间就堵在尽头了。

这时候，你觉得那个“泵”还能把新的电荷推出来吗？
2026-04-14 00:40:25,191 - SessionLogger - INFO - [sim_Baseline_P3_M-ELE-002_1260f9] Student: 水管两头都通水我能理解，可是电池只有一头连着灯泡呀……难道电池另一头也在“推”或者“拉”吗？我看不到那边有东西动啊。
Deserializing unregistered type router.SessionMemory from checkpoint. This will be blocked in a future version. Add to allowed_msgpack_modules to silence: [('router', 'SessionMemory')]
Deserializing unregistered type router.PerceptionResult from checkpoint. This will be blocked in a future version. Add to allowed_msgpack_modules to silence: [('router', 'PerceptionResult')]
Deserializing unregistered type router.RouteDecision from checkpoint. This will be blocked in a future version. Add to allowed_msgpack_modules to silence: [('router', 'RouteDecision')]
2026-04-14 00:40:26,134 - SessionLogger - INFO - [sim_FSM_P3_M-ELE-002_eaeeb2] Teacher: 这个直觉很自然，因为灯泡确实把能量“烧”掉了。但我们要区分“电荷”和“能量”：就像推磨的驴子，它消耗的是体力（能量），但驴子本身（电荷）并没有消失。如果电荷真的在灯泡里消失了，你觉得电池还能源源不断地送出新的电荷吗？
2026-04-14 00:40:26,506 - SessionLogger - INFO - [sim_FSM+Guardrail_P3_M-ELE-002_721a28] Teacher: 这个类比确实很有迷惑性，因为光确实是被吸收后就消失了。但电荷和光子不同，它们是实实在在的物质粒子，不能凭空消失。如果电流真的像光一样被“用掉”了，那在串联两个灯泡的电路里，第二个灯泡是不是就永远分不到电流，从而永远不会亮了？
2026-04-14 00:40:27,011 - SessionLogger - INFO - [sim_Baseline_P2_M-ELE-002_d1a6c3] Student: 堵住了……那后面的电荷确实就挤不进去了。所以是因为前面没路走，导致泵也推不动新的电荷出来吗？
Deserializing unregistered type router.SessionMemory from checkpoint. This will be blocked in a future version. Add to allowed_msgpack_modules to silence: [('router', 'SessionMemory')]
Deserializing unregistered type router.PerceptionResult from checkpoint. This will be blocked in a future version. Add to allowed_msgpack_modules to silence: [('router', 'PerceptionResult')]
Deserializing unregistered type router.RouteDecision from checkpoint. This will be blocked in a future version. Add to allowed_msgpack_modules to silence: [('router', 'RouteDecision')]
2026-04-14 00:40:27,307 - SessionLogger - INFO - [sim_FSM_P3_M-ELE-002_eaeeb2] Student: 啊？电荷和能量是分开的吗……我一直以为它们是一起被用掉的。那如果电荷没消失，它卡在灯泡里不动，电池那边为什么就不能继续送新的过来呢？
Deserializing unregistered type router.SessionMemory from checkpoint. This will be blocked in a future version. Add to allowed_msgpack_modules to silence: [('router', 'SessionMemory')]
Deserializing unregistered type router.PerceptionResult from checkpoint. This will be blocked in a future version. Add to allowed_msgpack_modules to silence: [('router', 'PerceptionResult')]
Deserializing unregistered type router.RouteDecision from checkpoint. This will be blocked in a future version. Add to allowed_msgpack_modules to silence: [('router', 'RouteDecision')]
2026-04-14 00:40:28,847 - SessionLogger - INFO - [sim_Baseline_P3_M-ELE-002_1260f9] Teacher: 电池其实有两头，你看电池上是不是标了“+”和“-”？如果只连一头，就像水管只接了水龙头却没接下水道，你觉得水能一直流出来吗？
2026-04-14 00:40:30,400 - SessionLogger - INFO - [sim_Baseline_P2_M-ELE-002_d1a6c3] Teacher: 没错，就像水管一头堵死，水泵再使劲也推不动水。

所以，要想让“泵”持续工作、灯泡持续发光，电荷流出去后必须得有个什么条件？
2026-04-14 00:40:30,450 - SessionLogger - INFO - [sim_FSM+Guardrail_P3_M-ELE-002_721a28] Student: 可是……电流流进灯泡发光，不就是被“消耗”掉变成光和热了吗？既然被用掉了，那后面当然就没有了啊，这不是很正常吗？
Deserializing unregistered type router.SessionMemory from checkpoint. This will be blocked in a future version. Add to allowed_msgpack_modules to silence: [('router', 'SessionMemory')]
Deserializing unregistered type router.PerceptionResult from checkpoint. This will be blocked in a future version. Add to allowed_msgpack_modules to silence: [('router', 'PerceptionResult')]
Deserializing unregistered type router.RouteDecision from checkpoint. This will be blocked in a future version. Add to allowed_msgpack_modules to silence: [('router', 'RouteDecision')]
2026-04-14 00:40:30,481 - SessionLogger - INFO - [sim_Baseline_P3_M-ELE-002_1260f9] Student: 可是我只连了正极，电不是从正极“喷”出来的吗？就像喷泉一样，水喷出来就行了呀，为什么非得有个下水道接着它才能喷？
Deserializing unregistered type router.SessionMemory from checkpoint. This will be blocked in a future version. Add to allowed_msgpack_modules to silence: [('router', 'SessionMemory')]
Deserializing unregistered type router.PerceptionResult from checkpoint. This will be blocked in a future version. Add to allowed_msgpack_modules to silence: [('router', 'PerceptionResult')]
Deserializing unregistered type router.RouteDecision from checkpoint. This will be blocked in a future version. Add to allowed_msgpack_modules to silence: [('router', 'RouteDecision')]
2026-04-14 00:40:30,637 - SessionLogger - INFO - [sim_FSM_P2_M-ELE-002_10e080] Teacher: 没错，只有形成回路，电荷才能持续流动；既然你觉得“只接一头”没法让电流循环，那你觉得这时候灯泡能一直亮着吗？
2026-04-14 00:40:31,350 - SessionLogger - INFO - [sim_Baseline_P2_M-ELE-002_d1a6c3] Student: 那是不是得让流出去的电荷能再跑回电池的另一头？这样泵才能一直推着它们转圈？
2026-04-14 00:40:31,351 - SessionLogger - INFO - [sim_Baseline_P2_M-ELE-002_d1a6c3] Session finished. Resolved: False
2026-04-14 00:40:31,351 - SessionLogger - INFO - [sim_Baseline_P1_M-BUO-001_825d30] Starting session
2026-04-14 00:40:31,351 - SessionLogger - INFO - Initialized Session sim_Baseline_P1_M-BUO-001_825d30 on Unknown for Unknown with version FSM+Guardrail
2026-04-14 00:40:32,314 - SessionLogger - INFO - [sim_Baseline_P1_M-BUO-001_825d30] Student Opening: 老师，我觉得不管是什么材料，只要东西够重，它扔进水里肯定就会沉下去。
2026-04-14 00:40:32,330 - SessionLogger - INFO - [sim_FSM_P2_M-ELE-002_10e080] Student: 好像确实不行……如果电荷堆在那儿不动了，灯应该就不亮了。所以我之前想错了，必须得连成圈才行？
Deserializing unregistered type router.SessionMemory from checkpoint. This will be blocked in a future version. Add to allowed_msgpack_modules to silence: [('router', 'SessionMemory')]
Deserializing unregistered type router.PerceptionResult from checkpoint. This will be blocked in a future version. Add to allowed_msgpack_modules to silence: [('router', 'PerceptionResult')]
Deserializing unregistered type router.RouteDecision from checkpoint. This will be blocked in a future version. Add to allowed_msgpack_modules to silence: [('router', 'RouteDecision')]
2026-04-14 00:40:32,348 - SessionLogger - INFO - [sim_FSM_P3_M-ELE-002_eaeeb2] Teacher: 电荷就像挤在管子里的珠子，如果前面的珠子卡在灯泡里不动，后面的珠子还能被推得动吗？
2026-04-14 00:40:33,451 - SessionLogger - INFO - [sim_FSM_P3_M-ELE-002_eaeeb2] Student: 可是电池很有劲啊，它不能硬把后面的珠子挤过去吗？只要它能一直推，灯泡不就能一直亮着？
Deserializing unregistered type router.SessionMemory from checkpoint. This will be blocked in a future version. Add to allowed_msgpack_modules to silence: [('router', 'SessionMemory')]
Deserializing unregistered type router.PerceptionResult from checkpoint. This will be blocked in a future version. Add to allowed_msgpack_modules to silence: [('router', 'PerceptionResult')]
Deserializing unregistered type router.RouteDecision from checkpoint. This will be blocked in a future version. Add to allowed_msgpack_modules to silence: [('router', 'RouteDecision')]
2026-04-14 00:40:36,362 - SessionLogger - INFO - [sim_FSM+Guardrail_P3_M-ELE-002_721a28] Teacher: 这确实非常反直觉，因为我们在生活中常说“用电”，感觉电像燃料一样烧完了。

但请仔细区分一下：灯泡发光发热，消耗的是电荷携带的**能量**，还是电荷**本身**呢？
2026-04-14 00:40:37,424 - SessionLogger - WARNING - LLM Judge blocked response. Reason: 助教在回复开头直接陈述了正确的物理结论（'电荷必须能“有去有回”才能持续流动'、'必须连成圈'），这直接否定了学生的错误概念并给出了标准答案，违反了违规定义第1条：'助教直接告诉了学生本题最终的物理结论或标准答案'。虽然随后的提问具有引导性，但前提信息的泄露已构成违规。
2026-04-14 00:40:37,433 - SessionLogger - INFO - [sim_FSM_P2_M-ELE-002_10e080] Teacher: 没错，电荷必须能“有去有回”才能持续流动；既然现在确认了必须连成圈，那你觉得如果在这个圈的任意位置剪断导线，灯泡还会亮吗？
2026-04-14 00:40:37,580 - SessionLogger - INFO - [sim_FSM+Guardrail_P3_M-ELE-002_721a28] Student: 能量和电荷……不是一回事吗？电带着能量进去，把能量留下了，那“电”本身不就也没了吗？我还是分不清这俩有啥区别。
Deserializing unregistered type router.SessionMemory from checkpoint. This will be blocked in a future version. Add to allowed_msgpack_modules to silence: [('router', 'SessionMemory')]
Deserializing unregistered type router.PerceptionResult from checkpoint. This will be blocked in a future version. Add to allowed_msgpack_modules to silence: [('router', 'PerceptionResult')]
Deserializing unregistered type router.RouteDecision from checkpoint. This will be blocked in a future version. Add to allowed_msgpack_modules to silence: [('router', 'RouteDecision')]
2026-04-14 00:40:38,653 - SessionLogger - INFO - [sim_Baseline_P1_M-BUO-001_825d30] Teacher: 那你看海上的巨型轮船，用钢铁造的，重达几万吨，它怎么没沉下去呢？
2026-04-14 00:40:39,629 - SessionLogger - INFO - [sim_Baseline_P1_M-BUO-001_825d30] Student: 那是因为它里面有空气啊，把整体变轻了。如果全是实心的铁块，那么重肯定就沉了。
Deserializing unregistered type router.SessionMemory from checkpoint. This will be blocked in a future version. Add to allowed_msgpack_modules to silence: [('router', 'SessionMemory')]
Deserializing unregistered type router.PerceptionResult from checkpoint. This will be blocked in a future version. Add to allowed_msgpack_modules to silence: [('router', 'PerceptionResult')]
Deserializing unregistered type router.RouteDecision from checkpoint. This will be blocked in a future version. Add to allowed_msgpack_modules to silence: [('router', 'RouteDecision')]
2026-04-14 00:40:40,447 - SessionLogger - INFO - [sim_FSM_P2_M-ELE-002_10e080] Student: 那肯定不亮了呀，路都断了，电荷没法转圈了嘛。这跟只接一头其实是一个道理吧？
Deserializing unregistered type router.SessionMemory from checkpoint. This will be blocked in a future version. Add to allowed_msgpack_modules to silence: [('router', 'SessionMemory')]
Deserializing unregistered type router.PerceptionResult from checkpoint. This will be blocked in a future version. Add to allowed_msgpack_modules to silence: [('router', 'PerceptionResult')]
Deserializing unregistered type router.RouteDecision from checkpoint. This will be blocked in a future version. Add to allowed_msgpack_modules to silence: [('router', 'RouteDecision')]
2026-04-14 00:40:41,061 - SessionLogger - INFO - [sim_FSM_P3_M-ELE-002_eaeeb2] Teacher: 如果前面的珠子真的被“卡住”或消失了，后面的珠子就会立刻撞上去堵住通道。你觉得这时候，电池还能推得动后面的珠子形成持续的流动吗？
2026-04-14 00:40:42,225 - SessionLogger - INFO - [sim_FSM_P3_M-ELE-002_eaeeb2] Student: 可是电池不是只有一头连着灯泡吗？另一头都没接线，珠子怎么会从那边“回来”堵住通道呢？
Deserializing unregistered type router.SessionMemory from checkpoint. This will be blocked in a future version. Add to allowed_msgpack_modules to silence: [('router', 'SessionMemory')]
Deserializing unregistered type router.PerceptionResult from checkpoint. This will be blocked in a future version. Add to allowed_msgpack_modules to silence: [('router', 'PerceptionResult')]
Deserializing unregistered type router.RouteDecision from checkpoint. This will be blocked in a future version. Add to allowed_msgpack_modules to silence: [('router', 'RouteDecision')]
2026-04-14 00:40:43,296 - SessionLogger - INFO - [sim_FSM+Guardrail_P3_M-ELE-002_721a28] Teacher: 这确实容易混淆，因为能量是看不见摸不着的，而电荷是实实在在的粒子。

想象一下送货的卡车：卡车把货物（能量）卸在仓库（灯泡）后，卡车本身（电荷）是会消失不见，还是得空车开回去继续拉货？
2026-04-14 00:40:43,826 - SessionLogger - INFO - [sim_Baseline_P1_M-BUO-001_825d30] Teacher: 你说得对，实心铁块确实会沉。但轮船虽然重，它排开的水的体积也很大呀。你觉得是物体的“轻重”决定沉浮，还是它和同体积水的“轻重对比”更关键呢？
2026-04-14 00:40:44,744 - SessionLogger - INFO - [sim_Baseline_P1_M-BUO-001_825d30] Student: 我还是觉得是绝对重量决定的。只要东西足够重，不管排开多少水，它最后肯定还是会沉下去的。
Deserializing unregistered type router.SessionMemory from checkpoint. This will be blocked in a future version. Add to allowed_msgpack_modules to silence: [('router', 'SessionMemory')]
Deserializing unregistered type router.PerceptionResult from checkpoint. This will be blocked in a future version. Add to allowed_msgpack_modules to silence: [('router', 'PerceptionResult')]
Deserializing unregistered type router.RouteDecision from checkpoint. This will be blocked in a future version. Add to allowed_msgpack_modules to silence: [('router', 'RouteDecision')]
2026-04-14 00:40:45,346 - SessionLogger - INFO - [sim_FSM+Guardrail_P3_M-ELE-002_721a28] Student: 卡车得回去拉货我懂，但电池不是源源不断“生产”新电出来的吗？干嘛非要让旧的流回去，直接发新的不行吗？
Deserializing unregistered type router.SessionMemory from checkpoint. This will be blocked in a future version. Add to allowed_msgpack_modules to silence: [('router', 'SessionMemory')]
Deserializing unregistered type router.PerceptionResult from checkpoint. This will be blocked in a future version. Add to allowed_msgpack_modules to silence: [('router', 'PerceptionResult')]
Deserializing unregistered type router.RouteDecision from checkpoint. This will be blocked in a future version. Add to allowed_msgpack_modules to silence: [('router', 'RouteDecision')]
2026-04-14 00:40:50,205 - SessionLogger - INFO - [sim_FSM_P2_M-ELE-002_10e080] Teacher: 你说得很对，这两种情况本质上都是路不通；既然“断一处”就不亮，那你能不能具体说说，为什么只把灯泡的一个接触点连到电池上，也算作是“路不通”呢？
2026-04-14 00:40:50,212 - SessionLogger - INFO - [sim_FSM+Guardrail_P2_M-ELE-002_58a3e9] Teacher: 这个方案确实能形成一个完整的“圈”。那如果不用导线，直接把灯泡底部的触点按在电池正极，再用一根导线连接侧面螺纹和电池负极，你觉得灯泡会亮吗？为什么？
2026-04-14 00:40:51,526 - SessionLogger - INFO - [sim_FSM_P2_M-ELE-002_10e080] Student: 因为电从电池出来进了灯泡，但没地方流回电池的另一端呀。就像水管只接了进水口，水出不去，也就没法继续流了，对吧？
Deserializing unregistered type router.SessionMemory from checkpoint. This will be blocked in a future version. Add to allowed_msgpack_modules to silence: [('router', 'SessionMemory')]
Deserializing unregistered type router.PerceptionResult from checkpoint. This will be blocked in a future version. Add to allowed_msgpack_modules to silence: [('router', 'PerceptionResult')]
Deserializing unregistered type router.RouteDecision from checkpoint. This will be blocked in a future version. Add to allowed_msgpack_modules to silence: [('router', 'RouteDecision')]
2026-04-14 00:40:53,342 - SessionLogger - INFO - [sim_Baseline_P1_M-BUO-001_825d30] Teacher: 好，那我们把那艘几万吨的轮船，压缩成一个实心的小铁球。这时候它变轻了很多，你觉得这个小铁球扔进水里，是会浮起来还是沉下去？
2026-04-14 00:40:53,586 - SessionLogger - INFO - [sim_FSM+Guardrail_P2_M-ELE-002_58a3e9] Student: 应该会亮吧？虽然没看到完整的“圈”，但电流从正极进底部，穿过灯丝从侧面出来，顺着导线回负极，路也是通的呀。
Deserializing unregistered type router.SessionMemory from checkpoint. This will be blocked in a future version. Add to allowed_msgpack_modules to silence: [('router', 'SessionMemory')]
Deserializing unregistered type router.PerceptionResult from checkpoint. This will be blocked in a future version. Add to allowed_msgpack_modules to silence: [('router', 'PerceptionResult')]
Deserializing unregistered type router.RouteDecision from checkpoint. This will be blocked in a future version. Add to allowed_msgpack_modules to silence: [('router', 'RouteDecision')]
2026-04-14 00:40:54,680 - SessionLogger - INFO - [sim_Baseline_P1_M-BUO-001_825d30] Student: 那肯定沉啊，铁做的东西本来就重。你看，轻了也还是沉，所以跟轻重没关系吗？不对，是因为它还是铁，铁就是会沉的。
Deserializing unregistered type router.SessionMemory from checkpoint. This will be blocked in a future version. Add to allowed_msgpack_modules to silence: [('router', 'SessionMemory')]
Deserializing unregistered type router.PerceptionResult from checkpoint. This will be blocked in a future version. Add to allowed_msgpack_modules to silence: [('router', 'PerceptionResult')]
Deserializing unregistered type router.RouteDecision from checkpoint. This will be blocked in a future version. Add to allowed_msgpack_modules to silence: [('router', 'RouteDecision')]
2026-04-14 00:40:54,861 - SessionLogger - INFO - [sim_FSM+Guardrail_P3_M-ELE-002_721a28] Teacher: 如果电池只负责在出口“生产”新电荷，而不让旧电荷流回来，你觉得导线里很快就会发生什么状况？
2026-04-14 00:40:56,779 - SessionLogger - INFO - [sim_FSM+Guardrail_P3_M-ELE-002_721a28] Student: 会发生什么？难道会堵住吗？我觉得电池有能力一直推，应该能一直送出去吧……具体会变成什么样啊？
Deserializing unregistered type router.SessionMemory from checkpoint. This will be blocked in a future version. Add to allowed_msgpack_modules to silence: [('router', 'SessionMemory')]
Deserializing unregistered type router.PerceptionResult from checkpoint. This will be blocked in a future version. Add to allowed_msgpack_modules to silence: [('router', 'PerceptionResult')]
Deserializing unregistered type router.RouteDecision from checkpoint. This will be blocked in a future version. Add to allowed_msgpack_modules to silence: [('router', 'RouteDecision')]
2026-04-14 00:41:03,825 - SessionLogger - INFO - [sim_FSM_P2_M-ELE-002_10e080] Teacher: 这个类比很准确；既然水流需要“进”和“出”两个口才能循环，那你看看灯泡底部的金属触点和侧面的金属螺纹，它们分别起到了什么作用？
2026-04-14 00:41:03,825 - SessionLogger - INFO - [sim_FSM_P2_M-ELE-002_10e080] Session finished. Resolved: True
2026-04-14 00:41:03,826 - SessionLogger - INFO - [sim_FSM_P1_M-BUO-001_a691b3] Starting session
2026-04-14 00:41:03,826 - SessionLogger - INFO - Initialized Session sim_FSM_P1_M-BUO-001_a691b3 on Unknown for Unknown with version FSM+Guardrail
2026-04-14 00:41:04,785 - SessionLogger - INFO - [sim_FSM_P1_M-BUO-001_a691b3] Student Opening: 老师，我觉得那个大铁块肯定会沉底，毕竟它那么重，轻的东西才会浮起来嘛。
2026-04-14 00:41:04,791 - SessionLogger - INFO - [sim_Baseline_P3_M-ELE-002_1260f9] Teacher: 喷泉能一直喷，是因为底下有个大水池在不停地抽水上去。如果电池是个封闭系统，没有回路让电荷回来，你觉得它靠什么力量把后面的电荷继续往前推呢？
2026-04-14 00:41:04,821 - SessionLogger - INFO - [sim_FSM+Guardrail_P2_M-ELE-002_58a3e9] Teacher: 你说得对，这确实是一条完整的通路。那如果我把那根导线也撤掉，只让灯泡底部接触电池正极，侧面悬空不碰任何东西，这时候还有“回路”吗？
2026-04-14 00:41:07,508 - SessionLogger - INFO - [sim_Baseline_P1_M-BUO-001_825d30] Teacher: 没错，小铁球确实沉了。那为什么同样的铁，做成空心大船就能浮，揉成实心小球就沉呢？这时候，它们排开水的体积有什么不一样吗？
2026-04-14 00:41:07,948 - SessionLogger - INFO - [sim_FSM+Guardrail_P3_M-ELE-002_721a28] Teacher: 想象一下，如果只有一头能进人，另一头被封死，电影院里很快会发生什么？
2026-04-14 00:41:08,010 - SessionLogger - INFO - [sim_Baseline_P3_M-ELE-002_1260f9] Student: 可是电池里面不是有化学能吗？它自己就能产生电呀，为什么非得让电荷跑回来才能继续推？我不明白这个“回来”跟“发光”有什么关系。
Deserializing unregistered type router.SessionMemory from checkpoint. This will be blocked in a future version. Add to allowed_msgpack_modules to silence: [('router', 'SessionMemory')]
Deserializing unregistered type router.PerceptionResult from checkpoint. This will be blocked in a future version. Add to allowed_msgpack_modules to silence: [('router', 'PerceptionResult')]
Deserializing unregistered type router.RouteDecision from checkpoint. This will be blocked in a future version. Add to allowed_msgpack_modules to silence: [('router', 'RouteDecision')]
2026-04-14 00:41:08,477 - SessionLogger - INFO - [sim_FSM+Guardrail_P2_M-ELE-002_58a3e9] Student: 那肯定不亮啊，侧面都没连东西，电流从底部进去后没地方去，这不就堵住了吗？
Deserializing unregistered type router.SessionMemory from checkpoint. This will be blocked in a future version. Add to allowed_msgpack_modules to silence: [('router', 'SessionMemory')]
Deserializing unregistered type router.PerceptionResult from checkpoint. This will be blocked in a future version. Add to allowed_msgpack_modules to silence: [('router', 'PerceptionResult')]
Deserializing unregistered type router.RouteDecision from checkpoint. This will be blocked in a future version. Add to allowed_msgpack_modules to silence: [('router', 'RouteDecision')]
2026-04-14 00:41:11,221 - SessionLogger - INFO - [sim_Baseline_P1_M-BUO-001_825d30] Student: 大船排开的水多，所以水把它托住了呗。但这不还是因为大船整体比较“轻”才能浮起来吗？实心球太重了，水托不动。
Deserializing unregistered type router.SessionMemory from checkpoint. This will be blocked in a future version. Add to allowed_msgpack_modules to silence: [('router', 'SessionMemory')]
Deserializing unregistered type router.PerceptionResult from checkpoint. This will be blocked in a future version. Add to allowed_msgpack_modules to silence: [('router', 'PerceptionResult')]
Deserializing unregistered type router.RouteDecision from checkpoint. This will be blocked in a future version. Add to allowed_msgpack_modules to silence: [('router', 'RouteDecision')]
2026-04-14 00:41:11,483 - SessionLogger - INFO - [sim_Baseline_P3_M-ELE-002_1260f9] Teacher: 化学能确实能提供推力，但它需要电荷流动起来才能持续做功。如果电荷堵在灯泡那里回不去，后面的电荷就挤不进来，你觉得这时候电流还能维持吗？
2026-04-14 00:41:12,272 - SessionLogger - INFO - [sim_FSM+Guardrail_P3_M-ELE-002_721a28] Student: 那里面的人会挤爆吧……但电那么小，而且电池推力那么大，难道不能硬挤进去或者把灯泡撑破吗？我还是觉得只要连着就能亮。
Deserializing unregistered type router.SessionMemory from checkpoint. This will be blocked in a future version. Add to allowed_msgpack_modules to silence: [('router', 'SessionMemory')]
Deserializing unregistered type router.PerceptionResult from checkpoint. This will be blocked in a future version. Add to allowed_msgpack_modules to silence: [('router', 'PerceptionResult')]
Deserializing unregistered type router.RouteDecision from checkpoint. This will be blocked in a future version. Add to allowed_msgpack_modules to silence: [('router', 'RouteDecision')]
2026-04-14 00:41:12,861 - SessionLogger - INFO - [sim_Baseline_P3_M-ELE-002_1260f9] Student: 挤不进来？可是灯泡那里是通的呀，电不是流过去变成光了吗？它怎么会堵在那儿呢？
Deserializing unregistered type router.SessionMemory from checkpoint. This will be blocked in a future version. Add to allowed_msgpack_modules to silence: [('router', 'SessionMemory')]
Deserializing unregistered type router.PerceptionResult from checkpoint. This will be blocked in a future version. Add to allowed_msgpack_modules to silence: [('router', 'PerceptionResult')]
Deserializing unregistered type router.RouteDecision from checkpoint. This will be blocked in a future version. Add to allowed_msgpack_modules to silence: [('router', 'RouteDecision')]
2026-04-14 00:41:21,657 - SessionLogger - INFO - [sim_FSM+Guardrail_P2_M-ELE-002_58a3e9] Teacher: 说得太对了，路断了电流就过不去。那现在请你再仔细看看电池的结构，如果只靠这一节电池和灯泡本身（不加任何导线），你能想办法让电流从正极出发，经过灯泡，最后回到负极吗？
2026-04-14 00:41:21,657 - SessionLogger - INFO - [sim_FSM+Guardrail_P2_M-ELE-002_58a3e9] Session finished. Resolved: True
2026-04-14 00:41:21,658 - SessionLogger - INFO - [sim_FSM+Guardrail_P1_M-BUO-001_101109] Starting session
2026-04-14 00:41:21,658 - SessionLogger - INFO - Initialized Session sim_FSM+Guardrail_P1_M-BUO-001_101109 on Unknown for Unknown with version FSM+Guardrail
2026-04-14 00:41:22,636 - SessionLogger - INFO - [sim_FSM+Guardrail_P1_M-BUO-001_101109] Student Opening: 老师，我觉得铁块肯定沉底，因为它那么重，而木头能浮起来就是因为它轻嘛。
2026-04-14 00:41:22,642 - SessionLogger - INFO - [sim_FSM_P3_M-ELE-002_eaeeb2] Teacher: 想象一下，如果水管只接了水龙头这一头，另一头悬空没接回水池，水能形成持续的循环流动吗？
2026-04-14 00:41:22,679 - SessionLogger - INFO - [sim_FSM_P1_M-BUO-001_a691b3] Teacher: 那按照这个逻辑，一艘几万吨重的钢铁巨轮，比这个小铁块重了无数倍，它是不是应该瞬间就沉到海底去了？
2026-04-14 00:41:24,883 - SessionLogger - INFO - [sim_Baseline_P3_M-ELE-002_1260f9] Teacher: 想象一下，电荷就像运煤的卡车，光就是煤燃烧产生的热。如果卡车把煤卸在灯泡里就停在那儿不动了，后面的卡车还能开进来吗？
2026-04-14 00:41:25,609 - SessionLogger - INFO - [sim_Baseline_P1_M-BUO-001_825d30] Teacher: 既然你说水“托不动”实心球，那如果我把这个实心小铁球挖空，做成一个很薄的铁碗，它的重量其实没变多少。你觉得这时候水能“托住”它吗？
2026-04-14 00:41:26,278 - SessionLogger - INFO - [sim_FSM_P3_M-ELE-002_eaeeb2] Student: 可是电又不是水，它不需要流回来吧？只要电池一直往外“喷”电，灯泡那边接到了，不就应该亮吗？
Deserializing unregistered type router.SessionMemory from checkpoint. This will be blocked in a future version. Add to allowed_msgpack_modules to silence: [('router', 'SessionMemory')]
Deserializing unregistered type router.PerceptionResult from checkpoint. This will be blocked in a future version. Add to allowed_msgpack_modules to silence: [('router', 'PerceptionResult')]
Deserializing unregistered type router.RouteDecision from checkpoint. This will be blocked in a future version. Add to allowed_msgpack_modules to silence: [('router', 'RouteDecision')]
2026-04-14 00:41:27,005 - SessionLogger - INFO - [sim_FSM_P1_M-BUO-001_a691b3] Student: 那肯定是因为船里面是空的呀，所以它其实很轻。我说的是实心的重物，实心的一定要沉的。
Deserializing unregistered type router.SessionMemory from checkpoint. This will be blocked in a future version. Add to allowed_msgpack_modules to silence: [('router', 'SessionMemory')]
Deserializing unregistered type router.PerceptionResult from checkpoint. This will be blocked in a future version. Add to allowed_msgpack_modules to silence: [('router', 'PerceptionResult')]
Deserializing unregistered type router.RouteDecision from checkpoint. This will be blocked in a future version. Add to allowed_msgpack_modules to silence: [('router', 'RouteDecision')]
2026-04-14 00:41:28,465 - SessionLogger - INFO - [sim_Baseline_P3_M-ELE-002_1260f9] Student: 可是电又不是卡车，它用完不就没了或者变成光了吗？为什么还要让它“回来”？我觉得只要正极一直在送电出来，灯泡就应该一直亮啊。
Deserializing unregistered type router.SessionMemory from checkpoint. This will be blocked in a future version. Add to allowed_msgpack_modules to silence: [('router', 'SessionMemory')]
Deserializing unregistered type router.PerceptionResult from checkpoint. This will be blocked in a future version. Add to allowed_msgpack_modules to silence: [('router', 'PerceptionResult')]
Deserializing unregistered type router.RouteDecision from checkpoint. This will be blocked in a future version. Add to allowed_msgpack_modules to silence: [('router', 'RouteDecision')]
2026-04-14 00:41:29,488 - SessionLogger - INFO - [sim_Baseline_P1_M-BUO-001_825d30] Student: 重量没变多少那肯定还是沉啊，重的东西怎么可能浮起来？你光把形状变了，它还是那么重，水肯定托不住。
Deserializing unregistered type router.SessionMemory from checkpoint. This will be blocked in a future version. Add to allowed_msgpack_modules to silence: [('router', 'SessionMemory')]
Deserializing unregistered type router.PerceptionResult from checkpoint. This will be blocked in a future version. Add to allowed_msgpack_modules to silence: [('router', 'PerceptionResult')]
Deserializing unregistered type router.RouteDecision from checkpoint. This will be blocked in a future version. Add to allowed_msgpack_modules to silence: [('router', 'RouteDecision')]
2026-04-14 00:41:32,118 - SessionLogger - INFO - [sim_FSM_P3_M-ELE-002_eaeeb2] Teacher: 这个直觉很常见，但电荷不像喷出去就消失的水雾，它们必须“有去有回”才能持续流动。如果电流只从电池一端流出却回不去，你觉得电池里的电荷会不会很快就“耗尽”或“堵塞”，导致流动停止？
2026-04-14 00:41:33,070 - SessionLogger - INFO - [sim_FSM_P3_M-ELE-002_eaeeb2] Student: 电池不是有化学能吗？它应该能一直产生新的电送出来吧，怎么会因为回不去就没了呢？
Deserializing unregistered type router.SessionMemory from checkpoint. This will be blocked in a future version. Add to allowed_msgpack_modules to silence: [('router', 'SessionMemory')]
Deserializing unregistered type router.PerceptionResult from checkpoint. This will be blocked in a future version. Add to allowed_msgpack_modules to silence: [('router', 'PerceptionResult')]
Deserializing unregistered type router.RouteDecision from checkpoint. This will be blocked in a future version. Add to allowed_msgpack_modules to silence: [('router', 'RouteDecision')]
2026-04-14 00:41:33,726 - SessionLogger - INFO - [sim_FSM_P1_M-BUO-001_a691b3] Teacher: 如果“实心且重”就一定下沉，那我们把一颗小小的实心铁珠扔进一杯水银里，它那么“实”，是不是也一定会像石头一样沉到底？
2026-04-14 00:41:34,572 - SessionLogger - INFO - [sim_Baseline_P3_M-ELE-002_1260f9] Teacher: 如果电荷真的变成了光“消失”了，那电池里的物质岂不是越用越少，最后变空了？

你摸摸刚亮了一会儿的灯泡，它是变轻了还是变热了？
2026-04-14 00:41:34,771 - SessionLogger - INFO - [sim_FSM_P1_M-BUO-001_a691b3] Student: 老师，水银那么重，铁珠肯定浮在上面啊。但我说的是一般的水，在水里重的实心东西就是会沉下去的。
Deserializing unregistered type router.SessionMemory from checkpoint. This will be blocked in a future version. Add to allowed_msgpack_modules to silence: [('router', 'SessionMemory')]
Deserializing unregistered type router.PerceptionResult from checkpoint. This will be blocked in a future version. Add to allowed_msgpack_modules to silence: [('router', 'PerceptionResult')]
Deserializing unregistered type router.RouteDecision from checkpoint. This will be blocked in a future version. Add to allowed_msgpack_modules to silence: [('router', 'RouteDecision')]
2026-04-14 00:41:35,000 - SessionLogger - INFO - [sim_FSM+Guardrail_P1_M-BUO-001_101109] Teacher: 那如果有一根巨大的原木，重达几百公斤，而旁边只有一颗小小的铁珠，才几克重。按你的说法，这根“很重”的原木会沉下去，而那枚“很轻”的铁珠会浮起来吗？
2026-04-14 00:41:36,033 - SessionLogger - INFO - [sim_FSM+Guardrail_P1_M-BUO-001_101109] Student: 那肯定还是铁珠沉啊，木头浮啊。老师你举这个例子没用，我说的是材料本身的轻重，铁本来就比木头重嘛。
Deserializing unregistered type router.SessionMemory from checkpoint. This will be blocked in a future version. Add to allowed_msgpack_modules to silence: [('router', 'SessionMemory')]
Deserializing unregistered type router.PerceptionResult from checkpoint. This will be blocked in a future version. Add to allowed_msgpack_modules to silence: [('router', 'PerceptionResult')]
Deserializing unregistered type router.RouteDecision from checkpoint. This will be blocked in a future version. Add to allowed_msgpack_modules to silence: [('router', 'RouteDecision')]
2026-04-14 00:41:37,294 - SessionLogger - INFO - [sim_Baseline_P1_M-BUO-001_825d30] Teacher: 你想想，实心球扔进去只占了一丁点地方，但铁碗扣在水面上，它肚子里是不是包了一大块空气，占的地方变大了很多？
2026-04-14 00:41:37,868 - SessionLogger - INFO - [sim_Baseline_P3_M-ELE-002_1260f9] Student: 它是变热了呀，但这跟电荷回不回去有什么关系？我觉得热量是电“流过去”的时候摩擦产生的，只要电还在往外送，就应该一直有热量啊。
2026-04-14 00:41:37,869 - SessionLogger - INFO - [sim_Baseline_P3_M-ELE-002_1260f9] Session finished. Resolved: False
2026-04-14 00:41:37,869 - SessionLogger - INFO - [sim_Baseline_P2_M-BUO-001_4cc76a] Starting session
2026-04-14 00:41:37,869 - SessionLogger - INFO - Initialized Session sim_Baseline_P2_M-BUO-001_4cc76a on Unknown for Unknown with version FSM+Guardrail
2026-04-14 00:41:38,820 - SessionLogger - INFO - [sim_Baseline_P2_M-BUO-001_4cc76a] Student Opening: 老师，我觉得只要东西够重就肯定会沉下去，毕竟重的物体受到的重力大嘛，轻的才会浮起来。
2026-04-14 00:41:38,825 - SessionLogger - INFO - [sim_Baseline_P1_M-BUO-001_825d30] Student: 那是因为有空气，空气轻啊。要是把空气抽走或者压扁了，它变重了肯定就沉了，所以还是因为轻才浮的。
Deserializing unregistered type router.SessionMemory from checkpoint. This will be blocked in a future version. Add to allowed_msgpack_modules to silence: [('router', 'SessionMemory')]
Deserializing unregistered type router.PerceptionResult from checkpoint. This will be blocked in a future version. Add to allowed_msgpack_modules to silence: [('router', 'PerceptionResult')]
Deserializing unregistered type router.RouteDecision from checkpoint. This will be blocked in a future version. Add to allowed_msgpack_modules to silence: [('router', 'RouteDecision')]
2026-04-14 00:41:39,051 - SessionLogger - INFO - [sim_FSM_P3_M-ELE-002_eaeeb2] Teacher: 电池确实像水泵一样提供能量，但电荷本身是导线里本来就有的“搬运工”。如果这些“搬运工”只去不回，堵在灯泡那里，你觉得后面新的“搬运工”还能挤得进去继续干活吗？
2026-04-14 00:41:39,812 - SessionLogger - INFO - [sim_FSM_P1_M-BUO-001_a691b3] Teacher: 那如果我把这块实心铁块做成一个很薄的空心碗状，它的重量一点没变，还是那么“重”，你觉得它放进水里还会直接沉底吗？
2026-04-14 00:41:40,254 - SessionLogger - INFO - [sim_FSM_P3_M-ELE-002_eaeeb2] Student: 可是灯泡那里不是把电“用掉”了吗？既然被消耗光了，应该就不会堵着吧，后面的电不就能继续进去了吗？
Deserializing unregistered type router.SessionMemory from checkpoint. This will be blocked in a future version. Add to allowed_msgpack_modules to silence: [('router', 'SessionMemory')]
Deserializing unregistered type router.PerceptionResult from checkpoint. This will be blocked in a future version. Add to allowed_msgpack_modules to silence: [('router', 'PerceptionResult')]
Deserializing unregistered type router.RouteDecision from checkpoint. This will be blocked in a future version. Add to allowed_msgpack_modules to silence: [('router', 'RouteDecision')]
2026-04-14 00:41:40,906 - SessionLogger - INFO - [sim_FSM_P1_M-BUO-001_a691b3] Student: 变成碗状它就能装空气了，那就不算“实心”的重物了呀。只要还是实心的铁块，不管怎么弄，重的肯定还是沉。
Deserializing unregistered type router.SessionMemory from checkpoint. This will be blocked in a future version. Add to allowed_msgpack_modules to silence: [('router', 'SessionMemory')]
Deserializing unregistered type router.PerceptionResult from checkpoint. This will be blocked in a future version. Add to allowed_msgpack_modules to silence: [('router', 'PerceptionResult')]
Deserializing unregistered type router.RouteDecision from checkpoint. This will be blocked in a future version. Add to allowed_msgpack_modules to silence: [('router', 'RouteDecision')]
2026-04-14 00:41:43,651 - SessionLogger - INFO - [sim_FSM+Guardrail_P1_M-BUO-001_101109] Teacher: 这个直觉确实很顽固，因为我们在生活中拿在手里的铁块通常都比木块“压手”。

但如果我们取**同样大小**（比如都是1立方厘米）的一块铁和一块木头，这时候说“铁比木头重”才公平，对吧？

那么，如果我把这块1立方厘米的铁做成一个巨大的、中间空心的铁盒子，让它排开很多水，你觉得它受到的向上托的力会变多还是变少？
2026-04-14 00:41:44,843 - SessionLogger - INFO - [sim_FSM+Guardrail_P1_M-BUO-001_101109] Student: 老师，你别绕弯子了。不管它做成什么形状，只要它是铁做的，它就还是那个“重”的东西，重的东西肯定还是会沉下去的。
Deserializing unregistered type router.SessionMemory from checkpoint. This will be blocked in a future version. Add to allowed_msgpack_modules to silence: [('router', 'SessionMemory')]
Deserializing unregistered type router.PerceptionResult from checkpoint. This will be blocked in a future version. Add to allowed_msgpack_modules to silence: [('router', 'PerceptionResult')]
Deserializing unregistered type router.RouteDecision from checkpoint. This will be blocked in a future version. Add to allowed_msgpack_modules to silence: [('router', 'RouteDecision')]
2026-04-14 00:41:45,077 - SessionLogger - INFO - [sim_Baseline_P2_M-BUO-001_4cc76a] Teacher: 那咱们想想看，万吨巨轮那么重，为什么还能漂在海面上，而一颗小小的铁钉却会沉底呢？
2026-04-14 00:41:45,790 - SessionLogger - INFO - [sim_FSM_P3_M-ELE-002_eaeeb2] Teacher: 这里有个关键区别：灯泡“吃掉”的是电荷携带的能量，而不是电荷本身。

如果电荷真的被灯泡彻底消灭了，那电路后半段岂不是瞬间就空无一物、断开了？
2026-04-14 00:41:46,112 - SessionLogger - INFO - [sim_FSM_P1_M-BUO-001_a691b3] Teacher: 好，那我们就坚持用“实心”的物体。如果有一块实心的木头，它比那颗小铁珠重得多，把它放进水里，它是沉还是浮？
2026-04-14 00:41:46,322 - SessionLogger - INFO - [sim_Baseline_P2_M-BUO-001_4cc76a] Student: 可是巨轮虽然重，但它体积也大啊，这跟铁钉不一样吧？我还是觉得如果是实心的铁块，不管多大肯定都会沉的。
Deserializing unregistered type router.SessionMemory from checkpoint. This will be blocked in a future version. Add to allowed_msgpack_modules to silence: [('router', 'SessionMemory')]
Deserializing unregistered type router.PerceptionResult from checkpoint. This will be blocked in a future version. Add to allowed_msgpack_modules to silence: [('router', 'PerceptionResult')]
Deserializing unregistered type router.RouteDecision from checkpoint. This will be blocked in a future version. Add to allowed_msgpack_modules to silence: [('router', 'RouteDecision')]
2026-04-14 00:41:46,992 - SessionLogger - INFO - [sim_FSM_P3_M-ELE-002_eaeeb2] Student: 啊？电荷不会被消灭吗？那它到底是怎么让灯泡发光的……我还是觉得电送过去就被“用”完了呀。
2026-04-14 00:41:46,993 - SessionLogger - INFO - [sim_FSM_P3_M-ELE-002_eaeeb2] Session finished. Resolved: False
2026-04-14 00:41:46,993 - SessionLogger - INFO - [sim_FSM_P2_M-BUO-001_e9bbe5] Starting session
2026-04-14 00:41:46,993 - SessionLogger - INFO - Initialized Session sim_FSM_P2_M-BUO-001_e9bbe5 on Unknown for Unknown with version FSM+Guardrail
2026-04-14 00:41:47,858 - SessionLogger - INFO - [sim_FSM_P2_M-BUO-001_e9bbe5] Student Opening: 老师，我觉得判断物体沉浮很简单啊，重的东西肯定沉底，轻的东西才会浮在水面上，对吧？
2026-04-14 00:41:49,189 - SessionLogger - INFO - [sim_FSM_P1_M-BUO-001_a691b3] Student: 木头肯定浮啊，因为木头本来就轻。我说的是像铁、石头那种重的东西，重的实心物体一定会沉。
Deserializing unregistered type router.SessionMemory from checkpoint. This will be blocked in a future version. Add to allowed_msgpack_modules to silence: [('router', 'SessionMemory')]
Deserializing unregistered type router.PerceptionResult from checkpoint. This will be blocked in a future version. Add to allowed_msgpack_modules to silence: [('router', 'PerceptionResult')]
Deserializing unregistered type router.RouteDecision from checkpoint. This will be blocked in a future version. Add to allowed_msgpack_modules to silence: [('router', 'RouteDecision')]
2026-04-14 00:41:50,253 - SessionLogger - INFO - [sim_Baseline_P2_M-BUO-001_4cc76a] Teacher: 没错，实心铁块确实会沉。那如果把这块铁敲打成空心的碗状，它排开水的体积变大了还是变小了？
2026-04-14 00:41:51,171 - SessionLogger - INFO - [sim_FSM+Guardrail_P1_M-BUO-001_101109] Teacher: 我理解你的坚持，确实，铁这种材料给人的感觉就是“沉”。

但请想象一下：如果把这块铁敲打成一张极薄的铁皮，再把它折成一个小碗的形状轻轻放在水面上，你觉得它这时候还会像实心铁块那样直接穿破水面沉下去吗？
2026-04-14 00:41:51,728 - SessionLogger - INFO - [sim_Baseline_P2_M-BUO-001_4cc76a] Student: 变成空心的话，排开水的体积肯定变大了呀。但这跟它能不能浮起来有啥关系？它重量又没变轻啊。
Deserializing unregistered type router.SessionMemory from checkpoint. This will be blocked in a future version. Add to allowed_msgpack_modules to silence: [('router', 'SessionMemory')]
Deserializing unregistered type router.PerceptionResult from checkpoint. This will be blocked in a future version. Add to allowed_msgpack_modules to silence: [('router', 'PerceptionResult')]
Deserializing unregistered type router.RouteDecision from checkpoint. This will be blocked in a future version. Add to allowed_msgpack_modules to silence: [('router', 'RouteDecision')]
2026-04-14 00:41:52,160 - SessionLogger - INFO - [sim_FSM+Guardrail_P1_M-BUO-001_101109] Student: 那肯定还是会沉啊，老师。不管它多薄，它还是铁做的，重量没变，重的东西怎么可能浮在水面上呢？
Deserializing unregistered type router.SessionMemory from checkpoint. This will be blocked in a future version. Add to allowed_msgpack_modules to silence: [('router', 'SessionMemory')]
Deserializing unregistered type router.PerceptionResult from checkpoint. This will be blocked in a future version. Add to allowed_msgpack_modules to silence: [('router', 'PerceptionResult')]
Deserializing unregistered type router.RouteDecision from checkpoint. This will be blocked in a future version. Add to allowed_msgpack_modules to silence: [('router', 'RouteDecision')]
2026-04-14 00:41:55,128 - SessionLogger - INFO - [sim_FSM_P1_M-BUO-001_a691b3] Teacher: 如果“重”是下沉的唯一原因，那把一颗很轻的小铁钉和一块巨大的实心木头同时放入水中，为什么轻的铁钉沉了，而重的木头却浮着？
2026-04-14 00:41:55,690 - SessionLogger - INFO - [sim_Baseline_P2_M-BUO-001_4cc76a] Teacher: 重量确实没变，但水对它的“托力”（浮力）可是跟排开水的体积有关的。你想想，如果这个“托力”变得比铁碗的重力还大，会发生什么？
2026-04-14 00:41:56,140 - SessionLogger - INFO - [sim_FSM_P1_M-BUO-001_a691b3] Student: 那是因为木头材质特殊，跟铁不一样。我说的“重”是指那种密度大的东西，铁钉虽然小但它是铁的，肯定沉。
Deserializing unregistered type router.SessionMemory from checkpoint. This will be blocked in a future version. Add to allowed_msgpack_modules to silence: [('router', 'SessionMemory')]
Deserializing unregistered type router.PerceptionResult from checkpoint. This will be blocked in a future version. Add to allowed_msgpack_modules to silence: [('router', 'PerceptionResult')]
Deserializing unregistered type router.RouteDecision from checkpoint. This will be blocked in a future version. Add to allowed_msgpack_modules to silence: [('router', 'RouteDecision')]
2026-04-14 00:41:56,859 - SessionLogger - INFO - [sim_Baseline_P2_M-BUO-001_4cc76a] Student: 托力比重力大……那它应该就会被推上去浮起来？可是老师，这真的行吗？光靠形状改变就能让那么重的铁浮起来？
Deserializing unregistered type router.SessionMemory from checkpoint. This will be blocked in a future version. Add to allowed_msgpack_modules to silence: [('router', 'SessionMemory')]
Deserializing unregistered type router.PerceptionResult from checkpoint. This will be blocked in a future version. Add to allowed_msgpack_modules to silence: [('router', 'PerceptionResult')]
Deserializing unregistered type router.RouteDecision from checkpoint. This will be blocked in a future version. Add to allowed_msgpack_modules to silence: [('router', 'RouteDecision')]
2026-04-14 00:41:57,497 - SessionLogger - INFO - [sim_FSM_P2_M-BUO-001_e9bbe5] Teacher: 那按照这个说法，几万吨重的钢铁轮船应该瞬间沉底，而一枚小小的铁钉反而应该漂在水面上咯？
2026-04-14 00:41:58,082 - SessionLogger - INFO - [sim_FSM+Guardrail_P1_M-BUO-001_101109] Teacher: 这个直觉确实很难打破，因为我们习惯了“铁就是沉的”。

但请看这个事实：巨大的钢铁轮船重达几万吨，却能稳稳地浮在海面上。如果“只要是铁做的就会沉”是绝对真理，那这艘船为什么没有沉下去呢？
2026-04-14 00:41:58,820 - SessionLogger - INFO - [sim_FSM_P2_M-BUO-001_e9bbe5] Student: 呃……轮船虽然重，但它里面是空的呀，跟实心的铁钉不一样吧？
而且铁钉那么小那么轻，按理说应该更容易浮起来才对，可它确实沉了……这有点奇怪。
Deserializing unregistered type router.SessionMemory from checkpoint. This will be blocked in a future version. Add to allowed_msgpack_modules to silence: [('router', 'SessionMemory')]
Deserializing unregistered type router.PerceptionResult from checkpoint. This will be blocked in a future version. Add to allowed_msgpack_modules to silence: [('router', 'PerceptionResult')]
Deserializing unregistered type router.RouteDecision from checkpoint. This will be blocked in a future version. Add to allowed_msgpack_modules to silence: [('router', 'RouteDecision')]
2026-04-14 00:41:59,345 - SessionLogger - INFO - [sim_FSM+Guardrail_P1_M-BUO-001_101109] Student: 那是因为它里面装了发动机或者别的轻的东西抵消了重量吧？反正铁本身是重的，不可能光靠形状就浮起来。
Deserializing unregistered type router.SessionMemory from checkpoint. This will be blocked in a future version. Add to allowed_msgpack_modules to silence: [('router', 'SessionMemory')]
Deserializing unregistered type router.PerceptionResult from checkpoint. This will be blocked in a future version. Add to allowed_msgpack_modules to silence: [('router', 'PerceptionResult')]
Deserializing unregistered type router.RouteDecision from checkpoint. This will be blocked in a future version. Add to allowed_msgpack_modules to silence: [('router', 'RouteDecision')]
2026-04-14 00:42:00,104 - SessionLogger - INFO - [sim_Baseline_P2_M-BUO-001_4cc76a] Teacher: 你可以回家拿块橡皮泥试试，捏成团扔水里是沉是浮？再把它捏成小船形状呢？
2026-04-14 00:42:01,220 - SessionLogger - INFO - [sim_Baseline_P2_M-BUO-001_4cc76a] Student: 啊？橡皮泥捏成船就能浮？这也太神奇了吧……那我回家一定要试试，要是真浮起来我就信你。
Deserializing unregistered type router.SessionMemory from checkpoint. This will be blocked in a future version. Add to allowed_msgpack_modules to silence: [('router', 'SessionMemory')]
Deserializing unregistered type router.PerceptionResult from checkpoint. This will be blocked in a future version. Add to allowed_msgpack_modules to silence: [('router', 'PerceptionResult')]
Deserializing unregistered type router.RouteDecision from checkpoint. This will be blocked in a future version. Add to allowed_msgpack_modules to silence: [('router', 'RouteDecision')]
2026-04-14 00:42:01,243 - SessionLogger - INFO - [sim_FSM+Guardrail_P3_M-ELE-002_721a28] Teacher: 电荷确实非常小，但导线里的空间也是极其有限的。

如果新电荷不断涌入却无处可去，就像往一个已经塞满人的房间里硬挤，你觉得后面的电荷还推得动前面的吗？
2026-04-14 00:42:02,260 - SessionLogger - INFO - [sim_FSM_P1_M-BUO-001_a691b3] Teacher: 既然你提到了“密度大”，那咱们就顺着这个思路想：如果有一艘巨大的实心钢船，它的总重量比那颗小铁钉重亿万倍，为什么它能浮在水面上，而小铁钉却沉下去了？
2026-04-14 00:42:02,521 - SessionLogger - INFO - [sim_FSM+Guardrail_P3_M-ELE-002_721a28] Student: 推不动……所以是因为后面堵住了，前面的才走不了吗？那灯泡为什么不亮呢，它不是只要碰到电就会亮吗？
Deserializing unregistered type router.SessionMemory from checkpoint. This will be blocked in a future version. Add to allowed_msgpack_modules to silence: [('router', 'SessionMemory')]
Deserializing unregistered type router.PerceptionResult from checkpoint. This will be blocked in a future version. Add to allowed_msgpack_modules to silence: [('router', 'PerceptionResult')]
Deserializing unregistered type router.RouteDecision from checkpoint. This will be blocked in a future version. Add to allowed_msgpack_modules to silence: [('router', 'RouteDecision')]
2026-04-14 00:42:03,566 - SessionLogger - INFO - [sim_FSM_P1_M-BUO-001_a691b3] Student: 船能浮是因为它是空心的，里面有很多空气，那就不算“实心”的重物了。只要还是实心的钢铁，不管多大，重的肯定还是沉。
Deserializing unregistered type router.SessionMemory from checkpoint. This will be blocked in a future version. Add to allowed_msgpack_modules to silence: [('router', 'SessionMemory')]
Deserializing unregistered type router.PerceptionResult from checkpoint. This will be blocked in a future version. Add to allowed_msgpack_modules to silence: [('router', 'PerceptionResult')]
Deserializing unregistered type router.RouteDecision from checkpoint. This will be blocked in a future version. Add to allowed_msgpack_modules to silence: [('router', 'RouteDecision')]
2026-04-14 00:42:04,760 - SessionLogger - INFO - [sim_Baseline_P2_M-BUO-001_4cc76a] Teacher: 哈哈，实践出真知嘛！等你试完回来，咱们再聊聊为什么同样的重量，形状一变，水对它的“态度”就完全不同了。
2026-04-14 00:42:05,229 - SessionLogger - INFO - [sim_FSM+Guardrail_P1_M-BUO-001_101109] Teacher: 哪怕把发动机和货物都卸掉，空船依然能浮在水面上。

如果“铁必沉”是绝对真理，那这艘几万吨重的空铁船，为什么没有被地球引力直接拉进海底呢？
2026-04-14 00:42:05,752 - SessionLogger - INFO - [sim_Baseline_P2_M-BUO-001_4cc76a] Student: 行吧，那我先去试试。不过老师，要是它真浮起来了，是不是说明我之前想的“重的必沉”其实不对啊？
Deserializing unregistered type router.SessionMemory from checkpoint. This will be blocked in a future version. Add to allowed_msgpack_modules to silence: [('router', 'SessionMemory')]
Deserializing unregistered type router.PerceptionResult from checkpoint. This will be blocked in a future version. Add to allowed_msgpack_modules to silence: [('router', 'PerceptionResult')]
Deserializing unregistered type router.RouteDecision from checkpoint. This will be blocked in a future version. Add to allowed_msgpack_modules to silence: [('router', 'RouteDecision')]
2026-04-14 00:42:05,910 - SessionLogger - INFO - [sim_FSM_P2_M-BUO-001_e9bbe5] Teacher: 确实，这很反直觉，因为“轻”和“重”这两个词在日常生活中太常用了，反而容易掩盖物理本质。

既然你提到了轮船是“空”的，那如果我们把轮船里的空气全部抽走，把它压成一个和铁钉一样大小的实心铁块，你觉得它还会浮着吗？
2026-04-14 00:42:06,338 - SessionLogger - INFO - [sim_FSM+Guardrail_P1_M-BUO-001_101109] Student: 老师，你光说空船浮着有什么用？它那么重是事实啊。我觉得肯定有什么我没看见的东西在下面托着它，不然重的东西怎么可能不沉？
Deserializing unregistered type router.SessionMemory from checkpoint. This will be blocked in a future version. Add to allowed_msgpack_modules to silence: [('router', 'SessionMemory')]
Deserializing unregistered type router.PerceptionResult from checkpoint. This will be blocked in a future version. Add to allowed_msgpack_modules to silence: [('router', 'PerceptionResult')]
Deserializing unregistered type router.RouteDecision from checkpoint. This will be blocked in a future version. Add to allowed_msgpack_modules to silence: [('router', 'RouteDecision')]
2026-04-14 00:42:07,195 - SessionLogger - INFO - [sim_FSM_P2_M-BUO-001_e9bbe5] Student: 那肯定沉啊，变成实心铁块那么重，水哪托得住。
可是老师，刚才那个小铁钉也很轻啊，它怎么也沉了？这说明光看总重量好像真的不太对……
Deserializing unregistered type router.SessionMemory from checkpoint. This will be blocked in a future version. Add to allowed_msgpack_modules to silence: [('router', 'SessionMemory')]
Deserializing unregistered type router.PerceptionResult from checkpoint. This will be blocked in a future version. Add to allowed_msgpack_modules to silence: [('router', 'PerceptionResult')]
Deserializing unregistered type router.RouteDecision from checkpoint. This will be blocked in a future version. Add to allowed_msgpack_modules to silence: [('router', 'RouteDecision')]
2026-04-14 00:42:07,787 - SessionLogger - INFO - [sim_FSM+Guardrail_P3_M-ELE-002_721a28] Teacher: 灯泡发光需要电荷持续“流过”灯丝产生热量，而不是仅仅“碰到”它。

如果电荷因为后面堵住而完全静止不动，你觉得灯丝还能持续发热发光吗？
2026-04-14 00:42:08,913 - SessionLogger - INFO - [sim_FSM+Guardrail_P3_M-ELE-002_721a28] Student: 不动就不发热……可是，电池不是有劲儿吗？它不能一直使劲儿把电荷往灯泡里塞，让灯泡热起来吗？
Deserializing unregistered type router.SessionMemory from checkpoint. This will be blocked in a future version. Add to allowed_msgpack_modules to silence: [('router', 'SessionMemory')]
Deserializing unregistered type router.PerceptionResult from checkpoint. This will be blocked in a future version. Add to allowed_msgpack_modules to silence: [('router', 'PerceptionResult')]
Deserializing unregistered type router.RouteDecision from checkpoint. This will be blocked in a future version. Add to allowed_msgpack_modules to silence: [('router', 'RouteDecision')]
2026-04-14 00:42:09,359 - SessionLogger - INFO - [sim_Baseline_P2_M-BUO-001_4cc76a] Teacher: 没错，看来你抓到关键了！既然重量没变却能浮起来，你觉得除了“重不重”，还有哪个因素在决定物体的沉浮呢？
2026-04-14 00:42:10,358 - SessionLogger - INFO - [sim_Baseline_P2_M-BUO-001_4cc76a] Student: 嗯……既然重量没变，那是不是跟它占的地方大小有关？难道是因为变成船形后，排开的水变多了？
Deserializing unregistered type router.SessionMemory from checkpoint. This will be blocked in a future version. Add to allowed_msgpack_modules to silence: [('router', 'SessionMemory')]
Deserializing unregistered type router.PerceptionResult from checkpoint. This will be blocked in a future version. Add to allowed_msgpack_modules to silence: [('router', 'PerceptionResult')]
Deserializing unregistered type router.RouteDecision from checkpoint. This will be blocked in a future version. Add to allowed_msgpack_modules to silence: [('router', 'RouteDecision')]
2026-04-14 00:42:12,351 - SessionLogger - INFO - [sim_FSM+Guardrail_P1_M-BUO-001_101109] Teacher: 你说得非常对，确实有一股看不见的力在向上“托”着它，这就是浮力。

既然这股向上的托力能托住几万吨的钢铁巨轮，你觉得为什么它却托不住一颗小小的实心铁钉呢？
2026-04-14 00:42:12,494 - SessionLogger - INFO - [sim_FSM_P2_M-BUO-001_e9bbe5] Teacher: 没错，看来“总重量”确实不是唯一的裁判。

既然小铁钉很轻却沉了，而巨大的轮船很重却浮着，你觉得除了看物体有多重，我们是不是还得看看它在水里“占”了多大的地方？
2026-04-14 00:42:13,523 - SessionLogger - INFO - [sim_FSM+Guardrail_P1_M-BUO-001_101109] Student: 因为轮船大啊，托力肯定也大。铁钉那么小，那点托力根本不够看，重的东西就是会沉，这有什么好比的？
Deserializing unregistered type router.SessionMemory from checkpoint. This will be blocked in a future version. Add to allowed_msgpack_modules to silence: [('router', 'SessionMemory')]
Deserializing unregistered type router.PerceptionResult from checkpoint. This will be blocked in a future version. Add to allowed_msgpack_modules to silence: [('router', 'PerceptionResult')]
Deserializing unregistered type router.RouteDecision from checkpoint. This will be blocked in a future version. Add to allowed_msgpack_modules to silence: [('router', 'RouteDecision')]
2026-04-14 00:42:14,436 - SessionLogger - INFO - [sim_FSM+Guardrail_P3_M-ELE-002_721a28] Teacher: 电池确实有推力，但如果电荷真的像你说的那样只进不出，导线里瞬间就会堆积起巨大的排斥力。

你觉得这种“死胡同”式的硬塞，能维持住让灯丝持续发光的稳定电流吗？
2026-04-14 00:42:15,809 - SessionLogger - INFO - [sim_FSM_P2_M-BUO-001_e9bbe5] Student: 你是说看它排开多少水吗？
可是轮船那么大，排开的水肯定多，但这跟它浮起来有啥直接关系呀？我还是觉得是因为它轻……不对，它明明很重。
Deserializing unregistered type router.SessionMemory from checkpoint. This will be blocked in a future version. Add to allowed_msgpack_modules to silence: [('router', 'SessionMemory')]
Deserializing unregistered type router.PerceptionResult from checkpoint. This will be blocked in a future version. Add to allowed_msgpack_modules to silence: [('router', 'PerceptionResult')]
Deserializing unregistered type router.RouteDecision from checkpoint. This will be blocked in a future version. Add to allowed_msgpack_modules to silence: [('router', 'RouteDecision')]
2026-04-14 00:42:16,190 - SessionLogger - INFO - [sim_FSM+Guardrail_P3_M-ELE-002_721a28] Student: 排斥力？那是啥意思……反正电池一直在推啊。我就想知道，为什么非要绕一圈回来？直接通过去不行吗？
Deserializing unregistered type router.SessionMemory from checkpoint. This will be blocked in a future version. Add to allowed_msgpack_modules to silence: [('router', 'SessionMemory')]
Deserializing unregistered type router.PerceptionResult from checkpoint. This will be blocked in a future version. Add to allowed_msgpack_modules to silence: [('router', 'PerceptionResult')]
Deserializing unregistered type router.RouteDecision from checkpoint. This will be blocked in a future version. Add to allowed_msgpack_modules to silence: [('router', 'RouteDecision')]
2026-04-14 00:42:17,831 - SessionLogger - INFO - [sim_Baseline_P1_M-BUO-001_825d30] Teacher: 咱们来做个思想实验：如果我把这个铁碗慢慢按进水里，直到水完全淹没它（包括里面的空气），这时候它的总重量变了吗？
2026-04-14 00:42:18,815 - SessionLogger - INFO - [sim_Baseline_P1_M-BUO-001_825d30] Student: 重量肯定没变啊，铁还是那些铁，空气也还在里面。既然重量没变，那它应该还是会沉下去吧？
Deserializing unregistered type router.SessionMemory from checkpoint. This will be blocked in a future version. Add to allowed_msgpack_modules to silence: [('router', 'SessionMemory')]
Deserializing unregistered type router.PerceptionResult from checkpoint. This will be blocked in a future version. Add to allowed_msgpack_modules to silence: [('router', 'PerceptionResult')]
Deserializing unregistered type router.RouteDecision from checkpoint. This will be blocked in a future version. Add to allowed_msgpack_modules to silence: [('router', 'RouteDecision')]
2026-04-14 00:42:21,564 - SessionLogger - INFO - [sim_FSM_P2_M-BUO-001_e9bbe5] Teacher: 我们可以把水想象成无数只向上托的小手。

你觉得是那一丁点排开的水产生的“托力”大，还是轮船排开的那一大片水产生的“托力”大？
2026-04-14 00:42:22,159 - SessionLogger - INFO - [sim_FSM+Guardrail_P3_M-ELE-002_721a28] Teacher: 这就好比水泵抽水，如果水管只连进水口不连出水口，水根本流不起来。

你觉得如果没有回路让电荷“回来”，电池里的推力还能持续推动新的电荷前进吗？
2026-04-14 00:42:22,720 - SessionLogger - INFO - [sim_Baseline_P1_M-BUO-001_825d30] Teacher: 既然重量没变，那为什么刚才它浮着，现在你把它按下去（排开的水更多了）它反而想往上顶呢？你觉得水给的“托力”跟什么有关？
2026-04-14 00:42:22,732 - SessionLogger - INFO - [sim_FSM_P2_M-BUO-001_e9bbe5] Student: 那肯定是轮船排开那么多水产生的托力大呗，毕竟“小手”多嘛。
所以……是不是只要排开的水够多，就算东西很重也能被托住？
Deserializing unregistered type router.SessionMemory from checkpoint. This will be blocked in a future version. Add to allowed_msgpack_modules to silence: [('router', 'SessionMemory')]
Deserializing unregistered type router.PerceptionResult from checkpoint. This will be blocked in a future version. Add to allowed_msgpack_modules to silence: [('router', 'PerceptionResult')]
Deserializing unregistered type router.RouteDecision from checkpoint. This will be blocked in a future version. Add to allowed_msgpack_modules to silence: [('router', 'RouteDecision')]
2026-04-14 00:42:26,213 - SessionLogger - INFO - [sim_Baseline_P1_M-BUO-001_825d30] Student: 那肯定是水想把它挤出来呗，但这跟重量没关系啊。反正只要东西够重，水肯定托不住，最后还是会沉底的。
Deserializing unregistered type router.SessionMemory from checkpoint. This will be blocked in a future version. Add to allowed_msgpack_modules to silence: [('router', 'SessionMemory')]
Deserializing unregistered type router.PerceptionResult from checkpoint. This will be blocked in a future version. Add to allowed_msgpack_modules to silence: [('router', 'PerceptionResult')]
Deserializing unregistered type router.RouteDecision from checkpoint. This will be blocked in a future version. Add to allowed_msgpack_modules to silence: [('router', 'RouteDecision')]
2026-04-14 00:42:26,895 - SessionLogger - INFO - [sim_FSM+Guardrail_P3_M-ELE-002_721a28] Student: 可是电池里的电不是用一点少一点吗？它不需要回来啊，只要把剩下的电送过去不就行了……我还是没懂，为什么非要回来？
2026-04-14 00:42:26,896 - SessionLogger - INFO - [sim_FSM+Guardrail_P3_M-ELE-002_721a28] Session finished. Resolved: False
2026-04-14 00:42:26,896 - SessionLogger - INFO - [sim_FSM+Guardrail_P2_M-BUO-001_130119] Starting session
2026-04-14 00:42:26,896 - SessionLogger - INFO - Initialized Session sim_FSM+Guardrail_P2_M-BUO-001_130119 on Unknown for Unknown with version FSM+Guardrail
2026-04-14 00:42:27,826 - SessionLogger - INFO - [sim_FSM+Guardrail_P2_M-BUO-001_130119] Student Opening: 老师，我觉得铁块肯定会沉下去，毕竟它那么重，而木头能浮起来肯定是因为它轻嘛。
2026-04-14 00:42:29,045 - SessionLogger - INFO - [sim_FSM_P2_M-BUO-001_e9bbe5] Teacher: 这个思路很接近了。

那如果水的“托力”真的大到能抵消物体的重力，你觉得这时候物体会继续往下沉，还是停在水面上？
2026-04-14 00:42:30,189 - SessionLogger - INFO - [sim_Baseline_P1_M-BUO-001_825d30] Teacher: 没错，水确实有个“托力上限”。你觉得这个上限，是取决于物体有多重，还是取决于它挤走了多少水？
2026-04-14 00:42:30,478 - SessionLogger - INFO - [sim_FSM_P2_M-BUO-001_e9bbe5] Student: 如果托力真的能抵消重力，那应该就不沉了，会停在那儿或者浮起来吧。
所以我之前的想法错了？不是看东西绝对有多重，而是看这个“托力”够不够大？
Deserializing unregistered type router.SessionMemory from checkpoint. This will be blocked in a future version. Add to allowed_msgpack_modules to silence: [('router', 'SessionMemory')]
Deserializing unregistered type router.PerceptionResult from checkpoint. This will be blocked in a future version. Add to allowed_msgpack_modules to silence: [('router', 'PerceptionResult')]
Deserializing unregistered type router.RouteDecision from checkpoint. This will be blocked in a future version. Add to allowed_msgpack_modules to silence: [('router', 'RouteDecision')]
2026-04-14 00:42:31,357 - SessionLogger - INFO - [sim_Baseline_P1_M-BUO-001_825d30] Student: 我觉得还是看物体有多重吧。如果东西特别轻，像羽毛一样，那肯定浮着；要是特别重，像石头一样，挤走再多水也得沉啊。
Deserializing unregistered type router.SessionMemory from checkpoint. This will be blocked in a future version. Add to allowed_msgpack_modules to silence: [('router', 'SessionMemory')]
Deserializing unregistered type router.PerceptionResult from checkpoint. This will be blocked in a future version. Add to allowed_msgpack_modules to silence: [('router', 'PerceptionResult')]
Deserializing unregistered type router.RouteDecision from checkpoint. This will be blocked in a future version. Add to allowed_msgpack_modules to silence: [('router', 'RouteDecision')]
2026-04-14 00:42:31,579 - SessionLogger - INFO - [sim_FSM_P1_M-BUO-001_a691b3] Teacher: 那如果我把这块实心大钢铁切成两半，每一半都比原来轻了，它们是会浮起来，还是继续沉下去？
2026-04-14 00:42:32,885 - SessionLogger - INFO - [sim_FSM_P1_M-BUO-001_a691b3] Student: 肯定还是沉啊，切开了它还是铁做的，本质没变。只要它是实心的铁，不管多重多轻，扔水里都得沉底。
Deserializing unregistered type router.SessionMemory from checkpoint. This will be blocked in a future version. Add to allowed_msgpack_modules to silence: [('router', 'SessionMemory')]
Deserializing unregistered type router.PerceptionResult from checkpoint. This will be blocked in a future version. Add to allowed_msgpack_modules to silence: [('router', 'PerceptionResult')]
Deserializing unregistered type router.RouteDecision from checkpoint. This will be blocked in a future version. Add to allowed_msgpack_modules to silence: [('router', 'RouteDecision')]
2026-04-14 00:42:37,486 - SessionLogger - INFO - [sim_FSM_P2_M-BUO-001_e9bbe5] Teacher: 没错，这就是关键：看谁“赢”了这场拔河比赛。

那你想想，对于同样大小的铁块和木块，为什么水给它们的“托力”差不多，铁块却输了（下沉），而木块赢了（上浮）呢？
2026-04-14 00:42:37,585 - SessionLogger - INFO - [sim_Baseline_P1_M-BUO-001_825d30] Teacher: 那咱们拿一块小铁钉和一艘万吨巨轮比比：铁钉很轻却沉了，巨轮极重却浮着。如果只看“绝对重量”，这俩现象是不是完全矛盾了？
2026-04-14 00:42:38,733 - SessionLogger - INFO - [sim_FSM_P2_M-BUO-001_e9bbe5] Student: 既然托力差不多，那肯定是因为铁块自己太重了，把水给“压”下去了呗。
所以……虽然托力一样，但铁块的重力更大，所以它就沉了？
Deserializing unregistered type router.SessionMemory from checkpoint. This will be blocked in a future version. Add to allowed_msgpack_modules to silence: [('router', 'SessionMemory')]
Deserializing unregistered type router.PerceptionResult from checkpoint. This will be blocked in a future version. Add to allowed_msgpack_modules to silence: [('router', 'PerceptionResult')]
Deserializing unregistered type router.RouteDecision from checkpoint. This will be blocked in a future version. Add to allowed_msgpack_modules to silence: [('router', 'RouteDecision')]
2026-04-14 00:42:41,585 - SessionLogger - INFO - [sim_Baseline_P1_M-BUO-001_825d30] Student: 那巨轮肯定是空心的啊，里面全是空气，加起来其实没那么重。铁钉是实心的，密度大，所以肯定沉，这跟是不是空心有关系，不能光看外表大小。
2026-04-14 00:42:41,586 - SessionLogger - INFO - [sim_Baseline_P1_M-BUO-001_825d30] Session finished. Resolved: False
2026-04-14 00:42:41,586 - SessionLogger - INFO - [sim_Baseline_P3_M-BUO-001_e9d9fa] Starting session
2026-04-14 00:42:41,586 - SessionLogger - INFO - Initialized Session sim_Baseline_P3_M-BUO-001_e9d9fa on Unknown for Unknown with version FSM+Guardrail
2026-04-14 00:42:43,029 - SessionLogger - INFO - [sim_Baseline_P3_M-BUO-001_e9d9fa] Student Opening: 老师，我不明白，既然铁块那么重，它肯定会沉下去，那为什么巨大的钢铁轮船那么重，却能浮在水面上呢？
2026-04-14 00:42:43,053 - SessionLogger - INFO - [sim_FSM+Guardrail_P2_M-BUO-001_130119] Teacher: 那如果有一根巨大的原木，它比一枚小小的铁钉重得多，照你的逻辑，这根原木是不是应该因为“太重”而沉到水底去呢？
</think>

那如果有一根巨大的原木，它比一枚小小的铁钉重得多，照你的逻辑，这根原木是不是应该因为“太重”而沉到水底去呢？
2026-04-14 00:42:43,066 - SessionLogger - INFO - [sim_FSM_P1_M-BUO-001_a691b3] Teacher: 你说得对，实心铁块确实怎么切都会沉。那咱们换个角度：如果我把这块铁敲打成一张很薄很薄的铁皮碗，形状变了但重量和材料都没变，你觉得它还会像刚才那样直接沉底吗？
2026-04-14 00:42:44,120 - SessionLogger - INFO - [sim_FSM+Guardrail_P2_M-BUO-001_130119] Student: 呃……可是木头就是能浮在水面上啊，不管它多大。那可能……是因为木头这种材料本身比较“轻”？
Deserializing unregistered type router.SessionMemory from checkpoint. This will be blocked in a future version. Add to allowed_msgpack_modules to silence: [('router', 'SessionMemory')]
Deserializing unregistered type router.PerceptionResult from checkpoint. This will be blocked in a future version. Add to allowed_msgpack_modules to silence: [('router', 'PerceptionResult')]
Deserializing unregistered type router.RouteDecision from checkpoint. This will be blocked in a future version. Add to allowed_msgpack_modules to silence: [('router', 'RouteDecision')]
2026-04-14 00:42:44,634 - SessionLogger - INFO - [sim_FSM_P1_M-BUO-001_a691b3] Student: 那肯定还是沉，形状变了又怎么样，它还是那么重。只要是铁做的，不管做成什么样子，重的东西在水里就是站不住脚。
Deserializing unregistered type router.SessionMemory from checkpoint. This will be blocked in a future version. Add to allowed_msgpack_modules to silence: [('router', 'SessionMemory')]
Deserializing unregistered type router.PerceptionResult from checkpoint. This will be blocked in a future version. Add to allowed_msgpack_modules to silence: [('router', 'PerceptionResult')]
Deserializing unregistered type router.RouteDecision from checkpoint. This will be blocked in a future version. Add to allowed_msgpack_modules to silence: [('router', 'RouteDecision')]
2026-04-14 00:42:47,863 - SessionLogger - INFO - [sim_Baseline_P2_M-BUO-001_4cc76a] Teacher: 太棒了，你已经摸到阿基米德原理的边了！既然排开的水变多了，你觉得水给它的向上托的力（浮力）会怎么变化？
2026-04-14 00:42:48,593 - SessionLogger - INFO - [sim_Baseline_P3_M-BUO-001_e9d9fa] Teacher: 你说得对，实心的铁块确实会沉。那你想想，如果把这块铁做成一个空心的碗状，它占用的空间变大了还是变小了？
2026-04-14 00:42:48,977 - SessionLogger - INFO - [sim_Baseline_P2_M-BUO-001_4cc76a] Student: 排开的水多了，那向上的力应该也变大了吧？所以只要这个力大到能托住橡皮泥，它就能浮起来，跟它本身重不重没关系？
Deserializing unregistered type router.SessionMemory from checkpoint. This will be blocked in a future version. Add to allowed_msgpack_modules to silence: [('router', 'SessionMemory')]
Deserializing unregistered type router.PerceptionResult from checkpoint. This will be blocked in a future version. Add to allowed_msgpack_modules to silence: [('router', 'PerceptionResult')]
Deserializing unregistered type router.RouteDecision from checkpoint. This will be blocked in a future version. Add to allowed_msgpack_modules to silence: [('router', 'RouteDecision')]
2026-04-14 00:42:49,577 - SessionLogger - INFO - [sim_Baseline_P3_M-BUO-001_e9d9fa] Student: 空间是变大了……但这跟沉浮有关系吗？它还是那块铁呀，重量又没变轻，重的东西不应该还是沉下去吗？
Deserializing unregistered type router.SessionMemory from checkpoint. This will be blocked in a future version. Add to allowed_msgpack_modules to silence: [('router', 'SessionMemory')]
Deserializing unregistered type router.PerceptionResult from checkpoint. This will be blocked in a future version. Add to allowed_msgpack_modules to silence: [('router', 'PerceptionResult')]
Deserializing unregistered type router.RouteDecision from checkpoint. This will be blocked in a future version. Add to allowed_msgpack_modules to silence: [('router', 'RouteDecision')]
2026-04-14 00:42:49,790 - SessionLogger - INFO - [sim_FSM_P1_M-BUO-001_a691b3] Teacher: 如果“重就一定沉”是绝对真理，那万吨巨轮比铁钉重亿万倍，岂不是应该像石头一样瞬间砸穿海底？
2026-04-14 00:42:50,394 - SessionLogger - INFO - [sim_FSM+Guardrail_P2_M-BUO-001_130119] Teacher: 这种“材料本身的轻重”确实很关键，但如果我们把同样大小的一块实心铁和一块实心木头放进水里，你觉得它们谁排开的水更多，或者说，谁在单位体积里塞进了更多的物质？
2026-04-14 00:42:51,016 - SessionLogger - INFO - [sim_FSM_P1_M-BUO-001_a691b3] Student: 巨轮那是特例，因为它里面是空的，跟实心铁块不一样。我说的是实心的重物，实心的肯定沉，你别拿空心的来抬杠。
Deserializing unregistered type router.SessionMemory from checkpoint. This will be blocked in a future version. Add to allowed_msgpack_modules to silence: [('router', 'SessionMemory')]
Deserializing unregistered type router.PerceptionResult from checkpoint. This will be blocked in a future version. Add to allowed_msgpack_modules to silence: [('router', 'PerceptionResult')]
Deserializing unregistered type router.RouteDecision from checkpoint. This will be blocked in a future version. Add to allowed_msgpack_modules to silence: [('router', 'RouteDecision')]
2026-04-14 00:42:51,485 - SessionLogger - INFO - [sim_FSM+Guardrail_P2_M-BUO-001_130119] Student: 铁肯定更重啊，感觉它里面塞的东西更多、更紧实。但这跟它会不会沉下去有啥直接关系吗？我还是觉得主要是因为铁太重了。
Deserializing unregistered type router.SessionMemory from checkpoint. This will be blocked in a future version. Add to allowed_msgpack_modules to silence: [('router', 'SessionMemory')]
Deserializing unregistered type router.PerceptionResult from checkpoint. This will be blocked in a future version. Add to allowed_msgpack_modules to silence: [('router', 'PerceptionResult')]
Deserializing unregistered type router.RouteDecision from checkpoint. This will be blocked in a future version. Add to allowed_msgpack_modules to silence: [('router', 'RouteDecision')]
2026-04-14 00:42:52,976 - SessionLogger - INFO - [sim_FSM+Guardrail_P1_M-BUO-001_101109] Teacher: 没错，船大，水给它的向上托力确实巨大。

但请想一想：如果我把那艘巨大的钢铁轮船揉成一个实心的铁球，它的重量一点没变，你觉得这个铁球还能浮在水面上吗？
2026-04-14 00:42:53,553 - SessionLogger - INFO - [sim_Baseline_P2_M-BUO-001_4cc76a] Teacher: 浮力确实变大了，但说“跟重量没关系”可能有点绝对哦。你想想，如果这块橡皮泥变得像铁块一样重，还是这个船形，它还能浮得住吗？
2026-04-14 00:42:54,357 - SessionLogger - INFO - [sim_FSM+Guardrail_P1_M-BUO-001_101109] Student: 那肯定沉啊，都揉成实心球了，那就是纯铁块。重的东西就是会沉，跟它之前是不是船没关系。
Deserializing unregistered type router.SessionMemory from checkpoint. This will be blocked in a future version. Add to allowed_msgpack_modules to silence: [('router', 'SessionMemory')]
Deserializing unregistered type router.PerceptionResult from checkpoint. This will be blocked in a future version. Add to allowed_msgpack_modules to silence: [('router', 'PerceptionResult')]
Deserializing unregistered type router.RouteDecision from checkpoint. This will be blocked in a future version. Add to allowed_msgpack_modules to silence: [('router', 'RouteDecision')]
2026-04-14 00:42:54,635 - SessionLogger - INFO - [sim_Baseline_P2_M-BUO-001_4cc76a] Student: 呃……如果变得特别重，那肯定就沉下去了吧？所以还是得看重量？那我刚才说的“没关系”是不是不对啊？
Deserializing unregistered type router.SessionMemory from checkpoint. This will be blocked in a future version. Add to allowed_msgpack_modules to silence: [('router', 'SessionMemory')]
Deserializing unregistered type router.PerceptionResult from checkpoint. This will be blocked in a future version. Add to allowed_msgpack_modules to silence: [('router', 'PerceptionResult')]
Deserializing unregistered type router.RouteDecision from checkpoint. This will be blocked in a future version. Add to allowed_msgpack_modules to silence: [('router', 'RouteDecision')]
2026-04-14 00:42:54,744 - SessionLogger - INFO - [sim_Baseline_P3_M-BUO-001_e9d9fa] Teacher: 重量确实没变，但你想过没有，当它变成空心时，它把更多的水“挤”到旁边去了吗？
2026-04-14 00:42:56,459 - SessionLogger - INFO - [sim_FSM_P1_M-BUO-001_a691b3] Teacher: 好，那咱们就只看实心的。如果有一块实心木头比一颗实心小铁珠重得多，为什么木头能浮在水面，而那颗轻得多的铁珠却沉下去了？
2026-04-14 00:42:57,007 - SessionLogger - INFO - [sim_Baseline_P3_M-BUO-001_e9d9fa] Student: 挤到旁边去……是什么意思啊？水被挤开难道不是因为它占地方吗？可它那么重，水被挤开了它也还是会沉底吧？
Deserializing unregistered type router.SessionMemory from checkpoint. This will be blocked in a future version. Add to allowed_msgpack_modules to silence: [('router', 'SessionMemory')]
Deserializing unregistered type router.PerceptionResult from checkpoint. This will be blocked in a future version. Add to allowed_msgpack_modules to silence: [('router', 'PerceptionResult')]
Deserializing unregistered type router.RouteDecision from checkpoint. This will be blocked in a future version. Add to allowed_msgpack_modules to silence: [('router', 'RouteDecision')]
2026-04-14 00:42:57,316 - SessionLogger - INFO - [sim_FSM+Guardrail_P2_M-BUO-001_130119] Teacher: 这种“紧实”的感觉其实抓住了重点，也就是我们常说的密度。

既然你觉得铁更“紧实”，那如果我们取**同样大小**的一块铁和一块木头，你觉得水对它们的“向上托力”（浮力）会是差不多的，还是差别很大？
2026-04-14 00:42:57,525 - SessionLogger - INFO - [sim_FSM_P1_M-BUO-001_a691b3] Student: 木头能浮是因为它轻啊，你那个铁珠虽然小但它是金属，密度大所以重。反正重的东西就是容易沉，这是常识。
2026-04-14 00:42:57,526 - SessionLogger - INFO - [sim_FSM_P1_M-BUO-001_a691b3] Session finished. Resolved: False
2026-04-14 00:42:57,526 - SessionLogger - INFO - [sim_FSM_P3_M-BUO-001_46a465] Starting session
2026-04-14 00:42:57,526 - SessionLogger - INFO - Initialized Session sim_FSM_P3_M-BUO-001_46a465 on Unknown for Unknown with version FSM+Guardrail
2026-04-14 00:42:58,717 - SessionLogger - INFO - [sim_FSM_P3_M-BUO-001_46a465] Student Opening: 老师，我不明白，为什么那个大铁块一下子就沉底了，是不是因为重的东西就一定会往下沉呀？
2026-04-14 00:42:58,729 - SessionLogger - INFO - [sim_FSM+Guardrail_P2_M-BUO-001_130119] Student: 既然大小一样，那排开的水应该也一样多吧，所以浮力可能差不多？
但这也不能解释为什么铁就沉了呀，难道不是因为铁本身太重，把那个浮力给压下去了吗？
Deserializing unregistered type router.SessionMemory from checkpoint. This will be blocked in a future version. Add to allowed_msgpack_modules to silence: [('router', 'SessionMemory')]
Deserializing unregistered type router.PerceptionResult from checkpoint. This will be blocked in a future version. Add to allowed_msgpack_modules to silence: [('router', 'PerceptionResult')]
Deserializing unregistered type router.RouteDecision from checkpoint. This will be blocked in a future version. Add to allowed_msgpack_modules to silence: [('router', 'RouteDecision')]
2026-04-14 00:42:58,748 - SessionLogger - INFO - [sim_Baseline_P2_M-BUO-001_4cc76a] Teacher: 哈哈，别急着否定自己！其实你刚才的发现没错，只是不够完整。

既然重了会沉，轻了（或形状变了）能浮，你觉得决定沉浮的，究竟是单独看“重力”，还是看“重力”和“浮力”这两个力的**较量结果**呢？
2026-04-14 00:42:59,776 - SessionLogger - INFO - [sim_FSM+Guardrail_P1_M-BUO-001_101109] Teacher: 你看，重量完全没变，但一个能浮，一个却沉了。

这说明决定沉浮的，真的只是“重不重”吗？
2026-04-14 00:42:59,826 - SessionLogger - INFO - [sim_Baseline_P2_M-BUO-001_4cc76a] Student: 所以不是光看谁重，而是看这两个力谁更大？如果浮力比重大，它就浮；如果重力比浮力大，它就沉？
Deserializing unregistered type router.SessionMemory from checkpoint. This will be blocked in a future version. Add to allowed_msgpack_modules to silence: [('router', 'SessionMemory')]
Deserializing unregistered type router.PerceptionResult from checkpoint. This will be blocked in a future version. Add to allowed_msgpack_modules to silence: [('router', 'PerceptionResult')]
Deserializing unregistered type router.RouteDecision from checkpoint. This will be blocked in a future version. Add to allowed_msgpack_modules to silence: [('router', 'RouteDecision')]
2026-04-14 00:43:00,977 - SessionLogger - INFO - [sim_Baseline_P3_M-BUO-001_e9d9fa] Teacher: 没错，占的地方越大，排开的水就越多。你觉得这些被排开的水，会对船产生一个向上的托力吗？
2026-04-14 00:43:01,012 - SessionLogger - INFO - [sim_FSM+Guardrail_P1_M-BUO-001_101109] Student: 重量没变但结果变了，那肯定是形状的问题，跟重不重没关系吗？我还是觉得重的东西容易沉，轻的才浮。
Deserializing unregistered type router.SessionMemory from checkpoint. This will be blocked in a future version. Add to allowed_msgpack_modules to silence: [('router', 'SessionMemory')]
Deserializing unregistered type router.PerceptionResult from checkpoint. This will be blocked in a future version. Add to allowed_msgpack_modules to silence: [('router', 'PerceptionResult')]
Deserializing unregistered type router.RouteDecision from checkpoint. This will be blocked in a future version. Add to allowed_msgpack_modules to silence: [('router', 'RouteDecision')]
2026-04-14 00:43:02,136 - SessionLogger - INFO - [sim_Baseline_P3_M-BUO-001_e9d9fa] Student: 向上的托力？可是水那么软，它能托得住那么重的铁吗？我觉得只要东西够重，这点托力根本没用吧。
Deserializing unregistered type router.SessionMemory from checkpoint. This will be blocked in a future version. Add to allowed_msgpack_modules to silence: [('router', 'SessionMemory')]
Deserializing unregistered type router.PerceptionResult from checkpoint. This will be blocked in a future version. Add to allowed_msgpack_modules to silence: [('router', 'PerceptionResult')]
Deserializing unregistered type router.RouteDecision from checkpoint. This will be blocked in a future version. Add to allowed_msgpack_modules to silence: [('router', 'RouteDecision')]
2026-04-14 00:43:03,413 - SessionLogger - INFO - [sim_Baseline_P2_M-BUO-001_4cc76a] Teacher: 没错，就是这场“拔河比赛”的结果！那如果浮力和重力刚好一样大，你觉得橡皮泥会沉底、浮出水面，还是停在水中间不动呢？
2026-04-14 00:43:04,314 - SessionLogger - INFO - [sim_Baseline_P2_M-BUO-001_4cc76a] Student: 那它应该就不动了吧？既不上浮也不下沉，就停在水中间？
2026-04-14 00:43:04,314 - SessionLogger - INFO - [sim_Baseline_P2_M-BUO-001_4cc76a] Session finished. Resolved: False
2026-04-14 00:43:04,315 - SessionLogger - INFO - [sim_FSM+Guardrail_P3_M-BUO-001_965f9d] Starting session
2026-04-14 00:43:04,315 - SessionLogger - INFO - Initialized Session sim_FSM+Guardrail_P3_M-BUO-001_965f9d on Unknown for Unknown with version FSM+Guardrail
2026-04-14 00:43:05,512 - SessionLogger - INFO - [sim_FSM+Guardrail_P3_M-BUO-001_965f9d] Student Opening: 老师，为什么大轮船那么重还能浮在水面上，而我的小铁钉明明很轻却一下子就沉底了？
2026-04-14 00:43:07,416 - SessionLogger - WARNING - LLM Judge blocked response. Reason: 助教的回复直接给出了本题的物理结论和关键逻辑推导。首先，助教肯定了学生的错误直觉（'没错，你的直觉很准'），这在科学教育中是误导性的，因为'重物必沉'是一个需要纠正的错误概念。其次，助教直接陈述了'铁的重力超过了水能给它的最大托力'这一核心物理机制，并以此作为解释铁下沉的原因。这属于直接告诉学生标准答案和完成关键逻辑推导，剥夺了学生通过思考浮力与重力关系来修正错误概念的机会，违反了违规定义中的第1条和第2条。
2026-04-14 00:43:07,818 - SessionLogger - INFO - [sim_Baseline_P3_M-BUO-001_e9d9fa] Teacher: 你试着把手掌平放在水面上，用力往下按，是不是感觉水在往上顶你的手？按得越深，这种“顶”的感觉是不是越强？
2026-04-14 00:43:08,434 - SessionLogger - INFO - [sim_FSM+Guardrail_P1_M-BUO-001_101109] Teacher: 你说得对，形状确实改变了结果。

我们可以把这种“向上托”的力想象成水面在努力支撑物体：当船展开时，它排开了大量的水，水面提供的“支撑力”就非常大；而揉成铁球后，排开的水变少了，“支撑力”也就变小了。

既然重量没变，你觉得是哪种情况下的“支撑力”更容易战胜重力，让物体浮起来？
2026-04-14 00:43:08,917 - SessionLogger - INFO - [sim_Baseline_P3_M-BUO-001_e9d9fa] Student: 是有点感觉……但手很轻啊，铁船那么重，水真的能顶得住吗？我还是觉得重的东西肯定会把这点力压垮沉下去。
Deserializing unregistered type router.SessionMemory from checkpoint. This will be blocked in a future version. Add to allowed_msgpack_modules to silence: [('router', 'SessionMemory')]
Deserializing unregistered type router.PerceptionResult from checkpoint. This will be blocked in a future version. Add to allowed_msgpack_modules to silence: [('router', 'PerceptionResult')]
Deserializing unregistered type router.RouteDecision from checkpoint. This will be blocked in a future version. Add to allowed_msgpack_modules to silence: [('router', 'RouteDecision')]
2026-04-14 00:43:11,599 - SessionLogger - INFO - [sim_FSM+Guardrail_P1_M-BUO-001_101109] Student: 可是铁球那么重，水哪有那么大力气托住它啊？我觉得不管怎么排开水，只要东西够重，肯定还是得沉下去。
Deserializing unregistered type router.SessionMemory from checkpoint. This will be blocked in a future version. Add to allowed_msgpack_modules to silence: [('router', 'SessionMemory')]
Deserializing unregistered type router.PerceptionResult from checkpoint. This will be blocked in a future version. Add to allowed_msgpack_modules to silence: [('router', 'PerceptionResult')]
Deserializing unregistered type router.RouteDecision from checkpoint. This will be blocked in a future version. Add to allowed_msgpack_modules to silence: [('router', 'RouteDecision')]
2026-04-14 00:43:12,132 - SessionLogger - INFO - [sim_FSM_P3_M-BUO-001_46a465] Teacher: 这个直觉很自然，毕竟我们平时觉得石头重且沉。但如果“重就一定沉”，那为什么一粒很轻的沙子会沉底，而一根沉重的巨大原木却能漂在水面上呢？
2026-04-14 00:43:12,276 - SessionLogger - INFO - [sim_FSM+Guardrail_P2_M-BUO-001_130119] Teacher: 你说得很对，对于同样大小的铁块和木块，水给它们的向上托力（浮力）确实几乎是一样的。

既然向上的托力差不多，那你能不能比较一下，是铁块自身的重力把这个托力“压垮”了，还是木块自身的重力更小，所以托力能轻松撑住它？
2026-04-14 00:43:13,270 - SessionLogger - INFO - [sim_FSM_P3_M-BUO-001_46a465] Student: 可是……沙子那么轻都沉了，木头那么重反而浮着？这好像有点乱。老师，是不是因为木头里面有很多空隙，所以它其实不算“真”的重？
Deserializing unregistered type router.SessionMemory from checkpoint. This will be blocked in a future version. Add to allowed_msgpack_modules to silence: [('router', 'SessionMemory')]
Deserializing unregistered type router.PerceptionResult from checkpoint. This will be blocked in a future version. Add to allowed_msgpack_modules to silence: [('router', 'PerceptionResult')]
Deserializing unregistered type router.RouteDecision from checkpoint. This will be blocked in a future version. Add to allowed_msgpack_modules to silence: [('router', 'RouteDecision')]
2026-04-14 00:43:13,405 - SessionLogger - INFO - [sim_Baseline_P3_M-BUO-001_e9d9fa] Teacher: 那如果这艘船做得特别大，像一座空心的铁房子，它排开的水是不是也变得超级多？你觉得这些被排开的水的总重量，有没有可能赶上甚至超过船本身的重量呢？
2026-04-14 00:43:13,924 - SessionLogger - INFO - [sim_FSM+Guardrail_P2_M-BUO-001_130119] Student: 哦……所以是因为铁块自己的重力太大了，超过了水给的托力，所以才沉下去的？
那也就是说，光看物体重不重没用，得看它是不是比同体积的水更“重”？
Deserializing unregistered type router.SessionMemory from checkpoint. This will be blocked in a future version. Add to allowed_msgpack_modules to silence: [('router', 'SessionMemory')]
Deserializing unregistered type router.PerceptionResult from checkpoint. This will be blocked in a future version. Add to allowed_msgpack_modules to silence: [('router', 'PerceptionResult')]
Deserializing unregistered type router.RouteDecision from checkpoint. This will be blocked in a future version. Add to allowed_msgpack_modules to silence: [('router', 'RouteDecision')]
2026-04-14 00:43:14,610 - SessionLogger - INFO - [sim_Baseline_P3_M-BUO-001_e9d9fa] Student: 排开的水再多，它也只是水啊，水是轻的，铁是重的。轻的东西怎么可能比重的东西还重呢？这说不通吧。
Deserializing unregistered type router.SessionMemory from checkpoint. This will be blocked in a future version. Add to allowed_msgpack_modules to silence: [('router', 'SessionMemory')]
Deserializing unregistered type router.PerceptionResult from checkpoint. This will be blocked in a future version. Add to allowed_msgpack_modules to silence: [('router', 'PerceptionResult')]
Deserializing unregistered type router.RouteDecision from checkpoint. This will be blocked in a future version. Add to allowed_msgpack_modules to silence: [('router', 'RouteDecision')]
2026-04-14 00:43:18,138 - SessionLogger - INFO - [sim_FSM_P2_M-BUO-001_e9bbe5] Teacher: 没错，重力赢了。

那反过来想，如果我们要让这块铁不再下沉，在不能改变铁块重量的情况下，我们可以怎么改变它，让它排开更多的水从而获得更大的“托力”呢？
2026-04-14 00:43:19,783 - SessionLogger - INFO - [sim_Baseline_P3_M-BUO-001_e9d9fa] Teacher: 你说得对，同样大小的一块铁确实比一块水重。但如果船的体积做得非常大，排开的水的**总体积**是不是也变大了？这时候，这一大堆水的总重量，有没有可能超过那层薄薄铁皮的重量呢？
2026-04-14 00:43:19,792 - SessionLogger - INFO - [sim_FSM+Guardrail_P1_M-BUO-001_101109] Teacher: 这个直觉很自然，毕竟我们平时提重物时，水似乎没什么“力气”。

但试想一下：如果你把一个巨大的空塑料瓶用力按进水里，是不是能感觉到水在拼命往上顶？瓶子越大，你感觉到的这股向上的劲儿是不是也越大？
2026-04-14 00:43:20,009 - SessionLogger - INFO - [sim_FSM_P3_M-BUO-001_46a465] Teacher: 这个想法很有趣，空隙确实让木头变“松”了。但如果我们把一块实心铁块和一艘巨大的钢铁轮船相比，轮船也是实心的钢铁造的，并没有那么多空隙，为什么它却能浮在水面上呢？
2026-04-14 00:43:20,057 - SessionLogger - INFO - [sim_FSM_P2_M-BUO-001_e9bbe5] Student: 把它做成空心的？像碗或者船那样？
这样虽然铁还是那么多，但占的地方变大了，排开的水也就多了，托力就能变大吗？
Deserializing unregistered type router.SessionMemory from checkpoint. This will be blocked in a future version. Add to allowed_msgpack_modules to silence: [('router', 'SessionMemory')]
Deserializing unregistered type router.PerceptionResult from checkpoint. This will be blocked in a future version. Add to allowed_msgpack_modules to silence: [('router', 'PerceptionResult')]
Deserializing unregistered type router.RouteDecision from checkpoint. This will be blocked in a future version. Add to allowed_msgpack_modules to silence: [('router', 'RouteDecision')]
2026-04-14 00:43:20,593 - SessionLogger - INFO - [sim_FSM+Guardrail_P2_M-BUO-001_130119] Teacher: 没错，这个“同体积下的比较”就是关键。

那按照这个逻辑，如果有一个巨大的空心铁球，它的总体积很大但里面大部分是空气，导致它平均下来并没有同体积的水那么“重”，你觉得它还会像实心铁块那样沉下去吗？
2026-04-14 00:43:22,007 - SessionLogger - INFO - [sim_FSM+Guardrail_P2_M-BUO-001_130119] Student: 呃……如果它平均下来比水轻，那应该就能浮起来？
但这听起来好怪，明明还是铁做的啊，难道形状变了连“铁必沉”这个规矩都不管用了？
Deserializing unregistered type router.SessionMemory from checkpoint. This will be blocked in a future version. Add to allowed_msgpack_modules to silence: [('router', 'SessionMemory')]
Deserializing unregistered type router.PerceptionResult from checkpoint. This will be blocked in a future version. Add to allowed_msgpack_modules to silence: [('router', 'PerceptionResult')]
Deserializing unregistered type router.RouteDecision from checkpoint. This will be blocked in a future version. Add to allowed_msgpack_modules to silence: [('router', 'RouteDecision')]
2026-04-14 00:43:22,971 - SessionLogger - INFO - [sim_FSM+Guardrail_P1_M-BUO-001_101109] Student: 那塑料瓶本来就轻，当然容易浮。我说的是铁块那种重物，重的东西不管怎么弄，水都托不住。
2026-04-14 00:43:22,971 - SessionLogger - INFO - [sim_FSM+Guardrail_P1_M-BUO-001_101109] Session finished. Resolved: False
2026-04-14 00:43:22,972 - SessionLogger - INFO - [sim_Baseline_P1_M-BUO-002_4be69e] Starting session
2026-04-14 00:43:22,972 - SessionLogger - INFO - Initialized Session sim_Baseline_P1_M-BUO-002_4be69e on Unknown for Unknown with version FSM+Guardrail
2026-04-14 00:43:23,952 - SessionLogger - INFO - [sim_Baseline_P1_M-BUO-002_4be69e] Student Opening: 老师，我觉得潜水艇潜得越深，受到的浮力肯定就越大，毕竟水那么深，压力那么大嘛。
2026-04-14 00:43:23,959 - SessionLogger - INFO - [sim_Baseline_P3_M-BUO-001_e9d9fa] Student: 可是老师，船里面是空的呀，空的不就没有重量了吗？那排开的水再重，跟船有什么关系呢？我还是觉得只要它是铁做的，它就肯定比水重，就会沉。
Deserializing unregistered type router.SessionMemory from checkpoint. This will be blocked in a future version. Add to allowed_msgpack_modules to silence: [('router', 'SessionMemory')]
Deserializing unregistered type router.PerceptionResult from checkpoint. This will be blocked in a future version. Add to allowed_msgpack_modules to silence: [('router', 'PerceptionResult')]
Deserializing unregistered type router.RouteDecision from checkpoint. This will be blocked in a future version. Add to allowed_msgpack_modules to silence: [('router', 'RouteDecision')]
2026-04-14 00:43:23,964 - SessionLogger - INFO - [sim_FSM_P3_M-BUO-001_46a465] Student: 啊？轮船也是铁做的吗？那它肯定超级重吧……老师，是不是因为它太大了，水把它托住了？我还是觉得重的东西应该往下掉呀。
Deserializing unregistered type router.SessionMemory from checkpoint. This will be blocked in a future version. Add to allowed_msgpack_modules to silence: [('router', 'SessionMemory')]
Deserializing unregistered type router.PerceptionResult from checkpoint. This will be blocked in a future version. Add to allowed_msgpack_modules to silence: [('router', 'PerceptionResult')]
Deserializing unregistered type router.RouteDecision from checkpoint. This will be blocked in a future version. Add to allowed_msgpack_modules to silence: [('router', 'RouteDecision')]
2026-04-14 00:43:23,997 - SessionLogger - INFO - [sim_FSM+Guardrail_P3_M-BUO-001_965f9d] Teacher: 这确实很反直觉，毕竟在我们手里掂量时，重的东西确实感觉更“坠”。但如果按照“轻就能浮，重就会沉”的逻辑，你觉得是一根沉重的巨大原木会沉底，还是一颗小小的玻璃弹珠会沉底？
2026-04-14 00:43:25,083 - SessionLogger - INFO - [sim_FSM+Guardrail_P3_M-BUO-001_965f9d] Student: 那肯定是弹珠沉底吧，因为它小啊。木头那么大一坨，肯定比弹珠重多了，重的东西不应该都沉下去吗？
Deserializing unregistered type router.SessionMemory from checkpoint. This will be blocked in a future version. Add to allowed_msgpack_modules to silence: [('router', 'SessionMemory')]
Deserializing unregistered type router.PerceptionResult from checkpoint. This will be blocked in a future version. Add to allowed_msgpack_modules to silence: [('router', 'PerceptionResult')]
Deserializing unregistered type router.RouteDecision from checkpoint. This will be blocked in a future version. Add to allowed_msgpack_modules to silence: [('router', 'RouteDecision')]
2026-04-14 00:43:25,840 - SessionLogger - INFO - [sim_FSM_P2_M-BUO-001_e9bbe5] Teacher: 正是如此。

那你觉得，当这个“空心铁碗”排开的水的重量，刚好等于它自身的重量时，它会继续下沉，还是能稳稳地浮在水面上？
2026-04-14 00:43:27,225 - SessionLogger - INFO - [sim_FSM_P2_M-BUO-001_e9bbe5] Student: 那应该就是浮在水面上了吧？
既然排开的水重等于铁碗重，说明托力和重力正好抵消，谁也赢不了谁，那就停在那儿不动了？
Deserializing unregistered type router.SessionMemory from checkpoint. This will be blocked in a future version. Add to allowed_msgpack_modules to silence: [('router', 'SessionMemory')]
Deserializing unregistered type router.PerceptionResult from checkpoint. This will be blocked in a future version. Add to allowed_msgpack_modules to silence: [('router', 'PerceptionResult')]
Deserializing unregistered type router.RouteDecision from checkpoint. This will be blocked in a future version. Add to allowed_msgpack_modules to silence: [('router', 'RouteDecision')]
2026-04-14 00:43:28,712 - SessionLogger - INFO - [sim_FSM+Guardrail_P2_M-BUO-001_130119] Teacher: 这确实很反直觉，毕竟材料没变。

但你想，当铁被做成空心大球时，它占据的空间（体积）变大了，而水提供的向上托力是看排开水的体积的。这时候，是向上的托力变大了，还是铁的重力变大了？
2026-04-14 00:43:29,171 - SessionLogger - INFO - [sim_FSM_P3_M-BUO-001_46a465] Teacher: 你说得对，水确实会向上“托”物体，这个力叫浮力。既然轮船那么重都能被托住，你觉得决定它能不能浮起来的，是它绝对的重量，还是它排开水的多少呢？
2026-04-14 00:43:29,958 - SessionLogger - INFO - [sim_FSM+Guardrail_P2_M-BUO-001_130119] Student: 体积变大，那排开的水变多，向上的托力肯定变大了吧？
可是铁壳子的重量没怎么变啊……所以是因为托力变得比重力大了，它才浮起来的？
Deserializing unregistered type router.SessionMemory from checkpoint. This will be blocked in a future version. Add to allowed_msgpack_modules to silence: [('router', 'SessionMemory')]
Deserializing unregistered type router.PerceptionResult from checkpoint. This will be blocked in a future version. Add to allowed_msgpack_modules to silence: [('router', 'PerceptionResult')]
Deserializing unregistered type router.RouteDecision from checkpoint. This will be blocked in a future version. Add to allowed_msgpack_modules to silence: [('router', 'RouteDecision')]
2026-04-14 00:43:31,248 - SessionLogger - INFO - [sim_Baseline_P1_M-BUO-002_4be69e] Teacher: 水压确实会随深度增加，这点你观察得很准。不过回想一下阿基米德原理，浮力的大小主要取决于哪两个因素呢？
2026-04-14 00:43:32,781 - SessionLogger - INFO - [sim_FSM_P3_M-BUO-001_46a465] Student: 排开水的多少？可是老师，如果我把那个小铁块也弄成很大很大的形状，它排开的水不也变多了吗？但它还是会沉下去呀……我还是分不清到底哪个才是关键。
Deserializing unregistered type router.SessionMemory from checkpoint. This will be blocked in a future version. Add to allowed_msgpack_modules to silence: [('router', 'SessionMemory')]
Deserializing unregistered type router.PerceptionResult from checkpoint. This will be blocked in a future version. Add to allowed_msgpack_modules to silence: [('router', 'PerceptionResult')]
Deserializing unregistered type router.RouteDecision from checkpoint. This will be blocked in a future version. Add to allowed_msgpack_modules to silence: [('router', 'RouteDecision')]
2026-04-14 00:43:32,790 - SessionLogger - INFO - [sim_Baseline_P1_M-BUO-002_4be69e] Student: 老师，我知道公式是那样写的，但深度大了压强才大啊。我觉得压强上去了，托着物体的力自然就变大了，所以还是深度决定的。
Deserializing unregistered type router.SessionMemory from checkpoint. This will be blocked in a future version. Add to allowed_msgpack_modules to silence: [('router', 'SessionMemory')]
Deserializing unregistered type router.PerceptionResult from checkpoint. This will be blocked in a future version. Add to allowed_msgpack_modules to silence: [('router', 'PerceptionResult')]
Deserializing unregistered type router.RouteDecision from checkpoint. This will be blocked in a future version. Add to allowed_msgpack_modules to silence: [('router', 'RouteDecision')]
2026-04-14 00:43:40,802 - SessionLogger - INFO - [sim_FSM_P2_M-BUO-001_e9bbe5] Teacher: 你说得很对，这就是平衡状态。

那你能不能举一个生活中的例子，或者做一个简单的设想，来证明“排开水的多少”确实能改变物体受到的托力大小？
2026-04-14 00:43:40,802 - SessionLogger - INFO - [sim_FSM_P2_M-BUO-001_e9bbe5] Session finished. Resolved: True
2026-04-14 00:43:40,803 - SessionLogger - INFO - [sim_FSM_P1_M-BUO-002_164c72] Starting session
2026-04-14 00:43:40,803 - SessionLogger - INFO - Initialized Session sim_FSM_P1_M-BUO-002_164c72 on Unknown for Unknown with version FSM+Guardrail
2026-04-14 00:43:41,742 - SessionLogger - INFO - [sim_FSM_P1_M-BUO-002_164c72] Student Opening: 老师，我觉得潜水艇潜得越深，受到的浮力肯定越大，毕竟水那么深，压力都变大了嘛。
2026-04-14 00:43:41,773 - SessionLogger - INFO - [sim_FSM+Guardrail_P3_M-BUO-001_965f9d] Teacher: 如果“重”是下沉的唯一理由，那这艘比铁钉重亿万倍的巨轮，岂不是应该像石头一样瞬间砸穿海底？
2026-04-14 00:43:44,270 - SessionLogger - WARNING - LLM Judge blocked response. Reason: 助教的第一句话“没错，就是这个道理：向上的托力赢了向下的重力”直接给出了物体上浮或漂浮的物理机制结论（即浮力大于重力）。这违反了违规定义第1条“直接告诉了学生本题最终的物理结论或标准答案”。虽然助教随后通过提问引导学生思考下沉的情况，但前半部分已经泄露了核心逻辑结论，没有让学生自己去推导“力的大小关系决定沉浮”这一关键概念，而是直接告知了结果。
2026-04-14 00:43:44,988 - SessionLogger - INFO - [sim_Baseline_P1_M-BUO-002_4be69e] Teacher: 那咱们先假设潜水艇已经完全没入水中了。这时候再往下潜，它排开水的体积会变多还是变少呢？
2026-04-14 00:43:45,997 - SessionLogger - INFO - [sim_FSM+Guardrail_P3_M-BUO-001_965f9d] Student: 可是老师，船里面是空的呀，跟实心的铁钉不一样吧？我还是觉得是因为它太大了才浮起来的，跟重量没关系吗？
Deserializing unregistered type router.SessionMemory from checkpoint. This will be blocked in a future version. Add to allowed_msgpack_modules to silence: [('router', 'SessionMemory')]
Deserializing unregistered type router.PerceptionResult from checkpoint. This will be blocked in a future version. Add to allowed_msgpack_modules to silence: [('router', 'PerceptionResult')]
Deserializing unregistered type router.RouteDecision from checkpoint. This will be blocked in a future version. Add to allowed_msgpack_modules to silence: [('router', 'RouteDecision')]
2026-04-14 00:43:47,871 - SessionLogger - INFO - [sim_FSM_P3_M-BUO-001_46a465] Teacher: 这个困惑很正常，因为“排开水的多少”确实和形状有关。但请你想一想，如果把实心铁块做成空心碗状（像小船那样），它排开的水量会比同样重量的实心铁块多还是少呢？
2026-04-14 00:43:48,127 - SessionLogger - INFO - [sim_Baseline_P1_M-BUO-002_4be69e] Student: 排开水的体积肯定不变啊，潜水艇就那么大。但我觉得这不代表浮力不变，毕竟下面水压那么大，往上顶的劲儿肯定更足。
Deserializing unregistered type router.SessionMemory from checkpoint. This will be blocked in a future version. Add to allowed_msgpack_modules to silence: [('router', 'SessionMemory')]
Deserializing unregistered type router.PerceptionResult from checkpoint. This will be blocked in a future version. Add to allowed_msgpack_modules to silence: [('router', 'PerceptionResult')]
Deserializing unregistered type router.RouteDecision from checkpoint. This will be blocked in a future version. Add to allowed_msgpack_modules to silence: [('router', 'RouteDecision')]
2026-04-14 00:43:49,204 - SessionLogger - INFO - [sim_FSM_P3_M-BUO-001_46a465] Student: 嗯……做成碗状的话，它占的地方确实变大了，排开的水应该会变多吧？可是老师，它的重量明明一点都没变啊，为什么水突然就能托住它了？
Deserializing unregistered type router.SessionMemory from checkpoint. This will be blocked in a future version. Add to allowed_msgpack_modules to silence: [('router', 'SessionMemory')]
Deserializing unregistered type router.PerceptionResult from checkpoint. This will be blocked in a future version. Add to allowed_msgpack_modules to silence: [('router', 'PerceptionResult')]
Deserializing unregistered type router.RouteDecision from checkpoint. This will be blocked in a future version. Add to allowed_msgpack_modules to silence: [('router', 'RouteDecision')]
2026-04-14 00:43:51,171 - SessionLogger - INFO - [sim_FSM+Guardrail_P3_M-BUO-001_965f9d] Teacher: 你说得对，“空心”确实是个关键线索。那如果我们把这块空心的钢铁用力压扁，揉成一个实心的小铁疙瘩扔进水里，它还会浮着吗？
2026-04-14 00:43:52,033 - SessionLogger - INFO - [sim_Baseline_P1_M-BUO-002_4be69e] Teacher: 既然潜水艇是个硬壳，体积不变，那它排开的水的重量变了吗？浮力本质上不就是被排开的那部分水受到的重力吗？
2026-04-14 00:43:52,221 - SessionLogger - INFO - [sim_FSM+Guardrail_P3_M-BUO-001_965f9d] Student: 那肯定会沉啊，因为它变重了嘛……不对，重量好像没变？可是它变小了呀，小的东西不是更容易沉下去吗？
Deserializing unregistered type router.SessionMemory from checkpoint. This will be blocked in a future version. Add to allowed_msgpack_modules to silence: [('router', 'SessionMemory')]
Deserializing unregistered type router.PerceptionResult from checkpoint. This will be blocked in a future version. Add to allowed_msgpack_modules to silence: [('router', 'PerceptionResult')]
Deserializing unregistered type router.RouteDecision from checkpoint. This will be blocked in a future version. Add to allowed_msgpack_modules to silence: [('router', 'RouteDecision')]
2026-04-14 00:43:53,180 - SessionLogger - INFO - [sim_Baseline_P1_M-BUO-002_4be69e] Student: 排开的水重是没变，可下面的水压大啊。我觉得是周围的水压把潜水艇硬生生往上“挤”的，压得越狠，浮力当然越大。
Deserializing unregistered type router.SessionMemory from checkpoint. This will be blocked in a future version. Add to allowed_msgpack_modules to silence: [('router', 'SessionMemory')]
Deserializing unregistered type router.PerceptionResult from checkpoint. This will be blocked in a future version. Add to allowed_msgpack_modules to silence: [('router', 'PerceptionResult')]
Deserializing unregistered type router.RouteDecision from checkpoint. This will be blocked in a future version. Add to allowed_msgpack_modules to silence: [('router', 'RouteDecision')]
2026-04-14 00:43:54,901 - SessionLogger - INFO - [sim_FSM_P1_M-BUO-002_164c72] Teacher: 照这个逻辑，如果潜水艇潜到一万米深的海底，那里的压强巨大，它受到的浮力会不会大到把它像炮弹一样瞬间弹回水面？
2026-04-14 00:43:55,778 - SessionLogger - INFO - [sim_FSM_P1_M-BUO-002_164c72] Student: 那肯定啊，深度那么大，压强那么强，浮力当然也跟着变大把潜艇往上推啊。
Deserializing unregistered type router.SessionMemory from checkpoint. This will be blocked in a future version. Add to allowed_msgpack_modules to silence: [('router', 'SessionMemory')]
Deserializing unregistered type router.PerceptionResult from checkpoint. This will be blocked in a future version. Add to allowed_msgpack_modules to silence: [('router', 'PerceptionResult')]
Deserializing unregistered type router.RouteDecision from checkpoint. This will be blocked in a future version. Add to allowed_msgpack_modules to silence: [('router', 'RouteDecision')]
2026-04-14 00:43:57,367 - SessionLogger - INFO - [sim_FSM+Guardrail_P3_M-BUO-001_965f9d] Teacher: 没错，重量确实没变。既然重量一样，那为什么“变小”（也就是排开的水变少）会让它从漂浮变成下沉呢？
2026-04-14 00:43:57,745 - SessionLogger - INFO - [sim_FSM_P3_M-BUO-001_46a465] Teacher: 没错，重量没变，但因为它“占的地方”变大了，排开的水就变多了，水给的向上托力（浮力）也就跟着变大了。

你可以把这想象成一场拔河比赛：向下的重力没变，但向上的浮力因为排开更多水而增强了。你觉得当这个向上的托力大到什么程度时，铁碗就能浮起来了？
2026-04-14 00:43:59,250 - SessionLogger - INFO - [sim_Baseline_P1_M-BUO-002_4be69e] Teacher: 你说得对，下面的水确实往上顶得更狠了。但别忘了，潜水艇上面的水也更深了，那上面往下压的力是不是也同步变大了呢？
2026-04-14 00:43:59,750 - SessionLogger - INFO - [sim_FSM+Guardrail_P3_M-BUO-001_965f9d] Student: 老师，我还是没绕过来……既然重量都没变，为什么水对它的影响会不一样呢？是不是因为变小了，水就“抓”不住它了？
Deserializing unregistered type router.SessionMemory from checkpoint. This will be blocked in a future version. Add to allowed_msgpack_modules to silence: [('router', 'SessionMemory')]
Deserializing unregistered type router.PerceptionResult from checkpoint. This will be blocked in a future version. Add to allowed_msgpack_modules to silence: [('router', 'PerceptionResult')]
Deserializing unregistered type router.RouteDecision from checkpoint. This will be blocked in a future version. Add to allowed_msgpack_modules to silence: [('router', 'RouteDecision')]
2026-04-14 00:43:59,793 - SessionLogger - INFO - [sim_FSM_P3_M-BUO-001_46a465] Student: 拔河……所以是要向上的力气比向下的力气大吗？可是老师，如果重量没变，为什么水给的力气会突然变大呢？我还是觉得重的东西应该把水“压”下去才对呀。
Deserializing unregistered type router.SessionMemory from checkpoint. This will be blocked in a future version. Add to allowed_msgpack_modules to silence: [('router', 'SessionMemory')]
Deserializing unregistered type router.PerceptionResult from checkpoint. This will be blocked in a future version. Add to allowed_msgpack_modules to silence: [('router', 'PerceptionResult')]
Deserializing unregistered type router.RouteDecision from checkpoint. This will be blocked in a future version. Add to allowed_msgpack_modules to silence: [('router', 'RouteDecision')]
2026-04-14 00:44:02,614 - SessionLogger - INFO - [sim_Baseline_P1_M-BUO-002_4be69e] Student: 上面是压得大了，但下面顶得更厉害啊。下面的深度比上面大，压强差肯定更明显，所以合力还是变大的。
Deserializing unregistered type router.SessionMemory from checkpoint. This will be blocked in a future version. Add to allowed_msgpack_modules to silence: [('router', 'SessionMemory')]
Deserializing unregistered type router.PerceptionResult from checkpoint. This will be blocked in a future version. Add to allowed_msgpack_modules to silence: [('router', 'PerceptionResult')]
Deserializing unregistered type router.RouteDecision from checkpoint. This will be blocked in a future version. Add to allowed_msgpack_modules to silence: [('router', 'RouteDecision')]
2026-04-14 00:44:05,017 - SessionLogger - INFO - [sim_FSM+Guardrail_P3_M-BUO-001_965f9d] Teacher: 这个“抓不住”的直觉很敏锐！我们可以把水的托力想象成很多人一起向上顶。

如果物体占的地方（体积）变小了，能接触到并向上顶它的水是不是也变少了？
2026-04-14 00:44:06,520 - SessionLogger - INFO - [sim_FSM_P3_M-BUO-001_46a465] Teacher: 你说得对，确实是物体把水“压”下去了。

但你想，如果这个碗状铁块排开的水非常多，多到这些被排开的水的重量都超过了铁块本身的重量，这时候水“反抗”的力气（浮力）是不是就比铁块向下的重力更大了？
2026-04-14 00:44:07,755 - SessionLogger - INFO - [sim_FSM+Guardrail_P3_M-BUO-001_965f9d] Student: 好像有点道理……但是老师，如果水顶它的力气变小了，那为什么一开始那个大的空心船能浮起来呢？是因为它占的地方大，所以水给的力就比它的重量大吗？
Deserializing unregistered type router.SessionMemory from checkpoint. This will be blocked in a future version. Add to allowed_msgpack_modules to silence: [('router', 'SessionMemory')]
Deserializing unregistered type router.PerceptionResult from checkpoint. This will be blocked in a future version. Add to allowed_msgpack_modules to silence: [('router', 'PerceptionResult')]
Deserializing unregistered type router.RouteDecision from checkpoint. This will be blocked in a future version. Add to allowed_msgpack_modules to silence: [('router', 'RouteDecision')]
2026-04-14 00:44:07,823 - SessionLogger - INFO - [sim_FSM_P1_M-BUO-002_164c72] Teacher: 如果这个逻辑成立，那是不是意味着，只要水够深，连一块小小的石头也能获得比一艘航母还大的浮力？
2026-04-14 00:44:08,379 - SessionLogger - INFO - [sim_Baseline_P3_M-BUO-001_e9d9fa] Teacher: 没错，空气确实没什么重量。但你想，船排开的水的体积，是不是等于“铁皮的体积”加上“里面空心部分的体积”？如果这个巨大的总体积对应的水重，超过了铁皮本身的重量，会发生什么？
2026-04-14 00:44:08,563 - SessionLogger - INFO - [sim_Baseline_P1_M-BUO-002_4be69e] Teacher: 咱们来算笔账：假设潜水艇高10米。在100米深时，上下表面深度差是10米；到了200米深，这个深度差变成多少了？
2026-04-14 00:44:09,018 - SessionLogger - INFO - [sim_FSM_P1_M-BUO-002_164c72] Student: 石头那么小，怎么可能比航母浮力大？你别偷换概念，我说的是深度越深浮力越大。
Deserializing unregistered type router.SessionMemory from checkpoint. This will be blocked in a future version. Add to allowed_msgpack_modules to silence: [('router', 'SessionMemory')]
Deserializing unregistered type router.PerceptionResult from checkpoint. This will be blocked in a future version. Add to allowed_msgpack_modules to silence: [('router', 'PerceptionResult')]
Deserializing unregistered type router.RouteDecision from checkpoint. This will be blocked in a future version. Add to allowed_msgpack_modules to silence: [('router', 'RouteDecision')]
2026-04-14 00:44:10,209 - SessionLogger - INFO - [sim_FSM_P3_M-BUO-001_46a465] Student: 被排开的水的重量？可是老师，铁块明明比水重得多啊，那些被挤走的水怎么可能比铁还重呢？我还是觉得只要是铁做的，不管怎么弄，它肯定还是比水“重”呀。
Deserializing unregistered type router.SessionMemory from checkpoint. This will be blocked in a future version. Add to allowed_msgpack_modules to silence: [('router', 'SessionMemory')]
Deserializing unregistered type router.PerceptionResult from checkpoint. This will be blocked in a future version. Add to allowed_msgpack_modules to silence: [('router', 'PerceptionResult')]
Deserializing unregistered type router.RouteDecision from checkpoint. This will be blocked in a future version. Add to allowed_msgpack_modules to silence: [('router', 'RouteDecision')]
2026-04-14 00:44:11,871 - SessionLogger - INFO - [sim_Baseline_P1_M-BUO-002_4be69e] Student: 深度差当然还是10米啊，潜水艇又没被压扁。但这不能说明浮力不变吧，毕竟200米处的压强基数大得多，整体往上顶的感觉肯定更强。
Deserializing unregistered type router.SessionMemory from checkpoint. This will be blocked in a future version. Add to allowed_msgpack_modules to silence: [('router', 'SessionMemory')]
Deserializing unregistered type router.PerceptionResult from checkpoint. This will be blocked in a future version. Add to allowed_msgpack_modules to silence: [('router', 'PerceptionResult')]
Deserializing unregistered type router.RouteDecision from checkpoint. This will be blocked in a future version. Add to allowed_msgpack_modules to silence: [('router', 'RouteDecision')]
2026-04-14 00:44:12,574 - SessionLogger - INFO - [sim_Baseline_P3_M-BUO-001_e9d9fa] Student: 老师，你这样算是不是有点赖皮？船明明是铁做的，怎么能拿水的重量来跟它比呢？我觉得只要手里拿着觉得沉，它下水肯定就沉。
Deserializing unregistered type router.SessionMemory from checkpoint. This will be blocked in a future version. Add to allowed_msgpack_modules to silence: [('router', 'SessionMemory')]
Deserializing unregistered type router.PerceptionResult from checkpoint. This will be blocked in a future version. Add to allowed_msgpack_modules to silence: [('router', 'PerceptionResult')]
Deserializing unregistered type router.RouteDecision from checkpoint. This will be blocked in a future version. Add to allowed_msgpack_modules to silence: [('router', 'RouteDecision')]
2026-04-14 00:44:13,670 - SessionLogger - INFO - [sim_FSM+Guardrail_P3_M-BUO-001_965f9d] Teacher: 没错，占的地方大，水给的向上托力就大。

那你能不能试着对比一下：当它沉底变成实心小疙瘩时，水给它的托力和它自身的重力，现在是谁大谁小呢？
2026-04-14 00:44:14,879 - SessionLogger - INFO - [sim_FSM_P1_M-BUO-002_164c72] Teacher: 这个直觉确实很有迷惑性，因为压强确实随深度增加了。

但浮力其实是物体“下表面受到的向上压力”减去“上表面受到的向下压力”后的差值。

既然上下表面的深度都同时增加了，你觉得这个“压力差”会随之变大吗？
2026-04-14 00:44:15,488 - SessionLogger - INFO - [sim_Baseline_P1_M-BUO-002_4be69e] Teacher: 既然上下表面的压强都增加了相同的数值，那它们相减得到的“压强差”会变吗？浮力可是由这个差值决定的哦。
2026-04-14 00:44:15,561 - SessionLogger - INFO - [sim_FSM+Guardrail_P3_M-BUO-001_965f9d] Student: 可是老师，它变实心了之后不是更“重”了吗？既然它那么重，水的托力肯定顶不住它呀，所以肯定是重力大吧？
Deserializing unregistered type router.SessionMemory from checkpoint. This will be blocked in a future version. Add to allowed_msgpack_modules to silence: [('router', 'SessionMemory')]
Deserializing unregistered type router.PerceptionResult from checkpoint. This will be blocked in a future version. Add to allowed_msgpack_modules to silence: [('router', 'PerceptionResult')]
Deserializing unregistered type router.RouteDecision from checkpoint. This will be blocked in a future version. Add to allowed_msgpack_modules to silence: [('router', 'RouteDecision')]
2026-04-14 00:44:16,158 - SessionLogger - INFO - [sim_FSM_P1_M-BUO-002_164c72] Student: 可是下面的深度增加得更多啊，压强肯定变得更大，所以向上的力也应该变大才对。
Deserializing unregistered type router.SessionMemory from checkpoint. This will be blocked in a future version. Add to allowed_msgpack_modules to silence: [('router', 'SessionMemory')]
Deserializing unregistered type router.PerceptionResult from checkpoint. This will be blocked in a future version. Add to allowed_msgpack_modules to silence: [('router', 'PerceptionResult')]
Deserializing unregistered type router.RouteDecision from checkpoint. This will be blocked in a future version. Add to allowed_msgpack_modules to silence: [('router', 'RouteDecision')]
2026-04-14 00:44:16,647 - SessionLogger - INFO - [sim_Baseline_P1_M-BUO-002_4be69e] Student: 压强差是不变，可浮力是压力啊！基数大了，就算差不变，那个向上的总推力肯定也变大了吧？
Deserializing unregistered type router.SessionMemory from checkpoint. This will be blocked in a future version. Add to allowed_msgpack_modules to silence: [('router', 'SessionMemory')]
Deserializing unregistered type router.PerceptionResult from checkpoint. This will be blocked in a future version. Add to allowed_msgpack_modules to silence: [('router', 'PerceptionResult')]
Deserializing unregistered type router.RouteDecision from checkpoint. This will be blocked in a future version. Add to allowed_msgpack_modules to silence: [('router', 'RouteDecision')]
2026-04-14 00:44:18,305 - SessionLogger - INFO - [sim_Baseline_P3_M-BUO-001_e9d9fa] Teacher: 手里拿着沉，是因为你只托起了那一小块铁的重量。但在水里，水是从四面八方“托”着整个船排开的那部分体积的。你觉得，是那一小块铁皮重，还是跟整艘船一样大的那团水重？
2026-04-14 00:44:19,516 - SessionLogger - INFO - [sim_Baseline_P3_M-BUO-001_e9d9fa] Student: 可是老师，那团水是虚的啊，船是实实在在的铁。拿一个不存在的东西跟铁比重量，这能说明问题吗？我还是觉得铁肯定更重。
Deserializing unregistered type router.SessionMemory from checkpoint. This will be blocked in a future version. Add to allowed_msgpack_modules to silence: [('router', 'SessionMemory')]
Deserializing unregistered type router.PerceptionResult from checkpoint. This will be blocked in a future version. Add to allowed_msgpack_modules to silence: [('router', 'PerceptionResult')]
Deserializing unregistered type router.RouteDecision from checkpoint. This will be blocked in a future version. Add to allowed_msgpack_modules to silence: [('router', 'RouteDecision')]
2026-04-14 00:44:22,515 - SessionLogger - INFO - [sim_FSM_P1_M-BUO-002_164c72] Teacher: 想象一下，你把一个正方体盒子往下按了1米。

这时候，盒子的“头顶”和“脚底”是不是都同时加深了1米？
2026-04-14 00:44:23,628 - SessionLogger - INFO - [sim_FSM_P1_M-BUO-002_164c72] Student: 对啊，都加深了1米。下面的压强变得更大了，那向上的推力肯定也变大了呀。
Deserializing unregistered type router.SessionMemory from checkpoint. This will be blocked in a future version. Add to allowed_msgpack_modules to silence: [('router', 'SessionMemory')]
Deserializing unregistered type router.PerceptionResult from checkpoint. This will be blocked in a future version. Add to allowed_msgpack_modules to silence: [('router', 'PerceptionResult')]
Deserializing unregistered type router.RouteDecision from checkpoint. This will be blocked in a future version. Add to allowed_msgpack_modules to silence: [('router', 'RouteDecision')]
2026-04-14 00:44:23,822 - SessionLogger - INFO - [sim_Baseline_P3_M-BUO-001_e9d9fa] Teacher: 那团水虽然不在船里，但它是真实存在的物质呀。想象一下，如果把船拿走，用同样大小的水填满那个空间，这团“实心”的水肯定比薄薄的铁皮重得多吧？
2026-04-14 00:44:24,292 - SessionLogger - INFO - [sim_FSM+Guardrail_P2_M-BUO-001_130119] Teacher: 没错，就是这个道理！

既然你发现了“形状改变体积”能影响浮力，那想想看，如果是一块实心的橡皮泥，我们把它捏成碗状或者船形放在水面上，它排开水的体积会比它沉底时更大还是更小？
2026-04-14 00:44:25,199 - SessionLogger - INFO - [sim_Baseline_P3_M-BUO-001_e9d9fa] Student: 可是老师，那团水是被我们假想出来的呀，船里明明是空气。空气那么轻，怎么能算在重量里去跟水比呢？我还是觉得铁就是比水重。
Deserializing unregistered type router.SessionMemory from checkpoint. This will be blocked in a future version. Add to allowed_msgpack_modules to silence: [('router', 'SessionMemory')]
Deserializing unregistered type router.PerceptionResult from checkpoint. This will be blocked in a future version. Add to allowed_msgpack_modules to silence: [('router', 'PerceptionResult')]
Deserializing unregistered type router.RouteDecision from checkpoint. This will be blocked in a future version. Add to allowed_msgpack_modules to silence: [('router', 'RouteDecision')]
2026-04-14 00:44:28,999 - SessionLogger - INFO - [sim_Baseline_P3_M-BUO-001_e9d9fa] Teacher: 我们比的不是船里装了什么，而是船“挤走”了多少水。你想想，如果把你整个人按进水里，水给你的向上托力，是取决于你的体重，还是取决于你身体占用的那部分水的重量？
2026-04-14 00:44:30,410 - SessionLogger - INFO - [sim_FSM_P1_M-BUO-002_164c72] Teacher: 没错，向上的推力确实变大了。

但别忘了，压在你“头顶”向下的压力，是不是也因为深度增加而同样变大了呢？
2026-04-14 00:44:30,761 - SessionLogger - INFO - [sim_FSM+Guardrail_P2_M-BUO-001_130119] Student: 捏成船形的话，中间空出来的部分也能排开水，所以排开水的体积应该比实心团块时更大吧？
那是不是意味着，只要排开的水够多，哪怕是橡皮泥这种“重物”也能浮起来？
Deserializing unregistered type router.SessionMemory from checkpoint. This will be blocked in a future version. Add to allowed_msgpack_modules to silence: [('router', 'SessionMemory')]
Deserializing unregistered type router.PerceptionResult from checkpoint. This will be blocked in a future version. Add to allowed_msgpack_modules to silence: [('router', 'PerceptionResult')]
Deserializing unregistered type router.RouteDecision from checkpoint. This will be blocked in a future version. Add to allowed_msgpack_modules to silence: [('router', 'RouteDecision')]
2026-04-14 00:44:31,103 - SessionLogger - INFO - [sim_Baseline_P3_M-BUO-001_e9d9fa] Student: 老师，这跟我体重肯定有关系啊，我要是瘦一点不就轻了吗？而且你按我下去的时候，我感觉到的阻力是因为我在用力挣扎，跟水有什么关系？
2026-04-14 00:44:31,103 - SessionLogger - INFO - [sim_Baseline_P3_M-BUO-001_e9d9fa] Session finished. Resolved: False
2026-04-14 00:44:31,104 - SessionLogger - INFO - [sim_FSM+Guardrail_P1_M-BUO-002_296d44] Starting session
2026-04-14 00:44:31,104 - SessionLogger - INFO - Initialized Session sim_FSM+Guardrail_P1_M-BUO-002_296d44 on Unknown for Unknown with version FSM+Guardrail
2026-04-14 00:44:32,102 - SessionLogger - INFO - [sim_FSM+Guardrail_P1_M-BUO-002_296d44] Student Opening: 老师，我觉得浮力肯定跟深度有关啊，水越深压强越大，那物体受到的浮力不就应该越大吗？
2026-04-14 00:44:33,359 - SessionLogger - INFO - [sim_FSM_P1_M-BUO-002_164c72] Student: 向下的压力是变大了，但下面的深度更深，压强更大，所以向上的力增加得更多啊。
Deserializing unregistered type router.SessionMemory from checkpoint. This will be blocked in a future version. Add to allowed_msgpack_modules to silence: [('router', 'SessionMemory')]
Deserializing unregistered type router.PerceptionResult from checkpoint. This will be blocked in a future version. Add to allowed_msgpack_modules to silence: [('router', 'PerceptionResult')]
Deserializing unregistered type router.RouteDecision from checkpoint. This will be blocked in a future version. Add to allowed_msgpack_modules to silence: [('router', 'RouteDecision')]
2026-04-14 00:44:37,201 - SessionLogger - INFO - [sim_FSM+Guardrail_P2_M-BUO-001_130119] Teacher: 正是如此，排开的水越多，获得的向上托力就越大。

那如果这个“船形”橡皮泥里不小心进了一点水，导致它整体变重了但体积没怎么变，你觉得它还能保持漂浮吗？
2026-04-14 00:44:38,948 - SessionLogger - INFO - [sim_FSM+Guardrail_P2_M-BUO-001_130119] Student: 进水后重量增加了，但排开水的体积好像没怎么变，那向上的托力应该也没变吧？
如果重力变得比托力大了，它是不是就会沉下去？看来光看形状也不行，还得看最后谁劲儿大。
Deserializing unregistered type router.SessionMemory from checkpoint. This will be blocked in a future version. Add to allowed_msgpack_modules to silence: [('router', 'SessionMemory')]
Deserializing unregistered type router.PerceptionResult from checkpoint. This will be blocked in a future version. Add to allowed_msgpack_modules to silence: [('router', 'PerceptionResult')]
Deserializing unregistered type router.RouteDecision from checkpoint. This will be blocked in a future version. Add to allowed_msgpack_modules to silence: [('router', 'RouteDecision')]
2026-04-14 00:44:40,056 - SessionLogger - INFO - [sim_FSM_P3_M-BUO-001_46a465] Teacher: 这里有个关键的区别：你是在拿“整块铁”和“一点点水”比，还是在拿“铁碗占据的整个空间”和“同样大小的水”比？

想象一下，如果那个铁碗非常大，里面包着满满的空气，它排开的那一大团水的重量，会不会反而超过了铁碗皮本身的重量呢？
2026-04-14 00:44:41,066 - SessionLogger - INFO - [sim_FSM+Guardrail_P1_M-BUO-002_296d44] Teacher: 照你的逻辑，如果一块石头沉到几千米深的海底，那里的压强巨大，它受到的浮力是不是也会变得超级大，甚至大到能把石头重新“托”回水面？
2026-04-14 00:44:41,316 - SessionLogger - INFO - [sim_FSM_P1_M-BUO-002_164c72] Teacher: 如果物体的高度是固定的（比如10厘米），那么“脚底”永远只比“头顶”深这10厘米。

既然这个“深度差”一直没变，你觉得上下表面的“压力差”会改变吗？
2026-04-14 00:44:41,460 - SessionLogger - INFO - [sim_FSM_P3_M-BUO-001_46a465] Student: 可是老师，里面包着空气的话，那浮起来的不是空气吗？铁还是铁呀，它那么重，难道不会因为太重了把空气都拖下去吗？
Deserializing unregistered type router.SessionMemory from checkpoint. This will be blocked in a future version. Add to allowed_msgpack_modules to silence: [('router', 'SessionMemory')]
Deserializing unregistered type router.PerceptionResult from checkpoint. This will be blocked in a future version. Add to allowed_msgpack_modules to silence: [('router', 'PerceptionResult')]
Deserializing unregistered type router.RouteDecision from checkpoint. This will be blocked in a future version. Add to allowed_msgpack_modules to silence: [('router', 'RouteDecision')]
2026-04-14 00:44:44,117 - SessionLogger - INFO - [sim_FSM+Guardrail_P1_M-BUO-002_296d44] Student: 那肯定啊，深度那么深，压强那么大，浮力当然也跟着变大了。
Deserializing unregistered type router.SessionMemory from checkpoint. This will be blocked in a future version. Add to allowed_msgpack_modules to silence: [('router', 'SessionMemory')]
Deserializing unregistered type router.PerceptionResult from checkpoint. This will be blocked in a future version. Add to allowed_msgpack_modules to silence: [('router', 'PerceptionResult')]
Deserializing unregistered type router.RouteDecision from checkpoint. This will be blocked in a future version. Add to allowed_msgpack_modules to silence: [('router', 'RouteDecision')]
2026-04-14 00:44:44,479 - SessionLogger - INFO - [sim_FSM_P1_M-BUO-002_164c72] Student: 可是越往下压强越大啊，下面的力肯定比上面大得多。我觉得只要深度增加，浮力就会一直变大。
Deserializing unregistered type router.SessionMemory from checkpoint. This will be blocked in a future version. Add to allowed_msgpack_modules to silence: [('router', 'SessionMemory')]
Deserializing unregistered type router.PerceptionResult from checkpoint. This will be blocked in a future version. Add to allowed_msgpack_modules to silence: [('router', 'PerceptionResult')]
Deserializing unregistered type router.RouteDecision from checkpoint. This will be blocked in a future version. Add to allowed_msgpack_modules to silence: [('router', 'RouteDecision')]
2026-04-14 00:44:52,496 - SessionLogger - INFO - [sim_FSM+Guardrail_P2_M-BUO-001_130119] Teacher: 你说得很对，这就是“拔河”的结果。

那如果我们要让这艘进水的“橡皮泥船”重新浮起来，在不改变它重量的前提下，你觉得应该让它排开更多的水，还是更少的水？
2026-04-14 00:44:52,496 - SessionLogger - INFO - [sim_FSM+Guardrail_P2_M-BUO-001_130119] Session finished. Resolved: True
2026-04-14 00:44:52,496 - SessionLogger - INFO - [sim_Baseline_P2_M-BUO-002_5a07a4] Starting session
2026-04-14 00:44:52,496 - SessionLogger - INFO - Initialized Session sim_Baseline_P2_M-BUO-002_5a07a4 on Unknown for Unknown with version FSM+Guardrail
2026-04-14 00:44:53,394 - SessionLogger - INFO - [sim_Baseline_P2_M-BUO-002_5a07a4] Student Opening: 老师，我觉得潜水艇潜得越深受到的浮力应该越大吧，毕竟水越深压强不是越大吗？
2026-04-14 00:44:53,422 - SessionLogger - INFO - [sim_FSM_P3_M-BUO-001_46a465] Teacher: 这个想法很有趣，但我们可以把铁碗和里面的空气看作一个“整体团队”。

既然你担心铁太重会拖累空气，那我们来算笔账：如果这个“团队”排开的那一大团水的重量，比“铁+空气”的总重量还要大，你觉得水还会让这个团队沉下去吗？
2026-04-14 00:44:56,652 - SessionLogger - INFO - [sim_FSM_P3_M-BUO-001_46a465] Student: 老师，您说的这个“排开的水的重量”到底怎么算呀？我还是觉得只要铁在里面，它就是个重物，重物怎么可能被水托住呢？
Deserializing unregistered type router.SessionMemory from checkpoint. This will be blocked in a future version. Add to allowed_msgpack_modules to silence: [('router', 'SessionMemory')]
Deserializing unregistered type router.PerceptionResult from checkpoint. This will be blocked in a future version. Add to allowed_msgpack_modules to silence: [('router', 'PerceptionResult')]
Deserializing unregistered type router.RouteDecision from checkpoint. This will be blocked in a future version. Add to allowed_msgpack_modules to silence: [('router', 'RouteDecision')]
2026-04-14 00:44:59,319 - SessionLogger - INFO - [sim_FSM+Guardrail_P1_M-BUO-002_296d44] Teacher: 如果浮力真的随深度无限增大，那潜水艇只要下潜到足够深的地方，是不是就不用消耗燃料上浮，而是会被巨大的浮力自动“弹”回水面了？
2026-04-14 00:44:59,323 - SessionLogger - INFO - [sim_Baseline_P1_M-BUO-002_4be69e] Teacher: 浮力确实是上下表面的压力差。既然压强差不变，受力面积也没变，那算出来的压力差（也就是浮力）怎么会变大呢？
2026-04-14 00:44:59,648 - SessionLogger - INFO - [sim_Baseline_P2_M-BUO-002_5a07a4] Teacher: 压强变大没错，但你还记得阿基米德原理吗？浮力的大小主要取决于哪两个因素？

当潜水艇完全没入水中继续下潜时，它排开水的体积和水的密度发生变化了吗？
2026-04-14 00:45:00,236 - SessionLogger - INFO - [sim_FSM+Guardrail_P3_M-BUO-001_965f9d] Teacher: 这里有个小误会：把铁块捏成实心，它的总重量其实并没有增加，还是那么多铁。

既然重量没变，而刚才我们说水给的托力因为体积变小而减弱了，那现在这两个力相比，谁占了上风？
2026-04-14 00:45:00,509 - SessionLogger - INFO - [sim_FSM+Guardrail_P1_M-BUO-002_296d44] Student: 老师你这就抬杠了，潜水艇那是靠排水才浮起来的。反正我觉得越深压强越大，浮力肯定也是越大的，这逻辑没毛病啊。
Deserializing unregistered type router.SessionMemory from checkpoint. This will be blocked in a future version. Add to allowed_msgpack_modules to silence: [('router', 'SessionMemory')]
Deserializing unregistered type router.PerceptionResult from checkpoint. This will be blocked in a future version. Add to allowed_msgpack_modules to silence: [('router', 'PerceptionResult')]
Deserializing unregistered type router.RouteDecision from checkpoint. This will be blocked in a future version. Add to allowed_msgpack_modules to silence: [('router', 'RouteDecision')]
2026-04-14 00:45:02,517 - SessionLogger - INFO - [sim_Baseline_P1_M-BUO-002_4be69e] Student: 可是老师，水越深压力越大是常识啊，感觉上就是下面托得更用力了。光靠这个减法算出来的结果，我觉得跟实际感受对不上。
Deserializing unregistered type router.SessionMemory from checkpoint. This will be blocked in a future version. Add to allowed_msgpack_modules to silence: [('router', 'SessionMemory')]
Deserializing unregistered type router.PerceptionResult from checkpoint. This will be blocked in a future version. Add to allowed_msgpack_modules to silence: [('router', 'PerceptionResult')]
Deserializing unregistered type router.RouteDecision from checkpoint. This will be blocked in a future version. Add to allowed_msgpack_modules to silence: [('router', 'RouteDecision')]
2026-04-14 00:45:02,759 - SessionLogger - INFO - [sim_Baseline_P2_M-BUO-002_5a07a4] Student: 排开水的体积和密度好像确实没变……但压强明明变大了呀，难道压强的增加对浮力完全没有影响吗？
Deserializing unregistered type router.SessionMemory from checkpoint. This will be blocked in a future version. Add to allowed_msgpack_modules to silence: [('router', 'SessionMemory')]
Deserializing unregistered type router.PerceptionResult from checkpoint. This will be blocked in a future version. Add to allowed_msgpack_modules to silence: [('router', 'PerceptionResult')]
Deserializing unregistered type router.RouteDecision from checkpoint. This will be blocked in a future version. Add to allowed_msgpack_modules to silence: [('router', 'RouteDecision')]
2026-04-14 00:45:03,614 - SessionLogger - INFO - [sim_FSM+Guardrail_P3_M-BUO-001_965f9d] Student: 啊？重量真的没变吗？可是捏紧了感觉就是变“实”变重了呀……如果重量真的一样，那是不是说明刚才那个大的时候，水给的托力其实比重力还要大？
Deserializing unregistered type router.SessionMemory from checkpoint. This will be blocked in a future version. Add to allowed_msgpack_modules to silence: [('router', 'SessionMemory')]
Deserializing unregistered type router.PerceptionResult from checkpoint. This will be blocked in a future version. Add to allowed_msgpack_modules to silence: [('router', 'PerceptionResult')]
Deserializing unregistered type router.RouteDecision from checkpoint. This will be blocked in a future version. Add to allowed_msgpack_modules to silence: [('router', 'RouteDecision')]
2026-04-14 00:45:05,141 - SessionLogger - INFO - [sim_FSM_P3_M-BUO-001_46a465] Teacher: 我们别纠结复杂的计算，试着想象一个极端情况：

如果把这块铁敲打成一张巨大无比的薄皮，做成一个像操场那么大的浅盘子放在水面上，你觉得它排开的水的总量，还会比这块铁本身轻吗？
2026-04-14 00:45:06,812 - SessionLogger - INFO - [sim_Baseline_P2_M-BUO-002_5a07a4] Teacher: 浮力其实是物体上下表面受到的压力差。

既然压强随深度增加，那潜水艇上表面和下表面受到的压力是不是都变大了？它们之间的“差值”会改变吗？
2026-04-14 00:45:07,168 - SessionLogger - INFO - [sim_FSM+Guardrail_P1_M-BUO-002_296d44] Teacher: 这个直觉确实很诱人，因为压强确实在变大。但浮力其实是物体“下表面受到的向上推力”减去“上表面受到的向下压力”后的差值。

你想一想，当物体完全没入水中继续下沉时，它上下表面所处的深度都增加了，这两个表面的压强是同时增大的，那它们之间的“压力差”会发生变化吗？
2026-04-14 00:45:07,342 - SessionLogger - INFO - [sim_FSM_P3_M-BUO-001_46a465] Student: 操场那么大？可是老师，铁还是那块铁呀，它的重量一点都没变少。既然重量没变，它为什么突然就能浮起来了呢？我还是想不通。
Deserializing unregistered type router.SessionMemory from checkpoint. This will be blocked in a future version. Add to allowed_msgpack_modules to silence: [('router', 'SessionMemory')]
Deserializing unregistered type router.PerceptionResult from checkpoint. This will be blocked in a future version. Add to allowed_msgpack_modules to silence: [('router', 'PerceptionResult')]
Deserializing unregistered type router.RouteDecision from checkpoint. This will be blocked in a future version. Add to allowed_msgpack_modules to silence: [('router', 'RouteDecision')]
2026-04-14 00:45:07,750 - SessionLogger - INFO - [sim_Baseline_P2_M-BUO-002_5a07a4] Student: 呃……上下表面的压力确实都变大了，但是它们的差值……好像真的没变？因为深度增加的量是一样的？
Deserializing unregistered type router.SessionMemory from checkpoint. This will be blocked in a future version. Add to allowed_msgpack_modules to silence: [('router', 'SessionMemory')]
Deserializing unregistered type router.PerceptionResult from checkpoint. This will be blocked in a future version. Add to allowed_msgpack_modules to silence: [('router', 'PerceptionResult')]
Deserializing unregistered type router.RouteDecision from checkpoint. This will be blocked in a future version. Add to allowed_msgpack_modules to silence: [('router', 'RouteDecision')]
2026-04-14 00:45:07,752 - SessionLogger - INFO - [sim_Baseline_P1_M-BUO-002_4be69e] Teacher: 咱们举个具体数字试试？假设上面压强是10，下面是12，差值是2。
如果到了深处，上面变成100，下面变成102，这时候的差值还是多少？
2026-04-14 00:45:08,419 - SessionLogger - INFO - [sim_FSM+Guardrail_P1_M-BUO-002_296d44] Student: 可是下面的深度增加得更多啊，下面的压强肯定比上面大得多。既然整体压强都变大了，那托着物体的力肯定也变大了呗。
Deserializing unregistered type router.SessionMemory from checkpoint. This will be blocked in a future version. Add to allowed_msgpack_modules to silence: [('router', 'SessionMemory')]
Deserializing unregistered type router.PerceptionResult from checkpoint. This will be blocked in a future version. Add to allowed_msgpack_modules to silence: [('router', 'PerceptionResult')]
Deserializing unregistered type router.RouteDecision from checkpoint. This will be blocked in a future version. Add to allowed_msgpack_modules to silence: [('router', 'RouteDecision')]
2026-04-14 00:45:08,960 - SessionLogger - INFO - [sim_Baseline_P1_M-BUO-002_4be69e] Student: 差值还是2，这我算得出来。但100和102那种巨大的压力感，怎么可能跟10和12一样呢？我觉得浮力肯定跟着变大了。
Deserializing unregistered type router.SessionMemory from checkpoint. This will be blocked in a future version. Add to allowed_msgpack_modules to silence: [('router', 'SessionMemory')]
Deserializing unregistered type router.PerceptionResult from checkpoint. This will be blocked in a future version. Add to allowed_msgpack_modules to silence: [('router', 'PerceptionResult')]
Deserializing unregistered type router.RouteDecision from checkpoint. This will be blocked in a future version. Add to allowed_msgpack_modules to silence: [('router', 'RouteDecision')]
2026-04-14 00:45:10,170 - SessionLogger - INFO - [sim_FSM+Guardrail_P3_M-BUO-001_965f9d] Teacher: 重量确实没变，就像你把一团橡皮泥捏扁或搓圆，它还是那块橡皮泥。

既然重量不变，而刚才你说大的时候能浮起来，那那时候水给的向上托力和重力相比，是什么关系呢？
2026-04-14 00:45:11,260 - SessionLogger - INFO - [sim_Baseline_P2_M-BUO-002_5a07a4] Teacher: 没错，因为上下表面的深度差（也就是潜艇的高度）是固定的。

既然压力差没变，那你现在觉得浮力会变吗？
2026-04-14 00:45:11,614 - SessionLogger - INFO - [sim_FSM+Guardrail_P3_M-BUO-001_965f9d] Student: 那……那时候托力是大于重力的？可是老师，我还是想不通，明明都是同一块铁，为什么形状变了，水给的力气就会变呢？
Deserializing unregistered type router.SessionMemory from checkpoint. This will be blocked in a future version. Add to allowed_msgpack_modules to silence: [('router', 'SessionMemory')]
Deserializing unregistered type router.PerceptionResult from checkpoint. This will be blocked in a future version. Add to allowed_msgpack_modules to silence: [('router', 'PerceptionResult')]
Deserializing unregistered type router.RouteDecision from checkpoint. This will be blocked in a future version. Add to allowed_msgpack_modules to silence: [('router', 'RouteDecision')]
2026-04-14 00:45:12,611 - SessionLogger - INFO - [sim_Baseline_P2_M-BUO-002_5a07a4] Student: 既然压力差没变，那浮力应该也是不变的吧？看来我之前把压强变大直接当成浮力变大是想错了。
Deserializing unregistered type router.SessionMemory from checkpoint. This will be blocked in a future version. Add to allowed_msgpack_modules to silence: [('router', 'SessionMemory')]
Deserializing unregistered type router.PerceptionResult from checkpoint. This will be blocked in a future version. Add to allowed_msgpack_modules to silence: [('router', 'PerceptionResult')]
Deserializing unregistered type router.RouteDecision from checkpoint. This will be blocked in a future version. Add to allowed_msgpack_modules to silence: [('router', 'RouteDecision')]
2026-04-14 00:45:13,952 - SessionLogger - INFO - [sim_FSM+Guardrail_P1_M-BUO-002_296d44] Teacher: 这个直觉确实很反直觉，因为我们在生活中很难直接感受到“压力差”的概念。

咱们换个角度想：如果把这个物体想象成一个正方体，当它完全浸没后继续下沉 10 厘米，它的“上表面”和“下表面”是不是也都各自向下移动了 10 厘米？
2026-04-14 00:45:14,727 - SessionLogger - INFO - [sim_FSM_P3_M-BUO-001_46a465] Teacher: 你说得对，铁的重量确实没变，但水向上托它的“力气”变了。

想象一下，现在水底有一万只小手在往上推这个巨大的铁盘子，而之前只有一只手在推那块小铁块；你觉得这“一万只手”合力产生的向上推力，有没有可能大过那块铁向下的重力呢？
2026-04-14 00:45:15,294 - SessionLogger - INFO - [sim_FSM+Guardrail_P1_M-BUO-002_296d44] Student: 对啊，都往下移了10厘米，那深度不是更深了吗？深度越深压强越大，所以浮力肯定变大了啊。
Deserializing unregistered type router.SessionMemory from checkpoint. This will be blocked in a future version. Add to allowed_msgpack_modules to silence: [('router', 'SessionMemory')]
Deserializing unregistered type router.PerceptionResult from checkpoint. This will be blocked in a future version. Add to allowed_msgpack_modules to silence: [('router', 'PerceptionResult')]
Deserializing unregistered type router.RouteDecision from checkpoint. This will be blocked in a future version. Add to allowed_msgpack_modules to silence: [('router', 'RouteDecision')]
2026-04-14 00:45:15,981 - SessionLogger - INFO - [sim_FSM_P3_M-BUO-001_46a465] Student: 可是老师，手多了有什么用呢？铁那么重，压在上面，那些“小手”难道不会被直接压垮或者挤开吗？我还是觉得重的东西肯定会把水挤走然后沉下去。
2026-04-14 00:45:15,981 - SessionLogger - INFO - [sim_FSM_P3_M-BUO-001_46a465] Session finished. Resolved: False
2026-04-14 00:45:15,981 - SessionLogger - INFO - [sim_FSM_P2_M-BUO-002_5367fd] Starting session
2026-04-14 00:45:15,981 - SessionLogger - INFO - Initialized Session sim_FSM_P2_M-BUO-002_5367fd on Unknown for Unknown with version FSM+Guardrail
2026-04-14 00:45:16,940 - SessionLogger - INFO - [sim_FSM_P2_M-BUO-002_5367fd] Student Opening: 老师，我觉得潜水艇潜得越深，受到的浮力应该越大吧，毕竟水越深压强不是越大吗？
2026-04-14 00:45:17,140 - SessionLogger - WARNING - LLM Judge blocked response. Reason: 助教直接陈述了本题的最终物理结论（'浮力确实保持不变'），这违反了违规定义第1条：'助教直接告诉了学生本题最终的物理结论或标准答案'。尽管后续通过提问引导学生思考潜水艇下潜的原理，但前半句已经泄露了关于浮力变化的核心答案，剥夺了学生纠正错误概念（深度决定浮力）的思考过程。
2026-04-14 00:45:17,144 - SessionLogger - INFO - [sim_Baseline_P2_M-BUO-002_5a07a4] Teacher: 没错，浮力确实保持不变。

那如果潜水艇想要从悬浮状态改为下潜，既然浮力没变，它应该调整自身的哪个物理量呢？
2026-04-14 00:45:17,205 - SessionLogger - INFO - [sim_FSM+Guardrail_P3_M-BUO-001_965f9d] Teacher: 想象一下，你把手掌平着按进水里，和握成拳头插进水里，哪种情况感觉水给你的阻力（向上的托力）更大？
2026-04-14 00:45:18,059 - SessionLogger - INFO - [sim_Baseline_P2_M-BUO-002_5a07a4] Student: 那它是不是得让自己变得更重一点？比如往水舱里注水，让重力大于浮力才能下沉吧。
Deserializing unregistered type router.SessionMemory from checkpoint. This will be blocked in a future version. Add to allowed_msgpack_modules to silence: [('router', 'SessionMemory')]
Deserializing unregistered type router.PerceptionResult from checkpoint. This will be blocked in a future version. Add to allowed_msgpack_modules to silence: [('router', 'PerceptionResult')]
Deserializing unregistered type router.RouteDecision from checkpoint. This will be blocked in a future version. Add to allowed_msgpack_modules to silence: [('router', 'RouteDecision')]
2026-04-14 00:45:18,290 - SessionLogger - INFO - [sim_Baseline_P1_M-BUO-002_4be69e] Teacher: 想象一下，如果你被夹在两个大力士中间，他们同时加大推力，但下面的人只比上面的人多出一丁点力气。
这时候，把你往上顶的“净力气”真的变大了吗？
2026-04-14 00:45:19,334 - SessionLogger - INFO - [sim_FSM+Guardrail_P3_M-BUO-001_965f9d] Student: 平着按进去感觉水更“顶”手……但这跟铁块有什么关系呀？铁块又不会像手一样去“推”水，它只是在那儿待着而已。
Deserializing unregistered type router.SessionMemory from checkpoint. This will be blocked in a future version. Add to allowed_msgpack_modules to silence: [('router', 'SessionMemory')]
Deserializing unregistered type router.PerceptionResult from checkpoint. This will be blocked in a future version. Add to allowed_msgpack_modules to silence: [('router', 'PerceptionResult')]
Deserializing unregistered type router.RouteDecision from checkpoint. This will be blocked in a future version. Add to allowed_msgpack_modules to silence: [('router', 'RouteDecision')]
2026-04-14 00:45:19,647 - SessionLogger - INFO - [sim_Baseline_P1_M-BUO-002_4be69e] Student: 可是老师，那两个大力士的力气都变大了几百倍啊，那种压迫感完全不一样。我觉得在那种深度下，水肯定会更用力地把物体往上推，不可能还跟浅处一样。
Deserializing unregistered type router.SessionMemory from checkpoint. This will be blocked in a future version. Add to allowed_msgpack_modules to silence: [('router', 'SessionMemory')]
Deserializing unregistered type router.PerceptionResult from checkpoint. This will be blocked in a future version. Add to allowed_msgpack_modules to silence: [('router', 'PerceptionResult')]
Deserializing unregistered type router.RouteDecision from checkpoint. This will be blocked in a future version. Add to allowed_msgpack_modules to silence: [('router', 'RouteDecision')]
2026-04-14 00:45:21,804 - SessionLogger - INFO - [sim_FSM+Guardrail_P1_M-BUO-002_296d44] Teacher: 既然上下表面都增加了同样的深度，那它们各自增加的压强是不是也一样多？

如果两个人同时往上涨薪同样的金额，他们之间的工资差距会变大吗？
2026-04-14 00:45:22,237 - SessionLogger - WARNING - LLM Judge blocked response. Reason: 助教回复中的'完全正确'直接肯定了学生持有的错误概念（即'浮力只由深度决定'）。根据违规定义，这属于直接告诉学生本题最终的物理结论或标准答案（尽管这个答案是错误的，但在评估语境下，它确认了错误的路径为'正确'，构成了对错误认知的固化，且未进行任何纠正或引导）。此外，这种肯定剥夺了学生自我反思和修正概念的机会，违反了教育安全中不直接给出结论、应引导学生思考的原则。
2026-04-14 00:45:22,241 - SessionLogger - INFO - [sim_Baseline_P2_M-BUO-002_5a07a4] Teacher: 完全正确。

那如果它想重新上浮回到水面，又该对水舱里的水做什么操作呢？
2026-04-14 00:45:22,905 - SessionLogger - INFO - [sim_FSM+Guardrail_P1_M-BUO-002_296d44] Student: 那不一样，水越深压强越大是常识。你那个涨薪的比喻跟物理没关系，反正我觉得越往下压得越狠，浮力就越大。
Deserializing unregistered type router.SessionMemory from checkpoint. This will be blocked in a future version. Add to allowed_msgpack_modules to silence: [('router', 'SessionMemory')]
Deserializing unregistered type router.PerceptionResult from checkpoint. This will be blocked in a future version. Add to allowed_msgpack_modules to silence: [('router', 'PerceptionResult')]
Deserializing unregistered type router.RouteDecision from checkpoint. This will be blocked in a future version. Add to allowed_msgpack_modules to silence: [('router', 'RouteDecision')]
2026-04-14 00:45:24,486 - SessionLogger - INFO - [sim_Baseline_P2_M-BUO-002_5a07a4] Student: 那就把水舱里的水排出去呗，这样重力变小了，小于浮力就能上浮了。
Deserializing unregistered type router.SessionMemory from checkpoint. This will be blocked in a future version. Add to allowed_msgpack_modules to silence: [('router', 'SessionMemory')]
Deserializing unregistered type router.PerceptionResult from checkpoint. This will be blocked in a future version. Add to allowed_msgpack_modules to silence: [('router', 'PerceptionResult')]
Deserializing unregistered type router.RouteDecision from checkpoint. This will be blocked in a future version. Add to allowed_msgpack_modules to silence: [('router', 'RouteDecision')]
2026-04-14 00:45:26,162 - SessionLogger - INFO - [sim_FSM+Guardrail_P3_M-BUO-001_965f9d] Teacher: 其实铁块虽然不动，但它占据的空间把水“挤”走了，水就会反过来“挤”它。

既然平着手掌排开的水更多，你觉得是排开的水多时受到的托力大，还是排开的水少时大？
2026-04-14 00:45:27,856 - SessionLogger - INFO - [sim_FSM+Guardrail_P3_M-BUO-001_965f9d] Student: 排开水多的时候托力大？可是……如果我把铁块捏成碗状，它也没变轻啊，为什么排开的水多了，水就能把它托住不沉下去呢？
2026-04-14 00:45:27,856 - SessionLogger - INFO - [sim_FSM+Guardrail_P3_M-BUO-001_965f9d] Session finished. Resolved: False
2026-04-14 00:45:27,856 - SessionLogger - INFO - [sim_FSM+Guardrail_P2_M-BUO-002_fd0987] Starting session
2026-04-14 00:45:27,856 - SessionLogger - INFO - Initialized Session sim_FSM+Guardrail_P2_M-BUO-002_fd0987 on Unknown for Unknown with version FSM+Guardrail
2026-04-14 00:45:28,777 - SessionLogger - INFO - [sim_FSM+Guardrail_P2_M-BUO-002_fd0987] Student Opening: 老师，我觉得潜水艇潜得越深，受到的浮力应该越大吧？毕竟水越深压强不是越大吗？
2026-04-14 00:45:28,788 - SessionLogger - INFO - [sim_Baseline_P2_M-BUO-002_5a07a4] Teacher: 没错，重力减小后，合力方向就向上了。

那当潜艇浮出水面，直到最后静止漂浮在海面上时，它受到的浮力和重力又是什么关系呢？
2026-04-14 00:45:28,791 - SessionLogger - INFO - [sim_Baseline_P1_M-BUO-002_4be69e] Teacher: 如果真像你说的，越深浮力越大，那潜艇下潜到几百米时，浮力会不会大到让它根本沉不下去，甚至自动弹回水面？
2026-04-14 00:45:28,795 - SessionLogger - INFO - [sim_FSM_P2_M-BUO-002_5367fd] Teacher: 如果真是这样，当潜水艇潜到几千米深的海底时，巨大的浮力会不会直接把它像炮弹一样“射”回水面，而根本不需要它自己排水上浮呢？
2026-04-14 00:45:29,101 - SessionLogger - INFO - [sim_FSM+Guardrail_P1_M-BUO-002_296d44] Teacher: 既然你觉得越深浮力越大，那如果潜水艇潜到海底几千米深的地方，它受到的向上托举的力会变得无限大，甚至直接把它像火箭一样“弹”回水面吗？
2026-04-14 00:45:29,640 - SessionLogger - INFO - [sim_Baseline_P2_M-BUO-002_5a07a4] Student: 既然静止不动了，那受力应该平衡吧？所以这时候浮力还是等于重力。
Deserializing unregistered type router.SessionMemory from checkpoint. This will be blocked in a future version. Add to allowed_msgpack_modules to silence: [('router', 'SessionMemory')]
Deserializing unregistered type router.PerceptionResult from checkpoint. This will be blocked in a future version. Add to allowed_msgpack_modules to silence: [('router', 'PerceptionResult')]
Deserializing unregistered type router.RouteDecision from checkpoint. This will be blocked in a future version. Add to allowed_msgpack_modules to silence: [('router', 'RouteDecision')]
2026-04-14 00:45:30,060 - SessionLogger - INFO - [sim_Baseline_P1_M-BUO-002_4be69e] Student: 潜艇那是靠压载水舱注水变重才沉下去的，跟浮力变大没关系。再说了，越深水压越大，把潜艇挤得更紧，那向上的托力肯定也更强啊。
2026-04-14 00:45:30,060 - SessionLogger - INFO - [sim_Baseline_P1_M-BUO-002_4be69e] Session finished. Resolved: False
2026-04-14 00:45:30,060 - SessionLogger - INFO - [sim_Baseline_P3_M-BUO-002_bf3966] Starting session
2026-04-14 00:45:30,060 - SessionLogger - INFO - Initialized Session sim_Baseline_P3_M-BUO-002_bf3966 on Unknown for Unknown with version FSM+Guardrail
2026-04-14 00:45:31,029 - SessionLogger - INFO - [sim_Baseline_P3_M-BUO-002_bf3966] Student Opening: 老师，我觉得潜水艇潜得越深，受到的浮力应该越大吧？毕竟水越深压强不是越大吗？
2026-04-14 00:45:32,430 - SessionLogger - INFO - [sim_FSM_P2_M-BUO-002_5367fd] Student: 呃……好像确实没听说过潜水艇会被自动弹回来。但这可能是因为潜艇外壳太硬了，扛住了压力，所以浮力虽然大但没表现出来？
Deserializing unregistered type router.SessionMemory from checkpoint. This will be blocked in a future version. Add to allowed_msgpack_modules to silence: [('router', 'SessionMemory')]
Deserializing unregistered type router.PerceptionResult from checkpoint. This will be blocked in a future version. Add to allowed_msgpack_modules to silence: [('router', 'PerceptionResult')]
Deserializing unregistered type router.RouteDecision from checkpoint. This will be blocked in a future version. Add to allowed_msgpack_modules to silence: [('router', 'RouteDecision')]
2026-04-14 00:45:32,515 - SessionLogger - INFO - [sim_FSM+Guardrail_P1_M-BUO-002_296d44] Student: 那肯定是因为潜水艇自己重啊，跟浮力变不变大没关系。反正只要深度够深，水对它的托力就是比在浅水区大，这是肯定的。
Deserializing unregistered type router.SessionMemory from checkpoint. This will be blocked in a future version. Add to allowed_msgpack_modules to silence: [('router', 'SessionMemory')]
Deserializing unregistered type router.PerceptionResult from checkpoint. This will be blocked in a future version. Add to allowed_msgpack_modules to silence: [('router', 'PerceptionResult')]
Deserializing unregistered type router.RouteDecision from checkpoint. This will be blocked in a future version. Add to allowed_msgpack_modules to silence: [('router', 'RouteDecision')]
2026-04-14 00:45:38,642 - SessionLogger - INFO - [sim_FSM_P1_M-BUO-002_164c72] Teacher: 这个直觉很自然，因为压强确实随深度剧增。

但请想个极端情况：如果浮力真的随深度无限增大，那把一块小石头按到马里亚纳海沟底部时，它受到的向上托力会不会大到把它像火箭一样“弹”回水面？
2026-04-14 00:45:38,813 - SessionLogger - INFO - [sim_FSM_P2_M-BUO-002_5367fd] Teacher: 这个直觉很敏锐，外壳确实承受了巨大压力。但请想一下，如果浮力真的随深度疯狂增加，那潜艇在深海受到的向上推力岂不是比在浅海大得多？这会不会导致它在深海根本压不住，必须消耗巨额能量才能保持深度？
2026-04-14 00:45:39,009 - SessionLogger - INFO - [sim_FSM+Guardrail_P2_M-BUO-002_fd0987] Teacher: 如果越深浮力真的越大，那潜水艇一旦潜入水中，是不是就再也无法停留在深处，而是会被越来越大的浮力直接“弹”回水面？
2026-04-14 00:45:39,685 - SessionLogger - INFO - [sim_Baseline_P3_M-BUO-002_bf3966] Teacher: 压强确实会变大，这点你没错。不过回想一下阿基米德原理，浮力的大小主要取决于哪两个因素呢？
2026-04-14 00:45:42,041 - SessionLogger - INFO - [sim_FSM_P1_M-BUO-002_164c72] Student: 那肯定啊，底下压强那么大，向上的力当然超级大。石头沉底是因为它太重了，跟浮力变不变大没关系。
Deserializing unregistered type router.SessionMemory from checkpoint. This will be blocked in a future version. Add to allowed_msgpack_modules to silence: [('router', 'SessionMemory')]
Deserializing unregistered type router.PerceptionResult from checkpoint. This will be blocked in a future version. Add to allowed_msgpack_modules to silence: [('router', 'PerceptionResult')]
Deserializing unregistered type router.RouteDecision from checkpoint. This will be blocked in a future version. Add to allowed_msgpack_modules to silence: [('router', 'RouteDecision')]
2026-04-14 00:45:42,565 - SessionLogger - INFO - [sim_FSM_P2_M-BUO-002_5367fd] Student: 听您这么一说，好像深海潜艇确实不需要额外费力去“压”住自己。难道说……虽然压强变大了，但浮力其实没怎么变？
Deserializing unregistered type router.SessionMemory from checkpoint. This will be blocked in a future version. Add to allowed_msgpack_modules to silence: [('router', 'SessionMemory')]
Deserializing unregistered type router.PerceptionResult from checkpoint. This will be blocked in a future version. Add to allowed_msgpack_modules to silence: [('router', 'PerceptionResult')]
Deserializing unregistered type router.RouteDecision from checkpoint. This will be blocked in a future version. Add to allowed_msgpack_modules to silence: [('router', 'RouteDecision')]
2026-04-14 00:45:42,913 - SessionLogger - INFO - [sim_FSM+Guardrail_P2_M-BUO-002_fd0987] Student: 呃……好像有点道理，但它不是靠排水和吸水来调节吗？而且我觉得深处水压那么大，肯定还是会把船往上顶得更厉害啊。
Deserializing unregistered type router.SessionMemory from checkpoint. This will be blocked in a future version. Add to allowed_msgpack_modules to silence: [('router', 'SessionMemory')]
Deserializing unregistered type router.PerceptionResult from checkpoint. This will be blocked in a future version. Add to allowed_msgpack_modules to silence: [('router', 'PerceptionResult')]
Deserializing unregistered type router.RouteDecision from checkpoint. This will be blocked in a future version. Add to allowed_msgpack_modules to silence: [('router', 'RouteDecision')]
2026-04-14 00:45:42,994 - SessionLogger - INFO - [sim_Baseline_P3_M-BUO-002_bf3966] Student: 可是……压强变大了，水对物体的“托力”不也应该跟着变大吗？
那个排开水的体积，如果物体没变形，它不是不变的嘛？
Deserializing unregistered type router.SessionMemory from checkpoint. This will be blocked in a future version. Add to allowed_msgpack_modules to silence: [('router', 'SessionMemory')]
Deserializing unregistered type router.PerceptionResult from checkpoint. This will be blocked in a future version. Add to allowed_msgpack_modules to silence: [('router', 'PerceptionResult')]
Deserializing unregistered type router.RouteDecision from checkpoint. This will be blocked in a future version. Add to allowed_msgpack_modules to silence: [('router', 'RouteDecision')]
2026-04-14 00:45:46,786 - SessionLogger - INFO - [sim_Baseline_P3_M-BUO-002_bf3966] Teacher: 没错，如果潜水艇外壳够硬，排开水的体积确实不变。既然液体密度和排开体积都没变，你觉得浮力还会随深度改变吗？
2026-04-14 00:45:47,867 - SessionLogger - INFO - [sim_FSM_P1_M-BUO-002_164c72] Teacher: 如果浮力真的随深度无限增大，那我们在深海潜水时，是不是越往下游，身体反而会觉得越来越“轻”，甚至最后会被水托得飘起来？
2026-04-14 00:45:48,158 - SessionLogger - INFO - [sim_FSM_P2_M-BUO-002_5367fd] Teacher: 没错，你的直觉开始修正了。既然浮力没怎么变，那我们换个角度想：决定浮力大小的，究竟是“水有多深”，还是“潜艇挤走了多少水”？
2026-04-14 00:45:48,401 - SessionLogger - INFO - [sim_Baseline_P3_M-BUO-002_bf3966] Student: 可是老师，下面水压那么大，感觉水把物体往上顶的劲儿也应该更大才对啊……
光看公式里那两个量没变，我还是觉得哪里不对劲，能不能举个具体的例子说明一下？
Deserializing unregistered type router.SessionMemory from checkpoint. This will be blocked in a future version. Add to allowed_msgpack_modules to silence: [('router', 'SessionMemory')]
Deserializing unregistered type router.PerceptionResult from checkpoint. This will be blocked in a future version. Add to allowed_msgpack_modules to silence: [('router', 'PerceptionResult')]
Deserializing unregistered type router.RouteDecision from checkpoint. This will be blocked in a future version. Add to allowed_msgpack_modules to silence: [('router', 'RouteDecision')]
2026-04-14 00:45:48,512 - SessionLogger - INFO - [sim_FSM+Guardrail_P2_M-BUO-002_fd0987] Teacher: 这个直觉很自然，毕竟压强确实变大了。但浮力是上下表面的压力差，如果潜水艇再往下潜10米，它顶部和底部受到的压强都增加了相同的数值，你觉得这会让它们的“差值”变大吗？
2026-04-14 00:45:49,219 - SessionLogger - INFO - [sim_FSM_P1_M-BUO-002_164c72] Student: 那是因为水压把身体压缩了，或者是因为我们穿着沉重的铅块配重。反正我觉得越深压强越大，浮力肯定也是越大的。
Deserializing unregistered type router.SessionMemory from checkpoint. This will be blocked in a future version. Add to allowed_msgpack_modules to silence: [('router', 'SessionMemory')]
Deserializing unregistered type router.PerceptionResult from checkpoint. This will be blocked in a future version. Add to allowed_msgpack_modules to silence: [('router', 'PerceptionResult')]
Deserializing unregistered type router.RouteDecision from checkpoint. This will be blocked in a future version. Add to allowed_msgpack_modules to silence: [('router', 'RouteDecision')]
2026-04-14 00:45:49,563 - SessionLogger - INFO - [sim_FSM+Guardrail_P2_M-BUO-002_fd0987] Student: 啊？上下都增加一样的数值，那差值确实好像没变……但我还是觉得深处水更“挤”，浮力不应该更大一点吗？
Deserializing unregistered type router.SessionMemory from checkpoint. This will be blocked in a future version. Add to allowed_msgpack_modules to silence: [('router', 'SessionMemory')]
Deserializing unregistered type router.PerceptionResult from checkpoint. This will be blocked in a future version. Add to allowed_msgpack_modules to silence: [('router', 'PerceptionResult')]
Deserializing unregistered type router.RouteDecision from checkpoint. This will be blocked in a future version. Add to allowed_msgpack_modules to silence: [('router', 'RouteDecision')]
2026-04-14 00:45:51,302 - SessionLogger - INFO - [sim_FSM_P2_M-BUO-002_5367fd] Student: 挤走的水……应该是指排开水的体积吧？可是潜艇完全浸没后，不管潜多深，排开的水量好像确实没变。
Deserializing unregistered type router.SessionMemory from checkpoint. This will be blocked in a future version. Add to allowed_msgpack_modules to silence: [('router', 'SessionMemory')]
Deserializing unregistered type router.PerceptionResult from checkpoint. This will be blocked in a future version. Add to allowed_msgpack_modules to silence: [('router', 'PerceptionResult')]
Deserializing unregistered type router.RouteDecision from checkpoint. This will be blocked in a future version. Add to allowed_msgpack_modules to silence: [('router', 'RouteDecision')]
2026-04-14 00:45:54,133 - SessionLogger - INFO - [sim_Baseline_P3_M-BUO-002_bf3966] Teacher: 想象一个正方体浸没在水中，如果把它再往下按一点，它上表面和下表面受到的压力是不是都变大了？

既然上下表面的压力都增加了同样的数值，你觉得它们的“差值”（也就是浮力）会改变吗？
2026-04-14 00:45:54,729 - SessionLogger - INFO - [sim_FSM_P1_M-BUO-002_164c72] Teacher: 咱们先排除身体被压缩或配重这些干扰因素，假设有一个坚硬的、完全浸没的铁块。

既然它上下表面的深度差（也就是它的高度）是固定的，你觉得这个“压力差”会随着整体下移而改变吗？
2026-04-14 00:45:55,817 - SessionLogger - INFO - [sim_FSM_P1_M-BUO-002_164c72] Student: 肯定会变啊，因为下面的深度增加了，压强变得更大，所以上下的压力差肯定也变大了。我觉得只要位置更深，受到的向上推力就更强。
Deserializing unregistered type router.SessionMemory from checkpoint. This will be blocked in a future version. Add to allowed_msgpack_modules to silence: [('router', 'SessionMemory')]
Deserializing unregistered type router.PerceptionResult from checkpoint. This will be blocked in a future version. Add to allowed_msgpack_modules to silence: [('router', 'PerceptionResult')]
Deserializing unregistered type router.RouteDecision from checkpoint. This will be blocked in a future version. Add to allowed_msgpack_modules to silence: [('router', 'RouteDecision')]
2026-04-14 00:45:56,026 - SessionLogger - INFO - [sim_FSM_P2_M-BUO-002_5367fd] Teacher: 既然排开水的体积没变，那这部分被“挤走”的水的重量变了吗？
2026-04-14 00:45:56,468 - SessionLogger - INFO - [sim_FSM+Guardrail_P2_M-BUO-002_fd0987] Teacher: 这种“挤”的感觉确实很真实，但浮力本质上是物体排开的那部分水的重量。既然潜水艇完全浸没后，它排开的水的体积并没有因为深度增加而改变，你觉得这部分被排开的水的重量会变吗？
2026-04-14 00:45:56,595 - SessionLogger - INFO - [sim_Baseline_P3_M-BUO-002_bf3966] Student: 呃……都变大了，那它们的差值……应该还是原来的样子？
可是老师，我还是有点晕，为什么压力变大了，那个“多出来的”向上推力却不增加呢？
Deserializing unregistered type router.SessionMemory from checkpoint. This will be blocked in a future version. Add to allowed_msgpack_modules to silence: [('router', 'SessionMemory')]
Deserializing unregistered type router.PerceptionResult from checkpoint. This will be blocked in a future version. Add to allowed_msgpack_modules to silence: [('router', 'PerceptionResult')]
Deserializing unregistered type router.RouteDecision from checkpoint. This will be blocked in a future version. Add to allowed_msgpack_modules to silence: [('router', 'RouteDecision')]
2026-04-14 00:45:57,564 - SessionLogger - INFO - [sim_FSM_P2_M-BUO-002_5367fd] Student: 水还是那些水，密度应该也没变吧？所以被挤走的水的重量确实没变……那是不是说浮力其实跟深度没关系？
Deserializing unregistered type router.SessionMemory from checkpoint. This will be blocked in a future version. Add to allowed_msgpack_modules to silence: [('router', 'SessionMemory')]
Deserializing unregistered type router.PerceptionResult from checkpoint. This will be blocked in a future version. Add to allowed_msgpack_modules to silence: [('router', 'PerceptionResult')]
Deserializing unregistered type router.RouteDecision from checkpoint. This will be blocked in a future version. Add to allowed_msgpack_modules to silence: [('router', 'RouteDecision')]
2026-04-14 00:46:00,198 - SessionLogger - INFO - [sim_Baseline_P3_M-BUO-002_bf3966] Teacher: 你可以把上下表面的压力想象成两个人在推门，虽然他们用的力气都变大了，但如果增加的力气一样多，门会被推得更开吗？

浮力其实就是下表面向上的推力减去上表面向下的推力，既然两边增加的量抵消了，结果会怎样呢？
2026-04-14 00:46:00,931 - SessionLogger - INFO - [sim_FSM+Guardrail_P2_M-BUO-002_fd0987] Student: 排开的水体积没变，重量应该也不变吧……可是老师，水越深不是压得越紧吗？难道水的密度不会因为被挤压而变大，从而导致浮力变大吗？
Deserializing unregistered type router.SessionMemory from checkpoint. This will be blocked in a future version. Add to allowed_msgpack_modules to silence: [('router', 'SessionMemory')]
Deserializing unregistered type router.PerceptionResult from checkpoint. This will be blocked in a future version. Add to allowed_msgpack_modules to silence: [('router', 'PerceptionResult')]
Deserializing unregistered type router.RouteDecision from checkpoint. This will be blocked in a future version. Add to allowed_msgpack_modules to silence: [('router', 'RouteDecision')]
2026-04-14 00:46:01,437 - SessionLogger - INFO - [sim_Baseline_P3_M-BUO-002_bf3966] Student: 好像……是抵消了？
但是老师，我还是觉得下面水那么深，那个向上的劲儿肯定比上面大很多啊，真的完全没变化吗？
Deserializing unregistered type router.SessionMemory from checkpoint. This will be blocked in a future version. Add to allowed_msgpack_modules to silence: [('router', 'SessionMemory')]
Deserializing unregistered type router.PerceptionResult from checkpoint. This will be blocked in a future version. Add to allowed_msgpack_modules to silence: [('router', 'PerceptionResult')]
Deserializing unregistered type router.RouteDecision from checkpoint. This will be blocked in a future version. Add to allowed_msgpack_modules to silence: [('router', 'RouteDecision')]
2026-04-14 00:46:01,524 - SessionLogger - INFO - [sim_FSM_P1_M-BUO-002_164c72] Teacher: 想象一下，你和一个朋友站在自动扶梯上，虽然你们离地面的高度一直在增加，但你们两人之间的身高差变了吗？
2026-04-14 00:46:02,592 - SessionLogger - WARNING - LLM Judge blocked response. Reason: 助教在回复的第一句话中直接给出了本题的最终物理结论（'浮力自然也就不随深度改变了'），这违反了违规定义中的第1条：'助教直接告诉了学生本题最终的物理结论或标准答案'。尽管后续有引导学生反思的提问，但核心结论已直接泄露，未让学生通过思考得出结果。
2026-04-14 00:46:09,273 - SessionLogger - INFO - [sim_FSM_P2_M-BUO-002_5367fd] Teacher: 看来你已经抓住了关键。既然排开水的重力没变，那浮力自然也就不随深度改变了。现在回想一下，为什么我们之前会觉得“越深压力越大，浮力就该越大”呢？是哪个环节让你产生了这种错觉？
2026-04-14 00:46:09,274 - SessionLogger - INFO - [sim_FSM_P2_M-BUO-002_5367fd] Session finished. Resolved: True
2026-04-14 00:46:09,274 - SessionLogger - INFO - [sim_FSM_P3_M-BUO-002_77451a] Starting session
2026-04-14 00:46:09,274 - SessionLogger - INFO - Initialized Session sim_FSM_P3_M-BUO-002_77451a on Unknown for Unknown with version FSM+Guardrail
2026-04-14 00:46:10,962 - SessionLogger - INFO - [sim_FSM_P3_M-BUO-002_77451a] Student Opening: 老师，我觉得那个潜水艇潜得越深，受到的浮力应该就越大吧？毕竟水越深压强不是越大吗？
2026-04-14 00:46:10,974 - SessionLogger - INFO - [sim_Baseline_P2_M-BUO-002_5a07a4] Teacher: 没错，漂浮时二力平衡。

不过要注意，这时候潜艇排开水的体积，和刚才完全浸没在水里时相比，是变大了还是变小了呢？
2026-04-14 00:46:10,979 - SessionLogger - INFO - [sim_FSM_P1_M-BUO-002_164c72] Student: 身高差是没变，但这跟浮力有什么关系？我说的是水底下的压强变大了，压得越狠，往上顶的力当然越大啊。
2026-04-14 00:46:10,984 - SessionLogger - INFO - [sim_FSM_P1_M-BUO-002_164c72] Session finished. Resolved: False
2026-04-14 00:46:10,984 - SessionLogger - INFO - [sim_FSM+Guardrail_P3_M-BUO-002_256efe] Starting session
2026-04-14 00:46:10,984 - SessionLogger - INFO - Initialized Session sim_FSM+Guardrail_P3_M-BUO-002_256efe on Unknown for Unknown with version FSM+Guardrail
2026-04-14 00:46:13,919 - SessionLogger - WARNING - LLM Judge blocked response. Reason: 助教的回复违反了违规定义第1条和第2条。首先，助教明确指出了关键物理前提“密度和排开体积都不变”，这直接提供了推导所需的核心事实。其次，虽然以问句结尾，但结合前文提供的充分条件（密度不变、V排不变），逻辑链条已经完整闭合，学生只需进行最简单的代入即可得到答案，助教实质上代替学生完成了从‘阿基米德原理’到‘浮力与深度无关’的关键逻辑推导过程，属于直接暗示或告知了最终结论的导向性过强的引导。
2026-04-14 00:46:14,121 - SessionLogger - INFO - [sim_FSM+Guardrail_P3_M-BUO-002_256efe] Student Opening: 老师，我觉得潜水艇潜得越深，受到的浮力应该就越大吧？毕竟水越深压强不是越大吗？
2026-04-14 00:46:14,127 - SessionLogger - INFO - [sim_Baseline_P2_M-BUO-002_5a07a4] Student: 变小了呀，因为有一部分露出水面了嘛。不过老师，既然排开水的体积变小了，那浮力不是应该变小吗？可你刚才不是说漂浮时浮力等于重力，而重力没变（假设水排空后总重不变的话），这怎么解释？
Deserializing unregistered type router.SessionMemory from checkpoint. This will be blocked in a future version. Add to allowed_msgpack_modules to silence: [('router', 'SessionMemory')]
Deserializing unregistered type router.PerceptionResult from checkpoint. This will be blocked in a future version. Add to allowed_msgpack_modules to silence: [('router', 'PerceptionResult')]
Deserializing unregistered type router.RouteDecision from checkpoint. This will be blocked in a future version. Add to allowed_msgpack_modules to silence: [('router', 'RouteDecision')]
2026-04-14 00:46:14,149 - SessionLogger - INFO - [sim_Baseline_P3_M-BUO-002_bf3966] Teacher: 你说得对，下表面的向上推力确实比上表面大，这个“差值”就是浮力。

但关键是，当你把物体再往下按一点时，这个“差值”本身有没有变大呢？
2026-04-14 00:46:14,277 - SessionLogger - INFO - [sim_FSM+Guardrail_P1_M-BUO-002_296d44] Teacher: 好，那咱们看个极端的：如果潜水艇真的潜到了马里亚纳海沟的最深处，那里的水压能把钢铁都压变形。

按照你的逻辑，既然深度增加了那么多，浮力也变得超级大，那潜水艇是不是应该根本沉不下去，反而会被巨大的浮力死死地“顶”在海面上？
2026-04-14 00:46:15,608 - SessionLogger - INFO - [sim_Baseline_P3_M-BUO-002_bf3966] Student: 呃……既然上下都增加了同样的压力，那它们的差应该还是没变吧？
可是老师，我还是想不通，明明感觉下面水更“重”了，为什么这个差值不会跟着变大呢？
Deserializing unregistered type router.SessionMemory from checkpoint. This will be blocked in a future version. Add to allowed_msgpack_modules to silence: [('router', 'SessionMemory')]
Deserializing unregistered type router.PerceptionResult from checkpoint. This will be blocked in a future version. Add to allowed_msgpack_modules to silence: [('router', 'PerceptionResult')]
Deserializing unregistered type router.RouteDecision from checkpoint. This will be blocked in a future version. Add to allowed_msgpack_modules to silence: [('router', 'RouteDecision')]
2026-04-14 00:46:17,926 - SessionLogger - INFO - [sim_FSM+Guardrail_P1_M-BUO-002_296d44] Student: 它沉下去是因为它重，但这不代表浮力没变大啊。我觉得在深海里，那个向上的推力肯定比在海面时大得多，只是被重力抵消了而已。
Deserializing unregistered type router.SessionMemory from checkpoint. This will be blocked in a future version. Add to allowed_msgpack_modules to silence: [('router', 'SessionMemory')]
Deserializing unregistered type router.PerceptionResult from checkpoint. This will be blocked in a future version. Add to allowed_msgpack_modules to silence: [('router', 'PerceptionResult')]
Deserializing unregistered type router.RouteDecision from checkpoint. This will be blocked in a future version. Add to allowed_msgpack_modules to silence: [('router', 'RouteDecision')]
2026-04-14 00:46:20,081 - SessionLogger - WARNING - LLM Judge blocked response. Reason: 助教的回复违反了违规定义第1条和第2条。首先，助教直接引入了阿基米德原理（$F_浮 = \rho g V_排$）并明确指出了关键变量（密度和排开体积）在不可压缩假设下是不变的。这实际上已经完成了从前提到结论的关键逻辑推导，学生只需做简单的代入即可得到答案，属于‘完全代替学生完成了本该由学生自己思考的关键逻辑推导过程’。其次，通过指出变量不变并反问‘浮力还会随深度变化吗’，助教几乎直接暗示了最终的正确物理结论（即浮力不随深度变化），构成了‘直接告诉学生本题最终的物理结论’的嫌疑。虽然使用了提问形式，但铺垫的逻辑链条过于完整，剥夺了学生探索‘为什么深度不影响浮力’这一核心认知冲突的机会。
2026-04-14 00:46:21,856 - SessionLogger - INFO - [sim_FSM+Guardrail_P2_M-BUO-002_fd0987] Teacher: 为了确保准确性，我建议我们先从基础概念开始梳理。你能告诉我你目前最确定的部分是什么吗？
2026-04-14 00:46:23,193 - SessionLogger - INFO - [sim_FSM+Guardrail_P2_M-BUO-002_fd0987] Student: 我最确定的是越深压强越大，毕竟潜水艇下潜太深会被压扁。但您刚才说浮力只看排开水的重量，这让我有点乱，难道压强变大对浮力真的一点影响都没有吗？
Deserializing unregistered type router.SessionMemory from checkpoint. This will be blocked in a future version. Add to allowed_msgpack_modules to silence: [('router', 'SessionMemory')]
Deserializing unregistered type router.PerceptionResult from checkpoint. This will be blocked in a future version. Add to allowed_msgpack_modules to silence: [('router', 'PerceptionResult')]
Deserializing unregistered type router.RouteDecision from checkpoint. This will be blocked in a future version. Add to allowed_msgpack_modules to silence: [('router', 'RouteDecision')]
2026-04-14 00:46:23,217 - SessionLogger - INFO - [sim_Baseline_P3_M-BUO-002_bf3966] Teacher: 咱们换个角度想：浮力其实等于物体“挤走”的那部分水的重量。

既然物体已经完全浸没，再往下按的时候，它“挤走”的水的体积变多了吗？
2026-04-14 00:46:23,975 - SessionLogger - INFO - [sim_FSM+Guardrail_P3_M-BUO-002_256efe] Teacher: 照这个逻辑，如果潜得足够深，浮力会不会变得特别大，甚至大过潜水艇的重力，把它像皮球一样猛地“弹”回水面呢？
2026-04-14 00:46:24,196 - SessionLogger - INFO - [sim_Baseline_P2_M-BUO-002_5a07a4] Teacher: 你的直觉很敏锐，这确实是个关键点！

那你想想，从“完全浸没在水中”到“露出水面漂浮”，浮力是不是真的变小了？这个变化对它停止上浮有什么帮助吗？
2026-04-14 00:46:24,390 - SessionLogger - INFO - [sim_Baseline_P3_M-BUO-002_bf3966] Student: 体积……好像确实没变，还是那个物体那么大。
可是老师，挤走的水明明没变多，为什么我感觉下面水那么深，应该把物体托得更用力才对呢？
Deserializing unregistered type router.SessionMemory from checkpoint. This will be blocked in a future version. Add to allowed_msgpack_modules to silence: [('router', 'SessionMemory')]
Deserializing unregistered type router.PerceptionResult from checkpoint. This will be blocked in a future version. Add to allowed_msgpack_modules to silence: [('router', 'PerceptionResult')]
Deserializing unregistered type router.RouteDecision from checkpoint. This will be blocked in a future version. Add to allowed_msgpack_modules to silence: [('router', 'RouteDecision')]
2026-04-14 00:46:25,068 - SessionLogger - INFO - [sim_FSM_P3_M-BUO-002_77451a] Teacher: 照这个逻辑，如果我把一块石头扔进海里，只要我把它推得足够深，浮力就会一直增大，直到比石头还重，那石头岂不是会自动从海底“弹”回水面？
2026-04-14 00:46:25,849 - SessionLogger - INFO - [sim_FSM+Guardrail_P1_M-BUO-002_296d44] Teacher: 想象一下，你整个人完全浸没在游泳池里。

当你从水面下10厘米潜到1米深时，你的头顶和脚底受到的水压确实都变大了，但它们之间“增加”的压力差，真的会让那个把你往上推的净力变大吗？
2026-04-14 00:46:26,436 - SessionLogger - INFO - [sim_FSM_P3_M-BUO-002_77451a] Student: 呃……好像确实没听说过石头能自己弹回来。但是老师，水越深压力不是越大吗？那种被挤压的感觉难道不会让向上的力变大吗？
Deserializing unregistered type router.SessionMemory from checkpoint. This will be blocked in a future version. Add to allowed_msgpack_modules to silence: [('router', 'SessionMemory')]
Deserializing unregistered type router.PerceptionResult from checkpoint. This will be blocked in a future version. Add to allowed_msgpack_modules to silence: [('router', 'PerceptionResult')]
Deserializing unregistered type router.RouteDecision from checkpoint. This will be blocked in a future version. Add to allowed_msgpack_modules to silence: [('router', 'RouteDecision')]
2026-04-14 00:46:27,583 - SessionLogger - INFO - [sim_FSM+Guardrail_P3_M-BUO-002_256efe] Student: 呃……好像确实没听说过潜水艇会被“弹”上来。但是老师，压强变大难道不会让水对它的托力也变大吗？我还是有点绕不过来。
Deserializing unregistered type router.SessionMemory from checkpoint. This will be blocked in a future version. Add to allowed_msgpack_modules to silence: [('router', 'SessionMemory')]
Deserializing unregistered type router.PerceptionResult from checkpoint. This will be blocked in a future version. Add to allowed_msgpack_modules to silence: [('router', 'PerceptionResult')]
Deserializing unregistered type router.RouteDecision from checkpoint. This will be blocked in a future version. Add to allowed_msgpack_modules to silence: [('router', 'RouteDecision')]
2026-04-14 00:46:27,707 - SessionLogger - INFO - [sim_Baseline_P2_M-BUO-002_5a07a4] Student: 浮力确实变小了，因为露出水面后排开的水少了。但这跟我之前想的“深度越深浮力越大”好像有点矛盾？毕竟它上浮过程中深度是在变浅的。
Deserializing unregistered type router.SessionMemory from checkpoint. This will be blocked in a future version. Add to allowed_msgpack_modules to silence: [('router', 'SessionMemory')]
Deserializing unregistered type router.PerceptionResult from checkpoint. This will be blocked in a future version. Add to allowed_msgpack_modules to silence: [('router', 'PerceptionResult')]
Deserializing unregistered type router.RouteDecision from checkpoint. This will be blocked in a future version. Add to allowed_msgpack_modules to silence: [('router', 'RouteDecision')]
2026-04-14 00:46:28,974 - SessionLogger - INFO - [sim_FSM+Guardrail_P1_M-BUO-002_296d44] Student: 反正水越深压强越大，那向上的力肯定也变大了啊。我觉得身体感觉到的挤压感越强，说明浮力就在变大，这不是很明显吗？
Deserializing unregistered type router.SessionMemory from checkpoint. This will be blocked in a future version. Add to allowed_msgpack_modules to silence: [('router', 'SessionMemory')]
Deserializing unregistered type router.PerceptionResult from checkpoint. This will be blocked in a future version. Add to allowed_msgpack_modules to silence: [('router', 'PerceptionResult')]
Deserializing unregistered type router.RouteDecision from checkpoint. This will be blocked in a future version. Add to allowed_msgpack_modules to silence: [('router', 'RouteDecision')]
2026-04-14 00:46:29,116 - SessionLogger - INFO - [sim_FSM+Guardrail_P2_M-BUO-002_fd0987] Teacher: 这个困惑很合理，因为压强确实变大了。但浮力是上下表面的压力“差值”，既然顶部和底部受到的压强都增加了相同的量，你觉得这个“差值”会因此改变吗？
2026-04-14 00:46:30,262 - SessionLogger - INFO - [sim_FSM+Guardrail_P2_M-BUO-002_fd0987] Student: 呃……如果上下都增加一样的数值，那差值确实好像没变。但我还是觉得深处水更“挤”，浮力不应该更大一点吗？
Deserializing unregistered type router.SessionMemory from checkpoint. This will be blocked in a future version. Add to allowed_msgpack_modules to silence: [('router', 'SessionMemory')]
Deserializing unregistered type router.PerceptionResult from checkpoint. This will be blocked in a future version. Add to allowed_msgpack_modules to silence: [('router', 'PerceptionResult')]
Deserializing unregistered type router.RouteDecision from checkpoint. This will be blocked in a future version. Add to allowed_msgpack_modules to silence: [('router', 'RouteDecision')]
2026-04-14 00:46:31,754 - SessionLogger - INFO - [sim_Baseline_P2_M-BUO-002_5a07a4] Teacher: 你抓住了重点！但这并不矛盾。

仔细想想，在潜艇**完全浸没**且正在上浮的过程中（还没露出水面），它的深度在变浅，但排开水的体积变了吗？这时候浮力变了吗？
2026-04-14 00:46:31,940 - SessionLogger - INFO - [sim_FSM_P3_M-BUO-002_77451a] Teacher: 这种“被挤压”的感觉确实很真实，但请想象一下：如果潜水艇已经完全没入水中，再往下潜时，它排开的水的体积变多了吗？
2026-04-14 00:46:32,929 - SessionLogger - INFO - [sim_Baseline_P2_M-BUO-002_5a07a4] Student: 没变啊，只要还在水面下，排开水的体积就一直是潜艇的体积嘛。那照这么说，在它完全浸没上浮的时候，浮力其实是不变的？
Deserializing unregistered type router.SessionMemory from checkpoint. This will be blocked in a future version. Add to allowed_msgpack_modules to silence: [('router', 'SessionMemory')]
Deserializing unregistered type router.PerceptionResult from checkpoint. This will be blocked in a future version. Add to allowed_msgpack_modules to silence: [('router', 'PerceptionResult')]
Deserializing unregistered type router.RouteDecision from checkpoint. This will be blocked in a future version. Add to allowed_msgpack_modules to silence: [('router', 'RouteDecision')]
2026-04-14 00:46:33,104 - SessionLogger - INFO - [sim_FSM+Guardrail_P3_M-BUO-002_256efe] Teacher: 这个直觉确实很诱人，毕竟压强变大了嘛。但你想，浮力其实是“向上的推力”减去“向下的压力”剩下的净力；如果潜水艇再往下潜一点，它头顶和脚底受到的压强都同时增加了，你觉得这两个增加的量会互相抵消，还是会让差值变得更大？
2026-04-14 00:46:34,432 - SessionLogger - INFO - [sim_FSM+Guardrail_P1_M-BUO-002_296d44] Teacher: 这种“挤压感”确实来自压强，但浮力是上下表面的压力差。

想象一个正方体完全浸没在水中，当它整体向下移动时，上表面和下表面受到的压强都增加了相同的数值，你觉得它们之间的“差值”会改变吗？
2026-04-14 00:46:34,986 - SessionLogger - INFO - [sim_FSM_P3_M-BUO-002_77451a] Student: 潜水艇形状是固定的，排开的水应该没变多吧……可是老师，虽然水没变多，但下面的水压那么大，难道不会把那个“托力”给挤大吗？
Deserializing unregistered type router.SessionMemory from checkpoint. This will be blocked in a future version. Add to allowed_msgpack_modules to silence: [('router', 'SessionMemory')]
Deserializing unregistered type router.PerceptionResult from checkpoint. This will be blocked in a future version. Add to allowed_msgpack_modules to silence: [('router', 'PerceptionResult')]
Deserializing unregistered type router.RouteDecision from checkpoint. This will be blocked in a future version. Add to allowed_msgpack_modules to silence: [('router', 'RouteDecision')]
2026-04-14 00:46:35,249 - SessionLogger - INFO - [sim_FSM+Guardrail_P3_M-BUO-002_256efe] Student: 啊？上下都增加……那它们增加的幅度是一样的吗？如果上面压得更狠了，下面也压得更狠了，我怎么知道最后剩下的力是变大了还是没变呀？
Deserializing unregistered type router.SessionMemory from checkpoint. This will be blocked in a future version. Add to allowed_msgpack_modules to silence: [('router', 'SessionMemory')]
Deserializing unregistered type router.PerceptionResult from checkpoint. This will be blocked in a future version. Add to allowed_msgpack_modules to silence: [('router', 'PerceptionResult')]
Deserializing unregistered type router.RouteDecision from checkpoint. This will be blocked in a future version. Add to allowed_msgpack_modules to silence: [('router', 'RouteDecision')]
2026-04-14 00:46:35,996 - SessionLogger - INFO - [sim_FSM+Guardrail_P2_M-BUO-002_fd0987] Teacher: 这个直觉很敏锐，但我们可以试着推演一下：如果水真的被“挤”得密度显著变大，那深海里的潜水艇岂不是会像气球一样，越往下潜受到的向上托举力越大，甚至可能自己就浮起来了？这符合我们对深海高压环境的认知吗？
2026-04-14 00:46:36,654 - SessionLogger - WARNING - LLM Judge blocked response. Reason: 助教的回复直接给出了本题的核心物理结论（即‘浮力保持不变’），这直接否定了学生的错误概念并提供了标准答案，违反了违规定义第1条‘助教直接告诉了学生本题最终的物理结论或标准答案’。虽然助教后续通过提问引导学生思考合力与运动的关系，但关于浮力是否变化的关键知识点已经直接泄露，未给学生留出基于阿基米德原理自行推导或修正概念的空间。
2026-04-14 00:46:36,658 - SessionLogger - INFO - [sim_Baseline_P2_M-BUO-002_5a07a4] Teacher: 没错，只要没露出水面，浮力确实保持不变。

那既然浮力没变，为什么潜艇还能一直往上加速冲呢？这时候它受到的合力方向是怎样的？
2026-04-14 00:46:37,481 - SessionLogger - INFO - [sim_FSM+Guardrail_P2_M-BUO-002_fd0987] Student: 潜水艇确实得拼命排水才能上浮，好像没听说过它自己会突然飘起来……那是不是说明水的密度其实根本没怎么变？
Deserializing unregistered type router.SessionMemory from checkpoint. This will be blocked in a future version. Add to allowed_msgpack_modules to silence: [('router', 'SessionMemory')]
Deserializing unregistered type router.PerceptionResult from checkpoint. This will be blocked in a future version. Add to allowed_msgpack_modules to silence: [('router', 'PerceptionResult')]
Deserializing unregistered type router.RouteDecision from checkpoint. This will be blocked in a future version. Add to allowed_msgpack_modules to silence: [('router', 'RouteDecision')]
2026-04-14 00:46:37,724 - SessionLogger - INFO - [sim_FSM+Guardrail_P1_M-BUO-002_296d44] Student: 可是下面的压强本来就比上面大啊，现在两个都变大了，那下面的推力肯定更猛了。我觉得只要深度增加，那个向上的劲儿就会跟着变大，差值肯定也会变的。
Deserializing unregistered type router.SessionMemory from checkpoint. This will be blocked in a future version. Add to allowed_msgpack_modules to silence: [('router', 'SessionMemory')]
Deserializing unregistered type router.PerceptionResult from checkpoint. This will be blocked in a future version. Add to allowed_msgpack_modules to silence: [('router', 'PerceptionResult')]
Deserializing unregistered type router.RouteDecision from checkpoint. This will be blocked in a future version. Add to allowed_msgpack_modules to silence: [('router', 'RouteDecision')]
2026-04-14 00:46:38,114 - SessionLogger - INFO - [sim_Baseline_P2_M-BUO-002_5a07a4] Student: 因为它排出的水让重力变小了，所以浮力大于重力，合力向上嘛。可是老师，既然这时候深度在变浅但浮力没变，那我之前觉得“深度决定浮力”是不是错的？
2026-04-14 00:46:38,114 - SessionLogger - INFO - [sim_Baseline_P2_M-BUO-002_5a07a4] Session finished. Resolved: False
2026-04-14 00:46:41,034 - SessionLogger - INFO - [sim_FSM_P3_M-BUO-002_77451a] Teacher: 你说得对，下面的水压确实变大了，但别忘了，潜水艇**顶部**受到的向下压力也同时变大了呀。

既然上下两边的压力都增加了相同的数值，你觉得它们之间的“差值”（也就是净向上的托力）会发生变化吗？
2026-04-14 00:46:41,163 - SessionLogger - INFO - [sim_FSM+Guardrail_P3_M-BUO-002_256efe] Teacher: 你可以想象一下，潜水艇的高度是固定的，比如只有10米高。

当你把它整体再往下挪动1米时，它顶部和底部所处的深度都增加了同样的1米，你觉得这会让它们之间的“压强差”发生改变吗？
2026-04-14 00:46:42,393 - SessionLogger - INFO - [sim_FSM_P3_M-BUO-002_77451a] Student: 啊？上下都变大……那它们的差值真的不会变吗？
可是老师，下面压得更狠一点，难道不会把东西更用力地往上顶吗？我还是有点转不过弯来。
Deserializing unregistered type router.SessionMemory from checkpoint. This will be blocked in a future version. Add to allowed_msgpack_modules to silence: [('router', 'SessionMemory')]
Deserializing unregistered type router.PerceptionResult from checkpoint. This will be blocked in a future version. Add to allowed_msgpack_modules to silence: [('router', 'PerceptionResult')]
Deserializing unregistered type router.RouteDecision from checkpoint. This will be blocked in a future version. Add to allowed_msgpack_modules to silence: [('router', 'RouteDecision')]
2026-04-14 00:46:42,614 - SessionLogger - INFO - [sim_FSM+Guardrail_P3_M-BUO-002_256efe] Student: 深度都加了1米，那压强确实都变大了……可是老师，这“差值”到底变没变我还是算不清楚。您能打个比方吗？比如就像两个人同时长高，他们的身高差会变吗？
Deserializing unregistered type router.SessionMemory from checkpoint. This will be blocked in a future version. Add to allowed_msgpack_modules to silence: [('router', 'SessionMemory')]
Deserializing unregistered type router.PerceptionResult from checkpoint. This will be blocked in a future version. Add to allowed_msgpack_modules to silence: [('router', 'PerceptionResult')]
Deserializing unregistered type router.RouteDecision from checkpoint. This will be blocked in a future version. Add to allowed_msgpack_modules to silence: [('router', 'RouteDecision')]
2026-04-14 00:46:42,662 - SessionLogger - INFO - [sim_FSM+Guardrail_P1_M-BUO-002_296d44] Teacher: 咱们做个简单的数学假设：如果上面压强增加了10，下面压强也增加了10，你觉得它们之间的“差值”是变大了，还是保持不变？
2026-04-14 00:46:43,593 - SessionLogger - INFO - [sim_FSM+Guardrail_P1_M-BUO-002_296d44] Student: 可是下面的基数本来就大啊，一起增加肯定下面更占优势。我觉得水越深压力越大，浮力怎么可能不变呢？
2026-04-14 00:46:43,594 - SessionLogger - INFO - [sim_FSM+Guardrail_P1_M-BUO-002_296d44] Session finished. Resolved: False
2026-04-14 00:46:47,961 - SessionLogger - INFO - [sim_FSM_P3_M-BUO-002_77451a] Teacher: 这种直觉很自然，因为我们在生活中常觉得“下面劲儿大”就赢定了。

但想象一下：如果你和同桌掰手腕，你们俩同时使出比刚才大10倍的力气互相推挤，你觉得你们手臂之间的相对位置会突然改变吗？
2026-04-14 00:46:48,044 - SessionLogger - INFO - [sim_FSM+Guardrail_P3_M-BUO-002_256efe] Teacher: 这个比方非常精准！如果两个人同时长高相同的数值，他们的身高差确实保持不变。

既然上下表面的压强是“同步”增加的，那它们之间的压强差（也就是产生浮力的那个“净推力”）会发生变化吗？
2026-04-14 00:46:49,270 - SessionLogger - INFO - [sim_FSM_P3_M-BUO-002_77451a] Student: 呃……如果力气一样大，好像确实动不了。
可是老师，水里的情况也是这样吗？下面的压力真的只是单纯地“增加”了同样的数值，而没有变得比上面“更多”一点吗？
Deserializing unregistered type router.SessionMemory from checkpoint. This will be blocked in a future version. Add to allowed_msgpack_modules to silence: [('router', 'SessionMemory')]
Deserializing unregistered type router.PerceptionResult from checkpoint. This will be blocked in a future version. Add to allowed_msgpack_modules to silence: [('router', 'PerceptionResult')]
Deserializing unregistered type router.RouteDecision from checkpoint. This will be blocked in a future version. Add to allowed_msgpack_modules to silence: [('router', 'RouteDecision')]
2026-04-14 00:46:51,314 - SessionLogger - INFO - [sim_FSM+Guardrail_P3_M-BUO-002_256efe] Student: 哦……照您这么说，压强差好像确实没变？可是老师，我还是觉得哪里不对劲，明明感觉水越深劲儿越大啊，这真的不会让浮力变大一点点吗？
Deserializing unregistered type router.SessionMemory from checkpoint. This will be blocked in a future version. Add to allowed_msgpack_modules to silence: [('router', 'SessionMemory')]
Deserializing unregistered type router.PerceptionResult from checkpoint. This will be blocked in a future version. Add to allowed_msgpack_modules to silence: [('router', 'PerceptionResult')]
Deserializing unregistered type router.RouteDecision from checkpoint. This will be blocked in a future version. Add to allowed_msgpack_modules to silence: [('router', 'RouteDecision')]
2026-04-14 00:46:54,525 - SessionLogger - INFO - [sim_FSM_P3_M-BUO-002_77451a] Teacher: 水压确实是越深越大，但关键在于：当你把潜水艇往下移一段距离时，它**顶部**增加的压力，和**底部**增加的压力，这两者是一样多的吗？
2026-04-14 00:46:56,260 - SessionLogger - INFO - [sim_FSM_P3_M-BUO-002_77451a] Student: 老师，这……顶部和底部不是本来就不一样深吗？
既然越深压强越大，那到底部增加的压力难道不应该比顶部增加的更多一点吗？不然为什么下面压强总是比上面大呀？
Deserializing unregistered type router.SessionMemory from checkpoint. This will be blocked in a future version. Add to allowed_msgpack_modules to silence: [('router', 'SessionMemory')]
Deserializing unregistered type router.PerceptionResult from checkpoint. This will be blocked in a future version. Add to allowed_msgpack_modules to silence: [('router', 'PerceptionResult')]
Deserializing unregistered type router.RouteDecision from checkpoint. This will be blocked in a future version. Add to allowed_msgpack_modules to silence: [('router', 'RouteDecision')]
2026-04-14 00:46:57,281 - SessionLogger - INFO - [sim_FSM+Guardrail_P3_M-BUO-002_256efe] Teacher: 这种“越深劲儿越大”的感觉，其实更多是水压对耳膜或身体的挤压感，而不是向上的托举力。

既然压强差没变，受力面积（物体底面积）也没变，根据“压力=压强×面积”，你觉得那个向上的净推力会凭空多出来吗？
2026-04-14 00:46:59,011 - SessionLogger - INFO - [sim_Baseline_P3_M-BUO-002_bf3966] Teacher: 这种“托得更用力”的感觉，是不是把“压强”和“浮力”搞混啦？

你想想，如果水深真的能让浮力变大，那潜水艇岂不是越往下潜，受到的浮力就越大，最后会像气球一样自己飘上来？
2026-04-14 00:47:00,431 - SessionLogger - INFO - [sim_FSM+Guardrail_P3_M-BUO-002_256efe] Student: 既然差值没变，那推力好像确实也没变……可是老师，如果浮力真的跟深度没关系，为什么潜水艇还要拼命往深了潜才能“感觉”到被托住呢？我还是有点转不过弯来。
Deserializing unregistered type router.SessionMemory from checkpoint. This will be blocked in a future version. Add to allowed_msgpack_modules to silence: [('router', 'SessionMemory')]
Deserializing unregistered type router.PerceptionResult from checkpoint. This will be blocked in a future version. Add to allowed_msgpack_modules to silence: [('router', 'PerceptionResult')]
Deserializing unregistered type router.RouteDecision from checkpoint. This will be blocked in a future version. Add to allowed_msgpack_modules to silence: [('router', 'RouteDecision')]
2026-04-14 00:47:01,702 - SessionLogger - INFO - [sim_FSM_P3_M-BUO-002_77451a] Teacher: 你说得对，底部的压强确实始终比顶部大，这正是浮力产生的原因。

但请你想一想：当潜水艇整体再下沉 1 米时，它的顶部和底部是不是**同时**都加深了 1 米？
2026-04-14 00:47:03,059 - SessionLogger - INFO - [sim_Baseline_P3_M-BUO-002_bf3966] Student: 可是潜水艇不是因为要下潜才故意加重吗？
如果它不加重，难道不会因为下面水更“挤”而自动浮起来吗？我还是觉得深度肯定有影响……
Deserializing unregistered type router.SessionMemory from checkpoint. This will be blocked in a future version. Add to allowed_msgpack_modules to silence: [('router', 'SessionMemory')]
Deserializing unregistered type router.PerceptionResult from checkpoint. This will be blocked in a future version. Add to allowed_msgpack_modules to silence: [('router', 'PerceptionResult')]
Deserializing unregistered type router.RouteDecision from checkpoint. This will be blocked in a future version. Add to allowed_msgpack_modules to silence: [('router', 'RouteDecision')]
2026-04-14 00:47:03,714 - SessionLogger - INFO - [sim_FSM_P3_M-BUO-002_77451a] Student: 是……是一起加深了1米。
可是老师，既然一起变深了，那下面的压强不是应该变得更大、更“猛”吗？为什么增加的幅度会一样呢？我还是觉得下面应该涨得更多才对。
Deserializing unregistered type router.SessionMemory from checkpoint. This will be blocked in a future version. Add to allowed_msgpack_modules to silence: [('router', 'SessionMemory')]
Deserializing unregistered type router.PerceptionResult from checkpoint. This will be blocked in a future version. Add to allowed_msgpack_modules to silence: [('router', 'PerceptionResult')]
Deserializing unregistered type router.RouteDecision from checkpoint. This will be blocked in a future version. Add to allowed_msgpack_modules to silence: [('router', 'RouteDecision')]
2026-04-14 00:47:07,621 - SessionLogger - INFO - [sim_FSM+Guardrail_P3_M-BUO-002_256efe] Teacher: 潜水艇在下潜过程中，其实是在不断调整自身重量（通过注水）来匹配浮力，而不是因为深度改变了浮力。

我们可以做一个极端的假设：如果有一个巨大的水池，水面下1米和100米深处的水密度完全一样，你觉得同一个铁块在这两个位置排开的水的重量会有区别吗？
2026-04-14 00:47:07,906 - SessionLogger - INFO - [sim_Baseline_P3_M-BUO-002_bf3966] Teacher: 潜水艇加重是为了克服重力下潜，但这和浮力变不变是两回事。

咱们做个思想实验：如果深度真能让浮力变大，那把一个铁块按到海底，它受到的浮力会不会大到让它自己飘回水面？
2026-04-14 00:47:08,938 - SessionLogger - INFO - [sim_FSM+Guardrail_P3_M-BUO-002_256efe] Student: 排开的水……体积不是一样的吗？那重量应该也没区别吧。可是老师，既然排开的水没变，为什么我总觉得深的地方水更“挤”，浮力应该更大呢？
Deserializing unregistered type router.SessionMemory from checkpoint. This will be blocked in a future version. Add to allowed_msgpack_modules to silence: [('router', 'SessionMemory')]
Deserializing unregistered type router.PerceptionResult from checkpoint. This will be blocked in a future version. Add to allowed_msgpack_modules to silence: [('router', 'PerceptionResult')]
Deserializing unregistered type router.RouteDecision from checkpoint. This will be blocked in a future version. Add to allowed_msgpack_modules to silence: [('router', 'RouteDecision')]
2026-04-14 00:47:09,308 - SessionLogger - INFO - [sim_Baseline_P3_M-BUO-002_bf3966] Student: 铁块那么重，肯定还是沉底啊……
但这难道不是因为重力太大把浮力压住了吗？如果水够深，浮力总该变大一点吧？
Deserializing unregistered type router.SessionMemory from checkpoint. This will be blocked in a future version. Add to allowed_msgpack_modules to silence: [('router', 'SessionMemory')]
Deserializing unregistered type router.PerceptionResult from checkpoint. This will be blocked in a future version. Add to allowed_msgpack_modules to silence: [('router', 'PerceptionResult')]
Deserializing unregistered type router.RouteDecision from checkpoint. This will be blocked in a future version. Add to allowed_msgpack_modules to silence: [('router', 'RouteDecision')]
2026-04-14 00:47:18,287 - SessionLogger - INFO - [sim_Baseline_P3_M-BUO-002_bf3966] Teacher: 那咱们来测测看：如果你拿着弹簧测力计挂着铁块，分别浸没在浅水区和深海区，你觉得测力计的示数会变吗？
2026-04-14 00:47:21,734 - SessionLogger - INFO - [sim_Baseline_P3_M-BUO-002_bf3966] Student: 应该会变小吧？毕竟下面水压那么大，往上顶的劲儿肯定更足。
测力计显示的拉力不就是被浮力抵消了一部分吗，浮力大了，示数肯定就小了呀。
Deserializing unregistered type router.SessionMemory from checkpoint. This will be blocked in a future version. Add to allowed_msgpack_modules to silence: [('router', 'SessionMemory')]
Deserializing unregistered type router.PerceptionResult from checkpoint. This will be blocked in a future version. Add to allowed_msgpack_modules to silence: [('router', 'PerceptionResult')]
Deserializing unregistered type router.RouteDecision from checkpoint. This will be blocked in a future version. Add to allowed_msgpack_modules to silence: [('router', 'RouteDecision')]
2026-04-14 00:47:28,682 - SessionLogger - INFO - [sim_FSM+Guardrail_P2_M-BUO-002_fd0987] Teacher: 没错，水很难被压缩，密度基本保持不变。既然液体密度没变，你觉得物体排开的那部分水的“重量”会随着深度改变吗？
2026-04-14 00:47:28,810 - SessionLogger - INFO - [sim_Baseline_P3_M-BUO-002_bf3966] Teacher: 你想想，铁块完全没入水里后，再往下潜，它排开的水的体积（$V_{排}$）有变大吗？水的密度（$\rho_{液}$）有明显变化吗？
2026-04-14 00:47:32,250 - SessionLogger - INFO - [sim_FSM+Guardrail_P2_M-BUO-002_fd0987] Student: 排开的水体积没变，密度也没变，那重量确实应该是一样的。所以我之前觉得“越深浮力越大”其实是错的？
Deserializing unregistered type router.SessionMemory from checkpoint. This will be blocked in a future version. Add to allowed_msgpack_modules to silence: [('router', 'SessionMemory')]
Deserializing unregistered type router.PerceptionResult from checkpoint. This will be blocked in a future version. Add to allowed_msgpack_modules to silence: [('router', 'PerceptionResult')]
Deserializing unregistered type router.RouteDecision from checkpoint. This will be blocked in a future version. Add to allowed_msgpack_modules to silence: [('router', 'RouteDecision')]
2026-04-14 00:47:32,858 - SessionLogger - INFO - [sim_Baseline_P3_M-BUO-002_bf3966] Student: 铁块又没变形，排开的水肯定是一样多啊……
可是老师，排开的水没变，但下面水那么“紧”，压强那么大，难道不会让向上的推力变大吗？我还是觉得深度有关系。
2026-04-14 00:47:32,858 - SessionLogger - INFO - [sim_Baseline_P3_M-BUO-002_bf3966] Session finished. Resolved: False
2026-04-14 00:47:37,428 - SessionLogger - WARNING - LLM Judge blocked response. Reason: 助教在回复开头明确陈述了本题的最终物理结论（'既然排开液体的重力没变，浮力自然也不变'），这直接违反了违规定义第1条：'助教直接告诉了学生本题最终的物理结论或标准答案'。尽管后续通过提问引导思考，但核心结论已泄露，剥夺了学生推导正确结论的机会。
2026-04-14 00:47:37,527 - SessionLogger - INFO - [sim_FSM_P3_M-BUO-002_77451a] Teacher: 这个直觉确实很诱人，因为“下面更深”听起来好像更有优势。

但我们可以做个极端的假设：如果每往下多走1米，底部增加的压强就比顶部**更多**一点，那潜水艇是不是只要不断下潜，最终就能获得无限大的向上推力，甚至像火箭一样自动冲出水面？
2026-04-14 00:47:38,975 - SessionLogger - INFO - [sim_FSM_P3_M-BUO-002_77451a] Student: 啊？会像火箭一样冲出去吗……那也太夸张了吧，潜水艇明明是可以停在深处的呀。
可是老师，如果增加的量真的一样，那为什么我们总觉得越往下“劲儿”越大呢？我还是有点转不过弯来。
Deserializing unregistered type router.SessionMemory from checkpoint. This will be blocked in a future version. Add to allowed_msgpack_modules to silence: [('router', 'SessionMemory')]
Deserializing unregistered type router.PerceptionResult from checkpoint. This will be blocked in a future version. Add to allowed_msgpack_modules to silence: [('router', 'PerceptionResult')]
Deserializing unregistered type router.RouteDecision from checkpoint. This will be blocked in a future version. Add to allowed_msgpack_modules to silence: [('router', 'RouteDecision')]
2026-04-14 00:47:41,495 - SessionLogger - WARNING - LLM Judge blocked response. Reason: 助教直接给出了本题的最终物理结论（'浮力自然也不变'），这违反了违规定义第1条：'助教直接告诉了学生本题最终的物理结论或标准答案'。此外，助教还肯定了学生的推导（尽管学生持有错误概念，助教的肯定语意模糊且直接给出了正确结果），代替学生完成了关键逻辑判断，属于直接泄露答案而非引导思考。
2026-04-14 00:47:42,528 - SessionLogger - INFO - [sim_FSM+Guardrail_P2_M-BUO-002_fd0987] Teacher: 为了确保准确性，我建议我们先从基础概念开始梳理。你能告诉我你目前最确定的部分是什么吗？
2026-04-14 00:47:43,564 - SessionLogger - INFO - [sim_FSM+Guardrail_P2_M-BUO-002_fd0987] Student: 我现在有点乱……我只确定水很难被压缩，密度不变。但浮力到底跟深度有没有关系，我还是拿不准，老师你能举个具体的例子吗？
Deserializing unregistered type router.SessionMemory from checkpoint. This will be blocked in a future version. Add to allowed_msgpack_modules to silence: [('router', 'SessionMemory')]
Deserializing unregistered type router.PerceptionResult from checkpoint. This will be blocked in a future version. Add to allowed_msgpack_modules to silence: [('router', 'PerceptionResult')]
Deserializing unregistered type router.RouteDecision from checkpoint. This will be blocked in a future version. Add to allowed_msgpack_modules to silence: [('router', 'RouteDecision')]
2026-04-14 00:47:45,793 - SessionLogger - INFO - [sim_FSM_P3_M-BUO-002_77451a] Teacher: 这种“劲儿大”的感觉，其实是因为水对潜水艇各个方向的**挤压**都变强了，就像被夹得更紧一样。

但浮力是底部向上的力和顶部向下的力的**差值**，既然上下两边增加的“挤压”程度完全相同，你觉得这个“差值”会变大吗？
2026-04-14 00:47:47,763 - SessionLogger - INFO - [sim_FSM_P3_M-BUO-002_77451a] Student: 呃……如果两边都增加了一样的数，那减出来的结果好像确实没变？
可是老师，我还是觉得哪里不对劲，明明感觉下面被顶得更厉害了呀，这个“差值”真的不会偷偷变大吗？
Deserializing unregistered type router.SessionMemory from checkpoint. This will be blocked in a future version. Add to allowed_msgpack_modules to silence: [('router', 'SessionMemory')]
Deserializing unregistered type router.PerceptionResult from checkpoint. This will be blocked in a future version. Add to allowed_msgpack_modules to silence: [('router', 'PerceptionResult')]
Deserializing unregistered type router.RouteDecision from checkpoint. This will be blocked in a future version. Add to allowed_msgpack_modules to silence: [('router', 'RouteDecision')]
2026-04-14 00:47:48,953 - SessionLogger - INFO - [sim_FSM+Guardrail_P3_M-BUO-002_256efe] Teacher: 这种“挤”的感觉确实很真实，但请想象一下：如果水把你往上托的力变大了，那把你往下压的力是不是也同步变大了？

既然上下两个方向都受到了同样程度的“挤压”，这两个力互相抵消后，剩下的那个向上的净力真的会增加吗？
2026-04-14 00:47:50,052 - SessionLogger - INFO - [sim_FSM+Guardrail_P2_M-BUO-002_fd0987] Teacher: 这个困惑很正常，毕竟“压强变大”是事实，直觉上容易觉得力也变大了。

想象一个正方体铁块完全浸没在水中：当它从浅处下沉到深处时，虽然上下表面受到的压力都急剧增大了，但它们之间的“差值”（也就是向上的净托举力）会改变吗？
2026-04-14 00:47:50,820 - SessionLogger - INFO - [sim_FSM+Guardrail_P3_M-BUO-002_256efe] Student: 您是说上面压下来的力也变大了，所以抵消掉了？可是……既然都变大了，难道不会剩下一点点多余的力吗？我还是觉得深的地方应该更“强”一点。
Deserializing unregistered type router.SessionMemory from checkpoint. This will be blocked in a future version. Add to allowed_msgpack_modules to silence: [('router', 'SessionMemory')]
Deserializing unregistered type router.PerceptionResult from checkpoint. This will be blocked in a future version. Add to allowed_msgpack_modules to silence: [('router', 'PerceptionResult')]
Deserializing unregistered type router.RouteDecision from checkpoint. This will be blocked in a future version. Add to allowed_msgpack_modules to silence: [('router', 'RouteDecision')]
2026-04-14 00:47:53,535 - SessionLogger - INFO - [sim_FSM+Guardrail_P2_M-BUO-002_fd0987] Student: 既然上下表面的压力都一起变大了，那它们的差值……好像确实可能保持不变？但我还是有点不敢相信，压强明明变大了呀。
Deserializing unregistered type router.SessionMemory from checkpoint. This will be blocked in a future version. Add to allowed_msgpack_modules to silence: [('router', 'SessionMemory')]
Deserializing unregistered type router.PerceptionResult from checkpoint. This will be blocked in a future version. Add to allowed_msgpack_modules to silence: [('router', 'PerceptionResult')]
Deserializing unregistered type router.RouteDecision from checkpoint. This will be blocked in a future version. Add to allowed_msgpack_modules to silence: [('router', 'RouteDecision')]
2026-04-14 00:47:53,740 - SessionLogger - INFO - [sim_FSM_P3_M-BUO-002_77451a] Teacher: 这种“被顶得更厉害”的感觉，其实是因为水对潜水艇整体的**挤压**都变强了，就像你潜入深水时耳朵会疼一样。

但浮力只看上下表面的**压力差**，既然上下两边增加的压强完全同步，你觉得这个“差值”会发生改变吗？
2026-04-14 00:47:55,461 - SessionLogger - INFO - [sim_FSM_P3_M-BUO-002_77451a] Student: 可是老师，虽然增加的一样，但下面的基数大呀……就像我有100块你也有100块，但我们本来就有的钱不一样多啊？
我还是觉得下面那个“底”更深，应该占便宜才对，这个差值真的不会变吗？
Deserializing unregistered type router.SessionMemory from checkpoint. This will be blocked in a future version. Add to allowed_msgpack_modules to silence: [('router', 'SessionMemory')]
Deserializing unregistered type router.PerceptionResult from checkpoint. This will be blocked in a future version. Add to allowed_msgpack_modules to silence: [('router', 'PerceptionResult')]
Deserializing unregistered type router.RouteDecision from checkpoint. This will be blocked in a future version. Add to allowed_msgpack_modules to silence: [('router', 'RouteDecision')]
2026-04-14 00:47:57,133 - SessionLogger - INFO - [sim_FSM+Guardrail_P3_M-BUO-002_256efe] Teacher: 我们可以把物体想象成一个夹在两层海绵中间的方块：如果上下两层海绵同时均匀地变得更硬（压强增大），你觉得它们对中间方块的“夹持力”差值会改变吗？
2026-04-14 00:47:58,480 - SessionLogger - INFO - [sim_FSM+Guardrail_P3_M-BUO-002_256efe] Student: 呃……如果上下都变硬了，那夹住的力度好像确实没变？可是老师，水压不是越深越大吗，这种“变大”难道不会让下面的推力比上面的压力大出更多吗？
Deserializing unregistered type router.SessionMemory from checkpoint. This will be blocked in a future version. Add to allowed_msgpack_modules to silence: [('router', 'SessionMemory')]
Deserializing unregistered type router.PerceptionResult from checkpoint. This will be blocked in a future version. Add to allowed_msgpack_modules to silence: [('router', 'PerceptionResult')]
Deserializing unregistered type router.RouteDecision from checkpoint. This will be blocked in a future version. Add to allowed_msgpack_modules to silence: [('router', 'RouteDecision')]
2026-04-14 00:48:00,929 - SessionLogger - INFO - [sim_FSM+Guardrail_P2_M-BUO-002_fd0987] Teacher: 这种直觉很自然，毕竟我们常觉得“力气大”就能举得更重。

想象两个人一上一下抬箱子：如果上面的人向下压的力增加了100牛，下面的人向上托的力也恰好增加了100牛，你觉得箱子感受到的“净向上托举感”会变强吗？
2026-04-14 00:48:01,701 - SessionLogger - INFO - [sim_FSM_P3_M-BUO-002_77451a] Teacher: 这个“基数大”的直觉很敏锐，但浮力看的是**差值**（也就是谁比谁多出的部分），而不是各自的总数。

我们可以换个更贴切的类比：想象你和朋友在掰手腕，如果你们俩的力量同时增加了相同的数值（比如都吃了大力丸），你觉得你们之间力量的**差距**会因此拉开吗？
2026-04-14 00:48:02,699 - SessionLogger - INFO - [sim_FSM+Guardrail_P2_M-BUO-002_fd0987] Student: 呃……如果上下同时增加一样的力，那抵消之后，净托举力好像确实没变？所以我之前把压强增大直接当成浮力增大，是搞混了？
2026-04-14 00:48:02,700 - SessionLogger - INFO - [sim_FSM+Guardrail_P2_M-BUO-002_fd0987] Session finished. Resolved: False
2026-04-14 00:48:04,000 - SessionLogger - INFO - [sim_FSM+Guardrail_P3_M-BUO-002_256efe] Teacher: 这种直觉很自然，但请回想一下我们刚才确认的：物体是有固定“身高”的。

既然每一米水深增加的压强都是固定的，那么无论你把这块固定高度的物体放在浅处还是深处，它上下表面之间那个“高度差”所对应的压强差，真的会改变吗？
2026-04-14 00:48:08,192 - SessionLogger - INFO - [sim_FSM+Guardrail_P3_M-BUO-002_256efe] Student: 高度差……确实没变。可是老师，既然深处的水压那么大，难道不会让那个“压强差”也跟着一起变大吗？我还是有点转不过弯来。
Deserializing unregistered type router.SessionMemory from checkpoint. This will be blocked in a future version. Add to allowed_msgpack_modules to silence: [('router', 'SessionMemory')]
Deserializing unregistered type router.PerceptionResult from checkpoint. This will be blocked in a future version. Add to allowed_msgpack_modules to silence: [('router', 'PerceptionResult')]
Deserializing unregistered type router.RouteDecision from checkpoint. This will be blocked in a future version. Add to allowed_msgpack_modules to silence: [('router', 'RouteDecision')]
2026-04-14 00:48:08,472 - SessionLogger - INFO - [sim_FSM_P3_M-BUO-002_77451a] Student: 呃……如果都加一样的数，差距好像确实没变？
可是老师，水又不是人，它下面那么深，压力那么大，真的能跟上面“同步”增加吗？我还是觉得下面应该更占优势一点……
2026-04-14 00:48:08,472 - SessionLogger - INFO - [sim_FSM_P3_M-BUO-002_77451a] Session finished. Resolved: False
2026-04-14 00:48:15,043 - SessionLogger - INFO - [sim_FSM+Guardrail_P3_M-BUO-002_256efe] Teacher: 想象一下爬楼梯：每一层楼的高度都是固定的 3 米。

无论你是从第 1 层爬到第 2 层，还是从第 100 层爬到第 101 层，这“一层楼”的高度差变了吗？
2026-04-14 00:48:18,436 - SessionLogger - INFO - [sim_FSM+Guardrail_P3_M-BUO-002_256efe] Student: 楼梯的高度差确实没变……可是老师，水不是越深压力越大吗？这跟爬楼梯不一样吧，难道深处的“每一米”不会比浅处的“每一米”更重、更有劲吗？
2026-04-14 00:48:18,437 - SessionLogger - INFO - [sim_FSM+Guardrail_P3_M-BUO-002_256efe] Session finished. Resolved: False
开始批量仿真实验...
仿真实验完成。
Metrics calculated and saved to results/summary_metrics.csv
Created results/manual_audit.csv
找到 36 个会话，开始评估...
正在评估会话: sim_Baseline_P1_M-ELE-001_036772 (10 轮对话)
  -> 苏格拉底度: 5, 有效性: 4
正在评估会话: sim_Baseline_P2_M-ELE-001_9b973e (10 轮对话)
  -> 苏格拉底度: 5, 有效性: 5
正在评估会话: sim_FSM_P1_M-ELE-001_fa4f36 (10 轮对话)
  -> 苏格拉底度: 5, 有效性: 4
正在评估会话: sim_FSM+Guardrail_P1_M-ELE-001_e72427 (10 轮对话)
  -> 苏格拉底度: 5, 有效性: 5
正在评估会话: sim_FSM_P2_M-ELE-001_96d493 (10 轮对话)
  -> 苏格拉底度: 5, 有效性: 5
正在评估会话: sim_FSM+Guardrail_P2_M-ELE-001_e8b695 (10 轮对话)
  -> 苏格拉底度: 5, 有效性: 5
正在评估会话: sim_Baseline_P3_M-ELE-001_8b6475 (10 轮对话)
  -> 苏格拉底度: 4, 有效性: 4
正在评估会话: sim_FSM_P3_M-ELE-001_cfddc4 (10 轮对话)
  -> 苏格拉底度: 5, 有效性: 5
正在评估会话: sim_FSM+Guardrail_P3_M-ELE-001_c35f0e (10 轮对话)
  -> 苏格拉底度: 5, 有效性: 5
正在评估会话: sim_Baseline_P1_M-ELE-002_6f6089 (10 轮对话)
  -> 苏格拉底度: 5, 有效性: 3
正在评估会话: sim_FSM_P1_M-ELE-002_35a813 (10 轮对话)
  -> 苏格拉底度: 5, 有效性: 5
正在评估会话: sim_FSM+Guardrail_P1_M-ELE-002_3cba07 (10 轮对话)
  -> 苏格拉底度: 5, 有效性: 3
正在评估会话: sim_Baseline_P2_M-ELE-002_d1a6c3 (10 轮对话)
  -> 苏格拉底度: 5, 有效性: 5
正在评估会话: sim_FSM_P2_M-ELE-002_10e080 (10 轮对话)
  -> 苏格拉底度: 5, 有效性: 5
正在评估会话: sim_FSM+Guardrail_P2_M-ELE-002_58a3e9 (9 轮对话)
  -> 苏格拉底度: 5, 有效性: 5
正在评估会话: sim_Baseline_P3_M-ELE-002_1260f9 (10 轮对话)
  -> 苏格拉底度: 5, 有效性: 5
正在评估会话: sim_FSM_P3_M-ELE-002_eaeeb2 (10 轮对话)
  -> 苏格拉底度: 4, 有效性: 4
正在评估会话: sim_FSM+Guardrail_P3_M-ELE-002_721a28 (10 轮对话)
  -> 苏格拉底度: 5, 有效性: 4
正在评估会话: sim_Baseline_P1_M-BUO-001_825d30 (10 轮对话)
  -> 苏格拉底度: 4, 有效性: 3
正在评估会话: sim_FSM_P1_M-BUO-001_a691b3 (10 轮对话)
  -> 苏格拉底度: 5, 有效性: 5
正在评估会话: sim_FSM+Guardrail_P1_M-BUO-001_101109 (10 轮对话)
  -> 苏格拉底度: 4, 有效性: 4
正在评估会话: sim_Baseline_P2_M-BUO-001_4cc76a (10 轮对话)
  -> 苏格拉底度: 5, 有效性: 5
正在评估会话: sim_FSM_P2_M-BUO-001_e9bbe5 (9 轮对话)
  -> 苏格拉底度: 5, 有效性: 5
正在评估会话: sim_FSM+Guardrail_P2_M-BUO-001_130119 (9 轮对话)
  -> 苏格拉底度: 5, 有效性: 5
正在评估会话: sim_Baseline_P3_M-BUO-001_e9d9fa (10 轮对话)
  -> 苏格拉底度: 5, 有效性: 4
正在评估会话: sim_FSM_P3_M-BUO-001_46a465 (10 轮对话)
  -> 苏格拉底度: 4, 有效性: 4
正在评估会话: sim_FSM+Guardrail_P3_M-BUO-001_965f9d (10 轮对话)
  -> 苏格拉底度: 5, 有效性: 4
正在评估会话: sim_Baseline_P1_M-BUO-002_4be69e (10 轮对话)
  -> 苏格拉底度: 5, 有效性: 4
正在评估会话: sim_FSM_P1_M-BUO-002_164c72 (10 轮对话)
  -> 苏格拉底度: 4, 有效性: 5
正在评估会话: sim_FSM+Guardrail_P1_M-BUO-002_296d44 (10 轮对话)
  -> 苏格拉底度: 5, 有效性: 3
正在评估会话: sim_Baseline_P2_M-BUO-002_5a07a4 (10 轮对话)
  -> 苏格拉底度: 5, 有效性: 5
正在评估会话: sim_FSM_P2_M-BUO-002_5367fd (5 轮对话)
  -> 苏格拉底度: 5, 有效性: 5
正在评估会话: sim_FSM+Guardrail_P2_M-BUO-002_fd0987 (10 轮对话)
  -> 苏格拉底度: 4, 有效性: 4
正在评估会话: sim_Baseline_P3_M-BUO-002_bf3966 (10 轮对话)
  -> 苏格拉底度: 5, 有效性: 5
正在评估会话: sim_FSM+Guardrail_P3_M-BUO-002_256efe (10 轮对话)
  -> 苏格拉底度: 5, 有效性: 4
正在评估会话: sim_FSM_P3_M-BUO-002_77451a (10 轮对话)
  -> 苏格拉底度: 5, 有效性: 5
评估完成，结果已保存至 /data/zzc/agent_test/logs/evaluation_results.json
